file,0.0,0.01,0.02,0.03,0.04,0.05,0.06,0.07,0.08,0.09
Minneapolis_11022021_CityCouncilWard2.csv__hit0,Robin Wonsley Worlobah,Robin Wonsley Worlobah,Cam Gordon,Robin Wonsley Worlobah,Robin Wonsley Worlobah,Robin Wonsley Worlobah,Yusra Arab,Robin Wonsley Worlobah,Robin Wonsley Worlobah,Yusra Arab
Minneapolis_11022021_CityCouncilWard2.csv__hit1,Yusra Arab,Yusra Arab,Cam Gordon,Cam Gordon,Robin Wonsley Worlobah,Yusra Arab,Yusra Arab,Yusra Arab,Yusra Arab,Yusra Arab
Minneapolis_11022021_CityCouncilWard2.csv__hit2,Yusra Arab,Yusra Arab,Cam Gordon,Cam Gordon,Robin Wonsley Worlobah,Yusra Arab,Yusra Arab,Yusra Arab,Yusra Arab,Yusra Arab
Minneapolis_11022021_CityCouncilWard2.csv__hit3,Yusra Arab,Yusra Arab,Cam Gordon,Cam Gordon,Robin Wonsley Worlobah,Robin Wonsley Worlobah,Yusra Arab,Yusra Arab,Cam Gordon,Yusra Arab
Minneapolis_11022021_CityCouncilWard2.csv__hit4,Yusra Arab,Robin Wonsley Worlobah,Cam Gordon,Cam Gordon,Cam Gordon,Robin Wonsley Worlobah,Robin Wonsley Worlobah,Robin Wonsley Worlobah,Robin Wonsley Worlobah,Robin Wonsley Worlobah
Minneapolis_11022021_CityCouncilWard2.csv__hit5,Robin Wonsley Worlobah,Robin Wonsley Worlobah,Cam Gordon,Cam Gordon,Robin Wonsley Worlobah,Robin Wonsley Worlobah,Robin Wonsley Worlobah,Robin Wonsley Worlobah,Robin Wonsley Worlobah,Yusra Arab
Minneapolis_11022021_CityCouncilWard2.csv__hit6,Yusra Arab,Robin Wonsley Worlobah,Cam Gordon,Cam Gordon,Robin Wonsley Worlobah,Robin Wonsley Worlobah,Cam Gordon,Robin Wonsley Worlobah,Robin Wonsley Worlobah,Robin Wonsley Worlobah
Minneapolis_11022021_CityCouncilWard2.csv__hit7,Robin Wonsley Worlobah,Robin Wonsley Worlobah,Cam Gordon,Cam Gordon,Cam Gordon,Robin Wonsley Worlobah,Cam Gordon,Yusra Arab,Robin Wonsley Worlobah,Robin Wonsley Worlobah
Minneapolis_11022021_CityCouncilWard2.csv__hit8,Robin Wonsley Worlobah,Robin Wonsley Worlobah,Cam Gordon,Robin Wonsley Worlobah,Robin Wonsley Worlobah,Robin Wonsley Worlobah,Yusra Arab,Robin Wonsley Worlobah,Robin Wonsley Worlobah,Yusra Arab
Minneapolis_11022021_CityCouncilWard2.csv__hit9,Robin Wonsley Worlobah,Robin Wonsley Worlobah,Cam Gordon,Cam Gordon,Robin Wonsley Worlobah,Robin Wonsley Worlobah,Cam Gordon,Yusra Arab,Robin Wonsley Worlobah,Robin Wonsley Worlobah
Minneapolis_11022021_CityCouncilWard2.csv__hit10,Robin Wonsley Worlobah,Robin Wonsley Worlobah,Cam Gordon,Cam Gordon,Robin Wonsley Worlobah,Yusra Arab,Yusra Arab,Robin Wonsley Worlobah,Robin Wonsley Worlobah,Yusra Arab
Minneapolis_11022021_CityCouncilWard2.csv__hit11,Yusra Arab,Yusra Arab,Cam Gordon,Cam Gordon,Cam Gordon,Yusra Arab,Yusra Arab,Yusra Arab,Yusra Arab,Yusra Arab
Minneapolis_11022021_CityCouncilWard2.csv__hit12,Robin Wonsley Worlobah,Robin Wonsley Worlobah,Cam Gordon,Cam Gordon,Robin Wonsley Worlobah,Robin Wonsley Worlobah,Robin Wonsley Worlobah,Robin Wonsley Worlobah,Robin Wonsley Worlobah,Yusra Arab
Minneapolis_11022021_CityCouncilWard2.csv__hit13,Robin Wonsley Worlobah,Robin Wonsley Worlobah,Cam Gordon,Cam Gordon,Robin Wonsley Worlobah,Robin Wonsley Worlobah,Robin Wonsley Worlobah,Robin Wonsley Worlobah,Yusra Arab,Yusra Arab
Minneapolis_11022021_CityCouncilWard2.csv__hit14,Robin Wonsley Worlobah,Robin Wonsley Worlobah,Robin Wonsley Worlobah,Cam Gordon,Cam Gordon,Robin Wonsley Worlobah,Yusra Arab,Robin Wonsley Worlobah,Robin Wonsley Worlobah,Yusra Arab
Minneapolis_11022021_CityCouncilWard2.csv__hit15,Yusra Arab,Yusra Arab,Cam Gordon,Cam Gordon,Robin Wonsley Worlobah,Yusra Arab,Yusra Arab,Yusra Arab,Yusra Arab,Yusra Arab
Minneapolis_11022021_CityCouncilWard2.csv__hit16,Robin Wonsley Worlobah,Robin Wonsley Worlobah,Cam Gordon,Cam Gordon,Robin Wonsley Worlobah,Robin Wonsley Worlobah,Robin Wonsley Worlobah,Robin Wonsley Worlobah,Robin Wonsley Worlobah,Yusra Arab
Minneapolis_11022021_CityCouncilWard2.csv__hit17,Robin Wonsley Worlobah,Robin Wonsley Worlobah,Cam Gordon,Cam Gordon,Robin Wonsley Worlobah,Robin Wonsley Worlobah,Robin Wonsley Worlobah,Yusra Arab,Yusra Arab,Robin Wonsley Worlobah
Minneapolis_11022021_CityCouncilWard2.csv__hit18,Yusra Arab,Yusra Arab,Cam Gordon,Cam Gordon,Robin Wonsley Worlobah,Robin Wonsley Worlobah,Yusra Arab,Yusra Arab,Yusra Arab,Yusra Arab
Minneapolis_11022021_CityCouncilWard2.csv__hit19,Yusra Arab,Robin Wonsley Worlobah,Cam Gordon,Cam Gordon,Cam Gordon,Robin Wonsley Worlobah,Yusra Arab,Yusra Arab,Robin Wonsley Worlobah,Robin Wonsley Worlobah
Minneapolis_11022021_CityCouncilWard2.csv__hit20,Robin Wonsley Worlobah,Robin Wonsley Worlobah,Cam Gordon,Cam Gordon,Cam Gordon,Robin Wonsley Worlobah,Yusra Arab,Robin Wonsley Worlobah,Robin Wonsley Worlobah,Robin Wonsley Worlobah
Minneapolis_11022021_CityCouncilWard2.csv__hit21,Robin Wonsley Worlobah,Robin Wonsley Worlobah,Cam Gordon,Cam Gordon,Cam Gordon,Robin Wonsley Worlobah,Yusra Arab,Robin Wonsley Worlobah,Robin Wonsley Worlobah,Robin Wonsley Worlobah
Minneapolis_11022021_CityCouncilWard2.csv__hit22,Robin Wonsley Worlobah,Robin Wonsley Worlobah,Cam Gordon,Cam Gordon,Robin Wonsley Worlobah,Robin Wonsley Worlobah,Robin Wonsley Worlobah,Robin Wonsley Worlobah,Robin Wonsley Worlobah,Robin Wonsley Worlobah
Minneapolis_11022021_CityCouncilWard2.csv__hit23,Robin Wonsley Worlobah,Robin Wonsley Worlobah,Cam Gordon,Cam Gordon,Robin Wonsley Worlobah,Robin Wonsley Worlobah,Yusra Arab,Yusra Arab,Robin Wonsley Worlobah,Robin Wonsley Worlobah
Minneapolis_11022021_CityCouncilWard2.csv__hit24,Yusra Arab,Yusra Arab,Cam Gordon,Cam Gordon,Robin Wonsley Worlobah,Robin Wonsley Worlobah,Yusra Arab,Yusra Arab,Yusra Arab,Yusra Arab
Minneapolis_11022021_CityCouncilWard2.csv__hit25,Yusra Arab,Yusra Arab,Cam Gordon,Cam Gordon,Robin Wonsley Worlobah,Robin Wonsley Worlobah,Yusra Arab,Yusra Arab,Yusra Arab,Yusra Arab
Minneapolis_11022021_CityCouncilWard2.csv__hit26,Robin Wonsley Worlobah,Robin Wonsley Worlobah,Cam Gordon,Cam Gordon,Robin Wonsley Worlobah,Robin Wonsley Worlobah,Robin Wonsley Worlobah,Robin Wonsley Worlobah,Yusra Arab,Yusra Arab
Minneapolis_11022021_CityCouncilWard2.csv__hit27,Robin Wonsley Worlobah,Robin Wonsley Worlobah,Cam Gordon,Cam Gordon,Cam Gordon,Robin Wonsley Worlobah,Yusra Arab,Robin Wonsley Worlobah,Cam Gordon,Robin Wonsley Worlobah
Minneapolis_11022021_CityCouncilWard2.csv__hit28,Robin Wonsley Worlobah,Robin Wonsley Worlobah,Cam Gordon,Cam Gordon,Cam Gordon,Robin Wonsley Worlobah,Yusra Arab,Robin Wonsley Worlobah,Robin Wonsley Worlobah,Robin Wonsley Worlobah
Minneapolis_11022021_CityCouncilWard2.csv__hit29,Yusra Arab,Yusra Arab,Cam Gordon,Cam Gordon,Cam Gordon,Yusra Arab,Yusra Arab,Yusra Arab,Yusra Arab,Yusra Arab
Minneapolis_11022021_CityCouncilWard2.csv__hit30,Robin Wonsley Worlobah,Robin Wonsley Worlobah,Cam Gordon,Cam Gordon,Robin Wonsley Worlobah,Robin Wonsley Worlobah,Yusra Arab,Yusra Arab,Robin Wonsley Worlobah,Cam Gordon
Minneapolis_11022021_CityCouncilWard2.csv__hit31,Yusra Arab,Yusra Arab,Cam Gordon,Cam Gordon,Robin Wonsley Worlobah,Yusra Arab,Yusra Arab,Yusra Arab,Yusra Arab,Yusra Arab
Minneapolis_11022021_CityCouncilWard2.csv__hit32,Robin Wonsley Worlobah,Robin Wonsley Worlobah,Cam Gordon,Cam Gordon,Robin Wonsley Worlobah,Robin Wonsley Worlobah,Yusra Arab,Yusra Arab,Robin Wonsley Worlobah,Cam Gordon
Minneapolis_11022021_CityCouncilWard2.csv__hit33,Robin Wonsley Worlobah,Robin Wonsley Worlobah,Cam Gordon,Cam Gordon,Robin Wonsley Worlobah,Robin Wonsley Worlobah,Cam Gordon,Robin Wonsley Worlobah,Robin Wonsley Worlobah,Yusra Arab
Minneapolis_11022021_CityCouncilWard2.csv__hit34,Yusra Arab,Yusra Arab,Cam Gordon,Cam Gordon,Robin Wonsley Worlobah,Robin Wonsley Worlobah,Yusra Arab,Yusra Arab,Yusra Arab,Yusra Arab
Minneapolis_11022021_CityCouncilWard2.csv__hit35,Robin Wonsley Worlobah,Robin Wonsley Worlobah,Cam Gordon,Cam Gordon,Robin Wonsley Worlobah,Robin Wonsley Worlobah,Robin Wonsley Worlobah,Robin Wonsley Worlobah,Cam Gordon,Yusra Arab
Minneapolis_11022021_CityCouncilWard2.csv__hit36,Robin Wonsley Worlobah,Robin Wonsley Worlobah,Cam Gordon,Cam Gordon,Robin Wonsley Worlobah,Robin Wonsley Worlobah,Yusra Arab,Robin Wonsley Worlobah,Robin Wonsley Worlobah,Yusra Arab
Minneapolis_11022021_CityCouncilWard2.csv__hit37,Robin Wonsley Worlobah,Robin Wonsley Worlobah,Cam Gordon,Cam Gordon,Cam Gordon,Robin Wonsley Worlobah,Robin Wonsley Worlobah,Robin Wonsley Worlobah,Robin Wonsley Worlobah,Yusra Arab
Minneapolis_11022021_CityCouncilWard2.csv__hit38,Robin Wonsley Worlobah,Robin Wonsley Worlobah,Cam Gordon,Cam Gordon,Robin Wonsley Worlobah,Robin Wonsley Worlobah,Yusra Arab,Yusra Arab,Robin Wonsley Worlobah,Yusra Arab
Minneapolis_11022021_CityCouncilWard2.csv__hit39,Yusra Arab,Robin Wonsley Worlobah,Cam Gordon,Cam Gordon,Cam Gordon,Robin Wonsley Worlobah,Yusra Arab,Robin Wonsley Worlobah,Robin Wonsley Worlobah,Robin Wonsley Worlobah
Minneapolis_11022021_CityCouncilWard2.csv__hit40,Yusra Arab,Robin Wonsley Worlobah,Cam Gordon,Cam Gordon,Robin Wonsley Worlobah,Robin Wonsley Worlobah,Yusra Arab,Robin Wonsley Worlobah,Robin Wonsley Worlobah,Robin Wonsley Worlobah
Minneapolis_11022021_CityCouncilWard2.csv__hit41,Yusra Arab,Robin Wonsley Worlobah,Cam Gordon,Cam Gordon,Cam Gordon,Robin Wonsley Worlobah,Yusra Arab,Yusra Arab,Robin Wonsley Worlobah,Robin Wonsley Worlobah
Minneapolis_11022021_CityCouncilWard2.csv__hit42,Yusra Arab,Yusra Arab,Cam Gordon,Cam Gordon,Robin Wonsley Worlobah,Yusra Arab,Yusra Arab,Yusra Arab,Yusra Arab,Yusra Arab
Minneapolis_11022021_CityCouncilWard2.csv__hit43,Robin Wonsley Worlobah,Robin Wonsley Worlobah,Cam Gordon,Cam Gordon,Robin Wonsley Worlobah,Robin Wonsley Worlobah,Yusra Arab,Robin Wonsley Worlobah,Robin Wonsley Worlobah,Cam Gordon
Minneapolis_11022021_CityCouncilWard2.csv__hit44,Robin Wonsley Worlobah,Robin Wonsley Worlobah,Cam Gordon,Cam Gordon,Robin Wonsley Worlobah,Robin Wonsley Worlobah,Cam Gordon,Yusra Arab,Robin Wonsley Worlobah,Robin Wonsley Worlobah
Minneapolis_11022021_CityCouncilWard2.csv__hit45,Yusra Arab,Yusra Arab,Cam Gordon,Cam Gordon,Cam Gordon,Robin Wonsley Worlobah,Yusra Arab,Yusra Arab,Yusra Arab,Yusra Arab
Minneapolis_11022021_CityCouncilWard2.csv__hit46,Robin Wonsley Worlobah,Robin Wonsley Worlobah,Cam Gordon,Cam Gordon,Robin Wonsley Worlobah,Robin Wonsley Worlobah,Robin Wonsley Worlobah,Robin Wonsley Worlobah,Robin Wonsley Worlobah,Robin Wonsley Worlobah
Minneapolis_11022021_CityCouncilWard2.csv__hit47,Yusra Arab,Yusra Arab,Cam Gordon,Cam Gordon,Robin Wonsley Worlobah,Yusra Arab,Yusra Arab,Yusra Arab,Yusra Arab,Yusra Arab
Minneapolis_11022021_CityCouncilWard2.csv__hit48,Robin Wonsley Worlobah,Robin Wonsley Worlobah,Cam Gordon,Cam Gordon,Cam Gordon,Robin Wonsley Worlobah,Robin Wonsley Worlobah,Robin Wonsley Worlobah,Robin Wonsley Worlobah,Robin Wonsley Worlobah
Minneapolis_11022021_CityCouncilWard2.csv__hit49,Robin Wonsley Worlobah,Robin Wonsley Worlobah,Cam Gordon,Cam Gordon,Robin Wonsley Worlobah,Robin Wonsley Worlobah,Yusra Arab,Robin Wonsley Worlobah,Robin Wonsley Worlobah,Robin Wonsley Worlobah
Minneapolis_11022021_CityCouncilWard2.csv__hit50,Yusra Arab,Yusra Arab,Cam Gordon,Cam Gordon,Robin Wonsley Worlobah,Robin Wonsley Worlobah,Yusra Arab,Yusra Arab,Cam Gordon,Yusra Arab
Minneapolis_11022021_CityCouncilWard2.csv__hit51,Yusra Arab,Yusra Arab,Robin Wonsley Worlobah,Cam Gordon,Cam Gordon,Yusra Arab,Yusra Arab,Yusra Arab,Yusra Arab,Yusra Arab
Minneapolis_11022021_CityCouncilWard2.csv__hit52,Yusra Arab,Yusra Arab,Cam Gordon,Cam Gordon,Robin Wonsley Worlobah,Yusra Arab,Yusra Arab,Yusra Arab,Yusra Arab,Yusra Arab
Minneapolis_11022021_CityCouncilWard2.csv__hit53,Robin Wonsley Worlobah,Cam Gordon,Cam Gordon,Cam Gordon,Robin Wonsley Worlobah,Yusra Arab,Yusra Arab,Robin Wonsley Worlobah,Robin Wonsley Worlobah,Robin Wonsley Worlobah
Minneapolis_11022021_CityCouncilWard2.csv__hit54,Yusra Arab,Yusra Arab,Cam Gordon,Cam Gordon,Cam Gordon,Yusra Arab,Yusra Arab,Yusra Arab,Yusra Arab,Yusra Arab
Minneapolis_11022021_CityCouncilWard2.csv__hit55,Robin Wonsley Worlobah,Robin Wonsley Worlobah,Cam Gordon,Cam Gordon,Robin Wonsley Worlobah,Yusra Arab,Yusra Arab,Robin Wonsley Worlobah,Yusra Arab,Yusra Arab
Minneapolis_11022021_CityCouncilWard2.csv__hit56,Robin Wonsley Worlobah,Robin Wonsley Worlobah,Cam Gordon,Cam Gordon,Robin Wonsley Worlobah,Yusra Arab,Robin Wonsley Worlobah,Robin Wonsley Worlobah,Yusra Arab,Robin Wonsley Worlobah
Minneapolis_11022021_CityCouncilWard2.csv__hit57,Yusra Arab,Yusra Arab,Cam Gordon,Cam Gordon,Robin Wonsley Worlobah,Yusra Arab,Yusra Arab,Yusra Arab,Yusra Arab,Yusra Arab
Minneapolis_11022021_CityCouncilWard2.csv__hit58,Robin Wonsley Worlobah,Robin Wonsley Worlobah,Cam Gordon,Cam Gordon,Robin Wonsley Worlobah,Robin Wonsley Worlobah,Yusra Arab,Robin Wonsley Worlobah,Robin Wonsley Worlobah,Robin Wonsley Worlobah
Minneapolis_11022021_CityCouncilWard2.csv__hit59,Yusra Arab,Yusra Arab,Cam Gordon,Cam Gordon,Robin Wonsley Worlobah,Robin Wonsley Worlobah,Yusra Arab,Yusra Arab,Yusra Arab,Yusra Arab
Minneapolis_11022021_CityCouncilWard2.csv__hit60,Yusra Arab,Yusra Arab,Cam Gordon,Cam Gordon,Cam Gordon,Yusra Arab,Yusra Arab,Yusra Arab,Yusra Arab,Yusra Arab
Minneapolis_11022021_CityCouncilWard2.csv__hit61,Robin Wonsley Worlobah,Robin Wonsley Worlobah,Cam Gordon,Cam Gordon,Robin Wonsley Worlobah,Robin Wonsley Worlobah,Robin Wonsley Worlobah,Robin Wonsley Worlobah,Yusra Arab,Robin Wonsley Worlobah
Minneapolis_11022021_CityCouncilWard2.csv__hit62,Robin Wonsley Worlobah,Robin Wonsley Worlobah,Cam Gordon,Cam Gordon,Robin Wonsley Worlobah,Robin Wonsley Worlobah,Cam Gordon,Robin Wonsley Worlobah,Robin Wonsley Worlobah,Yusra Arab
Minneapolis_11022021_CityCouncilWard2.csv__hit63,Yusra Arab,Yusra Arab,Cam Gordon,Cam Gordon,Cam Gordon,Robin Wonsley Worlobah,Yusra Arab,Yusra Arab,Yusra Arab,Yusra Arab
Minneapolis_11022021_CityCouncilWard2.csv__hit64,Robin Wonsley Worlobah,Robin Wonsley Worlobah,Cam Gordon,Cam Gordon,Robin Wonsley Worlobah,Robin Wonsley Worlobah,Yusra Arab,Yusra Arab,Robin Wonsley Worlobah,Cam Gordon
Minneapolis_11022021_CityCouncilWard2.csv__hit65,Robin Wonsley Worlobah,Robin Wonsley Worlobah,Robin Wonsley Worlobah,Cam Gordon,Robin Wonsley Worlobah,Robin Wonsley Worlobah,Yusra Arab,Robin Wonsley Worlobah,Yusra Arab,Robin Wonsley Worlobah
Minneapolis_11022021_CityCouncilWard2.csv__hit66,Robin Wonsley Worlobah,Robin Wonsley Worlobah,Robin Wonsley Worlobah,Cam Gordon,Robin Wonsley Worlobah,Robin Wonsley Worlobah,Yusra Arab,Robin Wonsley Worlobah,Cam Gordon,Yusra Arab
Minneapolis_11022021_CityCouncilWard2.csv__hit67,Robin Wonsley Worlobah,Robin Wonsley Worlobah,Cam Gordon,Cam Gordon,Cam Gordon,Robin Wonsley Worlobah,Yusra Arab,Yusra Arab,Yusra Arab,Yusra Arab
Minneapolis_11022021_CityCouncilWard2.csv__hit68,Robin Wonsley Worlobah,Robin Wonsley Worlobah,Cam Gordon,Cam Gordon,Robin Wonsley Worlobah,Robin Wonsley Worlobah,Yusra Arab,Yusra Arab,Robin Wonsley Worlobah,Robin Wonsley Worlobah
Minneapolis_11022021_CityCouncilWard2.csv__hit69,Yusra Arab,Yusra Arab,Cam Gordon,Cam Gordon,Robin Wonsley Worlobah,Yusra Arab,Yusra Arab,Yusra Arab,Yusra Arab,Yusra Arab
Minneapolis_11022021_CityCouncilWard2.csv__hit70,Yusra Arab,Yusra Arab,Cam Gordon,Cam Gordon,Cam Gordon,Yusra Arab,Yusra Arab,Yusra Arab,Yusra Arab,Cam Gordon
Minneapolis_11022021_CityCouncilWard2.csv__hit71,Robin Wonsley Worlobah,Robin Wonsley Worlobah,Cam Gordon,Cam Gordon,Robin Wonsley Worlobah,Robin Wonsley Worlobah,Robin Wonsley Worlobah,Robin Wonsley Worlobah,Robin Wonsley Worlobah,Robin Wonsley Worlobah
Minneapolis_11022021_CityCouncilWard2.csv__hit72,Robin Wonsley Worlobah,Robin Wonsley Worlobah,Cam Gordon,Cam Gordon,Robin Wonsley Worlobah,Robin Wonsley Worlobah,Yusra Arab,Robin Wonsley Worlobah,Robin Wonsley Worlobah,Yusra Arab
Minneapolis_11022021_CityCouncilWard2.csv__hit73,Robin Wonsley Worlobah,Robin Wonsley Worlobah,Cam Gordon,Cam Gordon,Robin Wonsley Worlobah,Robin Wonsley Worlobah,Cam Gordon,Robin Wonsley Worlobah,Yusra Arab,Robin Wonsley Worlobah
Minneapolis_11022021_CityCouncilWard2.csv__hit74,Robin Wonsley Worlobah,Robin Wonsley Worlobah,Cam Gordon,Cam Gordon,Cam Gordon,Robin Wonsley Worlobah,Yusra Arab,Robin Wonsley Worlobah,Robin Wonsley Worlobah,Yusra Arab
Minneapolis_11022021_CityCouncilWard2.csv__hit75,Yusra Arab,Yusra Arab,Cam Gordon,Cam Gordon,Robin Wonsley Worlobah,Yusra Arab,Yusra Arab,Yusra Arab,Yusra Arab,Yusra Arab
Minneapolis_11022021_CityCouncilWard2.csv__hit76,Robin Wonsley Worlobah,Cam Gordon,Cam Gordon,Cam Gordon,Robin Wonsley Worlobah,Robin Wonsley Worlobah,Robin Wonsley Worlobah,Robin Wonsley Worlobah,Yusra Arab,Robin Wonsley Worlobah
Minneapolis_11022021_CityCouncilWard2.csv__hit77,Yusra Arab,Yusra Arab,Cam Gordon,Cam Gordon,Robin Wonsley Worlobah,Yusra Arab,Yusra Arab,Yusra Arab,Yusra Arab,Yusra Arab
Minneapolis_11022021_CityCouncilWard2.csv__hit78,Robin Wonsley Worlobah,Robin Wonsley Worlobah,Cam Gordon,Cam Gordon,Robin Wonsley Worlobah,Robin Wonsley Worlobah,Robin Wonsley Worlobah,Robin Wonsley Worlobah,Robin Wonsley Worlobah,Yusra Arab
Minneapolis_11022021_CityCouncilWard2.csv__hit79,Cam Gordon,Yusra Arab,Robin Wonsley Worlobah,Robin Wonsley Worlobah,Yusra Arab,Yusra Arab,Yusra Arab,Cam Gordon,Cam Gordon,Yusra Arab
Minneapolis_11022021_CityCouncilWard2.csv__hit80,Robin Wonsley Worlobah,Robin Wonsley Worlobah,Cam Gordon,Cam Gordon,Cam Gordon,Robin Wonsley Worlobah,Yusra Arab,Yusra Arab,Robin Wonsley Worlobah,Robin Wonsley Worlobah
Minneapolis_11022021_CityCouncilWard2.csv__hit81,Robin Wonsley Worlobah,Robin Wonsley Worlobah,Cam Gordon,Cam Gordon,Robin Wonsley Worlobah,Robin Wonsley Worlobah,Yusra Arab,Robin Wonsley Worlobah,Yusra Arab,Robin Wonsley Worlobah
Minneapolis_11022021_CityCouncilWard2.csv__hit82,Robin Wonsley Worlobah,Robin Wonsley Worlobah,Cam Gordon,Cam Gordon,Cam Gordon,Robin Wonsley Worlobah,Robin Wonsley Worlobah,Yusra Arab,Robin Wonsley Worlobah,Robin Wonsley Worlobah
Minneapolis_11022021_CityCouncilWard2.csv__hit83,Robin Wonsley Worlobah,Robin Wonsley Worlobah,Cam Gordon,Cam Gordon,Robin Wonsley Worlobah,Robin Wonsley Worlobah,Yusra Arab,Robin Wonsley Worlobah,Robin Wonsley Worlobah,Yusra Arab
Minneapolis_11022021_CityCouncilWard2.csv__hit84,Robin Wonsley Worlobah,Robin Wonsley Worlobah,Cam Gordon,Cam Gordon,Cam Gordon,Robin Wonsley Worlobah,Robin Wonsley Worlobah,Robin Wonsley Worlobah,Robin Wonsley Worlobah,Yusra Arab
Minneapolis_11022021_CityCouncilWard2.csv__hit85,Robin Wonsley Worlobah,Robin Wonsley Worlobah,Cam Gordon,Cam Gordon,Robin Wonsley Worlobah,Robin Wonsley Worlobah,Yusra Arab,Robin Wonsley Worlobah,Robin Wonsley Worlobah,Yusra Arab
Minneapolis_11022021_CityCouncilWard2.csv__hit86,Robin Wonsley Worlobah,Robin Wonsley Worlobah,Cam Gordon,Cam Gordon,Cam Gordon,Robin Wonsley Worlobah,Yusra Arab,Robin Wonsley Worlobah,Robin Wonsley Worlobah,Robin Wonsley Worlobah
Minneapolis_11022021_CityCouncilWard2.csv__hit87,Robin Wonsley Worlobah,Robin Wonsley Worlobah,Cam Gordon,Cam Gordon,Robin Wonsley Worlobah,Robin Wonsley Worlobah,Yusra Arab,Robin Wonsley Worlobah,Robin Wonsley Worlobah,Robin Wonsley Worlobah
Minneapolis_11022021_CityCouncilWard2.csv__hit88,Robin Wonsley Worlobah,Robin Wonsley Worlobah,Cam Gordon,Cam Gordon,Cam Gordon,Robin Wonsley Worlobah,Robin Wonsley Worlobah,Robin Wonsley Worlobah,Robin Wonsley Worlobah,Robin Wonsley Worlobah
Minneapolis_11022021_CityCouncilWard2.csv__hit89,Yusra Arab,Robin Wonsley Worlobah,Cam Gordon,Cam Gordon,Robin Wonsley Worlobah,Robin Wonsley Worlobah,Yusra Arab,Robin Wonsley Worlobah,Cam Gordon,Cam Gordon
Minneapolis_11022021_CityCouncilWard2.csv__hit90,Robin Wonsley Worlobah,Robin Wonsley Worlobah,Robin Wonsley Worlobah,Cam Gordon,Robin Wonsley Worlobah,Robin Wonsley Worlobah,Cam Gordon,Robin Wonsley Worlobah,Robin Wonsley Worlobah,Robin Wonsley Worlobah
Minneapolis_11022021_CityCouncilWard2.csv__hit91,Robin Wonsley Worlobah,Cam Gordon,Cam Gordon,Cam Gordon,Robin Wonsley Worlobah,Robin Wonsley Worlobah,Yusra Arab,Yusra Arab,Robin Wonsley Worlobah,Robin Wonsley Worlobah
Minneapolis_11022021_CityCouncilWard2.csv__hit92,Robin Wonsley Worlobah,Robin Wonsley Worlobah,Cam Gordon,Cam Gordon,Robin Wonsley Worlobah,Robin Wonsley Worlobah,Yusra Arab,Robin Wonsley Worlobah,Robin Wonsley Worlobah,Robin Wonsley Worlobah
Minneapolis_11022021_CityCouncilWard2.csv__hit93,Robin Wonsley Worlobah,Robin Wonsley Worlobah,Cam Gordon,Cam Gordon,Robin Wonsley Worlobah,Robin Wonsley Worlobah,Robin Wonsley Worlobah,Robin Wonsley Worlobah,Robin Wonsley Worlobah,Yusra Arab
Minneapolis_11022021_CityCouncilWard2.csv__hit94,Yusra Arab,Robin Wonsley Worlobah,Robin Wonsley Worlobah,Cam Gordon,Cam Gordon,Robin Wonsley Worlobah,Yusra Arab,Robin Wonsley Worlobah,Robin Wonsley Worlobah,Robin Wonsley Worlobah
Minneapolis_11022021_CityCouncilWard2.csv__hit95,Yusra Arab,Yusra Arab,Cam Gordon,Cam Gordon,Cam Gordon,Yusra Arab,Yusra Arab,Yusra Arab,Cam Gordon,Yusra Arab
Minneapolis_11022021_CityCouncilWard2.csv__hit96,Robin Wonsley Worlobah,Robin Wonsley Worlobah,Cam Gordon,Cam Gordon,Cam Gordon,Robin Wonsley Worlobah,Robin Wonsley Worlobah,Robin Wonsley Worlobah,Robin Wonsley Worlobah,Robin Wonsley Worlobah
Minneapolis_11022021_CityCouncilWard2.csv__hit97,Robin Wonsley Worlobah,Robin Wonsley Worlobah,Cam Gordon,Cam Gordon,Cam Gordon,Robin Wonsley Worlobah,Cam Gordon,Robin Wonsley Worlobah,Robin Wonsley Worlobah,Robin Wonsley Worlobah
Minneapolis_11022021_CityCouncilWard2.csv__hit98,Yusra Arab,Robin Wonsley Worlobah,Cam Gordon,Cam Gordon,Cam Gordon,Robin Wonsley Worlobah,Yusra Arab,Yusra Arab,Robin Wonsley Worlobah,Robin Wonsley Worlobah
Minneapolis_11022021_CityCouncilWard2.csv__hit99,Yusra Arab,Yusra Arab,Cam Gordon,Cam Gordon,Cam Gordon,Robin Wonsley Worlobah,Yusra Arab,Yusra Arab,Cam Gordon,Yusra Arab
Minneapolis_11022021_CityCouncilWard2.csv__hit100,Robin Wonsley Worlobah,Robin Wonsley Worlobah,Robin Wonsley Worlobah,Cam Gordon,Cam Gordon,Yusra Arab,Yusra Arab,Robin Wonsley Worlobah,Robin Wonsley Worlobah,Robin Wonsley Worlobah
Minneapolis_11022021_CityCouncilWard2.csv__hit101,Yusra Arab,Yusra Arab,Cam Gordon,Cam Gordon,Cam Gordon,Yusra Arab,Yusra Arab,Yusra Arab,Cam Gordon,Yusra Arab
Minneapolis_11022021_CityCouncilWard2.csv__hit102,Robin Wonsley Worlobah,Robin Wonsley Worlobah,Cam Gordon,Cam Gordon,Robin Wonsley Worlobah,Robin Wonsley Worlobah,Yusra Arab,Robin Wonsley Worlobah,Robin Wonsley Worlobah,Robin Wonsley Worlobah
Minneapolis_11022021_CityCouncilWard2.csv__hit103,Yusra Arab,Yusra Arab,Cam Gordon,Cam Gordon,Cam Gordon,Yusra Arab,Yusra Arab,Yusra Arab,Yusra Arab,Cam Gordon
Minneapolis_11022021_CityCouncilWard2.csv__hit104,Robin Wonsley Worlobah,Robin Wonsley Worlobah,Cam Gordon,Cam Gordon,Robin Wonsley Worlobah,Robin Wonsley Worlobah,Yusra Arab,Robin Wonsley Worlobah,Cam Gordon,Robin Wonsley Worlobah
Minneapolis_11022021_CityCouncilWard2.csv__hit105,Robin Wonsley Worlobah,Robin Wonsley Worlobah,Cam Gordon,Cam Gordon,Robin Wonsley Worlobah,Robin Wonsley Worlobah,Robin Wonsley Worlobah,Robin Wonsley Worlobah,Robin Wonsley Worlobah,Yusra Arab
Minneapolis_11022021_CityCouncilWard2.csv__hit106,Yusra Arab,Yusra Arab,Cam Gordon,Cam Gordon,Cam Gordon,Yusra Arab,Yusra Arab,Yusra Arab,Yusra Arab,Yusra Arab
Minneapolis_11022021_CityCouncilWard2.csv__hit107,Yusra Arab,Robin Wonsley Worlobah,Cam Gordon,Cam Gordon,Robin Wonsley Worlobah,Robin Wonsley Worlobah,Robin Wonsley Worlobah,Robin Wonsley Worlobah,Robin Wonsley Worlobah,Yusra Arab
Minneapolis_11022021_CityCouncilWard2.csv__hit108,Robin Wonsley Worlobah,Robin Wonsley Worlobah,Cam Gordon,Cam Gordon,Cam Gordon,Robin Wonsley Worlobah,Cam Gordon,Robin Wonsley Worlobah,Robin Wonsley Worlobah,Robin Wonsley Worlobah
Minneapolis_11022021_CityCouncilWard2.csv__hit109,Yusra Arab,Robin Wonsley Worlobah,Cam Gordon,Cam Gordon,Robin Wonsley Worlobah,Robin Wonsley Worlobah,Yusra Arab,Robin Wonsley Worlobah,Robin Wonsley Worlobah,Yusra Arab
Minneapolis_11022021_CityCouncilWard2.csv__hit110,Yusra Arab,Yusra Arab,Cam Gordon,Cam Gordon,Yusra Arab,Yusra Arab,Yusra Arab,Yusra Arab,Yusra Arab,Yusra Arab
Minneapolis_11022021_CityCouncilWard2.csv__hit111,Robin Wonsley Worlobah,Robin Wonsley Worlobah,Cam Gordon,Cam Gordon,Robin Wonsley Worlobah,Robin Wonsley Worlobah,Yusra Arab,Robin Wonsley Worlobah,Yusra Arab,Yusra Arab
Minneapolis_11022021_CityCouncilWard2.csv__hit112,Yusra Arab,Yusra Arab,Cam Gordon,Cam Gordon,Cam Gordon,Yusra Arab,Yusra Arab,Yusra Arab,Yusra Arab,Cam Gordon
Minneapolis_11022021_CityCouncilWard2.csv__hit113,Yusra Arab,Yusra Arab,Cam Gordon,Cam Gordon,Cam Gordon,Yusra Arab,Yusra Arab,Yusra Arab,Yusra Arab,Yusra Arab
Minneapolis_11022021_CityCouncilWard2.csv__hit114,Robin Wonsley Worlobah,Robin Wonsley Worlobah,Cam Gordon,Cam Gordon,Robin Wonsley Worlobah,Robin Wonsley Worlobah,Yusra Arab,Yusra Arab,Robin Wonsley Worlobah,Robin Wonsley Worlobah
Minneapolis_11022021_CityCouncilWard2.csv__hit115,Robin Wonsley Worlobah,Robin Wonsley Worlobah,Cam Gordon,Cam Gordon,Robin Wonsley Worlobah,Robin Wonsley Worlobah,Cam Gordon,Robin Wonsley Worlobah,Robin Wonsley Worlobah,Robin Wonsley Worlobah
Minneapolis_11022021_CityCouncilWard2.csv__hit116,Robin Wonsley Worlobah,Robin Wonsley Worlobah,Cam Gordon,Cam Gordon,Robin Wonsley Worlobah,Robin Wonsley Worlobah,Yusra Arab,Robin Wonsley Worlobah,Robin Wonsley Worlobah,Robin Wonsley Worlobah
Minneapolis_11022021_CityCouncilWard2.csv__hit117,Robin Wonsley Worlobah,Robin Wonsley Worlobah,Cam Gordon,Cam Gordon,Robin Wonsley Worlobah,Robin Wonsley Worlobah,Robin Wonsley Worlobah,Robin Wonsley Worlobah,Yusra Arab,Robin Wonsley Worlobah
Minneapolis_11022021_CityCouncilWard2.csv__hit118,Robin Wonsley Worlobah,Robin Wonsley Worlobah,Cam Gordon,Cam Gordon,Robin Wonsley Worlobah,Robin Wonsley Worlobah,Robin Wonsley Worlobah,Robin Wonsley Worlobah,Robin Wonsley Worlobah,Yusra Arab
Minneapolis_11022021_CityCouncilWard2.csv__hit119,Yusra Arab,Yusra Arab,Cam Gordon,Cam Gordon,Robin Wonsley Worlobah,Robin Wonsley Worlobah,Yusra Arab,Yusra Arab,Yusra Arab,Yusra Arab
Minneapolis_11022021_CityCouncilWard2.csv__hit120,Robin Wonsley Worlobah,Robin Wonsley Worlobah,Cam Gordon,Cam Gordon,Cam Gordon,Robin Wonsley Worlobah,Yusra Arab,Robin Wonsley Worlobah,Robin Wonsley Worlobah,Robin Wonsley Worlobah
Minneapolis_11022021_CityCouncilWard2.csv__hit121,Robin Wonsley Worlobah,Robin Wonsley Worlobah,Cam Gordon,Cam Gordon,Robin Wonsley Worlobah,Robin Wonsley Worlobah,Yusra Arab,Robin Wonsley Worlobah,Robin Wonsley Worlobah,Yusra Arab
Minneapolis_11022021_CityCouncilWard2.csv__hit122,Robin Wonsley Worlobah,Robin Wonsley Worlobah,Cam Gordon,Cam Gordon,Robin Wonsley Worlobah,Robin Wonsley Worlobah,Yusra Arab,Robin Wonsley Worlobah,Robin Wonsley Worlobah,Yusra Arab
Minneapolis_11022021_CityCouncilWard2.csv__hit123,Robin Wonsley Worlobah,Robin Wonsley Worlobah,Cam Gordon,Cam Gordon,Cam Gordon,Robin Wonsley Worlobah,Yusra Arab,Robin Wonsley Worlobah,Robin Wonsley Worlobah,Yusra Arab
Minneapolis_11022021_CityCouncilWard2.csv__hit124,Yusra Arab,Robin Wonsley Worlobah,Cam Gordon,Cam Gordon,Robin Wonsley Worlobah,Robin Wonsley Worlobah,Robin Wonsley Worlobah,Robin Wonsley Worlobah,Yusra Arab,Yusra Arab
Minneapolis_11022021_CityCouncilWard2.csv__hit125,Yusra Arab,Yusra Arab,Cam Gordon,Cam Gordon,Robin Wonsley Worlobah,Yusra Arab,Yusra Arab,Yusra Arab,Cam Gordon,Yusra Arab
Minneapolis_11022021_CityCouncilWard2.csv__hit126,Robin Wonsley Worlobah,Robin Wonsley Worlobah,Cam Gordon,Cam Gordon,Robin Wonsley Worlobah,Robin Wonsley Worlobah,Yusra Arab,Robin Wonsley Worlobah,Robin Wonsley Worlobah,Robin Wonsley Worlobah
Minneapolis_11022021_CityCouncilWard2.csv__hit127,Yusra Arab,Yusra Arab,Cam Gordon,Cam Gordon,Cam Gordon,Yusra Arab,Yusra Arab,Yusra Arab,Yusra Arab,Yusra Arab
Minneapolis_11022021_CityCouncilWard2.csv__hit128,Robin Wonsley Worlobah,Robin Wonsley Worlobah,Robin Wonsley Worlobah,Robin Wonsley Worlobah,Robin Wonsley Worlobah,Robin Wonsley Worlobah,Robin Wonsley Worlobah,Robin Wonsley Worlobah,Yusra Arab,Yusra Arab
Minneapolis_11022021_CityCouncilWard2.csv__hit129,Robin Wonsley Worlobah,Robin Wonsley Worlobah,Cam Gordon,Cam Gordon,Robin Wonsley Worlobah,Robin Wonsley Worlobah,Yusra Arab,Robin Wonsley Worlobah,Robin Wonsley Worlobah,Robin Wonsley Worlobah
Minneapolis_11022021_CityCouncilWard2.csv__hit130,Yusra Arab,Yusra Arab,Cam Gordon,Cam Gordon,Robin Wonsley Worlobah,Robin Wonsley Worlobah,Yusra Arab,Yusra Arab,Yusra Arab,Yusra Arab
Minneapolis_11022021_CityCouncilWard2.csv__hit131,Yusra Arab,Yusra Arab,Cam Gordon,Cam Gordon,Robin Wonsley Worlobah,Yusra Arab,Yusra Arab,Yusra Arab,Yusra Arab,Yusra Arab
Minneapolis_11022021_CityCouncilWard2.csv__hit132,Robin Wonsley Worlobah,Robin Wonsley Worlobah,Cam Gordon,Cam Gordon,Robin Wonsley Worlobah,Robin Wonsley Worlobah,Yusra Arab,Yusra Arab,Cam Gordon,Yusra Arab
Minneapolis_11022021_CityCouncilWard2.csv__hit133,Robin Wonsley Worlobah,Robin Wonsley Worlobah,Cam Gordon,Cam Gordon,Robin Wonsley Worlobah,Robin Wonsley Worlobah,Yusra Arab,Robin Wonsley Worlobah,Robin Wonsley Worlobah,Yusra Arab
Minneapolis_11022021_CityCouncilWard2.csv__hit134,Yusra Arab,Yusra Arab,Cam Gordon,Cam Gordon,Robin Wonsley Worlobah,Yusra Arab,Yusra Arab,Yusra Arab,Yusra Arab,Yusra Arab
Minneapolis_11022021_CityCouncilWard2.csv__hit135,Yusra Arab,Yusra Arab,Cam Gordon,Cam Gordon,Robin Wonsley Worlobah,Robin Wonsley Worlobah,Yusra Arab,Yusra Arab,Yusra Arab,Yusra Arab
Minneapolis_11022021_CityCouncilWard2.csv__hit136,Robin Wonsley Worlobah,Robin Wonsley Worlobah,Cam Gordon,Cam Gordon,Cam Gordon,Robin Wonsley Worlobah,Robin Wonsley Worlobah,Robin Wonsley Worlobah,Robin Wonsley Worlobah,Yusra Arab
Minneapolis_11022021_CityCouncilWard2.csv__hit137,Yusra Arab,Robin Wonsley Worlobah,Cam Gordon,Cam Gordon,Robin Wonsley Worlobah,Yusra Arab,Yusra Arab,Robin Wonsley Worlobah,Robin Wonsley Worlobah,Robin Wonsley Worlobah
Minneapolis_11022021_CityCouncilWard2.csv__hit138,Robin Wonsley Worlobah,Robin Wonsley Worlobah,Cam Gordon,Cam Gordon,Robin Wonsley Worlobah,Robin Wonsley Worlobah,Yusra Arab,Yusra Arab,Robin Wonsley Worlobah,Cam Gordon
Minneapolis_11022021_CityCouncilWard2.csv__hit139,Yusra Arab,Cam Gordon,Cam Gordon,Cam Gordon,Robin Wonsley Worlobah,Yusra Arab,Robin Wonsley Worlobah,Yusra Arab,Yusra Arab,Yusra Arab
Minneapolis_11022021_CityCouncilWard2.csv__hit140,Robin Wonsley Worlobah,Robin Wonsley Worlobah,Cam Gordon,Cam Gordon,Robin Wonsley Worlobah,Robin Wonsley Worlobah,Robin Wonsley Worlobah,Yusra Arab,Robin Wonsley Worlobah,Robin Wonsley Worlobah
Minneapolis_11022021_CityCouncilWard2.csv__hit141,Yusra Arab,Yusra Arab,Cam Gordon,Cam Gordon,Cam Gordon,Yusra Arab,Yusra Arab,Yusra Arab,Cam Gordon,Yusra Arab
Minneapolis_11022021_CityCouncilWard2.csv__hit142,Yusra Arab,Yusra Arab,Cam Gordon,Cam Gordon,Cam Gordon,Robin Wonsley Worlobah,Yusra Arab,Yusra Arab,Yusra Arab,Yusra Arab
Minneapolis_11022021_CityCouncilWard2.csv__hit143,Robin Wonsley Worlobah,Robin Wonsley Worlobah,Cam Gordon,Cam Gordon,Cam Gordon,Robin Wonsley Worlobah,Robin Wonsley Worlobah,Robin Wonsley Worlobah,Robin Wonsley Worlobah,Robin Wonsley Worlobah
Minneapolis_11022021_CityCouncilWard2.csv__hit144,Yusra Arab,Yusra Arab,Cam Gordon,Cam Gordon,Robin Wonsley Worlobah,Robin Wonsley Worlobah,Yusra Arab,Yusra Arab,Yusra Arab,Yusra Arab
Minneapolis_11022021_CityCouncilWard2.csv__hit145,Robin Wonsley Worlobah,Robin Wonsley Worlobah,Cam Gordon,Cam Gordon,Robin Wonsley Worlobah,Robin Wonsley Worlobah,Yusra Arab,Yusra Arab,Robin Wonsley Worlobah,Robin Wonsley Worlobah
Minneapolis_11022021_CityCouncilWard2.csv__hit146,Robin Wonsley Worlobah,Robin Wonsley Worlobah,Cam Gordon,Cam Gordon,Robin Wonsley Worlobah,Robin Wonsley Worlobah,Yusra Arab,Yusra Arab,Robin Wonsley Worlobah,Yusra Arab
Minneapolis_11022021_CityCouncilWard2.csv__hit147,Yusra Arab,Yusra Arab,Cam Gordon,Cam Gordon,Cam Gordon,Yusra Arab,Yusra Arab,Yusra Arab,Yusra Arab,Yusra Arab
Minneapolis_11022021_CityCouncilWard2.csv__hit148,Robin Wonsley Worlobah,Robin Wonsley Worlobah,Cam Gordon,Cam Gordon,Robin Wonsley Worlobah,Robin Wonsley Worlobah,Yusra Arab,Robin Wonsley Worlobah,Yusra Arab,Yusra Arab
Minneapolis_11022021_CityCouncilWard2.csv__hit149,Yusra Arab,Yusra Arab,Cam Gordon,Cam Gordon,Robin Wonsley Worlobah,Yusra Arab,Yusra Arab,Yusra Arab,Cam Gordon,Yusra Arab
Minneapolis_11022021_CityCouncilWard2.csv__hit150,Robin Wonsley Worlobah,Robin Wonsley Worlobah,Cam Gordon,Cam Gordon,Robin Wonsley Worlobah,Robin Wonsley Worlobah,Robin Wonsley Worlobah,Robin Wonsley Worlobah,Robin Wonsley Worlobah,Yusra Arab
Minneapolis_11022021_CityCouncilWard2.csv__hit151,Robin Wonsley Worlobah,Robin Wonsley Worlobah,Cam Gordon,Cam Gordon,Robin Wonsley Worlobah,Robin Wonsley Worlobah,Yusra Arab,Robin Wonsley Worlobah,Robin Wonsley Worlobah,Robin Wonsley Worlobah
Minneapolis_11022021_CityCouncilWard2.csv__hit152,Robin Wonsley Worlobah,Robin Wonsley Worlobah,Cam Gordon,Cam Gordon,Cam Gordon,Robin Wonsley Worlobah,Yusra Arab,Yusra Arab,Robin Wonsley Worlobah,Robin Wonsley Worlobah
Minneapolis_11022021_CityCouncilWard2.csv__hit153,Yusra Arab,Yusra Arab,Cam Gordon,Cam Gordon,Robin Wonsley Worlobah,Yusra Arab,Yusra Arab,Yusra Arab,Yusra Arab,Yusra Arab
Minneapolis_11022021_CityCouncilWard2.csv__hit154,Yusra Arab,Yusra Arab,Cam Gordon,Cam Gordon,Robin Wonsley Worlobah,Yusra Arab,Yusra Arab,Yusra Arab,Yusra Arab,Yusra Arab
Minneapolis_11022021_CityCouncilWard2.csv__hit155,Yusra Arab,Yusra Arab,Cam Gordon,Cam Gordon,Cam Gordon,Robin Wonsley Worlobah,Yusra Arab,Yusra Arab,Yusra Arab,Yusra Arab
Minneapolis_11022021_CityCouncilWard2.csv__hit156,Robin Wonsley Worlobah,Robin Wonsley Worlobah,Cam Gordon,Cam Gordon,Robin Wonsley Worlobah,Robin Wonsley Worlobah,Yusra Arab,Robin Wonsley Worlobah,Yusra Arab,Yusra Arab
Minneapolis_11022021_CityCouncilWard2.csv__hit157,Robin Wonsley Worlobah,Robin Wonsley Worlobah,Cam Gordon,Cam Gordon,Cam Gordon,Robin Wonsley Worlobah,Yusra Arab,Robin Wonsley Worlobah,Robin Wonsley Worlobah,Yusra Arab
Minneapolis_11022021_CityCouncilWard2.csv__hit158,Robin Wonsley Worlobah,Robin Wonsley Worlobah,Cam Gordon,Cam Gordon,Robin Wonsley Worlobah,Robin Wonsley Worlobah,Yusra Arab,Robin Wonsley Worlobah,Robin Wonsley Worlobah,Robin Wonsley Worlobah
Minneapolis_11022021_CityCouncilWard2.csv__hit159,Yusra Arab,Yusra Arab,Cam Gordon,Cam Gordon,Robin Wonsley Worlobah,Robin Wonsley Worlobah,Yusra Arab,Yusra Arab,Yusra Arab,Yusra Arab
Minneapolis_11022021_CityCouncilWard2.csv__hit160,Robin Wonsley Worlobah,Cam Gordon,Cam Gordon,Cam Gordon,Robin Wonsley Worlobah,Robin Wonsley Worlobah,Yusra Arab,Robin Wonsley Worlobah,Robin Wonsley Worlobah,Robin Wonsley Worlobah
Minneapolis_11022021_CityCouncilWard2.csv__hit161,Robin Wonsley Worlobah,Robin Wonsley Worlobah,Robin Wonsley Worlobah,Cam Gordon,Cam Gordon,Robin Wonsley Worlobah,Yusra Arab,Robin Wonsley Worlobah,Robin Wonsley Worlobah,Robin Wonsley Worlobah
Minneapolis_11022021_CityCouncilWard2.csv__hit162,Robin Wonsley Worlobah,Robin Wonsley Worlobah,Cam Gordon,Cam Gordon,Cam Gordon,Robin Wonsley Worlobah,Yusra Arab,Robin Wonsley Worlobah,Robin Wonsley Worlobah,Yusra Arab
Minneapolis_11022021_CityCouncilWard2.csv__hit163,Yusra Arab,Yusra Arab,Cam Gordon,Cam Gordon,Yusra Arab,Yusra Arab,Yusra Arab,Yusra Arab,Yusra Arab,Cam Gordon
Minneapolis_11022021_CityCouncilWard2.csv__hit164,Robin Wonsley Worlobah,Robin Wonsley Worlobah,Cam Gordon,Cam Gordon,Robin Wonsley Worlobah,Robin Wonsley Worlobah,Yusra Arab,Robin Wonsley Worlobah,Cam Gordon,Yusra Arab
Minneapolis_11022021_CityCouncilWard2.csv__hit165,Robin Wonsley Worlobah,Cam Gordon,Cam Gordon,Cam Gordon,Robin Wonsley Worlobah,Robin Wonsley Worlobah,Yusra Arab,Robin Wonsley Worlobah,Robin Wonsley Worlobah,Cam Gordon
Minneapolis_11022021_CityCouncilWard2.csv__hit166,Robin Wonsley Worlobah,Robin Wonsley Worlobah,Cam Gordon,Cam Gordon,Cam Gordon,Robin Wonsley Worlobah,Yusra Arab,Yusra Arab,Cam Gordon,Robin Wonsley Worlobah
Minneapolis_11022021_CityCouncilWard2.csv__hit167,Yusra Arab,Robin Wonsley Worlobah,Cam Gordon,Cam Gordon,Robin Wonsley Worlobah,Robin Wonsley Worlobah,Yusra Arab,Robin Wonsley Worlobah,Robin Wonsley Worlobah,Yusra Arab
Minneapolis_11022021_CityCouncilWard2.csv__hit168,Robin Wonsley Worlobah,Robin Wonsley Worlobah,Cam Gordon,Cam Gordon,Cam Gordon,Robin Wonsley Worlobah,Robin Wonsley Worlobah,Robin Wonsley Worlobah,Robin Wonsley Worlobah,Yusra Arab
Minneapolis_11022021_CityCouncilWard2.csv__hit169,Yusra Arab,Robin Wonsley Worlobah,Cam Gordon,Cam Gordon,Robin Wonsley Worlobah,Robin Wonsley Worlobah,Yusra Arab,Robin Wonsley Worlobah,Robin Wonsley Worlobah,Yusra Arab
Minneapolis_11022021_CityCouncilWard2.csv__hit170,Robin Wonsley Worlobah,Robin Wonsley Worlobah,Cam Gordon,Cam Gordon,Robin Wonsley Worlobah,Robin Wonsley Worlobah,Yusra Arab,Yusra Arab,Robin Wonsley Worlobah,Robin Wonsley Worlobah
Minneapolis_11022021_CityCouncilWard2.csv__hit171,Robin Wonsley Worlobah,Robin Wonsley Worlobah,Robin Wonsley Worlobah,Cam Gordon,Robin Wonsley Worlobah,Robin Wonsley Worlobah,Robin Wonsley Worlobah,Robin Wonsley Worlobah,Yusra Arab,Robin Wonsley Worlobah
Minneapolis_11022021_CityCouncilWard2.csv__hit172,Robin Wonsley Worlobah,Robin Wonsley Worlobah,Cam Gordon,Cam Gordon,Robin Wonsley Worlobah,Robin Wonsley Worlobah,Yusra Arab,Yusra Arab,Robin Wonsley Worlobah,Yusra Arab
Minneapolis_11022021_CityCouncilWard2.csv__hit173,Yusra Arab,Yusra Arab,Cam Gordon,Cam Gordon,Cam Gordon,Yusra Arab,Yusra Arab,Yusra Arab,Yusra Arab,Yusra Arab
Minneapolis_11022021_CityCouncilWard2.csv__hit174,Yusra Arab,Yusra Arab,Cam Gordon,Cam Gordon,Robin Wonsley Worlobah,Yusra Arab,Yusra Arab,Yusra Arab,Yusra Arab,Yusra Arab
Minneapolis_11022021_CityCouncilWard2.csv__hit175,Yusra Arab,Yusra Arab,Cam Gordon,Cam Gordon,Robin Wonsley Worlobah,Yusra Arab,Yusra Arab,Yusra Arab,Yusra Arab,Yusra Arab
Minneapolis_11022021_CityCouncilWard2.csv__hit176,Robin Wonsley Worlobah,Robin Wonsley Worlobah,Cam Gordon,Cam Gordon,Robin Wonsley Worlobah,Robin Wonsley Worlobah,Yusra Arab,Robin Wonsley Worlobah,Robin Wonsley Worlobah,Cam Gordon
Minneapolis_11022021_CityCouncilWard2.csv__hit177,Robin Wonsley Worlobah,Robin Wonsley Worlobah,Robin Wonsley Worlobah,Cam Gordon,Robin Wonsley Worlobah,Robin Wonsley Worlobah,Yusra Arab,Robin Wonsley Worlobah,Yusra Arab,Yusra Arab
Minneapolis_11022021_CityCouncilWard2.csv__hit178,Yusra Arab,Yusra Arab,Cam Gordon,Cam Gordon,Yusra Arab,Yusra Arab,Yusra Arab,Yusra Arab,Yusra Arab,Yusra Arab
Minneapolis_11022021_CityCouncilWard2.csv__hit179,Robin Wonsley Worlobah,Robin Wonsley Worlobah,Cam Gordon,Cam Gordon,Robin Wonsley Worlobah,Robin Wonsley Worlobah,Robin Wonsley Worlobah,Robin Wonsley Worlobah,Robin Wonsley Worlobah,Robin Wonsley Worlobah
Minneapolis_11022021_CityCouncilWard2.csv__hit180,Yusra Arab,Yusra Arab,Cam Gordon,Cam Gordon,Cam Gordon,Yusra Arab,Yusra Arab,Yusra Arab,Yusra Arab,Yusra Arab
Minneapolis_11022021_CityCouncilWard2.csv__hit181,Yusra Arab,Cam Gordon,Cam Gordon,Cam Gordon,Robin Wonsley Worlobah,Yusra Arab,Yusra Arab,Yusra Arab,Yusra Arab,Cam Gordon
Minneapolis_11022021_CityCouncilWard2.csv__hit182,Yusra Arab,Yusra Arab,Cam Gordon,Cam Gordon,Cam Gordon,Yusra Arab,Yusra Arab,Yusra Arab,Yusra Arab,Yusra Arab
Minneapolis_11022021_CityCouncilWard2.csv__hit183,Robin Wonsley Worlobah,Robin Wonsley Worlobah,Cam Gordon,Cam Gordon,Cam Gordon,Robin Wonsley Worlobah,Yusra Arab,Yusra Arab,Robin Wonsley Worlobah,Robin Wonsley Worlobah
Minneapolis_11022021_CityCouncilWard2.csv__hit184,Robin Wonsley Worlobah,Robin Wonsley Worlobah,Cam Gordon,Cam Gordon,Robin Wonsley Worlobah,Robin Wonsley Worlobah,Robin Wonsley Worlobah,Yusra Arab,Robin Wonsley Worlobah,Robin Wonsley Worlobah
Minneapolis_11022021_CityCouncilWard2.csv__hit185,Yusra Arab,Yusra Arab,Cam Gordon,Cam Gordon,Cam Gordon,Robin Wonsley Worlobah,Yusra Arab,Yusra Arab,Yusra Arab,Yusra Arab
Minneapolis_11022021_CityCouncilWard2.csv__hit186,Yusra Arab,Yusra Arab,Cam Gordon,Cam Gordon,Cam Gordon,Yusra Arab,Yusra Arab,Yusra Arab,Yusra Arab,Yusra Arab
Minneapolis_11022021_CityCouncilWard2.csv__hit187,Robin Wonsley Worlobah,Robin Wonsley Worlobah,Cam Gordon,Cam Gordon,Cam Gordon,Robin Wonsley Worlobah,Yusra Arab,Robin Wonsley Worlobah,Robin Wonsley Worlobah,Robin Wonsley Worlobah
Minneapolis_11022021_CityCouncilWard2.csv__hit188,Yusra Arab,Yusra Arab,Cam Gordon,Cam Gordon,Robin Wonsley Worlobah,Yusra Arab,Yusra Arab,Yusra Arab,Yusra Arab,Yusra Arab
Minneapolis_11022021_CityCouncilWard2.csv__hit189,Yusra Arab,Yusra Arab,Cam Gordon,Cam Gordon,Robin Wonsley Worlobah,Yusra Arab,Yusra Arab,Yusra Arab,Cam Gordon,Yusra Arab
Minneapolis_11022021_CityCouncilWard2.csv__hit190,Yusra Arab,Yusra Arab,Cam Gordon,Cam Gordon,Cam Gordon,Yusra Arab,Cam Gordon,Yusra Arab,Yusra Arab,Yusra Arab
Minneapolis_11022021_CityCouncilWard2.csv__hit191,Yusra Arab,Robin Wonsley Worlobah,Cam Gordon,Cam Gordon,Robin Wonsley Worlobah,Robin Wonsley Worlobah,Robin Wonsley Worlobah,Robin Wonsley Worlobah,Robin Wonsley Worlobah,Yusra Arab
Minneapolis_11022021_CityCouncilWard2.csv__hit192,Robin Wonsley Worlobah,Robin Wonsley Worlobah,Robin Wonsley Worlobah,Cam Gordon,Robin Wonsley Worlobah,Robin Wonsley Worlobah,Yusra Arab,Robin Wonsley Worlobah,Robin Wonsley Worlobah,Robin Wonsley Worlobah
Minneapolis_11022021_CityCouncilWard2.csv__hit193,Robin Wonsley Worlobah,Robin Wonsley Worlobah,Cam Gordon,Cam Gordon,Robin Wonsley Worlobah,Robin Wonsley Worlobah,Yusra Arab,Robin Wonsley Worlobah,Robin Wonsley Worlobah,Robin Wonsley Worlobah
Minneapolis_11022021_CityCouncilWard2.csv__hit194,Robin Wonsley Worlobah,Robin Wonsley Worlobah,Cam Gordon,Cam Gordon,Cam Gordon,Robin Wonsley Worlobah,Yusra Arab,Robin Wonsley Worlobah,Robin Wonsley Worlobah,Robin Wonsley Worlobah
Minneapolis_11022021_CityCouncilWard2.csv__hit195,Yusra Arab,Yusra Arab,Cam Gordon,Cam Gordon,Cam Gordon,Robin Wonsley Worlobah,Yusra Arab,Yusra Arab,Yusra Arab,Yusra Arab
Minneapolis_11022021_CityCouncilWard2.csv__hit196,Robin Wonsley Worlobah,Robin Wonsley Worlobah,Cam Gordon,Cam Gordon,Robin Wonsley Worlobah,Robin Wonsley Worlobah,Robin Wonsley Worlobah,Robin Wonsley Worlobah,Yusra Arab,Robin Wonsley Worlobah
Minneapolis_11022021_CityCouncilWard2.csv__hit197,Robin Wonsley Worlobah,Robin Wonsley Worlobah,Cam Gordon,Cam Gordon,Robin Wonsley Worlobah,Robin Wonsley Worlobah,Yusra Arab,Robin Wonsley Worlobah,Robin Wonsley Worlobah,Cam Gordon
Minneapolis_11022021_CityCouncilWard2.csv__hit198,Robin Wonsley Worlobah,Robin Wonsley Worlobah,Cam Gordon,Cam Gordon,Cam Gordon,Robin Wonsley Worlobah,Yusra Arab,Robin Wonsley Worlobah,Robin Wonsley Worlobah,Yusra Arab
Minneapolis_11022021_CityCouncilWard2.csv__hit199,Yusra Arab,Yusra Arab,Robin Wonsley Worlobah,Cam Gordon,Cam Gordon,Yusra Arab,Yusra Arab,Yusra Arab,Yusra Arab,Yusra Arab
PierceCounty_11042008_CountyExecutiveMember.csv__hit0,Shawn Bunney,Calvin Goings,Calvin Goings,Shawn Bunney,Shawn Bunney,Shawn Bunney,Shawn Bunney,Shawn Bunney,Shawn Bunney,Shawn Bunney
PierceCounty_11042008_CountyExecutiveMember.csv__hit1,Shawn Bunney,Shawn Bunney,Shawn Bunney,Shawn Bunney,Shawn Bunney,Shawn Bunney,Shawn Bunney,Shawn Bunney,Shawn Bunney,Shawn Bunney
PierceCounty_11042008_CountyExecutiveMember.csv__hit2,Shawn Bunney,Shawn Bunney,Shawn Bunney,Calvin Goings,Shawn Bunney,Shawn Bunney,Shawn Bunney,Shawn Bunney,Shawn Bunney,Shawn Bunney
PierceCounty_11042008_CountyExecutiveMember.csv__hit3,Shawn Bunney,Calvin Goings,Shawn Bunney,Shawn Bunney,Calvin Goings,Shawn Bunney,Calvin Goings,Shawn Bunney,Shawn Bunney,Shawn Bunney
PierceCounty_11042008_CountyExecutiveMember.csv__hit4,Shawn Bunney,Shawn Bunney,Shawn Bunney,Shawn Bunney,Shawn Bunney,Shawn Bunney,Shawn Bunney,Shawn Bunney,Shawn Bunney,Shawn Bunney
PierceCounty_11042008_CountyExecutiveMember.csv__hit5,Shawn Bunney,Shawn Bunney,Shawn Bunney,Calvin Goings,Shawn Bunney,Shawn Bunney,Calvin Goings,Shawn Bunney,Shawn Bunney,Shawn Bunney
PierceCounty_11042008_CountyExecutiveMember.csv__hit6,Shawn Bunney,Calvin Goings,Shawn Bunney,Shawn Bunney,Calvin Goings,Shawn Bunney,Shawn Bunney,Shawn Bunney,Shawn Bunney,Shawn Bunney
PierceCounty_11042008_CountyExecutiveMember.csv__hit7,Shawn Bunney,Calvin Goings,Shawn Bunney,Shawn Bunney,Shawn Bunney,Shawn Bunney,Shawn Bunney,Shawn Bunney,Shawn Bunney,Shawn Bunney
PierceCounty_11042008_CountyExecutiveMember.csv__hit8,Shawn Bunney,Calvin Goings,Shawn Bunney,Shawn Bunney,Shawn Bunney,Shawn Bunney,Shawn Bunney,Shawn Bunney,Shawn Bunney,Shawn Bunney
PierceCounty_11042008_CountyExecutiveMember.csv__hit9,Shawn Bunney,Calvin Goings,Shawn Bunney,Shawn Bunney,Shawn Bunney,Shawn Bunney,Calvin Goings,Calvin Goings,Shawn Bunney,Shawn Bunney
PierceCounty_11042008_CountyExecutiveMember.csv__hit10,Shawn Bunney,Shawn Bunney,Shawn Bunney,Shawn Bunney,Shawn Bunney,Shawn Bunney,Shawn Bunney,Calvin Goings,Shawn Bunney,Shawn Bunney
PierceCounty_11042008_CountyExecutiveMember.csv__hit11,Shawn Bunney,Calvin Goings,Shawn Bunney,Calvin Goings,Calvin Goings,Shawn Bunney,Shawn Bunney,Shawn Bunney,Shawn Bunney,Shawn Bunney
PierceCounty_11042008_CountyExecutiveMember.csv__hit12,Shawn Bunney,Calvin Goings,Shawn Bunney,Shawn Bunney,Shawn Bunney,Shawn Bunney,Shawn Bunney,Calvin Goings,Shawn Bunney,Shawn Bunney
PierceCounty_11042008_CountyExecutiveMember.csv__hit13,Shawn Bunney,Calvin Goings,Shawn Bunney,Calvin Goings,Calvin Goings,Shawn Bunney,Shawn Bunney,Shawn Bunney,Shawn Bunney,Shawn Bunney
PierceCounty_11042008_CountyExecutiveMember.csv__hit14,Shawn Bunney,Calvin Goings,Shawn Bunney,Shawn Bunney,Shawn Bunney,Shawn Bunney,Shawn Bunney,Shawn Bunney,Shawn Bunney,Shawn Bunney
PierceCounty_11042008_CountyExecutiveMember.csv__hit15,Shawn Bunney,Calvin Goings,Shawn Bunney,Shawn Bunney,Calvin Goings,Shawn Bunney,Shawn Bunney,Shawn Bunney,Shawn Bunney,Shawn Bunney
PierceCounty_11042008_CountyExecutiveMember.csv__hit16,Shawn Bunney,Shawn Bunney,Shawn Bunney,Shawn Bunney,Shawn Bunney,Shawn Bunney,Shawn Bunney,Shawn Bunney,Shawn Bunney,Shawn Bunney
PierceCounty_11042008_CountyExecutiveMember.csv__hit17,Shawn Bunney,Calvin Goings,Shawn Bunney,Shawn Bunney,Shawn Bunney,Shawn Bunney,Shawn Bunney,Shawn Bunney,Shawn Bunney,Shawn Bunney
PierceCounty_11042008_CountyExecutiveMember.csv__hit18,Shawn Bunney,Calvin Goings,Shawn Bunney,Calvin Goings,Shawn Bunney,Shawn Bunney,Shawn Bunney,Shawn Bunney,Shawn Bunney,Shawn Bunney
PierceCounty_11042008_CountyExecutiveMember.csv__hit19,Shawn Bunney,Shawn Bunney,Shawn Bunney,Shawn Bunney,Calvin Goings,Shawn Bunney,Shawn Bunney,Shawn Bunney,Shawn Bunney,Shawn Bunney
PierceCounty_11042008_CountyExecutiveMember.csv__hit20,Shawn Bunney,Calvin Goings,Shawn Bunney,Shawn Bunney,Shawn Bunney,Shawn Bunney,Shawn Bunney,Shawn Bunney,Shawn Bunney,Shawn Bunney
PierceCounty_11042008_CountyExecutiveMember.csv__hit21,Shawn Bunney,Shawn Bunney,Shawn Bunney,Shawn Bunney,Calvin Goings,Shawn Bunney,Shawn Bunney,Shawn Bunney,Shawn Bunney,Shawn Bunney
PierceCounty_11042008_CountyExecutiveMember.csv__hit22,Shawn Bunney,Calvin Goings,Shawn Bunney,Shawn Bunney,Calvin Goings,Shawn Bunney,Calvin Goings,Calvin Goings,Shawn Bunney,Shawn Bunney
PierceCounty_11042008_CountyExecutiveMember.csv__hit23,Shawn Bunney,Calvin Goings,Shawn Bunney,Shawn Bunney,Calvin Goings,Shawn Bunney,Shawn Bunney,Shawn Bunney,Shawn Bunney,Shawn Bunney
PierceCounty_11042008_CountyExecutiveMember.csv__hit24,Shawn Bunney,Calvin Goings,Shawn Bunney,Calvin Goings,Shawn Bunney,Shawn Bunney,Shawn Bunney,Shawn Bunney,Shawn Bunney,Shawn Bunney
PierceCounty_11042008_CountyExecutiveMember.csv__hit25,Shawn Bunney,Calvin Goings,Shawn Bunney,Shawn Bunney,Calvin Goings,Shawn Bunney,Shawn Bunney,Shawn Bunney,Shawn Bunney,Shawn Bunney
PierceCounty_11042008_CountyExecutiveMember.csv__hit26,Shawn Bunney,Shawn Bunney,Shawn Bunney,Shawn Bunney,Shawn Bunney,Shawn Bunney,Shawn Bunney,Shawn Bunney,Shawn Bunney,Shawn Bunney
PierceCounty_11042008_CountyExecutiveMember.csv__hit27,Shawn Bunney,Calvin Goings,Shawn Bunney,Calvin Goings,Shawn Bunney,Shawn Bunney,Calvin Goings,Shawn Bunney,Shawn Bunney,Shawn Bunney
PierceCounty_11042008_CountyExecutiveMember.csv__hit28,Shawn Bunney,Calvin Goings,Pat McCarthy,Shawn Bunney,Calvin Goings,Shawn Bunney,Shawn Bunney,Shawn Bunney,Shawn Bunney,Shawn Bunney
PierceCounty_11042008_CountyExecutiveMember.csv__hit29,Shawn Bunney,Calvin Goings,Shawn Bunney,Calvin Goings,Shawn Bunney,Shawn Bunney,Shawn Bunney,Shawn Bunney,Shawn Bunney,Shawn Bunney
PierceCounty_11042008_CountyExecutiveMember.csv__hit30,Shawn Bunney,Calvin Goings,Shawn Bunney,Shawn Bunney,Shawn Bunney,Shawn Bunney,Shawn Bunney,Shawn Bunney,Shawn Bunney,Shawn Bunney
PierceCounty_11042008_CountyExecutiveMember.csv__hit31,Shawn Bunney,Shawn Bunney,Shawn Bunney,Shawn Bunney,Calvin Goings,Shawn Bunney,Shawn Bunney,Shawn Bunney,Shawn Bunney,Shawn Bunney
PierceCounty_11042008_CountyExecutiveMember.csv__hit32,Shawn Bunney,Calvin Goings,Shawn Bunney,Shawn Bunney,Shawn Bunney,Shawn Bunney,Shawn Bunney,Shawn Bunney,Shawn Bunney,Shawn Bunney
PierceCounty_11042008_CountyExecutiveMember.csv__hit33,Shawn Bunney,Calvin Goings,Shawn Bunney,Calvin Goings,Calvin Goings,Shawn Bunney,Shawn Bunney,Shawn Bunney,Shawn Bunney,Shawn Bunney
PierceCounty_11042008_CountyExecutiveMember.csv__hit34,Shawn Bunney,Calvin Goings,Shawn Bunney,Shawn Bunney,Shawn Bunney,Shawn Bunney,Shawn Bunney,Shawn Bunney,Shawn Bunney,Shawn Bunney
PierceCounty_11042008_CountyExecutiveMember.csv__hit35,Shawn Bunney,Shawn Bunney,Shawn Bunney,Shawn Bunney,Shawn Bunney,Shawn Bunney,Shawn Bunney,Calvin Goings,Shawn Bunney,Shawn Bunney
PierceCounty_11042008_CountyExecutiveMember.csv__hit36,Shawn Bunney,Calvin Goings,Shawn Bunney,Shawn Bunney,Shawn Bunney,Shawn Bunney,Shawn Bunney,Shawn Bunney,Shawn Bunney,Shawn Bunney
PierceCounty_11042008_CountyExecutiveMember.csv__hit37,Shawn Bunney,Shawn Bunney,Shawn Bunney,Shawn Bunney,Shawn Bunney,Shawn Bunney,Shawn Bunney,Shawn Bunney,Shawn Bunney,Shawn Bunney
PierceCounty_11042008_CountyExecutiveMember.csv__hit38,Shawn Bunney,Shawn Bunney,Shawn Bunney,Shawn Bunney,Calvin Goings,Shawn Bunney,Shawn Bunney,Calvin Goings,Shawn Bunney,Shawn Bunney
PierceCounty_11042008_CountyExecutiveMember.csv__hit39,Shawn Bunney,Shawn Bunney,Shawn Bunney,Calvin Goings,Shawn Bunney,Shawn Bunney,Shawn Bunney,Shawn Bunney,Shawn Bunney,Shawn Bunney
PierceCounty_11042008_CountyExecutiveMember.csv__hit40,Shawn Bunney,Calvin Goings,Shawn Bunney,Shawn Bunney,Calvin Goings,Shawn Bunney,Shawn Bunney,Shawn Bunney,Shawn Bunney,Shawn Bunney
PierceCounty_11042008_CountyExecutiveMember.csv__hit41,Shawn Bunney,Shawn Bunney,Shawn Bunney,Shawn Bunney,Shawn Bunney,Shawn Bunney,Calvin Goings,Calvin Goings,Shawn Bunney,Shawn Bunney
PierceCounty_11042008_CountyExecutiveMember.csv__hit42,Shawn Bunney,Shawn Bunney,Shawn Bunney,Shawn Bunney,Calvin Goings,Shawn Bunney,Shawn Bunney,Shawn Bunney,Shawn Bunney,Shawn Bunney
PierceCounty_11042008_CountyExecutiveMember.csv__hit43,Shawn Bunney,Shawn Bunney,Shawn Bunney,Calvin Goings,Shawn Bunney,Shawn Bunney,Shawn Bunney,Shawn Bunney,Shawn Bunney,Shawn Bunney
PierceCounty_11042008_CountyExecutiveMember.csv__hit44,Shawn Bunney,Calvin Goings,Shawn Bunney,Calvin Goings,Shawn Bunney,Shawn Bunney,Shawn Bunney,Shawn Bunney,Shawn Bunney,Shawn Bunney
PierceCounty_11042008_CountyExecutiveMember.csv__hit45,Shawn Bunney,Shawn Bunney,Shawn Bunney,Calvin Goings,Calvin Goings,Shawn Bunney,Shawn Bunney,Calvin Goings,Shawn Bunney,Shawn Bunney
PierceCounty_11042008_CountyExecutiveMember.csv__hit46,Shawn Bunney,Calvin Goings,Shawn Bunney,Shawn Bunney,Calvin Goings,Shawn Bunney,Shawn Bunney,Shawn Bunney,Shawn Bunney,Shawn Bunney
PierceCounty_11042008_CountyExecutiveMember.csv__hit47,Shawn Bunney,Shawn Bunney,Shawn Bunney,Pat McCarthy,Shawn Bunney,Shawn Bunney,Shawn Bunney,Calvin Goings,Shawn Bunney,Shawn Bunney
PierceCounty_11042008_CountyExecutiveMember.csv__hit48,Shawn Bunney,Shawn Bunney,Shawn Bunney,Shawn Bunney,Shawn Bunney,Shawn Bunney,Shawn Bunney,Calvin Goings,Shawn Bunney,Shawn Bunney
PierceCounty_11042008_CountyExecutiveMember.csv__hit49,Shawn Bunney,Shawn Bunney,Pat McCarthy,Shawn Bunney,Shawn Bunney,Shawn Bunney,Calvin Goings,Calvin Goings,Shawn Bunney,Shawn Bunney
PierceCounty_11042008_CountyExecutiveMember.csv__hit50,Shawn Bunney,Shawn Bunney,Shawn Bunney,Shawn Bunney,Shawn Bunney,Shawn Bunney,Shawn Bunney,Shawn Bunney,Shawn Bunney,Shawn Bunney
PierceCounty_11042008_CountyExecutiveMember.csv__hit51,Shawn Bunney,Shawn Bunney,Shawn Bunney,Calvin Goings,Shawn Bunney,Calvin Goings,Calvin Goings,Shawn Bunney,Shawn Bunney,Shawn Bunney
PierceCounty_11042008_CountyExecutiveMember.csv__hit52,Shawn Bunney,Calvin Goings,Shawn Bunney,Shawn Bunney,Calvin Goings,Shawn Bunney,Shawn Bunney,Shawn Bunney,Shawn Bunney,Shawn Bunney
PierceCounty_11042008_CountyExecutiveMember.csv__hit53,Shawn Bunney,Calvin Goings,Shawn Bunney,Shawn Bunney,Shawn Bunney,Shawn Bunney,Shawn Bunney,Shawn Bunney,Shawn Bunney,Shawn Bunney
PierceCounty_11042008_CountyExecutiveMember.csv__hit54,Shawn Bunney,Calvin Goings,Shawn Bunney,Shawn Bunney,Shawn Bunney,Shawn Bunney,Shawn Bunney,Shawn Bunney,Shawn Bunney,Shawn Bunney
PierceCounty_11042008_CountyExecutiveMember.csv__hit55,Shawn Bunney,Calvin Goings,Shawn Bunney,Shawn Bunney,Calvin Goings,Shawn Bunney,Shawn Bunney,Shawn Bunney,Shawn Bunney,Shawn Bunney
PierceCounty_11042008_CountyExecutiveMember.csv__hit56,Shawn Bunney,Calvin Goings,Shawn Bunney,Shawn Bunney,Shawn Bunney,Shawn Bunney,Shawn Bunney,Calvin Goings,Shawn Bunney,Shawn Bunney
PierceCounty_11042008_CountyExecutiveMember.csv__hit57,Shawn Bunney,Shawn Bunney,Shawn Bunney,Shawn Bunney,Shawn Bunney,Shawn Bunney,Shawn Bunney,Shawn Bunney,Shawn Bunney,Shawn Bunney
PierceCounty_11042008_CountyExecutiveMember.csv__hit58,Shawn Bunney,Shawn Bunney,Shawn Bunney,Pat McCarthy,Shawn Bunney,Shawn Bunney,Shawn Bunney,Calvin Goings,Shawn Bunney,Shawn Bunney
PierceCounty_11042008_CountyExecutiveMember.csv__hit59,Shawn Bunney,Shawn Bunney,Shawn Bunney,Shawn Bunney,Shawn Bunney,Shawn Bunney,Shawn Bunney,Calvin Goings,Shawn Bunney,Shawn Bunney
PierceCounty_11042008_CountyExecutiveMember.csv__hit60,Shawn Bunney,Calvin Goings,Pat McCarthy,Calvin Goings,Shawn Bunney,Shawn Bunney,Shawn Bunney,Shawn Bunney,Shawn Bunney,Shawn Bunney
PierceCounty_11042008_CountyExecutiveMember.csv__hit61,Shawn Bunney,Shawn Bunney,Shawn Bunney,Shawn Bunney,Shawn Bunney,Shawn Bunney,Shawn Bunney,Shawn Bunney,Shawn Bunney,Shawn Bunney
PierceCounty_11042008_CountyExecutiveMember.csv__hit62,Shawn Bunney,Calvin Goings,Shawn Bunney,Shawn Bunney,Calvin Goings,Shawn Bunney,Shawn Bunney,Calvin Goings,Shawn Bunney,Shawn Bunney
PierceCounty_11042008_CountyExecutiveMember.csv__hit63,Shawn Bunney,Shawn Bunney,Pat McCarthy,Shawn Bunney,Shawn Bunney,Shawn Bunney,Shawn Bunney,Calvin Goings,Shawn Bunney,Shawn Bunney
PierceCounty_11042008_CountyExecutiveMember.csv__hit64,Shawn Bunney,Calvin Goings,Shawn Bunney,Shawn Bunney,Shawn Bunney,Shawn Bunney,Calvin Goings,Shawn Bunney,Shawn Bunney,Shawn Bunney
PierceCounty_11042008_CountyExecutiveMember.csv__hit65,Shawn Bunney,Shawn Bunney,Pat McCarthy,Shawn Bunney,Shawn Bunney,Shawn Bunney,Shawn Bunney,Calvin Goings,Shawn Bunney,Shawn Bunney
PierceCounty_11042008_CountyExecutiveMember.csv__hit66,Shawn Bunney,Shawn Bunney,Shawn Bunney,Shawn Bunney,Shawn Bunney,Shawn Bunney,Shawn Bunney,Shawn Bunney,Shawn Bunney,Shawn Bunney
PierceCounty_11042008_CountyExecutiveMember.csv__hit67,Shawn Bunney,Calvin Goings,Shawn Bunney,Shawn Bunney,Shawn Bunney,Shawn Bunney,Shawn Bunney,Shawn Bunney,Shawn Bunney,Shawn Bunney
PierceCounty_11042008_CountyExecutiveMember.csv__hit68,Shawn Bunney,Calvin Goings,Shawn Bunney,Shawn Bunney,Shawn Bunney,Shawn Bunney,Shawn Bunney,Calvin Goings,Calvin Goings,Shawn Bunney
PierceCounty_11042008_CountyExecutiveMember.csv__hit69,Shawn Bunney,Calvin Goings,Shawn Bunney,Shawn Bunney,Shawn Bunney,Shawn Bunney,Shawn Bunney,Shawn Bunney,Shawn Bunney,Shawn Bunney
PierceCounty_11042008_CountyExecutiveMember.csv__hit70,Shawn Bunney,Calvin Goings,Shawn Bunney,Calvin Goings,Shawn Bunney,Shawn Bunney,Shawn Bunney,Shawn Bunney,Shawn Bunney,Shawn Bunney
PierceCounty_11042008_CountyExecutiveMember.csv__hit71,Shawn Bunney,Calvin Goings,Shawn Bunney,Shawn Bunney,Shawn Bunney,Shawn Bunney,Shawn Bunney,Calvin Goings,Shawn Bunney,Shawn Bunney
PierceCounty_11042008_CountyExecutiveMember.csv__hit72,Shawn Bunney,Calvin Goings,Shawn Bunney,Calvin Goings,Shawn Bunney,Shawn Bunney,Shawn Bunney,Calvin Goings,Shawn Bunney,Shawn Bunney
PierceCounty_11042008_CountyExecutiveMember.csv__hit73,Shawn Bunney,Calvin Goings,Shawn Bunney,Calvin Goings,Shawn Bunney,Shawn Bunney,Shawn Bunney,Shawn Bunney,Shawn Bunney,Shawn Bunney
PierceCounty_11042008_CountyExecutiveMember.csv__hit74,Shawn Bunney,Calvin Goings,Shawn Bunney,Shawn Bunney,Shawn Bunney,Shawn Bunney,Shawn Bunney,Shawn Bunney,Shawn Bunney,Shawn Bunney
PierceCounty_11042008_CountyExecutiveMember.csv__hit75,Shawn Bunney,Calvin Goings,Shawn Bunney,Shawn Bunney,Shawn Bunney,Shawn Bunney,Shawn Bunney,Shawn Bunney,Shawn Bunney,Shawn Bunney
PierceCounty_11042008_CountyExecutiveMember.csv__hit76,Shawn Bunney,Calvin Goings,Shawn Bunney,Calvin Goings,Shawn Bunney,Shawn Bunney,Shawn Bunney,Shawn Bunney,Shawn Bunney,Shawn Bunney
PierceCounty_11042008_CountyExecutiveMember.csv__hit77,Shawn Bunney,Calvin Goings,Shawn Bunney,Calvin Goings,Shawn Bunney,Shawn Bunney,Shawn Bunney,Shawn Bunney,Shawn Bunney,Shawn Bunney
PierceCounty_11042008_CountyExecutiveMember.csv__hit78,Shawn Bunney,Calvin Goings,Shawn Bunney,Calvin Goings,Calvin Goings,Shawn Bunney,Calvin Goings,Calvin Goings,Shawn Bunney,Shawn Bunney
PierceCounty_11042008_CountyExecutiveMember.csv__hit79,Shawn Bunney,Calvin Goings,Shawn Bunney,Shawn Bunney,Shawn Bunney,Shawn Bunney,Shawn Bunney,Calvin Goings,Shawn Bunney,Shawn Bunney
PierceCounty_11042008_CountyExecutiveMember.csv__hit80,Shawn Bunney,Calvin Goings,Pat McCarthy,Calvin Goings,Calvin Goings,Shawn Bunney,Shawn Bunney,Calvin Goings,Shawn Bunney,Shawn Bunney
PierceCounty_11042008_CountyExecutiveMember.csv__hit81,Shawn Bunney,Shawn Bunney,Pat McCarthy,Shawn Bunney,Shawn Bunney,Shawn Bunney,Shawn Bunney,Calvin Goings,Shawn Bunney,Shawn Bunney
PierceCounty_11042008_CountyExecutiveMember.csv__hit82,Shawn Bunney,Calvin Goings,Shawn Bunney,Calvin Goings,Shawn Bunney,Shawn Bunney,Shawn Bunney,Shawn Bunney,Shawn Bunney,Shawn Bunney
PierceCounty_11042008_CountyExecutiveMember.csv__hit83,Shawn Bunney,Shawn Bunney,Shawn Bunney,Shawn Bunney,Shawn Bunney,Shawn Bunney,Shawn Bunney,Calvin Goings,Shawn Bunney,Shawn Bunney
PierceCounty_11042008_CountyExecutiveMember.csv__hit84,Shawn Bunney,Calvin Goings,Shawn Bunney,Shawn Bunney,Shawn Bunney,Shawn Bunney,Shawn Bunney,Shawn Bunney,Shawn Bunney,Shawn Bunney
PierceCounty_11042008_CountyExecutiveMember.csv__hit85,Shawn Bunney,Calvin Goings,Shawn Bunney,Calvin Goings,Calvin Goings,Shawn Bunney,Shawn Bunney,Shawn Bunney,Shawn Bunney,Shawn Bunney
PierceCounty_11042008_CountyExecutiveMember.csv__hit86,Shawn Bunney,Calvin Goings,Pat McCarthy,Calvin Goings,Shawn Bunney,Shawn Bunney,Shawn Bunney,Shawn Bunney,Shawn Bunney,Shawn Bunney
PierceCounty_11042008_CountyExecutiveMember.csv__hit87,Shawn Bunney,Calvin Goings,Shawn Bunney,Shawn Bunney,Shawn Bunney,Shawn Bunney,Shawn Bunney,Shawn Bunney,Shawn Bunney,Shawn Bunney
PierceCounty_11042008_CountyExecutiveMember.csv__hit88,Shawn Bunney,Shawn Bunney,Shawn Bunney,Calvin Goings,Shawn Bunney,Shawn Bunney,Shawn Bunney,Shawn Bunney,Shawn Bunney,Shawn Bunney
PierceCounty_11042008_CountyExecutiveMember.csv__hit89,Shawn Bunney,Shawn Bunney,Shawn Bunney,Calvin Goings,Shawn Bunney,Shawn Bunney,Shawn Bunney,Calvin Goings,Shawn Bunney,Shawn Bunney
PierceCounty_11042008_CountyExecutiveMember.csv__hit90,Shawn Bunney,Calvin Goings,Pat McCarthy,Shawn Bunney,Shawn Bunney,Shawn Bunney,Shawn Bunney,Shawn Bunney,Shawn Bunney,Shawn Bunney
PierceCounty_11042008_CountyExecutiveMember.csv__hit91,Shawn Bunney,Shawn Bunney,Pat McCarthy,Shawn Bunney,Shawn Bunney,Shawn Bunney,Shawn Bunney,Calvin Goings,Shawn Bunney,Shawn Bunney
PierceCounty_11042008_CountyExecutiveMember.csv__hit92,Shawn Bunney,Shawn Bunney,Shawn Bunney,Shawn Bunney,Shawn Bunney,Shawn Bunney,Shawn Bunney,Shawn Bunney,Shawn Bunney,Shawn Bunney
PierceCounty_11042008_CountyExecutiveMember.csv__hit93,Shawn Bunney,Calvin Goings,Shawn Bunney,Shawn Bunney,Calvin Goings,Shawn Bunney,Shawn Bunney,Shawn Bunney,Shawn Bunney,Shawn Bunney
PierceCounty_11042008_CountyExecutiveMember.csv__hit94,Shawn Bunney,Calvin Goings,Shawn Bunney,Shawn Bunney,Shawn Bunney,Shawn Bunney,Shawn Bunney,Shawn Bunney,Shawn Bunney,Shawn Bunney
PierceCounty_11042008_CountyExecutiveMember.csv__hit95,Shawn Bunney,Calvin Goings,Shawn Bunney,Shawn Bunney,Shawn Bunney,Shawn Bunney,Shawn Bunney,Shawn Bunney,Shawn Bunney,Shawn Bunney
PierceCounty_11042008_CountyExecutiveMember.csv__hit96,Shawn Bunney,Calvin Goings,Shawn Bunney,Shawn Bunney,Shawn Bunney,Shawn Bunney,Shawn Bunney,Shawn Bunney,Shawn Bunney,Shawn Bunney
PierceCounty_11042008_CountyExecutiveMember.csv__hit97,Shawn Bunney,Calvin Goings,Shawn Bunney,Shawn Bunney,Shawn Bunney,Shawn Bunney,Shawn Bunney,Shawn Bunney,Shawn Bunney,Shawn Bunney
PierceCounty_11042008_CountyExecutiveMember.csv__hit98,Shawn Bunney,Shawn Bunney,Calvin Goings,Shawn Bunney,Shawn Bunney,Shawn Bunney,Shawn Bunney,Shawn Bunney,Shawn Bunney,Shawn Bunney
PierceCounty_11042008_CountyExecutiveMember.csv__hit99,Shawn Bunney,Calvin Goings,Shawn Bunney,Calvin Goings,Shawn Bunney,Shawn Bunney,Shawn Bunney,Calvin Goings,Shawn Bunney,Shawn Bunney
PierceCounty_11042008_CountyExecutiveMember.csv__hit100,Shawn Bunney,Calvin Goings,Shawn Bunney,Calvin Goings,Shawn Bunney,Shawn Bunney,Shawn Bunney,Shawn Bunney,Shawn Bunney,Shawn Bunney
PierceCounty_11042008_CountyExecutiveMember.csv__hit101,Shawn Bunney,Shawn Bunney,Shawn Bunney,Shawn Bunney,Calvin Goings,Shawn Bunney,Shawn Bunney,Calvin Goings,Shawn Bunney,Shawn Bunney
PierceCounty_11042008_CountyExecutiveMember.csv__hit102,Shawn Bunney,Calvin Goings,Shawn Bunney,Shawn Bunney,Shawn Bunney,Shawn Bunney,Shawn Bunney,Shawn Bunney,Shawn Bunney,Shawn Bunney
PierceCounty_11042008_CountyExecutiveMember.csv__hit103,Shawn Bunney,Calvin Goings,Pat McCarthy,Shawn Bunney,Calvin Goings,Shawn Bunney,Shawn Bunney,Shawn Bunney,Shawn Bunney,Shawn Bunney
PierceCounty_11042008_CountyExecutiveMember.csv__hit104,Shawn Bunney,Calvin Goings,Shawn Bunney,Shawn Bunney,Shawn Bunney,Shawn Bunney,Shawn Bunney,Calvin Goings,Shawn Bunney,Shawn Bunney
PierceCounty_11042008_CountyExecutiveMember.csv__hit105,Shawn Bunney,Calvin Goings,Shawn Bunney,Shawn Bunney,Shawn Bunney,Shawn Bunney,Shawn Bunney,Shawn Bunney,Shawn Bunney,Shawn Bunney
PierceCounty_11042008_CountyExecutiveMember.csv__hit106,Shawn Bunney,Shawn Bunney,Shawn Bunney,Shawn Bunney,Shawn Bunney,Shawn Bunney,Shawn Bunney,Calvin Goings,Shawn Bunney,Shawn Bunney
PierceCounty_11042008_CountyExecutiveMember.csv__hit107,Shawn Bunney,Shawn Bunney,Shawn Bunney,Shawn Bunney,Shawn Bunney,Shawn Bunney,Shawn Bunney,Calvin Goings,Shawn Bunney,Shawn Bunney
PierceCounty_11042008_CountyExecutiveMember.csv__hit108,Shawn Bunney,Calvin Goings,Shawn Bunney,Shawn Bunney,Shawn Bunney,Shawn Bunney,Shawn Bunney,Calvin Goings,Shawn Bunney,Shawn Bunney
PierceCounty_11042008_CountyExecutiveMember.csv__hit109,Shawn Bunney,Shawn Bunney,Shawn Bunney,Shawn Bunney,Shawn Bunney,Shawn Bunney,Shawn Bunney,Calvin Goings,Shawn Bunney,Shawn Bunney
PierceCounty_11042008_CountyExecutiveMember.csv__hit110,Shawn Bunney,Shawn Bunney,Shawn Bunney,Calvin Goings,Shawn Bunney,Shawn Bunney,Shawn Bunney,Shawn Bunney,Shawn Bunney,Shawn Bunney
PierceCounty_11042008_CountyExecutiveMember.csv__hit111,Shawn Bunney,Calvin Goings,Shawn Bunney,Calvin Goings,Shawn Bunney,Shawn Bunney,Shawn Bunney,Shawn Bunney,Shawn Bunney,Shawn Bunney
PierceCounty_11042008_CountyExecutiveMember.csv__hit112,Shawn Bunney,Calvin Goings,Shawn Bunney,Shawn Bunney,Shawn Bunney,Shawn Bunney,Shawn Bunney,Calvin Goings,Shawn Bunney,Shawn Bunney
PierceCounty_11042008_CountyExecutiveMember.csv__hit113,Shawn Bunney,Shawn Bunney,Shawn Bunney,Shawn Bunney,Calvin Goings,Shawn Bunney,Calvin Goings,Calvin Goings,Shawn Bunney,Shawn Bunney
PierceCounty_11042008_CountyExecutiveMember.csv__hit114,Shawn Bunney,Calvin Goings,Shawn Bunney,Calvin Goings,Shawn Bunney,Shawn Bunney,Shawn Bunney,Shawn Bunney,Shawn Bunney,Shawn Bunney
PierceCounty_11042008_CountyExecutiveMember.csv__hit115,Shawn Bunney,Calvin Goings,Shawn Bunney,Shawn Bunney,Shawn Bunney,Shawn Bunney,Shawn Bunney,Calvin Goings,Shawn Bunney,Shawn Bunney
PierceCounty_11042008_CountyExecutiveMember.csv__hit116,Shawn Bunney,Calvin Goings,Shawn Bunney,Shawn Bunney,Shawn Bunney,Shawn Bunney,Shawn Bunney,Shawn Bunney,Shawn Bunney,Shawn Bunney
PierceCounty_11042008_CountyExecutiveMember.csv__hit117,Shawn Bunney,Calvin Goings,Pat McCarthy,Shawn Bunney,Shawn Bunney,Shawn Bunney,Shawn Bunney,Shawn Bunney,Shawn Bunney,Shawn Bunney
PierceCounty_11042008_CountyExecutiveMember.csv__hit118,Shawn Bunney,Shawn Bunney,Shawn Bunney,Calvin Goings,Shawn Bunney,Shawn Bunney,Shawn Bunney,Shawn Bunney,Shawn Bunney,Shawn Bunney
PierceCounty_11042008_CountyExecutiveMember.csv__hit119,Shawn Bunney,Calvin Goings,Shawn Bunney,Shawn Bunney,Shawn Bunney,Shawn Bunney,Shawn Bunney,Calvin Goings,Shawn Bunney,Shawn Bunney
PierceCounty_11042008_CountyExecutiveMember.csv__hit120,Shawn Bunney,Shawn Bunney,Shawn Bunney,Shawn Bunney,Shawn Bunney,Shawn Bunney,Shawn Bunney,Shawn Bunney,Shawn Bunney,Shawn Bunney
PierceCounty_11042008_CountyExecutiveMember.csv__hit121,Shawn Bunney,Calvin Goings,Shawn Bunney,Calvin Goings,Shawn Bunney,Shawn Bunney,Shawn Bunney,Shawn Bunney,Shawn Bunney,Shawn Bunney
PierceCounty_11042008_CountyExecutiveMember.csv__hit122,Shawn Bunney,Calvin Goings,Shawn Bunney,Shawn Bunney,Shawn Bunney,Shawn Bunney,Shawn Bunney,Shawn Bunney,Shawn Bunney,Shawn Bunney
PierceCounty_11042008_CountyExecutiveMember.csv__hit123,Shawn Bunney,Shawn Bunney,Shawn Bunney,Shawn Bunney,Calvin Goings,Shawn Bunney,Shawn Bunney,Shawn Bunney,Shawn Bunney,Shawn Bunney
PierceCounty_11042008_CountyExecutiveMember.csv__hit124,Shawn Bunney,Calvin Goings,Shawn Bunney,Shawn Bunney,Shawn Bunney,Shawn Bunney,Shawn Bunney,Shawn Bunney,Shawn Bunney,Shawn Bunney
PierceCounty_11042008_CountyExecutiveMember.csv__hit125,Shawn Bunney,Calvin Goings,Shawn Bunney,Shawn Bunney,Shawn Bunney,Shawn Bunney,Shawn Bunney,Shawn Bunney,Shawn Bunney,Shawn Bunney
PierceCounty_11042008_CountyExecutiveMember.csv__hit126,Shawn Bunney,Calvin Goings,Shawn Bunney,Shawn Bunney,Shawn Bunney,Shawn Bunney,Shawn Bunney,Calvin Goings,Shawn Bunney,Shawn Bunney
PierceCounty_11042008_CountyExecutiveMember.csv__hit127,Shawn Bunney,Calvin Goings,Pat McCarthy,Calvin Goings,Shawn Bunney,Shawn Bunney,Shawn Bunney,Calvin Goings,Shawn Bunney,Shawn Bunney
PierceCounty_11042008_CountyExecutiveMember.csv__hit128,Shawn Bunney,Calvin Goings,Shawn Bunney,Shawn Bunney,Shawn Bunney,Shawn Bunney,Shawn Bunney,Shawn Bunney,Shawn Bunney,Shawn Bunney
PierceCounty_11042008_CountyExecutiveMember.csv__hit129,Shawn Bunney,Calvin Goings,Shawn Bunney,Calvin Goings,Shawn Bunney,Shawn Bunney,Shawn Bunney,Calvin Goings,Shawn Bunney,Shawn Bunney
PierceCounty_11042008_CountyExecutiveMember.csv__hit130,Shawn Bunney,Shawn Bunney,Shawn Bunney,Shawn Bunney,Shawn Bunney,Shawn Bunney,Shawn Bunney,Shawn Bunney,Shawn Bunney,Shawn Bunney
PierceCounty_11042008_CountyExecutiveMember.csv__hit131,Shawn Bunney,Calvin Goings,Shawn Bunney,Shawn Bunney,Shawn Bunney,Shawn Bunney,Calvin Goings,Calvin Goings,Shawn Bunney,Shawn Bunney
PierceCounty_11042008_CountyExecutiveMember.csv__hit132,Shawn Bunney,Calvin Goings,Shawn Bunney,Shawn Bunney,Shawn Bunney,Shawn Bunney,Shawn Bunney,Calvin Goings,Shawn Bunney,Shawn Bunney
PierceCounty_11042008_CountyExecutiveMember.csv__hit133,Shawn Bunney,Calvin Goings,Shawn Bunney,Shawn Bunney,Calvin Goings,Shawn Bunney,Shawn Bunney,Shawn Bunney,Shawn Bunney,Shawn Bunney
PierceCounty_11042008_CountyExecutiveMember.csv__hit134,Shawn Bunney,Calvin Goings,Shawn Bunney,Shawn Bunney,Shawn Bunney,Shawn Bunney,Shawn Bunney,Calvin Goings,Shawn Bunney,Shawn Bunney
PierceCounty_11042008_CountyExecutiveMember.csv__hit135,Shawn Bunney,Shawn Bunney,Shawn Bunney,Shawn Bunney,Calvin Goings,Shawn Bunney,Shawn Bunney,Shawn Bunney,Shawn Bunney,Shawn Bunney
PierceCounty_11042008_CountyExecutiveMember.csv__hit136,Shawn Bunney,Calvin Goings,Shawn Bunney,Calvin Goings,Shawn Bunney,Shawn Bunney,Shawn Bunney,Shawn Bunney,Shawn Bunney,Shawn Bunney
PierceCounty_11042008_CountyExecutiveMember.csv__hit137,Shawn Bunney,Calvin Goings,Shawn Bunney,Shawn Bunney,Shawn Bunney,Shawn Bunney,Shawn Bunney,Calvin Goings,Shawn Bunney,Shawn Bunney
PierceCounty_11042008_CountyExecutiveMember.csv__hit138,Shawn Bunney,Calvin Goings,Shawn Bunney,Shawn Bunney,Shawn Bunney,Shawn Bunney,Shawn Bunney,Calvin Goings,Shawn Bunney,Shawn Bunney
PierceCounty_11042008_CountyExecutiveMember.csv__hit139,Shawn Bunney,Shawn Bunney,Shawn Bunney,Shawn Bunney,Shawn Bunney,Shawn Bunney,Shawn Bunney,Shawn Bunney,Shawn Bunney,Shawn Bunney
PierceCounty_11042008_CountyExecutiveMember.csv__hit140,Shawn Bunney,Calvin Goings,Shawn Bunney,Shawn Bunney,Calvin Goings,Shawn Bunney,Shawn Bunney,Calvin Goings,Shawn Bunney,Shawn Bunney
PierceCounty_11042008_CountyExecutiveMember.csv__hit141,Shawn Bunney,Calvin Goings,Shawn Bunney,Shawn Bunney,Shawn Bunney,Shawn Bunney,Shawn Bunney,Shawn Bunney,Shawn Bunney,Shawn Bunney
PierceCounty_11042008_CountyExecutiveMember.csv__hit142,Shawn Bunney,Calvin Goings,Shawn Bunney,Shawn Bunney,Shawn Bunney,Shawn Bunney,Shawn Bunney,Shawn Bunney,Shawn Bunney,Shawn Bunney
PierceCounty_11042008_CountyExecutiveMember.csv__hit143,Shawn Bunney,Calvin Goings,Shawn Bunney,Shawn Bunney,Shawn Bunney,Shawn Bunney,Shawn Bunney,Shawn Bunney,Shawn Bunney,Shawn Bunney
PierceCounty_11042008_CountyExecutiveMember.csv__hit144,Shawn Bunney,Shawn Bunney,Shawn Bunney,Shawn Bunney,Shawn Bunney,Shawn Bunney,Shawn Bunney,Shawn Bunney,Shawn Bunney,Shawn Bunney
PierceCounty_11042008_CountyExecutiveMember.csv__hit145,Shawn Bunney,Calvin Goings,Shawn Bunney,Shawn Bunney,Calvin Goings,Shawn Bunney,Shawn Bunney,Shawn Bunney,Shawn Bunney,Shawn Bunney
PierceCounty_11042008_CountyExecutiveMember.csv__hit146,Shawn Bunney,Shawn Bunney,Shawn Bunney,Shawn Bunney,Shawn Bunney,Shawn Bunney,Shawn Bunney,Shawn Bunney,Shawn Bunney,Shawn Bunney
PierceCounty_11042008_CountyExecutiveMember.csv__hit147,Shawn Bunney,Calvin Goings,Shawn Bunney,Calvin Goings,Shawn Bunney,Shawn Bunney,Shawn Bunney,Shawn Bunney,Shawn Bunney,Shawn Bunney
PierceCounty_11042008_CountyExecutiveMember.csv__hit148,Shawn Bunney,Shawn Bunney,Shawn Bunney,Shawn Bunney,Shawn Bunney,Shawn Bunney,Shawn Bunney,Calvin Goings,Calvin Goings,Shawn Bunney
PierceCounty_11042008_CountyExecutiveMember.csv__hit149,Shawn Bunney,Shawn Bunney,Shawn Bunney,Shawn Bunney,Shawn Bunney,Shawn Bunney,Shawn Bunney,Shawn Bunney,Shawn Bunney,Shawn Bunney
PierceCounty_11042008_CountyExecutiveMember.csv__hit150,Shawn Bunney,Calvin Goings,Shawn Bunney,Calvin Goings,Shawn Bunney,Shawn Bunney,Shawn Bunney,Shawn Bunney,Shawn Bunney,Shawn Bunney
PierceCounty_11042008_CountyExecutiveMember.csv__hit151,Shawn Bunney,Calvin Goings,Shawn Bunney,Calvin Goings,Calvin Goings,Shawn Bunney,Shawn Bunney,Calvin Goings,Shawn Bunney,Shawn Bunney
PierceCounty_11042008_CountyExecutiveMember.csv__hit152,Shawn Bunney,Calvin Goings,Shawn Bunney,Shawn Bunney,Shawn Bunney,Shawn Bunney,Shawn Bunney,Calvin Goings,Shawn Bunney,Shawn Bunney
PierceCounty_11042008_CountyExecutiveMember.csv__hit153,Shawn Bunney,Shawn Bunney,Shawn Bunney,Calvin Goings,Shawn Bunney,Shawn Bunney,Shawn Bunney,Shawn Bunney,Shawn Bunney,Shawn Bunney
PierceCounty_11042008_CountyExecutiveMember.csv__hit154,Shawn Bunney,Shawn Bunney,Calvin Goings,Shawn Bunney,Calvin Goings,Shawn Bunney,Shawn Bunney,Shawn Bunney,Shawn Bunney,Shawn Bunney
PierceCounty_11042008_CountyExecutiveMember.csv__hit155,Shawn Bunney,Calvin Goings,Shawn Bunney,Shawn Bunney,Shawn Bunney,Shawn Bunney,Shawn Bunney,Shawn Bunney,Shawn Bunney,Shawn Bunney
PierceCounty_11042008_CountyExecutiveMember.csv__hit156,Shawn Bunney,Calvin Goings,Shawn Bunney,Shawn Bunney,Shawn Bunney,Shawn Bunney,Shawn Bunney,Calvin Goings,Shawn Bunney,Shawn Bunney
PierceCounty_11042008_CountyExecutiveMember.csv__hit157,Shawn Bunney,Calvin Goings,Shawn Bunney,Shawn Bunney,Calvin Goings,Shawn Bunney,Shawn Bunney,Shawn Bunney,Shawn Bunney,Shawn Bunney
PierceCounty_11042008_CountyExecutiveMember.csv__hit158,Shawn Bunney,Calvin Goings,Pat McCarthy,Shawn Bunney,Shawn Bunney,Shawn Bunney,Shawn Bunney,Shawn Bunney,Shawn Bunney,Shawn Bunney
PierceCounty_11042008_CountyExecutiveMember.csv__hit159,Shawn Bunney,Shawn Bunney,Pat McCarthy,Calvin Goings,Shawn Bunney,Shawn Bunney,Shawn Bunney,Shawn Bunney,Shawn Bunney,Shawn Bunney
PierceCounty_11042008_CountyExecutiveMember.csv__hit160,Shawn Bunney,Calvin Goings,Pat McCarthy,Shawn Bunney,Shawn Bunney,Shawn Bunney,Shawn Bunney,Shawn Bunney,Shawn Bunney,Shawn Bunney
PierceCounty_11042008_CountyExecutiveMember.csv__hit161,Shawn Bunney,Calvin Goings,Shawn Bunney,Shawn Bunney,Shawn Bunney,Shawn Bunney,Calvin Goings,Calvin Goings,Shawn Bunney,Shawn Bunney
PierceCounty_11042008_CountyExecutiveMember.csv__hit162,Shawn Bunney,Calvin Goings,Shawn Bunney,Shawn Bunney,Shawn Bunney,Shawn Bunney,Shawn Bunney,Shawn Bunney,Shawn Bunney,Shawn Bunney
PierceCounty_11042008_CountyExecutiveMember.csv__hit163,Shawn Bunney,Calvin Goings,Shawn Bunney,Shawn Bunney,Shawn Bunney,Shawn Bunney,Shawn Bunney,Calvin Goings,Shawn Bunney,Shawn Bunney
PierceCounty_11042008_CountyExecutiveMember.csv__hit164,Shawn Bunney,Shawn Bunney,Shawn Bunney,Calvin Goings,Shawn Bunney,Shawn Bunney,Shawn Bunney,Calvin Goings,Shawn Bunney,Shawn Bunney
PierceCounty_11042008_CountyExecutiveMember.csv__hit165,Shawn Bunney,Calvin Goings,Shawn Bunney,Calvin Goings,Shawn Bunney,Shawn Bunney,Calvin Goings,Calvin Goings,Shawn Bunney,Shawn Bunney
PierceCounty_11042008_CountyExecutiveMember.csv__hit166,Shawn Bunney,Calvin Goings,Shawn Bunney,Shawn Bunney,Calvin Goings,Shawn Bunney,Shawn Bunney,Shawn Bunney,Shawn Bunney,Shawn Bunney
PierceCounty_11042008_CountyExecutiveMember.csv__hit167,Shawn Bunney,Shawn Bunney,Pat McCarthy,Shawn Bunney,Calvin Goings,Shawn Bunney,Shawn Bunney,Shawn Bunney,Shawn Bunney,Shawn Bunney
PierceCounty_11042008_CountyExecutiveMember.csv__hit168,Shawn Bunney,Shawn Bunney,Shawn Bunney,Calvin Goings,Shawn Bunney,Shawn Bunney,Shawn Bunney,Calvin Goings,Shawn Bunney,Shawn Bunney
PierceCounty_11042008_CountyExecutiveMember.csv__hit169,Shawn Bunney,Shawn Bunney,Pat McCarthy,Shawn Bunney,Shawn Bunney,Shawn Bunney,Shawn Bunney,Calvin Goings,Shawn Bunney,Shawn Bunney
PierceCounty_11042008_CountyExecutiveMember.csv__hit170,Shawn Bunney,Shawn Bunney,Shawn Bunney,Calvin Goings,Shawn Bunney,Shawn Bunney,Shawn Bunney,Shawn Bunney,Shawn Bunney,Shawn Bunney
PierceCounty_11042008_CountyExecutiveMember.csv__hit171,Shawn Bunney,Calvin Goings,Pat McCarthy,Calvin Goings,Shawn Bunney,Shawn Bunney,Shawn Bunney,Shawn Bunney,Shawn Bunney,Shawn Bunney
PierceCounty_11042008_CountyExecutiveMember.csv__hit172,Shawn Bunney,Calvin Goings,Shawn Bunney,Shawn Bunney,Shawn Bunney,Shawn Bunney,Shawn Bunney,Shawn Bunney,Shawn Bunney,Shawn Bunney
PierceCounty_11042008_CountyExecutiveMember.csv__hit173,Shawn Bunney,Calvin Goings,Shawn Bunney,Calvin Goings,Shawn Bunney,Shawn Bunney,Shawn Bunney,Shawn Bunney,Shawn Bunney,Shawn Bunney
PierceCounty_11042008_CountyExecutiveMember.csv__hit174,Shawn Bunney,Calvin Goings,Shawn Bunney,Shawn Bunney,Shawn Bunney,Shawn Bunney,Shawn Bunney,Shawn Bunney,Shawn Bunney,Shawn Bunney
PierceCounty_11042008_CountyExecutiveMember.csv__hit175,Shawn Bunney,Shawn Bunney,Shawn Bunney,Shawn Bunney,Shawn Bunney,Shawn Bunney,Calvin Goings,Calvin Goings,Shawn Bunney,Shawn Bunney
PierceCounty_11042008_CountyExecutiveMember.csv__hit176,Shawn Bunney,Calvin Goings,Shawn Bunney,Calvin Goings,Calvin Goings,Shawn Bunney,Shawn Bunney,Calvin Goings,Shawn Bunney,Shawn Bunney
PierceCounty_11042008_CountyExecutiveMember.csv__hit177,Shawn Bunney,Calvin Goings,Shawn Bunney,Shawn Bunney,Shawn Bunney,Shawn Bunney,Shawn Bunney,Shawn Bunney,Shawn Bunney,Shawn Bunney
PierceCounty_11042008_CountyExecutiveMember.csv__hit178,Shawn Bunney,Calvin Goings,Shawn Bunney,Shawn Bunney,Shawn Bunney,Shawn Bunney,Shawn Bunney,Shawn Bunney,Shawn Bunney,Shawn Bunney
PierceCounty_11042008_CountyExecutiveMember.csv__hit179,Shawn Bunney,Calvin Goings,Shawn Bunney,Calvin Goings,Shawn Bunney,Shawn Bunney,Shawn Bunney,Shawn Bunney,Shawn Bunney,Shawn Bunney
PierceCounty_11042008_CountyExecutiveMember.csv__hit180,Shawn Bunney,Calvin Goings,Shawn Bunney,Shawn Bunney,Shawn Bunney,Shawn Bunney,Shawn Bunney,Shawn Bunney,Shawn Bunney,Shawn Bunney
PierceCounty_11042008_CountyExecutiveMember.csv__hit181,Shawn Bunney,Shawn Bunney,Shawn Bunney,Shawn Bunney,Shawn Bunney,Shawn Bunney,Shawn Bunney,Shawn Bunney,Shawn Bunney,Shawn Bunney
PierceCounty_11042008_CountyExecutiveMember.csv__hit182,Calvin Goings,Calvin Goings,Calvin Goings,Calvin Goings,Calvin Goings,Calvin Goings,Calvin Goings,Calvin Goings,Calvin Goings,Calvin Goings
PierceCounty_11042008_CountyExecutiveMember.csv__hit183,Shawn Bunney,Shawn Bunney,Shawn Bunney,Shawn Bunney,Shawn Bunney,Shawn Bunney,Shawn Bunney,Shawn Bunney,Shawn Bunney,Shawn Bunney
PierceCounty_11042008_CountyExecutiveMember.csv__hit184,Shawn Bunney,Shawn Bunney,Shawn Bunney,Shawn Bunney,Shawn Bunney,Shawn Bunney,Shawn Bunney,Shawn Bunney,Shawn Bunney,Shawn Bunney
PierceCounty_11042008_CountyExecutiveMember.csv__hit185,Shawn Bunney,Shawn Bunney,Shawn Bunney,Shawn Bunney,Calvin Goings,Shawn Bunney,Shawn Bunney,Shawn Bunney,Shawn Bunney,Shawn Bunney
PierceCounty_11042008_CountyExecutiveMember.csv__hit186,Shawn Bunney,Calvin Goings,Shawn Bunney,Shawn Bunney,Shawn Bunney,Shawn Bunney,Shawn Bunney,Shawn Bunney,Shawn Bunney,Shawn Bunney
PierceCounty_11042008_CountyExecutiveMember.csv__hit187,Shawn Bunney,Calvin Goings,Shawn Bunney,Shawn Bunney,Calvin Goings,Shawn Bunney,Shawn Bunney,Shawn Bunney,Shawn Bunney,Shawn Bunney
PierceCounty_11042008_CountyExecutiveMember.csv__hit188,Shawn Bunney,Shawn Bunney,Shawn Bunney,Calvin Goings,Shawn Bunney,Shawn Bunney,Shawn Bunney,Shawn Bunney,Shawn Bunney,Shawn Bunney
PierceCounty_11042008_CountyExecutiveMember.csv__hit189,Shawn Bunney,Calvin Goings,Shawn Bunney,Shawn Bunney,Shawn Bunney,Shawn Bunney,Shawn Bunney,Calvin Goings,Shawn Bunney,Shawn Bunney
PierceCounty_11042008_CountyExecutiveMember.csv__hit190,Shawn Bunney,Calvin Goings,Shawn Bunney,Shawn Bunney,Shawn Bunney,Shawn Bunney,Shawn Bunney,Calvin Goings,Shawn Bunney,Shawn Bunney
PierceCounty_11042008_CountyExecutiveMember.csv__hit191,Shawn Bunney,Shawn Bunney,Shawn Bunney,Shawn Bunney,Calvin Goings,Shawn Bunney,Shawn Bunney,Shawn Bunney,Shawn Bunney,Shawn Bunney
PierceCounty_11042008_CountyExecutiveMember.csv__hit192,Shawn Bunney,Calvin Goings,Shawn Bunney,Shawn Bunney,Shawn Bunney,Shawn Bunney,Shawn Bunney,Calvin Goings,Shawn Bunney,Shawn Bunney
PierceCounty_11042008_CountyExecutiveMember.csv__hit193,Shawn Bunney,Shawn Bunney,Shawn Bunney,Shawn Bunney,Shawn Bunney,Shawn Bunney,Shawn Bunney,Calvin Goings,Shawn Bunney,Shawn Bunney
PierceCounty_11042008_CountyExecutiveMember.csv__hit194,Shawn Bunney,Shawn Bunney,Shawn Bunney,Shawn Bunney,Shawn Bunney,Shawn Bunney,Calvin Goings,Shawn Bunney,Shawn Bunney,Shawn Bunney
PierceCounty_11042008_CountyExecutiveMember.csv__hit195,Shawn Bunney,Calvin Goings,Shawn Bunney,Calvin Goings,Shawn Bunney,Shawn Bunney,Shawn Bunney,Shawn Bunney,Shawn Bunney,Shawn Bunney
PierceCounty_11042008_CountyExecutiveMember.csv__hit196,Shawn Bunney,Calvin Goings,Pat McCarthy,Shawn Bunney,Shawn Bunney,Shawn Bunney,Shawn Bunney,Calvin Goings,Shawn Bunney,Shawn Bunney
PierceCounty_11042008_CountyExecutiveMember.csv__hit197,Shawn Bunney,Calvin Goings,Shawn Bunney,Shawn Bunney,Shawn Bunney,Shawn Bunney,Shawn Bunney,Calvin Goings,Shawn Bunney,Shawn Bunney
PierceCounty_11042008_CountyExecutiveMember.csv__hit198,Shawn Bunney,Calvin Goings,Shawn Bunney,Shawn Bunney,Shawn Bunney,Shawn Bunney,Shawn Bunney,Shawn Bunney,Shawn Bunney,Shawn Bunney
PierceCounty_11042008_CountyExecutiveMember.csv__hit199,Shawn Bunney,Calvin Goings,Shawn Bunney,Calvin Goings,Shawn Bunney,Shawn Bunney,Shawn Bunney,Shawn Bunney,Shawn Bunney,Shawn Bunney
PierceCounty_11042008_CountyAssessorTreasurer.csv__hit0,Jan Shabro,Dale Washam,Jan Shabro,Jan Shabro,Jan Shabro,Jan Shabro,Jan Shabro,Jan Shabro,Dale Washam,Jan Shabro
PierceCounty_11042008_CountyAssessorTreasurer.csv__hit1,Barbara Gelman,Dale Washam,Barbara Gelman,Barbara Gelman,Barbara Gelman,Dale Washam,Barbara Gelman,Barbara Gelman,Barbara Gelman,Barbara Gelman
PierceCounty_11042008_CountyAssessorTreasurer.csv__hit2,Barbara Gelman,Barbara Gelman,Barbara Gelman,Barbara Gelman,Barbara Gelman,Dale Washam,Barbara Gelman,Barbara Gelman,Dale Washam,Barbara Gelman
PierceCounty_11042008_CountyAssessorTreasurer.csv__hit3,Jan Shabro,Jan Shabro,Jan Shabro,Jan Shabro,Jan Shabro,Jan Shabro,Jan Shabro,Jan Shabro,Jan Shabro,Jan Shabro
PierceCounty_11042008_CountyAssessorTreasurer.csv__hit4,Jan Shabro,Dale Washam,Jan Shabro,Dale Washam,Jan Shabro,Jan Shabro,Jan Shabro,Jan Shabro,Jan Shabro,Jan Shabro
PierceCounty_11042008_CountyAssessorTreasurer.csv__hit5,Dale Washam,Dale Washam,Dale Washam,Dale Washam,Dale Washam,Dale Washam,Dale Washam,Dale Washam,Dale Washam,Dale Washam
PierceCounty_11042008_CountyAssessorTreasurer.csv__hit6,Jan Shabro,Dale Washam,Jan Shabro,Jan Shabro,Dale Washam,Dale Washam,Jan Shabro,Dale Washam,Jan Shabro,Jan Shabro
PierceCounty_11042008_CountyAssessorTreasurer.csv__hit7,Barbara Gelman,Jan Shabro,Jan Shabro,Barbara Gelman,Barbara Gelman,Dale Washam,Dale Washam,Barbara Gelman,Barbara Gelman,Barbara Gelman
PierceCounty_11042008_CountyAssessorTreasurer.csv__hit8,Dale Washam,Jan Shabro,Dale Washam,Jan Shabro,Jan Shabro,Terry Lee,Dale Washam,Dale Washam,Dale Washam,Dale Washam
PierceCounty_11042008_CountyAssessorTreasurer.csv__hit9,Dale Washam,Jan Shabro,Jan Shabro,Dale Washam,Dale Washam,Dale Washam,Dale Washam,Dale Washam,Dale Washam,Dale Washam
PierceCounty_11042008_CountyAssessorTreasurer.csv__hit10,Jan Shabro,Jan Shabro,Jan Shabro,Jan Shabro,Jan Shabro,Jan Shabro,Dale Washam,Jan Shabro,Jan Shabro,Jan Shabro
PierceCounty_11042008_CountyAssessorTreasurer.csv__hit11,Barbara Gelman,Barbara Gelman,Barbara Gelman,Barbara Gelman,Barbara Gelman,Barbara Gelman,Barbara Gelman,Barbara Gelman,Barbara Gelman,Barbara Gelman
PierceCounty_11042008_CountyAssessorTreasurer.csv__hit12,Jan Shabro,Jan Shabro,Jan Shabro,Jan Shabro,Jan Shabro,Jan Shabro,Jan Shabro,Jan Shabro,Jan Shabro,Jan Shabro
PierceCounty_11042008_CountyAssessorTreasurer.csv__hit13,Barbara Gelman,Dale Washam,Barbara Gelman,Barbara Gelman,Barbara Gelman,Barbara Gelman,Barbara Gelman,Barbara Gelman,Barbara Gelman,Barbara Gelman
PierceCounty_11042008_CountyAssessorTreasurer.csv__hit14,Jan Shabro,Dale Washam,Jan Shabro,Jan Shabro,Jan Shabro,Dale Washam,Jan Shabro,Jan Shabro,Jan Shabro,Jan Shabro
PierceCounty_11042008_CountyAssessorTreasurer.csv__hit15,Barbara Gelman,Dale Washam,Barbara Gelman,Barbara Gelman,Barbara Gelman,Barbara Gelman,Barbara Gelman,Barbara Gelman,Barbara Gelman,Barbara Gelman
PierceCounty_11042008_CountyAssessorTreasurer.csv__hit16,Dale Washam,Dale Washam,Dale Washam,Dale Washam,Dale Washam,Jan Shabro,Dale Washam,Dale Washam,Dale Washam,Dale Washam
PierceCounty_11042008_CountyAssessorTreasurer.csv__hit17,Jan Shabro,Jan Shabro,Jan Shabro,Dale Washam,Dale Washam,Jan Shabro,Dale Washam,Dale Washam,Jan Shabro,Jan Shabro
PierceCounty_11042008_CountyAssessorTreasurer.csv__hit18,Jan Shabro,Jan Shabro,Jan Shabro,Barbara Gelman,Jan Shabro,Jan Shabro,Jan Shabro,Jan Shabro,Jan Shabro,Barbara Gelman
PierceCounty_11042008_CountyAssessorTreasurer.csv__hit19,Dale Washam,Dale Washam,Dale Washam,Dale Washam,Jan Shabro,Jan Shabro,Dale Washam,Dale Washam,Dale Washam,Dale Washam
PierceCounty_11042008_CountyAssessorTreasurer.csv__hit20,Jan Shabro,Jan Shabro,Jan Shabro,Dale Washam,Jan Shabro,Jan Shabro,Dale Washam,Dale Washam,Jan Shabro,Jan Shabro
PierceCounty_11042008_CountyAssessorTreasurer.csv__hit21,Jan Shabro,Jan Shabro,Jan Shabro,Dale Washam,Jan Shabro,Jan Shabro,Jan Shabro,Jan Shabro,Dale Washam,Jan Shabro
PierceCounty_11042008_CountyAssessorTreasurer.csv__hit22,Dale Washam,Dale Washam,Jan Shabro,Dale Washam,Jan Shabro,Jan Shabro,Dale Washam,Terry Lee,Jan Shabro,Jan Shabro
PierceCounty_11042008_CountyAssessorTreasurer.csv__hit23,Dale Washam,Jan Shabro,Dale Washam,Dale Washam,Dale Washam,Dale Washam,Dale Washam,Dale Washam,Dale Washam,Dale Washam
PierceCounty_11042008_CountyAssessorTreasurer.csv__hit24,Jan Shabro,Jan Shabro,Jan Shabro,Dale Washam,Jan Shabro,Jan Shabro,Jan Shabro,Jan Shabro,Jan Shabro,Jan Shabro
PierceCounty_11042008_CountyAssessorTreasurer.csv__hit25,Jan Shabro,Dale Washam,Jan Shabro,Jan Shabro,Jan Shabro,Jan Shabro,Dale Washam,Dale Washam,Jan Shabro,Jan Shabro
PierceCounty_11042008_CountyAssessorTreasurer.csv__hit26,Barbara Gelman,Dale Washam,Barbara Gelman,Barbara Gelman,Barbara Gelman,Jan Shabro,Terry Lee,Dale Washam,Barbara Gelman,Barbara Gelman
PierceCounty_11042008_CountyAssessorTreasurer.csv__hit27,Jan Shabro,Dale Washam,Jan Shabro,Jan Shabro,Jan Shabro,Jan Shabro,Jan Shabro,Jan Shabro,Jan Shabro,Jan Shabro
PierceCounty_11042008_CountyAssessorTreasurer.csv__hit28,Dale Washam,Jan Shabro,Jan Shabro,Dale Washam,Jan Shabro,Dale Washam,Dale Washam,Dale Washam,Dale Washam,Jan Shabro
PierceCounty_11042008_CountyAssessorTreasurer.csv__hit29,Dale Washam,Dale Washam,Jan Shabro,Dale Washam,Dale Washam,Dale Washam,Dale Washam,Dale Washam,Jan Shabro,Jan Shabro
PierceCounty_11042008_CountyAssessorTreasurer.csv__hit30,Barbara Gelman,Dale Washam,Barbara Gelman,Barbara Gelman,Jan Shabro,Dale Washam,Dale Washam,Dale Washam,Barbara Gelman,Jan Shabro
PierceCounty_11042008_CountyAssessorTreasurer.csv__hit31,Barbara Gelman,Barbara Gelman,Barbara Gelman,Barbara Gelman,Terry Lee,Dale Washam,Dale Washam,Dale Washam,Barbara Gelman,Jan Shabro
PierceCounty_11042008_CountyAssessorTreasurer.csv__hit32,Dale Washam,Jan Shabro,Jan Shabro,Dale Washam,Jan Shabro,Dale Washam,Dale Washam,Dale Washam,Dale Washam,Dale Washam
PierceCounty_11042008_CountyAssessorTreasurer.csv__hit33,Jan Shabro,Dale Washam,Jan Shabro,Jan Shabro,Jan Shabro,Jan Shabro,Jan Shabro,Jan Shabro,Jan Shabro,Jan Shabro
PierceCounty_11042008_CountyAssessorTreasurer.csv__hit34,Jan Shabro,Dale Washam,Jan Shabro,Jan Shabro,Jan Shabro,Jan Shabro,Jan Shabro,Jan Shabro,Jan Shabro,Jan Shabro
PierceCounty_11042008_CountyAssessorTreasurer.csv__hit35,Jan Shabro,Terry Lee,Dale Washam,Jan Shabro,Jan Shabro,Terry Lee,Terry Lee,Jan Shabro,Jan Shabro,Dale Washam
PierceCounty_11042008_CountyAssessorTreasurer.csv__hit36,Dale Washam,Dale Washam,Jan Shabro,Jan Shabro,Jan Shabro,Dale Washam,Dale Washam,Dale Washam,Dale Washam,Dale Washam
PierceCounty_11042008_CountyAssessorTreasurer.csv__hit37,Jan Shabro,Jan Shabro,Jan Shabro,Jan Shabro,Jan Shabro,Jan Shabro,Jan Shabro,Jan Shabro,Jan Shabro,Jan Shabro
PierceCounty_11042008_CountyAssessorTreasurer.csv__hit38,Jan Shabro,Dale Washam,Jan Shabro,Jan Shabro,Jan Shabro,Jan Shabro,Jan Shabro,Jan Shabro,Jan Shabro,Dale Washam
PierceCounty_11042008_CountyAssessorTreasurer.csv__hit39,Barbara Gelman,Dale Washam,Barbara Gelman,Barbara Gelman,Barbara Gelman,Barbara Gelman,Barbara Gelman,Barbara Gelman,Barbara Gelman,Dale Washam
PierceCounty_11042008_CountyAssessorTreasurer.csv__hit40,Jan Shabro,Dale Washam,Jan Shabro,Jan Shabro,Jan Shabro,Jan Shabro,Jan Shabro,Jan Shabro,Jan Shabro,Jan Shabro
PierceCounty_11042008_CountyAssessorTreasurer.csv__hit41,Jan Shabro,Dale Washam,Jan Shabro,Jan Shabro,Jan Shabro,Jan Shabro,Jan Shabro,Jan Shabro,Jan Shabro,Jan Shabro
PierceCounty_11042008_CountyAssessorTreasurer.csv__hit42,Dale Washam,Dale Washam,Jan Shabro,Dale Washam,Terry Lee,Dale Washam,Dale Washam,Dale Washam,Jan Shabro,Dale Washam
PierceCounty_11042008_CountyAssessorTreasurer.csv__hit43,Jan Shabro,Jan Shabro,Jan Shabro,Jan Shabro,Jan Shabro,Jan Shabro,Jan Shabro,Jan Shabro,Jan Shabro,Jan Shabro
PierceCounty_11042008_CountyAssessorTreasurer.csv__hit44,Jan Shabro,Barbara Gelman,Jan Shabro,Terry Lee,Jan Shabro,Jan Shabro,Jan Shabro,Jan Shabro,Jan Shabro,Jan Shabro
PierceCounty_11042008_CountyAssessorTreasurer.csv__hit45,Jan Shabro,Jan Shabro,Jan Shabro,Dale Washam,Jan Shabro,Jan Shabro,Jan Shabro,Jan Shabro,Jan Shabro,Jan Shabro
PierceCounty_11042008_CountyAssessorTreasurer.csv__hit46,Jan Shabro,Jan Shabro,Jan Shabro,Jan Shabro,Jan Shabro,Jan Shabro,Jan Shabro,Jan Shabro,Jan Shabro,Jan Shabro
PierceCounty_11042008_CountyAssessorTreasurer.csv__hit47,Dale Washam,Dale Washam,Dale Washam,Dale Washam,Jan Shabro,Dale Washam,Dale Washam,Dale Washam,Dale Washam,Jan Shabro
PierceCounty_11042008_CountyAssessorTreasurer.csv__hit48,Jan Shabro,Jan Shabro,Jan Shabro,Dale Washam,Jan Shabro,Dale Washam,Dale Washam,Dale Washam,Dale Washam,Jan Shabro
PierceCounty_11042008_CountyAssessorTreasurer.csv__hit49,Jan Shabro,Dale Washam,Jan Shabro,Jan Shabro,Jan Shabro,Jan Shabro,Jan Shabro,Jan Shabro,Jan Shabro,Jan Shabro
PierceCounty_11042008_CountyAssessorTreasurer.csv__hit50,Barbara Gelman,Barbara Gelman,Barbara Gelman,Barbara Gelman,Barbara Gelman,Barbara Gelman,Barbara Gelman,Barbara Gelman,Barbara Gelman,Barbara Gelman
PierceCounty_11042008_CountyAssessorTreasurer.csv__hit51,Jan Shabro,Jan Shabro,Jan Shabro,Jan Shabro,Jan Shabro,Jan Shabro,Dale Washam,Dale Washam,Jan Shabro,Jan Shabro
PierceCounty_11042008_CountyAssessorTreasurer.csv__hit52,Jan Shabro,Barbara Gelman,Jan Shabro,Jan Shabro,Jan Shabro,Jan Shabro,Jan Shabro,Jan Shabro,Jan Shabro,Jan Shabro
PierceCounty_11042008_CountyAssessorTreasurer.csv__hit53,Dale Washam,Dale Washam,Dale Washam,Dale Washam,Jan Shabro,Dale Washam,Dale Washam,Dale Washam,Dale Washam,Dale Washam
PierceCounty_11042008_CountyAssessorTreasurer.csv__hit54,Dale Washam,Jan Shabro,Dale Washam,Jan Shabro,Dale Washam,Dale Washam,Dale Washam,Dale Washam,Dale Washam,Dale Washam
PierceCounty_11042008_CountyAssessorTreasurer.csv__hit55,Jan Shabro,Jan Shabro,Jan Shabro,Jan Shabro,Jan Shabro,Jan Shabro,Jan Shabro,Jan Shabro,Jan Shabro,Jan Shabro
PierceCounty_11042008_CountyAssessorTreasurer.csv__hit56,Barbara Gelman,Jan Shabro,Barbara Gelman,Barbara Gelman,Jan Shabro,Dale Washam,Barbara Gelman,Dale Washam,Dale Washam,Jan Shabro
PierceCounty_11042008_CountyAssessorTreasurer.csv__hit57,Jan Shabro,Jan Shabro,Jan Shabro,Jan Shabro,Jan Shabro,Jan Shabro,Jan Shabro,Jan Shabro,Jan Shabro,Jan Shabro
PierceCounty_11042008_CountyAssessorTreasurer.csv__hit58,Barbara Gelman,Dale Washam,Barbara Gelman,Barbara Gelman,Dale Washam,Dale Washam,Barbara Gelman,Barbara Gelman,Barbara Gelman,Barbara Gelman
PierceCounty_11042008_CountyAssessorTreasurer.csv__hit59,Jan Shabro,Dale Washam,Jan Shabro,Jan Shabro,Jan Shabro,Jan Shabro,Jan Shabro,Jan Shabro,Jan Shabro,Jan Shabro
PierceCounty_11042008_CountyAssessorTreasurer.csv__hit60,Jan Shabro,Jan Shabro,Jan Shabro,Jan Shabro,Dale Washam,Jan Shabro,Jan Shabro,Jan Shabro,Jan Shabro,Jan Shabro
PierceCounty_11042008_CountyAssessorTreasurer.csv__hit61,Dale Washam,Jan Shabro,Jan Shabro,Dale Washam,Jan Shabro,Dale Washam,Dale Washam,Dale Washam,Jan Shabro,Dale Washam
PierceCounty_11042008_CountyAssessorTreasurer.csv__hit62,Dale Washam,Dale Washam,Dale Washam,Dale Washam,Jan Shabro,Dale Washam,Dale Washam,Dale Washam,Dale Washam,Dale Washam
PierceCounty_11042008_CountyAssessorTreasurer.csv__hit63,Dale Washam,Dale Washam,Dale Washam,Dale Washam,Dale Washam,Dale Washam,Dale Washam,Dale Washam,Dale Washam,Dale Washam
PierceCounty_11042008_CountyAssessorTreasurer.csv__hit64,Barbara Gelman,Barbara Gelman,Barbara Gelman,Barbara Gelman,Barbara Gelman,Barbara Gelman,Barbara Gelman,Barbara Gelman,Dale Washam,Barbara Gelman
PierceCounty_11042008_CountyAssessorTreasurer.csv__hit65,Jan Shabro,Dale Washam,Jan Shabro,Dale Washam,Jan Shabro,Dale Washam,Dale Washam,Terry Lee,Jan Shabro,Jan Shabro
PierceCounty_11042008_CountyAssessorTreasurer.csv__hit66,Jan Shabro,Jan Shabro,Jan Shabro,Dale Washam,Jan Shabro,Jan Shabro,Jan Shabro,Jan Shabro,Jan Shabro,Jan Shabro
PierceCounty_11042008_CountyAssessorTreasurer.csv__hit67,Jan Shabro,Jan Shabro,Jan Shabro,Jan Shabro,Jan Shabro,Jan Shabro,Jan Shabro,Jan Shabro,Jan Shabro,Jan Shabro
PierceCounty_11042008_CountyAssessorTreasurer.csv__hit68,Jan Shabro,Jan Shabro,Jan Shabro,Jan Shabro,Jan Shabro,Jan Shabro,Jan Shabro,Dale Washam,Jan Shabro,Jan Shabro
PierceCounty_11042008_CountyAssessorTreasurer.csv__hit69,Dale Washam,Jan Shabro,Jan Shabro,Dale Washam,Dale Washam,Dale Washam,Dale Washam,Dale Washam,Dale Washam,Jan Shabro
PierceCounty_11042008_CountyAssessorTreasurer.csv__hit70,Barbara Gelman,Barbara Gelman,Barbara Gelman,Barbara Gelman,Barbara Gelman,Dale Washam,Dale Washam,Dale Washam,Barbara Gelman,Barbara Gelman
PierceCounty_11042008_CountyAssessorTreasurer.csv__hit71,Jan Shabro,Jan Shabro,Jan Shabro,Jan Shabro,Jan Shabro,Jan Shabro,Jan Shabro,Jan Shabro,Jan Shabro,Jan Shabro
PierceCounty_11042008_CountyAssessorTreasurer.csv__hit72,Dale Washam,Dale Washam,Jan Shabro,Dale Washam,Jan Shabro,Dale Washam,Dale Washam,Dale Washam,Dale Washam,Jan Shabro
PierceCounty_11042008_CountyAssessorTreasurer.csv__hit73,Barbara Gelman,Dale Washam,Barbara Gelman,Barbara Gelman,Barbara Gelman,Terry Lee,Dale Washam,Dale Washam,Barbara Gelman,Barbara Gelman
PierceCounty_11042008_CountyAssessorTreasurer.csv__hit74,Jan Shabro,Jan Shabro,Jan Shabro,Jan Shabro,Jan Shabro,Jan Shabro,Jan Shabro,Jan Shabro,Jan Shabro,Jan Shabro
PierceCounty_11042008_CountyAssessorTreasurer.csv__hit75,Dale Washam,Dale Washam,Dale Washam,Jan Shabro,Dale Washam,Dale Washam,Dale Washam,Dale Washam,Jan Shabro,Dale Washam
PierceCounty_11042008_CountyAssessorTreasurer.csv__hit76,Dale Washam,Jan Shabro,Dale Washam,Dale Washam,Terry Lee,Dale Washam,Dale Washam,Dale Washam,Dale Washam,Dale Washam
PierceCounty_11042008_CountyAssessorTreasurer.csv__hit77,Jan Shabro,Jan Shabro,Jan Shabro,Jan Shabro,Jan Shabro,Jan Shabro,Jan Shabro,Jan Shabro,Jan Shabro,Jan Shabro
PierceCounty_11042008_CountyAssessorTreasurer.csv__hit78,Barbara Gelman,Dale Washam,Barbara Gelman,Barbara Gelman,Jan Shabro,Jan Shabro,Dale Washam,Dale Washam,Barbara Gelman,Barbara Gelman
PierceCounty_11042008_CountyAssessorTreasurer.csv__hit79,Jan Shabro,Jan Shabro,Jan Shabro,Jan Shabro,Jan Shabro,Jan Shabro,Jan Shabro,Jan Shabro,Jan Shabro,Jan Shabro
PierceCounty_11042008_CountyAssessorTreasurer.csv__hit80,Jan Shabro,Jan Shabro,Jan Shabro,Jan Shabro,Jan Shabro,Jan Shabro,Jan Shabro,Dale Washam,Jan Shabro,Jan Shabro
PierceCounty_11042008_CountyAssessorTreasurer.csv__hit81,Jan Shabro,Jan Shabro,Jan Shabro,Jan Shabro,Terry Lee,Jan Shabro,Dale Washam,Dale Washam,Jan Shabro,Jan Shabro
PierceCounty_11042008_CountyAssessorTreasurer.csv__hit82,Dale Washam,Dale Washam,Jan Shabro,Dale Washam,Dale Washam,Dale Washam,Dale Washam,Dale Washam,Dale Washam,Dale Washam
PierceCounty_11042008_CountyAssessorTreasurer.csv__hit83,Dale Washam,Dale Washam,Dale Washam,Jan Shabro,Dale Washam,Dale Washam,Dale Washam,Dale Washam,Dale Washam,Dale Washam
PierceCounty_11042008_CountyAssessorTreasurer.csv__hit84,Dale Washam,Dale Washam,Dale Washam,Dale Washam,Terry Lee,Dale Washam,Dale Washam,Dale Washam,Dale Washam,Jan Shabro
PierceCounty_11042008_CountyAssessorTreasurer.csv__hit85,Barbara Gelman,Jan Shabro,Barbara Gelman,Barbara Gelman,Terry Lee,Dale Washam,Dale Washam,Barbara Gelman,Barbara Gelman,Barbara Gelman
PierceCounty_11042008_CountyAssessorTreasurer.csv__hit86,Barbara Gelman,Barbara Gelman,Barbara Gelman,Barbara Gelman,Barbara Gelman,Barbara Gelman,Barbara Gelman,Barbara Gelman,Barbara Gelman,Barbara Gelman
PierceCounty_11042008_CountyAssessorTreasurer.csv__hit87,Barbara Gelman,Barbara Gelman,Barbara Gelman,Barbara Gelman,Barbara Gelman,Jan Shabro,Barbara Gelman,Barbara Gelman,Barbara Gelman,Barbara Gelman
PierceCounty_11042008_CountyAssessorTreasurer.csv__hit88,Barbara Gelman,Jan Shabro,Jan Shabro,Barbara Gelman,Jan Shabro,Dale Washam,Dale Washam,Dale Washam,Dale Washam,Barbara Gelman
PierceCounty_11042008_CountyAssessorTreasurer.csv__hit89,Dale Washam,Dale Washam,Dale Washam,Dale Washam,Dale Washam,Dale Washam,Dale Washam,Dale Washam,Dale Washam,Dale Washam
PierceCounty_11042008_CountyAssessorTreasurer.csv__hit90,Dale Washam,Dale Washam,Dale Washam,Dale Washam,Jan Shabro,Dale Washam,Dale Washam,Dale Washam,Dale Washam,Dale Washam
PierceCounty_11042008_CountyAssessorTreasurer.csv__hit91,Jan Shabro,Dale Washam,Jan Shabro,Jan Shabro,Jan Shabro,Jan Shabro,Dale Washam,Jan Shabro,Jan Shabro,Jan Shabro
PierceCounty_11042008_CountyAssessorTreasurer.csv__hit92,Jan Shabro,Jan Shabro,Jan Shabro,Jan Shabro,Dale Washam,Dale Washam,Jan Shabro,Terry Lee,Jan Shabro,Jan Shabro
PierceCounty_11042008_CountyAssessorTreasurer.csv__hit93,Barbara Gelman,Barbara Gelman,Barbara Gelman,Barbara Gelman,Terry Lee,Terry Lee,Dale Washam,Dale Washam,Barbara Gelman,Barbara Gelman
PierceCounty_11042008_CountyAssessorTreasurer.csv__hit94,Dale Washam,Dale Washam,Dale Washam,Dale Washam,Dale Washam,Dale Washam,Dale Washam,Dale Washam,Jan Shabro,Jan Shabro
PierceCounty_11042008_CountyAssessorTreasurer.csv__hit95,Jan Shabro,Barbara Gelman,Jan Shabro,Jan Shabro,Jan Shabro,Jan Shabro,Jan Shabro,Jan Shabro,Jan Shabro,Jan Shabro
PierceCounty_11042008_CountyAssessorTreasurer.csv__hit96,Jan Shabro,Jan Shabro,Jan Shabro,Jan Shabro,Jan Shabro,Jan Shabro,Jan Shabro,Jan Shabro,Jan Shabro,Jan Shabro
PierceCounty_11042008_CountyAssessorTreasurer.csv__hit97,Jan Shabro,Dale Washam,Jan Shabro,Jan Shabro,Jan Shabro,Jan Shabro,Jan Shabro,Jan Shabro,Jan Shabro,Jan Shabro
PierceCounty_11042008_CountyAssessorTreasurer.csv__hit98,Dale Washam,Dale Washam,Dale Washam,Dale Washam,Jan Shabro,Jan Shabro,Dale Washam,Dale Washam,Dale Washam,Dale Washam
PierceCounty_11042008_CountyAssessorTreasurer.csv__hit99,Barbara Gelman,Barbara Gelman,Barbara Gelman,Barbara Gelman,Barbara Gelman,Barbara Gelman,Barbara Gelman,Barbara Gelman,Barbara Gelman,Barbara Gelman
PierceCounty_11042008_CountyAssessorTreasurer.csv__hit100,Barbara Gelman,Dale Washam,Barbara Gelman,Barbara Gelman,Barbara Gelman,Dale Washam,Barbara Gelman,Dale Washam,Barbara Gelman,Barbara Gelman
PierceCounty_11042008_CountyAssessorTreasurer.csv__hit101,Barbara Gelman,Dale Washam,Barbara Gelman,Barbara Gelman,Barbara Gelman,Dale Washam,Dale Washam,Dale Washam,Dale Washam,Barbara Gelman
PierceCounty_11042008_CountyAssessorTreasurer.csv__hit102,Barbara Gelman,Barbara Gelman,Barbara Gelman,Barbara Gelman,Jan Shabro,Barbara Gelman,Barbara Gelman,Dale Washam,Dale Washam,Jan Shabro
PierceCounty_11042008_CountyAssessorTreasurer.csv__hit103,Dale Washam,Dale Washam,Dale Washam,Jan Shabro,Jan Shabro,Dale Washam,Dale Washam,Dale Washam,Dale Washam,Dale Washam
PierceCounty_11042008_CountyAssessorTreasurer.csv__hit104,Jan Shabro,Dale Washam,Jan Shabro,Jan Shabro,Jan Shabro,Jan Shabro,Jan Shabro,Jan Shabro,Jan Shabro,Jan Shabro
PierceCounty_11042008_CountyAssessorTreasurer.csv__hit105,Jan Shabro,Jan Shabro,Jan Shabro,Jan Shabro,Jan Shabro,Jan Shabro,Jan Shabro,Jan Shabro,Jan Shabro,Jan Shabro
PierceCounty_11042008_CountyAssessorTreasurer.csv__hit106,Jan Shabro,Dale Washam,Jan Shabro,Jan Shabro,Terry Lee,Dale Washam,Jan Shabro,Dale Washam,Dale Washam,Jan Shabro
PierceCounty_11042008_CountyAssessorTreasurer.csv__hit107,Dale Washam,Dale Washam,Dale Washam,Dale Washam,Jan Shabro,Dale Washam,Dale Washam,Dale Washam,Dale Washam,Jan Shabro
PierceCounty_11042008_CountyAssessorTreasurer.csv__hit108,Jan Shabro,Jan Shabro,Jan Shabro,Jan Shabro,Jan Shabro,Jan Shabro,Jan Shabro,Jan Shabro,Jan Shabro,Jan Shabro
PierceCounty_11042008_CountyAssessorTreasurer.csv__hit109,Jan Shabro,Jan Shabro,Jan Shabro,Jan Shabro,Jan Shabro,Jan Shabro,Jan Shabro,Jan Shabro,Jan Shabro,Jan Shabro
PierceCounty_11042008_CountyAssessorTreasurer.csv__hit110,Barbara Gelman,Barbara Gelman,Barbara Gelman,Barbara Gelman,Barbara Gelman,Dale Washam,Barbara Gelman,Barbara Gelman,Barbara Gelman,Barbara Gelman
PierceCounty_11042008_CountyAssessorTreasurer.csv__hit111,Jan Shabro,Dale Washam,Jan Shabro,Jan Shabro,Jan Shabro,Jan Shabro,Jan Shabro,Jan Shabro,Jan Shabro,Jan Shabro
PierceCounty_11042008_CountyAssessorTreasurer.csv__hit112,Barbara Gelman,Dale Washam,Barbara Gelman,Barbara Gelman,Jan Shabro,Barbara Gelman,Barbara Gelman,Dale Washam,Barbara Gelman,Barbara Gelman
PierceCounty_11042008_CountyAssessorTreasurer.csv__hit113,Jan Shabro,Dale Washam,Jan Shabro,Jan Shabro,Jan Shabro,Jan Shabro,Jan Shabro,Jan Shabro,Jan Shabro,Jan Shabro
PierceCounty_11042008_CountyAssessorTreasurer.csv__hit114,Barbara Gelman,Dale Washam,Barbara Gelman,Barbara Gelman,Barbara Gelman,Barbara Gelman,Barbara Gelman,Dale Washam,Barbara Gelman,Barbara Gelman
PierceCounty_11042008_CountyAssessorTreasurer.csv__hit115,Jan Shabro,Jan Shabro,Jan Shabro,Dale Washam,Jan Shabro,Dale Washam,Dale Washam,Dale Washam,Jan Shabro,Jan Shabro
PierceCounty_11042008_CountyAssessorTreasurer.csv__hit116,Dale Washam,Dale Washam,Dale Washam,Dale Washam,Dale Washam,Dale Washam,Dale Washam,Dale Washam,Dale Washam,Dale Washam
PierceCounty_11042008_CountyAssessorTreasurer.csv__hit117,Jan Shabro,Dale Washam,Jan Shabro,Jan Shabro,Jan Shabro,Jan Shabro,Jan Shabro,Jan Shabro,Jan Shabro,Jan Shabro
PierceCounty_11042008_CountyAssessorTreasurer.csv__hit118,Barbara Gelman,Dale Washam,Barbara Gelman,Barbara Gelman,Barbara Gelman,Dale Washam,Dale Washam,Dale Washam,Barbara Gelman,Barbara Gelman
PierceCounty_11042008_CountyAssessorTreasurer.csv__hit119,Barbara Gelman,Barbara Gelman,Barbara Gelman,Barbara Gelman,Jan Shabro,Barbara Gelman,Barbara Gelman,Barbara Gelman,Barbara Gelman,Barbara Gelman
PierceCounty_11042008_CountyAssessorTreasurer.csv__hit120,Jan Shabro,Dale Washam,Jan Shabro,Jan Shabro,Terry Lee,Jan Shabro,Jan Shabro,Dale Washam,Jan Shabro,Jan Shabro
PierceCounty_11042008_CountyAssessorTreasurer.csv__hit121,Dale Washam,Jan Shabro,Dale Washam,Jan Shabro,Terry Lee,Dale Washam,Dale Washam,Dale Washam,Dale Washam,Dale Washam
PierceCounty_11042008_CountyAssessorTreasurer.csv__hit122,Jan Shabro,Jan Shabro,Jan Shabro,Jan Shabro,Jan Shabro,Jan Shabro,Jan Shabro,Jan Shabro,Jan Shabro,Jan Shabro
PierceCounty_11042008_CountyAssessorTreasurer.csv__hit123,Dale Washam,Dale Washam,Dale Washam,Dale Washam,Jan Shabro,Dale Washam,Dale Washam,Dale Washam,Dale Washam,Dale Washam
PierceCounty_11042008_CountyAssessorTreasurer.csv__hit124,Dale Washam,Dale Washam,Dale Washam,Dale Washam,Terry Lee,Dale Washam,Dale Washam,Dale Washam,Dale Washam,Jan Shabro
PierceCounty_11042008_CountyAssessorTreasurer.csv__hit125,Jan Shabro,Jan Shabro,Jan Shabro,Jan Shabro,Dale Washam,Dale Washam,Jan Shabro,Dale Washam,Dale Washam,Jan Shabro
PierceCounty_11042008_CountyAssessorTreasurer.csv__hit126,Jan Shabro,Jan Shabro,Jan Shabro,Jan Shabro,Jan Shabro,Jan Shabro,Jan Shabro,Jan Shabro,Jan Shabro,Jan Shabro
PierceCounty_11042008_CountyAssessorTreasurer.csv__hit127,Jan Shabro,Dale Washam,Jan Shabro,Jan Shabro,Jan Shabro,Jan Shabro,Jan Shabro,Jan Shabro,Jan Shabro,Jan Shabro
PierceCounty_11042008_CountyAssessorTreasurer.csv__hit128,Dale Washam,Dale Washam,Dale Washam,Dale Washam,Jan Shabro,Dale Washam,Dale Washam,Dale Washam,Dale Washam,Jan Shabro
PierceCounty_11042008_CountyAssessorTreasurer.csv__hit129,Jan Shabro,Barbara Gelman,Jan Shabro,Barbara Gelman,Jan Shabro,Jan Shabro,Jan Shabro,Jan Shabro,Jan Shabro,Jan Shabro
PierceCounty_11042008_CountyAssessorTreasurer.csv__hit130,Jan Shabro,Jan Shabro,Dale Washam,Dale Washam,Jan Shabro,Jan Shabro,Jan Shabro,Jan Shabro,Jan Shabro,Jan Shabro
PierceCounty_11042008_CountyAssessorTreasurer.csv__hit131,Barbara Gelman,Barbara Gelman,Barbara Gelman,Barbara Gelman,Jan Shabro,Dale Washam,Dale Washam,Dale Washam,Dale Washam,Barbara Gelman
PierceCounty_11042008_CountyAssessorTreasurer.csv__hit132,Jan Shabro,Jan Shabro,Jan Shabro,Jan Shabro,Jan Shabro,Jan Shabro,Dale Washam,Dale Washam,Jan Shabro,Jan Shabro
PierceCounty_11042008_CountyAssessorTreasurer.csv__hit133,Dale Washam,Dale Washam,Dale Washam,Dale Washam,Barbara Gelman,Barbara Gelman,Dale Washam,Dale Washam,Dale Washam,Dale Washam
PierceCounty_11042008_CountyAssessorTreasurer.csv__hit134,Dale Washam,Dale Washam,Dale Washam,Dale Washam,Jan Shabro,Dale Washam,Dale Washam,Dale Washam,Dale Washam,Jan Shabro
PierceCounty_11042008_CountyAssessorTreasurer.csv__hit135,Jan Shabro,Jan Shabro,Jan Shabro,Barbara Gelman,Jan Shabro,Jan Shabro,Jan Shabro,Jan Shabro,Jan Shabro,Barbara Gelman
PierceCounty_11042008_CountyAssessorTreasurer.csv__hit136,Jan Shabro,Dale Washam,Jan Shabro,Jan Shabro,Jan Shabro,Jan Shabro,Jan Shabro,Jan Shabro,Jan Shabro,Jan Shabro
PierceCounty_11042008_CountyAssessorTreasurer.csv__hit137,Jan Shabro,Jan Shabro,Jan Shabro,Dale Washam,Terry Lee,Dale Washam,Dale Washam,Dale Washam,Dale Washam,Dale Washam
PierceCounty_11042008_CountyAssessorTreasurer.csv__hit138,Dale Washam,Dale Washam,Dale Washam,Dale Washam,Dale Washam,Dale Washam,Dale Washam,Dale Washam,Dale Washam,Dale Washam
PierceCounty_11042008_CountyAssessorTreasurer.csv__hit139,Barbara Gelman,Barbara Gelman,Barbara Gelman,Barbara Gelman,Barbara Gelman,Barbara Gelman,Barbara Gelman,Barbara Gelman,Barbara Gelman,Barbara Gelman
PierceCounty_11042008_CountyAssessorTreasurer.csv__hit140,Dale Washam,Dale Washam,Dale Washam,Dale Washam,Dale Washam,Terry Lee,Terry Lee,Dale Washam,Dale Washam,Dale Washam
PierceCounty_11042008_CountyAssessorTreasurer.csv__hit141,Dale Washam,Dale Washam,Jan Shabro,Jan Shabro,Jan Shabro,Dale Washam,Dale Washam,Dale Washam,Dale Washam,Dale Washam
PierceCounty_11042008_CountyAssessorTreasurer.csv__hit142,Dale Washam,Dale Washam,Dale Washam,Dale Washam,Dale Washam,Dale Washam,Dale Washam,Dale Washam,Dale Washam,Dale Washam
PierceCounty_11042008_CountyAssessorTreasurer.csv__hit143,Jan Shabro,Jan Shabro,Jan Shabro,Terry Lee,Jan Shabro,Jan Shabro,Jan Shabro,Jan Shabro,Jan Shabro,Jan Shabro
PierceCounty_11042008_CountyAssessorTreasurer.csv__hit144,Dale Washam,Dale Washam,Jan Shabro,Dale Washam,Dale Washam,Dale Washam,Dale Washam,Dale Washam,Jan Shabro,Dale Washam
PierceCounty_11042008_CountyAssessorTreasurer.csv__hit145,Jan Shabro,Jan Shabro,Jan Shabro,Jan Shabro,Jan Shabro,Jan Shabro,Dale Washam,Jan Shabro,Jan Shabro,Jan Shabro
PierceCounty_11042008_CountyAssessorTreasurer.csv__hit146,Jan Shabro,Jan Shabro,Jan Shabro,Jan Shabro,Jan Shabro,Jan Shabro,Jan Shabro,Jan Shabro,Jan Shabro,Jan Shabro
PierceCounty_11042008_CountyAssessorTreasurer.csv__hit147,Barbara Gelman,Barbara Gelman,Barbara Gelman,Barbara Gelman,Jan Shabro,Barbara Gelman,Terry Lee,Dale Washam,Dale Washam,Barbara Gelman
PierceCounty_11042008_CountyAssessorTreasurer.csv__hit148,Jan Shabro,Jan Shabro,Jan Shabro,Jan Shabro,Jan Shabro,Jan Shabro,Dale Washam,Terry Lee,Jan Shabro,Jan Shabro
PierceCounty_11042008_CountyAssessorTreasurer.csv__hit149,Barbara Gelman,Dale Washam,Barbara Gelman,Barbara Gelman,Barbara Gelman,Dale Washam,Barbara Gelman,Barbara Gelman,Barbara Gelman,Barbara Gelman
PierceCounty_11042008_CountyAssessorTreasurer.csv__hit150,Jan Shabro,Dale Washam,Jan Shabro,Jan Shabro,Jan Shabro,Jan Shabro,Jan Shabro,Jan Shabro,Jan Shabro,Dale Washam
PierceCounty_11042008_CountyAssessorTreasurer.csv__hit151,Jan Shabro,Dale Washam,Jan Shabro,Jan Shabro,Jan Shabro,Jan Shabro,Jan Shabro,Jan Shabro,Jan Shabro,Jan Shabro
PierceCounty_11042008_CountyAssessorTreasurer.csv__hit152,Jan Shabro,Jan Shabro,Jan Shabro,Jan Shabro,Jan Shabro,Jan Shabro,Jan Shabro,Jan Shabro,Jan Shabro,Jan Shabro
PierceCounty_11042008_CountyAssessorTreasurer.csv__hit153,Dale Washam,Dale Washam,Dale Washam,Dale Washam,Jan Shabro,Dale Washam,Dale Washam,Dale Washam,Dale Washam,Dale Washam
PierceCounty_11042008_CountyAssessorTreasurer.csv__hit154,Dale Washam,Dale Washam,Dale Washam,Dale Washam,Jan Shabro,Dale Washam,Dale Washam,Dale Washam,Dale Washam,Jan Shabro
PierceCounty_11042008_CountyAssessorTreasurer.csv__hit155,Dale Washam,Jan Shabro,Dale Washam,Dale Washam,Jan Shabro,Dale Washam,Dale Washam,Dale Washam,Dale Washam,Dale Washam
PierceCounty_11042008_CountyAssessorTreasurer.csv__hit156,Barbara Gelman,Barbara Gelman,Barbara Gelman,Barbara Gelman,Barbara Gelman,Barbara Gelman,Dale Washam,Dale Washam,Barbara Gelman,Barbara Gelman
PierceCounty_11042008_CountyAssessorTreasurer.csv__hit157,Jan Shabro,Jan Shabro,Jan Shabro,Dale Washam,Jan Shabro,Jan Shabro,Jan Shabro,Jan Shabro,Jan Shabro,Jan Shabro
PierceCounty_11042008_CountyAssessorTreasurer.csv__hit158,Jan Shabro,Jan Shabro,Jan Shabro,Jan Shabro,Jan Shabro,Jan Shabro,Jan Shabro,Dale Washam,Jan Shabro,Jan Shabro
PierceCounty_11042008_CountyAssessorTreasurer.csv__hit159,Dale Washam,Dale Washam,Jan Shabro,Dale Washam,Dale Washam,Dale Washam,Dale Washam,Dale Washam,Dale Washam,Jan Shabro
PierceCounty_11042008_CountyAssessorTreasurer.csv__hit160,Barbara Gelman,Barbara Gelman,Barbara Gelman,Barbara Gelman,Barbara Gelman,Dale Washam,Terry Lee,Dale Washam,Barbara Gelman,Barbara Gelman
PierceCounty_11042008_CountyAssessorTreasurer.csv__hit161,Jan Shabro,Jan Shabro,Jan Shabro,Jan Shabro,Jan Shabro,Jan Shabro,Jan Shabro,Jan Shabro,Jan Shabro,Jan Shabro
PierceCounty_11042008_CountyAssessorTreasurer.csv__hit162,Barbara Gelman,Barbara Gelman,Barbara Gelman,Barbara Gelman,Jan Shabro,Barbara Gelman,Dale Washam,Dale Washam,Barbara Gelman,Jan Shabro
PierceCounty_11042008_CountyAssessorTreasurer.csv__hit163,Jan Shabro,Jan Shabro,Jan Shabro,Jan Shabro,Jan Shabro,Jan Shabro,Jan Shabro,Jan Shabro,Jan Shabro,Jan Shabro
PierceCounty_11042008_CountyAssessorTreasurer.csv__hit164,Dale Washam,Dale Washam,Dale Washam,Dale Washam,Jan Shabro,Dale Washam,Dale Washam,Dale Washam,Dale Washam,Dale Washam
PierceCounty_11042008_CountyAssessorTreasurer.csv__hit165,Dale Washam,Dale Washam,Dale Washam,Jan Shabro,Terry Lee,Dale Washam,Dale Washam,Dale Washam,Dale Washam,Dale Washam
PierceCounty_11042008_CountyAssessorTreasurer.csv__hit166,Barbara Gelman,Barbara Gelman,Barbara Gelman,Barbara Gelman,Jan Shabro,Terry Lee,Terry Lee,Barbara Gelman,Barbara Gelman,Barbara Gelman
PierceCounty_11042008_CountyAssessorTreasurer.csv__hit167,Barbara Gelman,Barbara Gelman,Jan Shabro,Barbara Gelman,Barbara Gelman,Dale Washam,Barbara Gelman,Dale Washam,Dale Washam,Jan Shabro
PierceCounty_11042008_CountyAssessorTreasurer.csv__hit168,Jan Shabro,Dale Washam,Jan Shabro,Jan Shabro,Terry Lee,Dale Washam,Dale Washam,Dale Washam,Jan Shabro,Dale Washam
PierceCounty_11042008_CountyAssessorTreasurer.csv__hit169,Dale Washam,Dale Washam,Jan Shabro,Dale Washam,Terry Lee,Dale Washam,Dale Washam,Dale Washam,Dale Washam,Jan Shabro
PierceCounty_11042008_CountyAssessorTreasurer.csv__hit170,Barbara Gelman,Barbara Gelman,Barbara Gelman,Barbara Gelman,Barbara Gelman,Barbara Gelman,Barbara Gelman,Barbara Gelman,Barbara Gelman,Barbara Gelman
PierceCounty_11042008_CountyAssessorTreasurer.csv__hit171,Jan Shabro,Dale Washam,Jan Shabro,Jan Shabro,Jan Shabro,Jan Shabro,Jan Shabro,Jan Shabro,Jan Shabro,Jan Shabro
PierceCounty_11042008_CountyAssessorTreasurer.csv__hit172,Jan Shabro,Jan Shabro,Jan Shabro,Dale Washam,Jan Shabro,Jan Shabro,Jan Shabro,Dale Washam,Jan Shabro,Jan Shabro
PierceCounty_11042008_CountyAssessorTreasurer.csv__hit173,Barbara Gelman,Barbara Gelman,Barbara Gelman,Terry Lee,Jan Shabro,Dale Washam,Barbara Gelman,Dale Washam,Barbara Gelman,Barbara Gelman
PierceCounty_11042008_CountyAssessorTreasurer.csv__hit174,Jan Shabro,Jan Shabro,Jan Shabro,Jan Shabro,Jan Shabro,Jan Shabro,Jan Shabro,Jan Shabro,Jan Shabro,Jan Shabro
PierceCounty_11042008_CountyAssessorTreasurer.csv__hit175,Barbara Gelman,Dale Washam,Barbara Gelman,Barbara Gelman,Jan Shabro,Dale Washam,Dale Washam,Barbara Gelman,Dale Washam,Jan Shabro
PierceCounty_11042008_CountyAssessorTreasurer.csv__hit176,Jan Shabro,Jan Shabro,Jan Shabro,Jan Shabro,Dale Washam,Dale Washam,Dale Washam,Dale Washam,Dale Washam,Jan Shabro
PierceCounty_11042008_CountyAssessorTreasurer.csv__hit177,Barbara Gelman,Dale Washam,Barbara Gelman,Barbara Gelman,Barbara Gelman,Dale Washam,Dale Washam,Dale Washam,Barbara Gelman,Barbara Gelman
PierceCounty_11042008_CountyAssessorTreasurer.csv__hit178,Jan Shabro,Dale Washam,Jan Shabro,Jan Shabro,Jan Shabro,Jan Shabro,Jan Shabro,Jan Shabro,Jan Shabro,Jan Shabro
PierceCounty_11042008_CountyAssessorTreasurer.csv__hit179,Jan Shabro,Dale Washam,Jan Shabro,Terry Lee,Jan Shabro,Dale Washam,Dale Washam,Dale Washam,Jan Shabro,Jan Shabro
PierceCounty_11042008_CountyAssessorTreasurer.csv__hit180,Dale Washam,Dale Washam,Jan Shabro,Dale Washam,Jan Shabro,Dale Washam,Dale Washam,Dale Washam,Dale Washam,Jan Shabro
PierceCounty_11042008_CountyAssessorTreasurer.csv__hit181,Jan Shabro,Jan Shabro,Jan Shabro,Jan Shabro,Jan Shabro,Jan Shabro,Jan Shabro,Jan Shabro,Jan Shabro,Jan Shabro
PierceCounty_11042008_CountyAssessorTreasurer.csv__hit182,Dale Washam,Jan Shabro,Jan Shabro,Dale Washam,Jan Shabro,Dale Washam,Dale Washam,Dale Washam,Jan Shabro,Jan Shabro
PierceCounty_11042008_CountyAssessorTreasurer.csv__hit183,Jan Shabro,Jan Shabro,Jan Shabro,Jan Shabro,Jan Shabro,Jan Shabro,Jan Shabro,Jan Shabro,Jan Shabro,Jan Shabro
PierceCounty_11042008_CountyAssessorTreasurer.csv__hit184,Dale Washam,Jan Shabro,Dale Washam,Dale Washam,Dale Washam,Dale Washam,Dale Washam,Dale Washam,Dale Washam,Jan Shabro
PierceCounty_11042008_CountyAssessorTreasurer.csv__hit185,Dale Washam,Dale Washam,Jan Shabro,Jan Shabro,Terry Lee,Dale Washam,Dale Washam,Dale Washam,Dale Washam,Dale Washam
PierceCounty_11042008_CountyAssessorTreasurer.csv__hit186,Dale Washam,Jan Shabro,Dale Washam,Dale Washam,Jan Shabro,Dale Washam,Dale Washam,Dale Washam,Dale Washam,Dale Washam
PierceCounty_11042008_CountyAssessorTreasurer.csv__hit187,Terry Lee,Jan Shabro,Jan Shabro,Dale Washam,Dale Washam,Dale Washam,Dale Washam,Dale Washam,Dale Washam,Dale Washam
PierceCounty_11042008_CountyAssessorTreasurer.csv__hit188,Jan Shabro,Dale Washam,Jan Shabro,Jan Shabro,Jan Shabro,Jan Shabro,Jan Shabro,Jan Shabro,Jan Shabro,Dale Washam
PierceCounty_11042008_CountyAssessorTreasurer.csv__hit189,Dale Washam,Dale Washam,Dale Washam,Dale Washam,Jan Shabro,Dale Washam,Dale Washam,Dale Washam,Dale Washam,Dale Washam
PierceCounty_11042008_CountyAssessorTreasurer.csv__hit190,Dale Washam,Dale Washam,Dale Washam,Dale Washam,Jan Shabro,Dale Washam,Dale Washam,Dale Washam,Dale Washam,Dale Washam
PierceCounty_11042008_CountyAssessorTreasurer.csv__hit191,Dale Washam,Dale Washam,Dale Washam,Dale Washam,Jan Shabro,Dale Washam,Dale Washam,Dale Washam,Dale Washam,Dale Washam
PierceCounty_11042008_CountyAssessorTreasurer.csv__hit192,Jan Shabro,Jan Shabro,Jan Shabro,Barbara Gelman,Jan Shabro,Jan Shabro,Dale Washam,Terry Lee,Terry Lee,Barbara Gelman
PierceCounty_11042008_CountyAssessorTreasurer.csv__hit193,Dale Washam,Dale Washam,Dale Washam,Dale Washam,Jan Shabro,Dale Washam,Dale Washam,Dale Washam,Dale Washam,Dale Washam
PierceCounty_11042008_CountyAssessorTreasurer.csv__hit194,Dale Washam,Dale Washam,Dale Washam,Jan Shabro,Dale Washam,Dale Washam,Dale Washam,Dale Washam,Dale Washam,Jan Shabro
PierceCounty_11042008_CountyAssessorTreasurer.csv__hit195,Dale Washam,Jan Shabro,Jan Shabro,Dale Washam,Jan Shabro,Dale Washam,Dale Washam,Dale Washam,Dale Washam,Jan Shabro
PierceCounty_11042008_CountyAssessorTreasurer.csv__hit196,Dale Washam,Jan Shabro,Dale Washam,Dale Washam,Jan Shabro,Dale Washam,Dale Washam,Dale Washam,Dale Washam,Dale Washam
PierceCounty_11042008_CountyAssessorTreasurer.csv__hit197,Dale Washam,Dale Washam,Dale Washam,Dale Washam,Dale Washam,Dale Washam,Dale Washam,Dale Washam,Dale Washam,Jan Shabro
PierceCounty_11042008_CountyAssessorTreasurer.csv__hit198,Jan Shabro,Jan Shabro,Jan Shabro,Jan Shabro,Jan Shabro,Jan Shabro,Jan Shabro,Jan Shabro,Jan Shabro,Jan Shabro
PierceCounty_11042008_CountyAssessorTreasurer.csv__hit199,Barbara Gelman,Dale Washam,Barbara Gelman,Barbara Gelman,Barbara Gelman,Dale Washam,Dale Washam,Dale Washam,Barbara Gelman,Barbara Gelman
Portland_D2_2024.csv__hit0,Elana Pirtle-Guiney,Elana Pirtle-Guiney,Dan Ryan,Sameer Kanal,Sameer Kanal,Sameer Kanal,Dan Ryan,Dan Ryan,Sameer Kanal,Sameer Kanal
Portland_D2_2024.csv__hit1,Elana Pirtle-Guiney,Sameer Kanal,Dan Ryan,Dan Ryan,Sameer Kanal,Dan Ryan,Dan Ryan,Dan Ryan,Dan Ryan,Dan Ryan
Portland_D2_2024.csv__hit2,Elana Pirtle-Guiney,Sameer Kanal,Sameer Kanal,Elana Pirtle-Guiney,Sameer Kanal,Dan Ryan,Dan Ryan,Dan Ryan,Sameer Kanal,Sameer Kanal
Portland_D2_2024.csv__hit3,Elana Pirtle-Guiney,Elana Pirtle-Guiney,Sameer Kanal,Sameer Kanal,Sameer Kanal,Sameer Kanal,Sameer Kanal,Sameer Kanal,Sameer Kanal,Sameer Kanal
Portland_D2_2024.csv__hit4,Sameer Kanal,Sameer Kanal,Sameer Kanal,Sameer Kanal,Sameer Kanal,Sameer Kanal,Sameer Kanal,Sameer Kanal,Sameer Kanal,Sameer Kanal
Portland_D2_2024.csv__hit5,Dan Ryan,Sameer Kanal,Elana Pirtle-Guiney,Dan Ryan,Sameer Kanal,Sameer Kanal,Dan Ryan,Dan Ryan,Dan Ryan,Dan Ryan
Portland_D2_2024.csv__hit6,Elana Pirtle-Guiney,Elana Pirtle-Guiney,Sameer Kanal,Sameer Kanal,Sameer Kanal,Sameer Kanal,Sameer Kanal,Sameer Kanal,Sameer Kanal,Sameer Kanal
Portland_D2_2024.csv__hit7,Elana Pirtle-Guiney,Sameer Kanal,Dan Ryan,Sameer Kanal,Sameer Kanal,Sameer Kanal,Dan Ryan,Dan Ryan,Sameer Kanal,Sameer Kanal
Portland_D2_2024.csv__hit8,Dan Ryan,Elana Pirtle-Guiney,Elana Pirtle-Guiney,Sameer Kanal,Sameer Kanal,Sameer Kanal,Dan Ryan,Sameer Kanal,Sameer Kanal,Dan Ryan
Portland_D2_2024.csv__hit9,Elana Pirtle-Guiney,Sameer Kanal,Sameer Kanal,Sameer Kanal,Sameer Kanal,Sameer Kanal,Sameer Kanal,Sameer Kanal,Sameer Kanal,Sameer Kanal
Portland_D2_2024.csv__hit10,Elana Pirtle-Guiney,Elana Pirtle-Guiney,Sameer Kanal,Sameer Kanal,Sameer Kanal,Sameer Kanal,Sameer Kanal,Sameer Kanal,Sameer Kanal,Sameer Kanal
Portland_D2_2024.csv__hit11,Elana Pirtle-Guiney,Sameer Kanal,Sameer Kanal,Sameer Kanal,Sameer Kanal,Dan Ryan,Dan Ryan,Dan Ryan,Sameer Kanal,Sameer Kanal
Portland_D2_2024.csv__hit12,Elana Pirtle-Guiney,Sameer Kanal,Elana Pirtle-Guiney,Sameer Kanal,Sameer Kanal,Sameer Kanal,Dan Ryan,Dan Ryan,Sameer Kanal,Sameer Kanal
Portland_D2_2024.csv__hit13,Elana Pirtle-Guiney,Sameer Kanal,Dan Ryan,Elana Pirtle-Guiney,Sameer Kanal,Sameer Kanal,Dan Ryan,Dan Ryan,Sameer Kanal,Dan Ryan
Portland_D2_2024.csv__hit14,Elana Pirtle-Guiney,Elana Pirtle-Guiney,Dan Ryan,Dan Ryan,Sameer Kanal,Dan Ryan,Dan Ryan,Dan Ryan,Dan Ryan,Dan Ryan
Portland_D2_2024.csv__hit15,Sameer Kanal,Sameer Kanal,Sameer Kanal,Sameer Kanal,Sameer Kanal,Dan Ryan,Dan Ryan,Dan Ryan,Sameer Kanal,Sameer Kanal
Portland_D2_2024.csv__hit16,Elana Pirtle-Guiney,Elana Pirtle-Guiney,Dan Ryan,Sameer Kanal,Elana Pirtle-Guiney,Elana Pirtle-Guiney,Dan Ryan,Dan Ryan,Sameer Kanal,Dan Ryan
Portland_D2_2024.csv__hit17,Elana Pirtle-Guiney,Elana Pirtle-Guiney,Dan Ryan,Elana Pirtle-Guiney,Elana Pirtle-Guiney,Dan Ryan,Dan Ryan,Dan Ryan,Dan Ryan,Dan Ryan
Portland_D2_2024.csv__hit18,Elana Pirtle-Guiney,Elana Pirtle-Guiney,Dan Ryan,Sameer Kanal,Sameer Kanal,Sameer Kanal,Sameer Kanal,Dan Ryan,Sameer Kanal,Dan Ryan
Portland_D2_2024.csv__hit19,Sameer Kanal,Sameer Kanal,Sameer Kanal,Sameer Kanal,Sameer Kanal,Sameer Kanal,Sameer Kanal,Sameer Kanal,Sameer Kanal,Sameer Kanal
Portland_D2_2024.csv__hit20,Elana Pirtle-Guiney,Sameer Kanal,Sameer Kanal,Sameer Kanal,Sameer Kanal,Sameer Kanal,Sameer Kanal,Sameer Kanal,Sameer Kanal,Sameer Kanal
Portland_D2_2024.csv__hit21,Michelle DePass,Elana Pirtle-Guiney,Sameer Kanal,Sameer Kanal,Sameer Kanal,Sameer Kanal,Dan Ryan,Sameer Kanal,Sameer Kanal,Dan Ryan
Portland_D2_2024.csv__hit22,Elana Pirtle-Guiney,Sameer Kanal,Dan Ryan,Sameer Kanal,Sameer Kanal,Dan Ryan,Dan Ryan,Dan Ryan,Sameer Kanal,Dan Ryan
Portland_D2_2024.csv__hit23,Elana Pirtle-Guiney,Elana Pirtle-Guiney,Sameer Kanal,Sameer Kanal,Sameer Kanal,Sameer Kanal,Sameer Kanal,Sameer Kanal,Sameer Kanal,Sameer Kanal
Portland_D2_2024.csv__hit24,Sameer Kanal,Sameer Kanal,Dan Ryan,Sameer Kanal,Sameer Kanal,Sameer Kanal,Dan Ryan,Sameer Kanal,Sameer Kanal,Sameer Kanal
Portland_D2_2024.csv__hit25,Elana Pirtle-Guiney,Sameer Kanal,Dan Ryan,Sameer Kanal,Sameer Kanal,Sameer Kanal,Dan Ryan,Dan Ryan,Dan Ryan,Dan Ryan
Portland_D2_2024.csv__hit26,Sameer Kanal,Sameer Kanal,Elana Pirtle-Guiney,Sameer Kanal,Sameer Kanal,Sameer Kanal,Sameer Kanal,Sameer Kanal,Sameer Kanal,Dan Ryan
Portland_D2_2024.csv__hit27,Elana Pirtle-Guiney,Sameer Kanal,Elana Pirtle-Guiney,Sameer Kanal,Sameer Kanal,Sameer Kanal,Sameer Kanal,Dan Ryan,Sameer Kanal,Dan Ryan
Portland_D2_2024.csv__hit28,Sameer Kanal,Dan Ryan,Sameer Kanal,Dan Ryan,Sameer Kanal,Dan Ryan,Dan Ryan,Dan Ryan,Sameer Kanal,Dan Ryan
Portland_D2_2024.csv__hit29,Elana Pirtle-Guiney,Sameer Kanal,Sameer Kanal,Elana Pirtle-Guiney,Sameer Kanal,Sameer Kanal,Sameer Kanal,Sameer Kanal,Sameer Kanal,Sameer Kanal
Portland_D2_2024.csv__hit30,Elana Pirtle-Guiney,Sameer Kanal,Sameer Kanal,Sameer Kanal,Sameer Kanal,Sameer Kanal,Dan Ryan,Dan Ryan,Dan Ryan,Dan Ryan
Portland_D2_2024.csv__hit31,Sameer Kanal,Sameer Kanal,Dan Ryan,Elana Pirtle-Guiney,Sameer Kanal,Sameer Kanal,Dan Ryan,Dan Ryan,Sameer Kanal,Sameer Kanal
Portland_D2_2024.csv__hit32,Elana Pirtle-Guiney,Elana Pirtle-Guiney,Dan Ryan,Sameer Kanal,Sameer Kanal,Sameer Kanal,Dan Ryan,Dan Ryan,Dan Ryan,Sameer Kanal
Portland_D2_2024.csv__hit33,Sameer Kanal,Elana Pirtle-Guiney,Sameer Kanal,Sameer Kanal,Sameer Kanal,Sameer Kanal,Sameer Kanal,Sameer Kanal,Sameer Kanal,Sameer Kanal
Portland_D2_2024.csv__hit34,Dan Ryan,Sameer Kanal,Elana Pirtle-Guiney,Elana Pirtle-Guiney,Sameer Kanal,Sameer Kanal,Dan Ryan,Dan Ryan,Sameer Kanal,Dan Ryan
Portland_D2_2024.csv__hit35,Sameer Kanal,Elana Pirtle-Guiney,Dan Ryan,Sameer Kanal,Sameer Kanal,Sameer Kanal,Dan Ryan,Dan Ryan,Dan Ryan,Dan Ryan
Portland_D2_2024.csv__hit36,Sameer Kanal,Sameer Kanal,Dan Ryan,Elana Pirtle-Guiney,Sameer Kanal,Sameer Kanal,Sameer Kanal,Dan Ryan,Sameer Kanal,Sameer Kanal
Portland_D2_2024.csv__hit37,Elana Pirtle-Guiney,Dan Ryan,Elana Pirtle-Guiney,Sameer Kanal,Sameer Kanal,Sameer Kanal,Dan Ryan,Dan Ryan,Sameer Kanal,Sameer Kanal
Portland_D2_2024.csv__hit38,Elana Pirtle-Guiney,Sameer Kanal,Elana Pirtle-Guiney,Elana Pirtle-Guiney,Sameer Kanal,Dan Ryan,Dan Ryan,Sameer Kanal,Sameer Kanal,Sameer Kanal
Portland_D2_2024.csv__hit39,Sameer Kanal,Sameer Kanal,Sameer Kanal,Sameer Kanal,Sameer Kanal,Sameer Kanal,Dan Ryan,Dan Ryan,Sameer Kanal,Sameer Kanal
Portland_D2_2024.csv__hit40,Elana Pirtle-Guiney,Sameer Kanal,Dan Ryan,Dan Ryan,Sameer Kanal,Sameer Kanal,Sameer Kanal,Dan Ryan,Dan Ryan,Dan Ryan
Portland_D2_2024.csv__hit41,Sameer Kanal,Elana Pirtle-Guiney,Dan Ryan,Sameer Kanal,Sameer Kanal,Sameer Kanal,Dan Ryan,Dan Ryan,Sameer Kanal,Sameer Kanal
Portland_D2_2024.csv__hit42,Dan Ryan,Sameer Kanal,Dan Ryan,Sameer Kanal,Sameer Kanal,Sameer Kanal,Dan Ryan,Dan Ryan,Sameer Kanal,Sameer Kanal
Portland_D2_2024.csv__hit43,Sameer Kanal,Sameer Kanal,Elana Pirtle-Guiney,Sameer Kanal,Sameer Kanal,Sameer Kanal,Sameer Kanal,Sameer Kanal,Sameer Kanal,Dan Ryan
Portland_D2_2024.csv__hit44,Dan Ryan,Sameer Kanal,Elana Pirtle-Guiney,Elana Pirtle-Guiney,Sameer Kanal,Dan Ryan,Dan Ryan,Dan Ryan,Dan Ryan,Dan Ryan
Portland_D2_2024.csv__hit45,Elana Pirtle-Guiney,Sameer Kanal,Dan Ryan,Elana Pirtle-Guiney,Sameer Kanal,Sameer Kanal,Dan Ryan,Dan Ryan,Dan Ryan,Dan Ryan
Portland_D2_2024.csv__hit46,Elana Pirtle-Guiney,Dan Ryan,Dan Ryan,Sameer Kanal,Sameer Kanal,Sameer Kanal,Sameer Kanal,Dan Ryan,Sameer Kanal,Sameer Kanal
Portland_D2_2024.csv__hit47,Dan Ryan,Elana Pirtle-Guiney,Dan Ryan,Sameer Kanal,Sameer Kanal,Sameer Kanal,Sameer Kanal,Dan Ryan,Sameer Kanal,Sameer Kanal
Portland_D2_2024.csv__hit48,Elana Pirtle-Guiney,Elana Pirtle-Guiney,Dan Ryan,Sameer Kanal,Sameer Kanal,Sameer Kanal,Dan Ryan,Dan Ryan,Sameer Kanal,Dan Ryan
Portland_D2_2024.csv__hit49,Sameer Kanal,Sameer Kanal,Dan Ryan,Dan Ryan,Sameer Kanal,Sameer Kanal,Dan Ryan,Dan Ryan,Dan Ryan,Dan Ryan
Portland_D2_2024.csv__hit50,Elana Pirtle-Guiney,Sameer Kanal,Sameer Kanal,Sameer Kanal,Sameer Kanal,Sameer Kanal,Dan Ryan,Sameer Kanal,Sameer Kanal,Sameer Kanal
Portland_D2_2024.csv__hit51,Sameer Kanal,Sameer Kanal,Sameer Kanal,Sameer Kanal,Sameer Kanal,Sameer Kanal,Sameer Kanal,Sameer Kanal,Sameer Kanal,Sameer Kanal
Portland_D2_2024.csv__hit52,Sameer Kanal,Elana Pirtle-Guiney,Sameer Kanal,Sameer Kanal,Sameer Kanal,Sameer Kanal,Sameer Kanal,Sameer Kanal,Sameer Kanal,Sameer Kanal
Portland_D2_2024.csv__hit53,Dan Ryan,Sameer Kanal,Sameer Kanal,Dan Ryan,Sameer Kanal,Sameer Kanal,Dan Ryan,Dan Ryan,Sameer Kanal,Sameer Kanal
Portland_D2_2024.csv__hit54,Elana Pirtle-Guiney,Elana Pirtle-Guiney,Sameer Kanal,Sameer Kanal,Sameer Kanal,Sameer Kanal,Sameer Kanal,Sameer Kanal,Sameer Kanal,Sameer Kanal
Portland_D2_2024.csv__hit55,Elana Pirtle-Guiney,Sameer Kanal,Sameer Kanal,Sameer Kanal,Sameer Kanal,Sameer Kanal,Dan Ryan,Dan Ryan,Sameer Kanal,Sameer Kanal
Portland_D2_2024.csv__hit56,Dan Ryan,Elana Pirtle-Guiney,Elana Pirtle-Guiney,Dan Ryan,Sameer Kanal,Dan Ryan,Dan Ryan,Dan Ryan,Dan Ryan,Dan Ryan
Portland_D2_2024.csv__hit57,Dan Ryan,Sameer Kanal,Sameer Kanal,Sameer Kanal,Sameer Kanal,Sameer Kanal,Dan Ryan,Dan Ryan,Sameer Kanal,Sameer Kanal
Portland_D2_2024.csv__hit58,Sameer Kanal,Sameer Kanal,Sameer Kanal,Sameer Kanal,Sameer Kanal,Sameer Kanal,Dan Ryan,Sameer Kanal,Sameer Kanal,Sameer Kanal
Portland_D2_2024.csv__hit59,Sameer Kanal,Sameer Kanal,Dan Ryan,Dan Ryan,Sameer Kanal,Sameer Kanal,Dan Ryan,Dan Ryan,Sameer Kanal,Sameer Kanal
Portland_D2_2024.csv__hit60,Sameer Kanal,Elana Pirtle-Guiney,Dan Ryan,Elana Pirtle-Guiney,Sameer Kanal,Sameer Kanal,Sameer Kanal,Dan Ryan,Sameer Kanal,Dan Ryan
Portland_D2_2024.csv__hit61,Elana Pirtle-Guiney,Sameer Kanal,Dan Ryan,Dan Ryan,Sameer Kanal,Dan Ryan,Dan Ryan,Dan Ryan,Dan Ryan,Dan Ryan
Portland_D2_2024.csv__hit62,Elana Pirtle-Guiney,Elana Pirtle-Guiney,Elana Pirtle-Guiney,Sameer Kanal,Sameer Kanal,Sameer Kanal,Dan Ryan,Dan Ryan,Sameer Kanal,Dan Ryan
Portland_D2_2024.csv__hit63,Elana Pirtle-Guiney,Elana Pirtle-Guiney,Elana Pirtle-Guiney,Sameer Kanal,Sameer Kanal,Sameer Kanal,Dan Ryan,Dan Ryan,Sameer Kanal,Dan Ryan
Portland_D2_2024.csv__hit64,Elana Pirtle-Guiney,Dan Ryan,Dan Ryan,Sameer Kanal,Sameer Kanal,Sameer Kanal,Sameer Kanal,Dan Ryan,Dan Ryan,Dan Ryan
Portland_D2_2024.csv__hit65,Sameer Kanal,Elana Pirtle-Guiney,Sameer Kanal,Sameer Kanal,Sameer Kanal,Sameer Kanal,Sameer Kanal,Sameer Kanal,Sameer Kanal,Sameer Kanal
Portland_D2_2024.csv__hit66,Elana Pirtle-Guiney,Sameer Kanal,Sameer Kanal,Sameer Kanal,Sameer Kanal,Sameer Kanal,Sameer Kanal,Sameer Kanal,Sameer Kanal,Sameer Kanal
Portland_D2_2024.csv__hit67,Elana Pirtle-Guiney,Elana Pirtle-Guiney,Dan Ryan,Elana Pirtle-Guiney,Dan Ryan,Dan Ryan,Dan Ryan,Dan Ryan,Sameer Kanal,Sameer Kanal
Portland_D2_2024.csv__hit68,Elana Pirtle-Guiney,Sameer Kanal,Sameer Kanal,Sameer Kanal,Sameer Kanal,Sameer Kanal,Dan Ryan,Sameer Kanal,Sameer Kanal,Dan Ryan
Portland_D2_2024.csv__hit69,Elana Pirtle-Guiney,Sameer Kanal,Dan Ryan,Sameer Kanal,Sameer Kanal,Sameer Kanal,Dan Ryan,Dan Ryan,Dan Ryan,Dan Ryan
Portland_D2_2024.csv__hit70,Elana Pirtle-Guiney,Dan Ryan,Sameer Kanal,Sameer Kanal,Sameer Kanal,Sameer Kanal,Dan Ryan,Dan Ryan,Dan Ryan,Dan Ryan
Portland_D2_2024.csv__hit71,Elana Pirtle-Guiney,Elana Pirtle-Guiney,Elana Pirtle-Guiney,Sameer Kanal,Sameer Kanal,Sameer Kanal,Sameer Kanal,Dan Ryan,Sameer Kanal,Dan Ryan
Portland_D2_2024.csv__hit72,Dan Ryan,Sameer Kanal,Sameer Kanal,Dan Ryan,Sameer Kanal,Sameer Kanal,Sameer Kanal,Sameer Kanal,Sameer Kanal,Sameer Kanal
Portland_D2_2024.csv__hit73,Dan Ryan,Dan Ryan,Dan Ryan,Sameer Kanal,Sameer Kanal,Sameer Kanal,Sameer Kanal,Dan Ryan,Sameer Kanal,Sameer Kanal
Portland_D2_2024.csv__hit74,Sameer Kanal,Elana Pirtle-Guiney,Dan Ryan,Sameer Kanal,Sameer Kanal,Dan Ryan,Dan Ryan,Dan Ryan,Dan Ryan,Dan Ryan
Portland_D2_2024.csv__hit75,Sameer Kanal,Sameer Kanal,Sameer Kanal,Sameer Kanal,Sameer Kanal,Sameer Kanal,Sameer Kanal,Sameer Kanal,Sameer Kanal,Sameer Kanal
Portland_D2_2024.csv__hit76,Sameer Kanal,Elana Pirtle-Guiney,Dan Ryan,Sameer Kanal,Sameer Kanal,Sameer Kanal,Dan Ryan,Dan Ryan,Sameer Kanal,Sameer Kanal
Portland_D2_2024.csv__hit77,Elana Pirtle-Guiney,Sameer Kanal,Sameer Kanal,Sameer Kanal,Sameer Kanal,Sameer Kanal,Sameer Kanal,Sameer Kanal,Sameer Kanal,Sameer Kanal
Portland_D2_2024.csv__hit78,Elana Pirtle-Guiney,Elana Pirtle-Guiney,Dan Ryan,Sameer Kanal,Sameer Kanal,Sameer Kanal,Dan Ryan,Sameer Kanal,Sameer Kanal,Sameer Kanal
Portland_D2_2024.csv__hit79,Elana Pirtle-Guiney,Sameer Kanal,Elana Pirtle-Guiney,Sameer Kanal,Sameer Kanal,Sameer Kanal,Dan Ryan,Dan Ryan,Dan Ryan,Dan Ryan
Portland_D2_2024.csv__hit80,Elana Pirtle-Guiney,Sameer Kanal,Dan Ryan,Elana Pirtle-Guiney,Sameer Kanal,Sameer Kanal,Dan Ryan,Dan Ryan,Dan Ryan,Sameer Kanal
Portland_D2_2024.csv__hit81,Elana Pirtle-Guiney,Sameer Kanal,Sameer Kanal,Sameer Kanal,Sameer Kanal,Sameer Kanal,Dan Ryan,Dan Ryan,Sameer Kanal,Sameer Kanal
Portland_D2_2024.csv__hit82,Sameer Kanal,Sameer Kanal,Elana Pirtle-Guiney,Dan Ryan,Sameer Kanal,Dan Ryan,Dan Ryan,Dan Ryan,Sameer Kanal,Sameer Kanal
Portland_D2_2024.csv__hit83,Elana Pirtle-Guiney,Elana Pirtle-Guiney,Sameer Kanal,Elana Pirtle-Guiney,Sameer Kanal,Dan Ryan,Dan Ryan,Dan Ryan,Sameer Kanal,Sameer Kanal
Portland_D2_2024.csv__hit84,Elana Pirtle-Guiney,Elana Pirtle-Guiney,Elana Pirtle-Guiney,Sameer Kanal,Sameer Kanal,Sameer Kanal,Sameer Kanal,Sameer Kanal,Sameer Kanal,Sameer Kanal
Portland_D2_2024.csv__hit85,Elana Pirtle-Guiney,Sameer Kanal,Sameer Kanal,Sameer Kanal,Sameer Kanal,Sameer Kanal,Sameer Kanal,Dan Ryan,Sameer Kanal,Dan Ryan
Portland_D2_2024.csv__hit86,Elana Pirtle-Guiney,Sameer Kanal,Sameer Kanal,Sameer Kanal,Sameer Kanal,Sameer Kanal,Dan Ryan,Sameer Kanal,Sameer Kanal,Sameer Kanal
Portland_D2_2024.csv__hit87,Elana Pirtle-Guiney,Elana Pirtle-Guiney,Sameer Kanal,Sameer Kanal,Sameer Kanal,Sameer Kanal,Dan Ryan,Dan Ryan,Sameer Kanal,Sameer Kanal
Portland_D2_2024.csv__hit88,Elana Pirtle-Guiney,Elana Pirtle-Guiney,Dan Ryan,Elana Pirtle-Guiney,Sameer Kanal,Dan Ryan,Dan Ryan,Dan Ryan,Dan Ryan,Dan Ryan
Portland_D2_2024.csv__hit89,Elana Pirtle-Guiney,Sameer Kanal,Dan Ryan,Sameer Kanal,Sameer Kanal,Sameer Kanal,Dan Ryan,Dan Ryan,Sameer Kanal,Dan Ryan
Portland_D2_2024.csv__hit90,Sameer Kanal,Sameer Kanal,Sameer Kanal,Sameer Kanal,Sameer Kanal,Sameer Kanal,Sameer Kanal,Sameer Kanal,Sameer Kanal,Sameer Kanal
Portland_D2_2024.csv__hit91,Dan Ryan,Dan Ryan,Dan Ryan,Sameer Kanal,Sameer Kanal,Dan Ryan,Dan Ryan,Dan Ryan,Sameer Kanal,Dan Ryan
Portland_D2_2024.csv__hit92,Elana Pirtle-Guiney,Dan Ryan,Dan Ryan,Dan Ryan,Sameer Kanal,Sameer Kanal,Dan Ryan,Dan Ryan,Sameer Kanal,Dan Ryan
Portland_D2_2024.csv__hit93,Elana Pirtle-Guiney,Dan Ryan,Dan Ryan,Sameer Kanal,Sameer Kanal,Sameer Kanal,Dan Ryan,Dan Ryan,Sameer Kanal,Sameer Kanal
Portland_D2_2024.csv__hit94,Sameer Kanal,Sameer Kanal,Dan Ryan,Sameer Kanal,Sameer Kanal,Sameer Kanal,Dan Ryan,Dan Ryan,Dan Ryan,Dan Ryan
Portland_D2_2024.csv__hit95,Dan Ryan,Sameer Kanal,Dan Ryan,Sameer Kanal,Sameer Kanal,Sameer Kanal,Dan Ryan,Dan Ryan,Sameer Kanal,Sameer Kanal
Portland_D2_2024.csv__hit96,Dan Ryan,Sameer Kanal,Dan Ryan,Sameer Kanal,Sameer Kanal,Sameer Kanal,Sameer Kanal,Dan Ryan,Dan Ryan,Dan Ryan
Portland_D2_2024.csv__hit97,Elana Pirtle-Guiney,Dan Ryan,Dan Ryan,Sameer Kanal,Sameer Kanal,Sameer Kanal,Dan Ryan,Dan Ryan,Dan Ryan,Dan Ryan
Portland_D2_2024.csv__hit98,Dan Ryan,Sameer Kanal,Dan Ryan,Elana Pirtle-Guiney,Sameer Kanal,Sameer Kanal,Dan Ryan,Dan Ryan,Sameer Kanal,Sameer Kanal
Portland_D2_2024.csv__hit99,Sameer Kanal,Elana Pirtle-Guiney,Sameer Kanal,Sameer Kanal,Sameer Kanal,Sameer Kanal,Sameer Kanal,Sameer Kanal,Sameer Kanal,Sameer Kanal
Portland_D2_2024.csv__hit100,Sameer Kanal,Sameer Kanal,Sameer Kanal,Sameer Kanal,Sameer Kanal,Sameer Kanal,Dan Ryan,Sameer Kanal,Sameer Kanal,Sameer Kanal
Portland_D2_2024.csv__hit101,Elana Pirtle-Guiney,Sameer Kanal,Sameer Kanal,Sameer Kanal,Sameer Kanal,Sameer Kanal,Sameer Kanal,Sameer Kanal,Sameer Kanal,Sameer Kanal
Portland_D2_2024.csv__hit102,Elana Pirtle-Guiney,Sameer Kanal,Dan Ryan,Elana Pirtle-Guiney,Sameer Kanal,Dan Ryan,Dan Ryan,Dan Ryan,Sameer Kanal,Dan Ryan
Portland_D2_2024.csv__hit103,Elana Pirtle-Guiney,Elana Pirtle-Guiney,Dan Ryan,Sameer Kanal,Sameer Kanal,Sameer Kanal,Dan Ryan,Dan Ryan,Sameer Kanal,Dan Ryan
Portland_D2_2024.csv__hit104,Sameer Kanal,Sameer Kanal,Sameer Kanal,Sameer Kanal,Sameer Kanal,Sameer Kanal,Sameer Kanal,Sameer Kanal,Sameer Kanal,Sameer Kanal
Portland_D2_2024.csv__hit105,Sameer Kanal,Sameer Kanal,Sameer Kanal,Sameer Kanal,Sameer Kanal,Sameer Kanal,Sameer Kanal,Sameer Kanal,Sameer Kanal,Sameer Kanal
Portland_D2_2024.csv__hit106,Sameer Kanal,Sameer Kanal,Dan Ryan,Sameer Kanal,Sameer Kanal,Sameer Kanal,Sameer Kanal,Dan Ryan,Sameer Kanal,Dan Ryan
Portland_D2_2024.csv__hit107,Dan Ryan,Sameer Kanal,Dan Ryan,Sameer Kanal,Sameer Kanal,Sameer Kanal,Dan Ryan,Dan Ryan,Dan Ryan,Sameer Kanal
Portland_D2_2024.csv__hit108,Elana Pirtle-Guiney,Elana Pirtle-Guiney,Dan Ryan,Sameer Kanal,Sameer Kanal,Sameer Kanal,Dan Ryan,Dan Ryan,Sameer Kanal,Dan Ryan
Portland_D2_2024.csv__hit109,Elana Pirtle-Guiney,Michelle DePass,Sameer Kanal,Sameer Kanal,Sameer Kanal,Sameer Kanal,Sameer Kanal,Sameer Kanal,Sameer Kanal,Sameer Kanal
Portland_D2_2024.csv__hit110,Elana Pirtle-Guiney,Sameer Kanal,Elana Pirtle-Guiney,Sameer Kanal,Sameer Kanal,Sameer Kanal,Dan Ryan,Dan Ryan,Sameer Kanal,Dan Ryan
Portland_D2_2024.csv__hit111,Sameer Kanal,Elana Pirtle-Guiney,Dan Ryan,Sameer Kanal,Sameer Kanal,Dan Ryan,Dan Ryan,Dan Ryan,Sameer Kanal,Dan Ryan
Portland_D2_2024.csv__hit112,Sameer Kanal,Sameer Kanal,Sameer Kanal,Sameer Kanal,Sameer Kanal,Sameer Kanal,Sameer Kanal,Sameer Kanal,Sameer Kanal,Sameer Kanal
Portland_D2_2024.csv__hit113,Sameer Kanal,Sameer Kanal,Dan Ryan,Sameer Kanal,Sameer Kanal,Sameer Kanal,Sameer Kanal,Dan Ryan,Dan Ryan,Dan Ryan
Portland_D2_2024.csv__hit114,Elana Pirtle-Guiney,Dan Ryan,Elana Pirtle-Guiney,Dan Ryan,Sameer Kanal,Sameer Kanal,Dan Ryan,Dan Ryan,Sameer Kanal,Dan Ryan
Portland_D2_2024.csv__hit115,Elana Pirtle-Guiney,Elana Pirtle-Guiney,Dan Ryan,Sameer Kanal,Sameer Kanal,Sameer Kanal,Dan Ryan,Dan Ryan,Sameer Kanal,Dan Ryan
Portland_D2_2024.csv__hit116,Sameer Kanal,Sameer Kanal,Dan Ryan,Sameer Kanal,Sameer Kanal,Sameer Kanal,Dan Ryan,Dan Ryan,Sameer Kanal,Sameer Kanal
Portland_D2_2024.csv__hit117,Dan Ryan,Sameer Kanal,Dan Ryan,Sameer Kanal,Sameer Kanal,Dan Ryan,Dan Ryan,Sameer Kanal,Sameer Kanal,Dan Ryan
Portland_D2_2024.csv__hit118,Sameer Kanal,Elana Pirtle-Guiney,Sameer Kanal,Sameer Kanal,Sameer Kanal,Sameer Kanal,Sameer Kanal,Sameer Kanal,Sameer Kanal,Sameer Kanal
Portland_D2_2024.csv__hit119,Elana Pirtle-Guiney,Sameer Kanal,Dan Ryan,Elana Pirtle-Guiney,Sameer Kanal,Sameer Kanal,Dan Ryan,Dan Ryan,Sameer Kanal,Dan Ryan
Portland_D2_2024.csv__hit120,Sameer Kanal,Sameer Kanal,Dan Ryan,Elana Pirtle-Guiney,Sameer Kanal,Sameer Kanal,Dan Ryan,Dan Ryan,Sameer Kanal,Sameer Kanal
Portland_D2_2024.csv__hit121,Dan Ryan,Dan Ryan,Elana Pirtle-Guiney,Sameer Kanal,Sameer Kanal,Sameer Kanal,Dan Ryan,Dan Ryan,Dan Ryan,Dan Ryan
Portland_D2_2024.csv__hit122,Dan Ryan,Elana Pirtle-Guiney,Elana Pirtle-Guiney,Sameer Kanal,Sameer Kanal,Sameer Kanal,Sameer Kanal,Sameer Kanal,Sameer Kanal,Sameer Kanal
Portland_D2_2024.csv__hit123,Elana Pirtle-Guiney,Elana Pirtle-Guiney,Sameer Kanal,Dan Ryan,Sameer Kanal,Dan Ryan,Dan Ryan,Sameer Kanal,Sameer Kanal,Sameer Kanal
Portland_D2_2024.csv__hit124,Elana Pirtle-Guiney,Elana Pirtle-Guiney,Sameer Kanal,Dan Ryan,Sameer Kanal,Sameer Kanal,Dan Ryan,Dan Ryan,Sameer Kanal,Dan Ryan
Portland_D2_2024.csv__hit125,Sameer Kanal,Dan Ryan,Elana Pirtle-Guiney,Sameer Kanal,Sameer Kanal,Sameer Kanal,Dan Ryan,Dan Ryan,Sameer Kanal,Sameer Kanal
Portland_D2_2024.csv__hit126,Elana Pirtle-Guiney,Elana Pirtle-Guiney,Sameer Kanal,Sameer Kanal,Sameer Kanal,Sameer Kanal,Sameer Kanal,Sameer Kanal,Sameer Kanal,Sameer Kanal
Portland_D2_2024.csv__hit127,Sameer Kanal,Elana Pirtle-Guiney,Sameer Kanal,Sameer Kanal,Sameer Kanal,Sameer Kanal,Sameer Kanal,Sameer Kanal,Sameer Kanal,Sameer Kanal
Portland_D2_2024.csv__hit128,Elana Pirtle-Guiney,Elana Pirtle-Guiney,Dan Ryan,Elana Pirtle-Guiney,Sameer Kanal,Sameer Kanal,Dan Ryan,Dan Ryan,Sameer Kanal,Dan Ryan
Portland_D2_2024.csv__hit129,Elana Pirtle-Guiney,Sameer Kanal,Dan Ryan,Elana Pirtle-Guiney,Sameer Kanal,Sameer Kanal,Sameer Kanal,Dan Ryan,Sameer Kanal,Sameer Kanal
Portland_D2_2024.csv__hit130,Sameer Kanal,Elana Pirtle-Guiney,Sameer Kanal,Sameer Kanal,Sameer Kanal,Sameer Kanal,Sameer Kanal,Sameer Kanal,Dan Ryan,Sameer Kanal
Portland_D2_2024.csv__hit131,Dan Ryan,Sameer Kanal,Dan Ryan,Elana Pirtle-Guiney,Sameer Kanal,Sameer Kanal,Dan Ryan,Dan Ryan,Dan Ryan,Sameer Kanal
Portland_D2_2024.csv__hit132,Dan Ryan,Sameer Kanal,Dan Ryan,Sameer Kanal,Sameer Kanal,Sameer Kanal,Dan Ryan,Dan Ryan,Sameer Kanal,Dan Ryan
Portland_D2_2024.csv__hit133,Elana Pirtle-Guiney,Elana Pirtle-Guiney,Dan Ryan,Sameer Kanal,Sameer Kanal,Sameer Kanal,Sameer Kanal,Dan Ryan,Sameer Kanal,Dan Ryan
Portland_D2_2024.csv__hit134,Sameer Kanal,Sameer Kanal,Elana Pirtle-Guiney,Dan Ryan,Sameer Kanal,Sameer Kanal,Dan Ryan,Dan Ryan,Dan Ryan,Sameer Kanal
Portland_D2_2024.csv__hit135,Elana Pirtle-Guiney,Elana Pirtle-Guiney,Sameer Kanal,Sameer Kanal,Sameer Kanal,Sameer Kanal,Sameer Kanal,Sameer Kanal,Sameer Kanal,Sameer Kanal
Portland_D2_2024.csv__hit136,Elana Pirtle-Guiney,Elana Pirtle-Guiney,Dan Ryan,Sameer Kanal,Sameer Kanal,Dan Ryan,Dan Ryan,Dan Ryan,Sameer Kanal,Sameer Kanal
Portland_D2_2024.csv__hit137,Elana Pirtle-Guiney,Sameer Kanal,Dan Ryan,Elana Pirtle-Guiney,Sameer Kanal,Sameer Kanal,Dan Ryan,Dan Ryan,Sameer Kanal,Dan Ryan
Portland_D2_2024.csv__hit138,Elana Pirtle-Guiney,Sameer Kanal,Elana Pirtle-Guiney,Dan Ryan,Sameer Kanal,Sameer Kanal,Dan Ryan,Dan Ryan,Dan Ryan,Dan Ryan
Portland_D2_2024.csv__hit139,Elana Pirtle-Guiney,Dan Ryan,Elana Pirtle-Guiney,Sameer Kanal,Sameer Kanal,Sameer Kanal,Dan Ryan,Dan Ryan,Sameer Kanal,Dan Ryan
Portland_D2_2024.csv__hit140,Sameer Kanal,Sameer Kanal,Elana Pirtle-Guiney,Sameer Kanal,Sameer Kanal,Dan Ryan,Dan Ryan,Dan Ryan,Dan Ryan,Sameer Kanal
Portland_D2_2024.csv__hit141,Dan Ryan,Sameer Kanal,Dan Ryan,Sameer Kanal,Sameer Kanal,Sameer Kanal,Sameer Kanal,Sameer Kanal,Sameer Kanal,Sameer Kanal
Portland_D2_2024.csv__hit142,Elana Pirtle-Guiney,Elana Pirtle-Guiney,Sameer Kanal,Dan Ryan,Sameer Kanal,Dan Ryan,Dan Ryan,Dan Ryan,Dan Ryan,Dan Ryan
Portland_D2_2024.csv__hit143,Elana Pirtle-Guiney,Dan Ryan,Sameer Kanal,Sameer Kanal,Sameer Kanal,Dan Ryan,Dan Ryan,Dan Ryan,Sameer Kanal,Dan Ryan
Portland_D2_2024.csv__hit144,Dan Ryan,Elana Pirtle-Guiney,Elana Pirtle-Guiney,Dan Ryan,Sameer Kanal,Sameer Kanal,Dan Ryan,Dan Ryan,Sameer Kanal,Dan Ryan
Portland_D2_2024.csv__hit145,Dan Ryan,Elana Pirtle-Guiney,Elana Pirtle-Guiney,Sameer Kanal,Sameer Kanal,Sameer Kanal,Dan Ryan,Sameer Kanal,Sameer Kanal,Dan Ryan
Portland_D2_2024.csv__hit146,Elana Pirtle-Guiney,Elana Pirtle-Guiney,Elana Pirtle-Guiney,Elana Pirtle-Guiney,Sameer Kanal,Sameer Kanal,Dan Ryan,Dan Ryan,Sameer Kanal,Sameer Kanal
Portland_D2_2024.csv__hit147,Elana Pirtle-Guiney,Sameer Kanal,Dan Ryan,Sameer Kanal,Sameer Kanal,Sameer Kanal,Sameer Kanal,Dan Ryan,Sameer Kanal,Dan Ryan
Portland_D2_2024.csv__hit148,Dan Ryan,Sameer Kanal,Dan Ryan,Sameer Kanal,Sameer Kanal,Dan Ryan,Dan Ryan,Dan Ryan,Sameer Kanal,Sameer Kanal
Portland_D2_2024.csv__hit149,Elana Pirtle-Guiney,Sameer Kanal,Sameer Kanal,Sameer Kanal,Sameer Kanal,Sameer Kanal,Dan Ryan,Sameer Kanal,Sameer Kanal,Sameer Kanal
Portland_D2_2024.csv__hit150,Elana Pirtle-Guiney,Elana Pirtle-Guiney,Dan Ryan,Elana Pirtle-Guiney,Elana Pirtle-Guiney,Elana Pirtle-Guiney,Elana Pirtle-Guiney,Dan Ryan,Dan Ryan,Dan Ryan
Portland_D2_2024.csv__hit151,Sameer Kanal,Elana Pirtle-Guiney,Sameer Kanal,Sameer Kanal,Sameer Kanal,Sameer Kanal,Sameer Kanal,Sameer Kanal,Sameer Kanal,Sameer Kanal
Portland_D2_2024.csv__hit152,Sameer Kanal,Sameer Kanal,Dan Ryan,Sameer Kanal,Sameer Kanal,Sameer Kanal,Dan Ryan,Dan Ryan,Dan Ryan,Dan Ryan
Portland_D2_2024.csv__hit153,Elana Pirtle-Guiney,Sameer Kanal,Dan Ryan,Sameer Kanal,Sameer Kanal,Sameer Kanal,Dan Ryan,Dan Ryan,Sameer Kanal,Sameer Kanal
Portland_D2_2024.csv__hit154,Elana Pirtle-Guiney,Sameer Kanal,Sameer Kanal,Sameer Kanal,Sameer Kanal,Sameer Kanal,Dan Ryan,Dan Ryan,Sameer Kanal,Sameer Kanal
Portland_D2_2024.csv__hit155,Dan Ryan,Elana Pirtle-Guiney,Dan Ryan,Sameer Kanal,Sameer Kanal,Sameer Kanal,Dan Ryan,Dan Ryan,Sameer Kanal,Sameer Kanal
Portland_D2_2024.csv__hit156,Elana Pirtle-Guiney,Sameer Kanal,Sameer Kanal,Sameer Kanal,Sameer Kanal,Sameer Kanal,Dan Ryan,Dan Ryan,Sameer Kanal,Sameer Kanal
Portland_D2_2024.csv__hit157,Dan Ryan,Sameer Kanal,Dan Ryan,Sameer Kanal,Sameer Kanal,Sameer Kanal,Dan Ryan,Dan Ryan,Sameer Kanal,Dan Ryan
Portland_D2_2024.csv__hit158,Dan Ryan,Sameer Kanal,Dan Ryan,Sameer Kanal,Sameer Kanal,Sameer Kanal,Dan Ryan,Dan Ryan,Dan Ryan,Dan Ryan
Portland_D2_2024.csv__hit159,Elana Pirtle-Guiney,Elana Pirtle-Guiney,Sameer Kanal,Sameer Kanal,Sameer Kanal,Sameer Kanal,Dan Ryan,Dan Ryan,Sameer Kanal,Dan Ryan
Portland_D2_2024.csv__hit160,Elana Pirtle-Guiney,Sameer Kanal,Elana Pirtle-Guiney,Sameer Kanal,Sameer Kanal,Sameer Kanal,Sameer Kanal,Dan Ryan,Sameer Kanal,Dan Ryan
Portland_D2_2024.csv__hit161,Elana Pirtle-Guiney,Elana Pirtle-Guiney,Elana Pirtle-Guiney,Sameer Kanal,Sameer Kanal,Sameer Kanal,Sameer Kanal,Dan Ryan,Sameer Kanal,Dan Ryan
Portland_D2_2024.csv__hit162,Dan Ryan,Sameer Kanal,Sameer Kanal,Elana Pirtle-Guiney,Sameer Kanal,Sameer Kanal,Dan Ryan,Sameer Kanal,Sameer Kanal,Sameer Kanal
Portland_D2_2024.csv__hit163,Dan Ryan,Sameer Kanal,Sameer Kanal,Sameer Kanal,Sameer Kanal,Sameer Kanal,Sameer Kanal,Sameer Kanal,Sameer Kanal,Sameer Kanal
Portland_D2_2024.csv__hit164,Elana Pirtle-Guiney,Sameer Kanal,Sameer Kanal,Sameer Kanal,Sameer Kanal,Sameer Kanal,Sameer Kanal,Sameer Kanal,Sameer Kanal,Sameer Kanal
Portland_D2_2024.csv__hit165,Elana Pirtle-Guiney,Elana Pirtle-Guiney,Elana Pirtle-Guiney,Sameer Kanal,Sameer Kanal,Sameer Kanal,Dan Ryan,Dan Ryan,Dan Ryan,Sameer Kanal
Portland_D2_2024.csv__hit166,Elana Pirtle-Guiney,Elana Pirtle-Guiney,Dan Ryan,Sameer Kanal,Sameer Kanal,Sameer Kanal,Dan Ryan,Dan Ryan,Sameer Kanal,Dan Ryan
Portland_D2_2024.csv__hit167,Elana Pirtle-Guiney,Dan Ryan,Sameer Kanal,Elana Pirtle-Guiney,Sameer Kanal,Sameer Kanal,Dan Ryan,Dan Ryan,Dan Ryan,Sameer Kanal
Portland_D2_2024.csv__hit168,Elana Pirtle-Guiney,Sameer Kanal,Sameer Kanal,Sameer Kanal,Sameer Kanal,Sameer Kanal,Sameer Kanal,Dan Ryan,Sameer Kanal,Dan Ryan
Portland_D2_2024.csv__hit169,Sameer Kanal,Sameer Kanal,Sameer Kanal,Sameer Kanal,Sameer Kanal,Sameer Kanal,Sameer Kanal,Sameer Kanal,Sameer Kanal,Sameer Kanal
Portland_D2_2024.csv__hit170,Sameer Kanal,Dan Ryan,Elana Pirtle-Guiney,Dan Ryan,Sameer Kanal,Dan Ryan,Dan Ryan,Dan Ryan,Dan Ryan,Sameer Kanal
Portland_D2_2024.csv__hit171,Elana Pirtle-Guiney,Sameer Kanal,Dan Ryan,Sameer Kanal,Sameer Kanal,Dan Ryan,Dan Ryan,Dan Ryan,Sameer Kanal,Sameer Kanal
Portland_D2_2024.csv__hit172,Sameer Kanal,Elana Pirtle-Guiney,Dan Ryan,Sameer Kanal,Sameer Kanal,Sameer Kanal,Dan Ryan,Dan Ryan,Sameer Kanal,Dan Ryan
Portland_D2_2024.csv__hit173,Elana Pirtle-Guiney,Dan Ryan,Dan Ryan,Dan Ryan,Sameer Kanal,Sameer Kanal,Dan Ryan,Dan Ryan,Sameer Kanal,Sameer Kanal
Portland_D2_2024.csv__hit174,Elana Pirtle-Guiney,Elana Pirtle-Guiney,Sameer Kanal,Sameer Kanal,Sameer Kanal,Sameer Kanal,Sameer Kanal,Dan Ryan,Dan Ryan,Sameer Kanal
Portland_D2_2024.csv__hit175,Elana Pirtle-Guiney,Elana Pirtle-Guiney,Dan Ryan,Sameer Kanal,Sameer Kanal,Sameer Kanal,Dan Ryan,Dan Ryan,Sameer Kanal,Dan Ryan
Portland_D2_2024.csv__hit176,Sameer Kanal,Sameer Kanal,Elana Pirtle-Guiney,Sameer Kanal,Sameer Kanal,Sameer Kanal,Dan Ryan,Dan Ryan,Dan Ryan,Sameer Kanal
Portland_D2_2024.csv__hit177,Elana Pirtle-Guiney,Elana Pirtle-Guiney,Elana Pirtle-Guiney,Sameer Kanal,Sameer Kanal,Sameer Kanal,Sameer Kanal,Sameer Kanal,Sameer Kanal,Sameer Kanal
Portland_D2_2024.csv__hit178,Elana Pirtle-Guiney,Sameer Kanal,Sameer Kanal,Sameer Kanal,Sameer Kanal,Sameer Kanal,Dan Ryan,Dan Ryan,Sameer Kanal,Sameer Kanal
Portland_D2_2024.csv__hit179,Sameer Kanal,Sameer Kanal,Sameer Kanal,Sameer Kanal,Sameer Kanal,Sameer Kanal,Dan Ryan,Dan Ryan,Sameer Kanal,Sameer Kanal
Portland_D2_2024.csv__hit180,Elana Pirtle-Guiney,Sameer Kanal,Dan Ryan,Sameer Kanal,Sameer Kanal,Sameer Kanal,Dan Ryan,Dan Ryan,Sameer Kanal,Dan Ryan
Portland_D2_2024.csv__hit181,Elana Pirtle-Guiney,Dan Ryan,Dan Ryan,Sameer Kanal,Sameer Kanal,Sameer Kanal,Sameer Kanal,Dan Ryan,Sameer Kanal,Dan Ryan
Portland_D2_2024.csv__hit182,Dan Ryan,Sameer Kanal,Dan Ryan,Sameer Kanal,Sameer Kanal,Sameer Kanal,Sameer Kanal,Sameer Kanal,Sameer Kanal,Sameer Kanal
Portland_D2_2024.csv__hit183,Sameer Kanal,Sameer Kanal,Sameer Kanal,Sameer Kanal,Sameer Kanal,Sameer Kanal,Sameer Kanal,Sameer Kanal,Sameer Kanal,Sameer Kanal
Portland_D2_2024.csv__hit184,Elana Pirtle-Guiney,Elana Pirtle-Guiney,Sameer Kanal,Sameer Kanal,Sameer Kanal,Sameer Kanal,Dan Ryan,Sameer Kanal,Sameer Kanal,Dan Ryan
Portland_D2_2024.csv__hit185,Sameer Kanal,Sameer Kanal,Sameer Kanal,Sameer Kanal,Sameer Kanal,Sameer Kanal,Sameer Kanal,Sameer Kanal,Sameer Kanal,Sameer Kanal
Portland_D2_2024.csv__hit186,Sameer Kanal,Elana Pirtle-Guiney,Sameer Kanal,Sameer Kanal,Sameer Kanal,Sameer Kanal,Sameer Kanal,Sameer Kanal,Sameer Kanal,Sameer Kanal
Portland_D2_2024.csv__hit187,Sameer Kanal,Sameer Kanal,Dan Ryan,Sameer Kanal,Sameer Kanal,Sameer Kanal,Dan Ryan,Dan Ryan,Sameer Kanal,Dan Ryan
Portland_D2_2024.csv__hit188,Sameer Kanal,Sameer Kanal,Sameer Kanal,Sameer Kanal,Sameer Kanal,Sameer Kanal,Sameer Kanal,Sameer Kanal,Sameer Kanal,Sameer Kanal
Portland_D2_2024.csv__hit189,Dan Ryan,Dan Ryan,Elana Pirtle-Guiney,Sameer Kanal,Sameer Kanal,Dan Ryan,Dan Ryan,Dan Ryan,Sameer Kanal,Sameer Kanal
Portland_D2_2024.csv__hit190,Elana Pirtle-Guiney,Dan Ryan,Dan Ryan,Sameer Kanal,Sameer Kanal,Dan Ryan,Dan Ryan,Dan Ryan,Dan Ryan,Sameer Kanal
Portland_D2_2024.csv__hit191,Elana Pirtle-Guiney,Elana Pirtle-Guiney,Sameer Kanal,Elana Pirtle-Guiney,Sameer Kanal,Sameer Kanal,Sameer Kanal,Sameer Kanal,Sameer Kanal,Sameer Kanal
Portland_D2_2024.csv__hit192,Elana Pirtle-Guiney,Sameer Kanal,Dan Ryan,Sameer Kanal,Sameer Kanal,Dan Ryan,Dan Ryan,Dan Ryan,Sameer Kanal,Dan Ryan
Portland_D2_2024.csv__hit193,Elana Pirtle-Guiney,Sameer Kanal,Dan Ryan,Sameer Kanal,Sameer Kanal,Sameer Kanal,Sameer Kanal,Dan Ryan,Dan Ryan,Dan Ryan
Portland_D2_2024.csv__hit194,Sameer Kanal,Elana Pirtle-Guiney,Sameer Kanal,Sameer Kanal,Sameer Kanal,Sameer Kanal,Sameer Kanal,Sameer Kanal,Sameer Kanal,Sameer Kanal
Portland_D2_2024.csv__hit195,Sameer Kanal,Elana Pirtle-Guiney,Sameer Kanal,Sameer Kanal,Sameer Kanal,Sameer Kanal,Sameer Kanal,Sameer Kanal,Sameer Kanal,Sameer Kanal
Portland_D2_2024.csv__hit196,Elana Pirtle-Guiney,Sameer Kanal,Dan Ryan,Elana Pirtle-Guiney,Sameer Kanal,Sameer Kanal,Dan Ryan,Dan Ryan,Sameer Kanal,Sameer Kanal
Portland_D2_2024.csv__hit197,Elana Pirtle-Guiney,Dan Ryan,Elana Pirtle-Guiney,Sameer Kanal,Sameer Kanal,Sameer Kanal,Dan Ryan,Dan Ryan,Dan Ryan,Sameer Kanal
Portland_D2_2024.csv__hit198,Sameer Kanal,Elana Pirtle-Guiney,Dan Ryan,Dan Ryan,Sameer Kanal,Dan Ryan,Dan Ryan,Dan Ryan,Sameer Kanal,Sameer Kanal
Portland_D2_2024.csv__hit199,Elana Pirtle-Guiney,Sameer Kanal,Dan Ryan,Sameer Kanal,Sameer Kanal,Sameer Kanal,Sameer Kanal,Sameer Kanal,Sameer Kanal,Dan Ryan
Portland_06082021_charter_commission_at_large.csv__hit0,Chann Marpheen S.,Chann Marpheen S.,Chann Marpheen S.,Chann Marpheen S.,Chann Marpheen S.,Chann Marpheen S.,Chann Marpheen S.,Chann Marpheen S.,Chann Marpheen S.,Chann Marpheen S.
Portland_06082021_charter_commission_at_large.csv__hit1,Chann Marpheen S.,Chann Marpheen S.,Chann Marpheen S.,Chann Marpheen S.,Buxton Catherine A.,Chann Marpheen S.,Chann Marpheen S.,Chann Marpheen S.,Chann Marpheen S.,Chann Marpheen S.
Portland_06082021_charter_commission_at_large.csv__hit2,Chann Marpheen S.,Chann Marpheen S.,Chann Marpheen S.,Chann Marpheen S.,Chann Marpheen S.,Chann Marpheen S.,Chann Marpheen S.,Chann Marpheen S.,Chann Marpheen S.,Chann Marpheen S.
Portland_06082021_charter_commission_at_large.csv__hit3,Chann Marpheen S.,Chann Marpheen S.,Chann Marpheen S.,Chann Marpheen S.,Chann Marpheen S.,Chann Marpheen S.,Chann Marpheen S.,Chann Marpheen S.,Chann Marpheen S.,Chann Marpheen S.
Portland_06082021_charter_commission_at_large.csv__hit4,Chann Marpheen S.,Chann Marpheen S.,Chann Marpheen S.,Chann Marpheen S.,Chann Marpheen S.,Chann Marpheen S.,Chann Marpheen S.,Chann Marpheen S.,Chann Marpheen S.,Chann Marpheen S.
Portland_06082021_charter_commission_at_large.csv__hit5,Chann Marpheen S.,Chann Marpheen S.,Chann Marpheen S.,Chann Marpheen S.,Chann Marpheen S.,Chann Marpheen S.,Chann Marpheen S.,Chann Marpheen S.,Chann Marpheen S.,Chann Marpheen S.
Portland_06082021_charter_commission_at_large.csv__hit6,Chann Marpheen S.,Chann Marpheen S.,Chann Marpheen S.,Chann Marpheen S.,Chann Marpheen S.,Chann Marpheen S.,Chann Marpheen S.,Chann Marpheen S.,Chann Marpheen S.,Chann Marpheen S.
Portland_06082021_charter_commission_at_large.csv__hit7,Chann Marpheen S.,Chann Marpheen S.,Chann Marpheen S.,Chann Marpheen S.,Chann Marpheen S.,Chann Marpheen S.,Chann Marpheen S.,Chann Marpheen S.,Chann Marpheen S.,Chann Marpheen S.
Portland_06082021_charter_commission_at_large.csv__hit8,Chann Marpheen S.,Chann Marpheen S.,Chann Marpheen S.,Chann Marpheen S.,Buxton Catherine A.,Chann Marpheen S.,Chann Marpheen S.,Chann Marpheen S.,Chann Marpheen S.,Chann Marpheen S.
Portland_06082021_charter_commission_at_large.csv__hit9,Chann Marpheen S.,Chann Marpheen S.,Chann Marpheen S.,Chann Marpheen S.,Chann Marpheen S.,Chann Marpheen S.,Chann Marpheen S.,Chann Marpheen S.,Chann Marpheen S.,Chann Marpheen S.
Portland_06082021_charter_commission_at_large.csv__hit10,Chann Marpheen S.,Chann Marpheen S.,Chann Marpheen S.,Chann Marpheen S.,Chann Marpheen S.,Chann Marpheen S.,Chann Marpheen S.,Chann Marpheen S.,Chann Marpheen S.,Chann Marpheen S.
Portland_06082021_charter_commission_at_large.csv__hit11,Chann Marpheen S.,Chann Marpheen S.,Chann Marpheen S.,Chann Marpheen S.,Chann Marpheen S.,Buxton Catherine A.,Chann Marpheen S.,Chann Marpheen S.,Chann Marpheen S.,Chann Marpheen S.
Portland_06082021_charter_commission_at_large.csv__hit12,Chann Marpheen S.,Chann Marpheen S.,Chann Marpheen S.,Chann Marpheen S.,Chann Marpheen S.,Chann Marpheen S.,Chann Marpheen S.,Chann Marpheen S.,Chann Marpheen S.,Chann Marpheen S.
Portland_06082021_charter_commission_at_large.csv__hit13,Chann Marpheen S.,Chann Marpheen S.,Chann Marpheen S.,Chann Marpheen S.,Chann Marpheen S.,Chann Marpheen S.,Chann Marpheen S.,Chann Marpheen S.,Chann Marpheen S.,Chann Marpheen S.
Portland_06082021_charter_commission_at_large.csv__hit14,Chann Marpheen S.,Chann Marpheen S.,Chann Marpheen S.,Chann Marpheen S.,Chann Marpheen S.,Chann Marpheen S.,Chann Marpheen S.,Chann Marpheen S.,Chann Marpheen S.,Chann Marpheen S.
Portland_06082021_charter_commission_at_large.csv__hit15,Chann Marpheen S.,Chann Marpheen S.,Chann Marpheen S.,Chann Marpheen S.,Buxton Catherine A.,Chann Marpheen S.,Chann Marpheen S.,Chann Marpheen S.,Chann Marpheen S.,Chann Marpheen S.
Portland_06082021_charter_commission_at_large.csv__hit16,Chann Marpheen S.,Chann Marpheen S.,Chann Marpheen S.,Chann Marpheen S.,Buxton Catherine A.,Chann Marpheen S.,Chann Marpheen S.,Chann Marpheen S.,Chann Marpheen S.,Chann Marpheen S.
Portland_06082021_charter_commission_at_large.csv__hit17,Chann Marpheen S.,Buxton Catherine A.,Chann Marpheen S.,Chann Marpheen S.,Chann Marpheen S.,Buxton Catherine A.,Chann Marpheen S.,Chann Marpheen S.,Chann Marpheen S.,Chann Marpheen S.
Portland_06082021_charter_commission_at_large.csv__hit18,Chann Marpheen S.,Chann Marpheen S.,Chann Marpheen S.,Chann Marpheen S.,Chann Marpheen S.,Chann Marpheen S.,Chann Marpheen S.,Chann Marpheen S.,Chann Marpheen S.,Chann Marpheen S.
Portland_06082021_charter_commission_at_large.csv__hit19,Chann Marpheen S.,Chann Marpheen S.,Chann Marpheen S.,Chann Marpheen S.,Chann Marpheen S.,Chann Marpheen S.,Chann Marpheen S.,Chann Marpheen S.,Chann Marpheen S.,Chann Marpheen S.
Portland_06082021_charter_commission_at_large.csv__hit20,Chann Marpheen S.,Chann Marpheen S.,Chann Marpheen S.,Chann Marpheen S.,Chann Marpheen S.,Chann Marpheen S.,Chann Marpheen S.,Chann Marpheen S.,Chann Marpheen S.,Chann Marpheen S.
Portland_06082021_charter_commission_at_large.csv__hit21,Chann Marpheen S.,Chann Marpheen S.,Chann Marpheen S.,Chann Marpheen S.,Chann Marpheen S.,Chann Marpheen S.,Chann Marpheen S.,Chann Marpheen S.,Chann Marpheen S.,Chann Marpheen S.
Portland_06082021_charter_commission_at_large.csv__hit22,Chann Marpheen S.,Chann Marpheen S.,Chann Marpheen S.,Chann Marpheen S.,Chann Marpheen S.,Chann Marpheen S.,Chann Marpheen S.,Chann Marpheen S.,Chann Marpheen S.,Chann Marpheen S.
Portland_06082021_charter_commission_at_large.csv__hit23,Chann Marpheen S.,Chann Marpheen S.,Chann Marpheen S.,Chann Marpheen S.,Chann Marpheen S.,Chann Marpheen S.,Chann Marpheen S.,Chann Marpheen S.,Chann Marpheen S.,Chann Marpheen S.
Portland_06082021_charter_commission_at_large.csv__hit24,Chann Marpheen S.,Chann Marpheen S.,Chann Marpheen S.,Chann Marpheen S.,Chann Marpheen S.,Buxton Catherine A.,Chann Marpheen S.,Chann Marpheen S.,Chann Marpheen S.,Chann Marpheen S.
Portland_06082021_charter_commission_at_large.csv__hit25,Chann Marpheen S.,Chann Marpheen S.,Chann Marpheen S.,Chann Marpheen S.,Chann Marpheen S.,Chann Marpheen S.,Chann Marpheen S.,Chann Marpheen S.,Chann Marpheen S.,Chann Marpheen S.
Portland_06082021_charter_commission_at_large.csv__hit26,Chann Marpheen S.,Chann Marpheen S.,Chann Marpheen S.,Chann Marpheen S.,Chann Marpheen S.,Chann Marpheen S.,Chann Marpheen S.,Chann Marpheen S.,Chann Marpheen S.,Chann Marpheen S.
Portland_06082021_charter_commission_at_large.csv__hit27,Chann Marpheen S.,Chann Marpheen S.,Chann Marpheen S.,Chann Marpheen S.,Chann Marpheen S.,Chann Marpheen S.,Chann Marpheen S.,Chann Marpheen S.,Chann Marpheen S.,Chann Marpheen S.
Portland_06082021_charter_commission_at_large.csv__hit28,Chann Marpheen S.,Chann Marpheen S.,Chann Marpheen S.,Chann Marpheen S.,Chann Marpheen S.,Chann Marpheen S.,Chann Marpheen S.,Chann Marpheen S.,Chann Marpheen S.,Chann Marpheen S.
Portland_06082021_charter_commission_at_large.csv__hit29,Chann Marpheen S.,Chann Marpheen S.,Chann Marpheen S.,Chann Marpheen S.,Chann Marpheen S.,Chann Marpheen S.,Chann Marpheen S.,Chann Marpheen S.,Chann Marpheen S.,Chann Marpheen S.
Portland_06082021_charter_commission_at_large.csv__hit30,Chann Marpheen S.,Chann Marpheen S.,Chann Marpheen S.,Chann Marpheen S.,Chann Marpheen S.,Chann Marpheen S.,Chann Marpheen S.,Chann Marpheen S.,Chann Marpheen S.,Chann Marpheen S.
Portland_06082021_charter_commission_at_large.csv__hit31,Chann Marpheen S.,Chann Marpheen S.,Chann Marpheen S.,Chann Marpheen S.,Chann Marpheen S.,Chann Marpheen S.,Chann Marpheen S.,Chann Marpheen S.,Chann Marpheen S.,Chann Marpheen S.
Portland_06082021_charter_commission_at_large.csv__hit32,Chann Marpheen S.,Chann Marpheen S.,Chann Marpheen S.,Chann Marpheen S.,Chann Marpheen S.,Chann Marpheen S.,Chann Marpheen S.,Chann Marpheen S.,Chann Marpheen S.,Chann Marpheen S.
Portland_06082021_charter_commission_at_large.csv__hit33,Chann Marpheen S.,Chann Marpheen S.,Chann Marpheen S.,Chann Marpheen S.,Chann Marpheen S.,Chann Marpheen S.,Chann Marpheen S.,Chann Marpheen S.,Chann Marpheen S.,Chann Marpheen S.
Portland_06082021_charter_commission_at_large.csv__hit34,Chann Marpheen S.,Chann Marpheen S.,Chann Marpheen S.,Chann Marpheen S.,Chann Marpheen S.,Chann Marpheen S.,Chann Marpheen S.,Chann Marpheen S.,Chann Marpheen S.,Chann Marpheen S.
Portland_06082021_charter_commission_at_large.csv__hit35,Chann Marpheen S.,Chann Marpheen S.,Chann Marpheen S.,Chann Marpheen S.,Chann Marpheen S.,Chann Marpheen S.,Chann Marpheen S.,Chann Marpheen S.,Chann Marpheen S.,Chann Marpheen S.
Portland_06082021_charter_commission_at_large.csv__hit36,Chann Marpheen S.,Chann Marpheen S.,Chann Marpheen S.,Chann Marpheen S.,Chann Marpheen S.,Chann Marpheen S.,Chann Marpheen S.,Chann Marpheen S.,Chann Marpheen S.,Chann Marpheen S.
Portland_06082021_charter_commission_at_large.csv__hit37,Chann Marpheen S.,Chann Marpheen S.,Chann Marpheen S.,Chann Marpheen S.,Chann Marpheen S.,Chann Marpheen S.,Chann Marpheen S.,Chann Marpheen S.,Chann Marpheen S.,Chann Marpheen S.
Portland_06082021_charter_commission_at_large.csv__hit38,Chann Marpheen S.,Chann Marpheen S.,Chann Marpheen S.,Chann Marpheen S.,Buxton Catherine A.,Chann Marpheen S.,Chann Marpheen S.,Chann Marpheen S.,Chann Marpheen S.,Chann Marpheen S.
Portland_06082021_charter_commission_at_large.csv__hit39,Chann Marpheen S.,Chann Marpheen S.,Chann Marpheen S.,Chann Marpheen S.,Chann Marpheen S.,Chann Marpheen S.,Chann Marpheen S.,Chann Marpheen S.,Chann Marpheen S.,Chann Marpheen S.
Portland_06082021_charter_commission_at_large.csv__hit40,Chann Marpheen S.,Chann Marpheen S.,Chann Marpheen S.,Chann Marpheen S.,Chann Marpheen S.,Chann Marpheen S.,Chann Marpheen S.,Chann Marpheen S.,Chann Marpheen S.,Chann Marpheen S.
Portland_06082021_charter_commission_at_large.csv__hit41,Chann Marpheen S.,Chann Marpheen S.,Chann Marpheen S.,Chann Marpheen S.,Chann Marpheen S.,Chann Marpheen S.,Chann Marpheen S.,Chann Marpheen S.,Chann Marpheen S.,Chann Marpheen S.
Portland_06082021_charter_commission_at_large.csv__hit42,Chann Marpheen S.,Chann Marpheen S.,Chann Marpheen S.,Chann Marpheen S.,Buxton Catherine A.,Chann Marpheen S.,Chann Marpheen S.,Chann Marpheen S.,Chann Marpheen S.,Chann Marpheen S.
Portland_06082021_charter_commission_at_large.csv__hit43,Chann Marpheen S.,Chann Marpheen S.,Chann Marpheen S.,Chann Marpheen S.,Chann Marpheen S.,Chann Marpheen S.,Chann Marpheen S.,Chann Marpheen S.,Chann Marpheen S.,Chann Marpheen S.
Portland_06082021_charter_commission_at_large.csv__hit44,Chann Marpheen S.,Chann Marpheen S.,Chann Marpheen S.,Chann Marpheen S.,Chann Marpheen S.,Chann Marpheen S.,Chann Marpheen S.,Chann Marpheen S.,Chann Marpheen S.,Chann Marpheen S.
Portland_06082021_charter_commission_at_large.csv__hit45,Chann Marpheen S.,Chann Marpheen S.,Chann Marpheen S.,Chann Marpheen S.,Chann Marpheen S.,Chann Marpheen S.,Chann Marpheen S.,Chann Marpheen S.,Chann Marpheen S.,Chann Marpheen S.
Portland_06082021_charter_commission_at_large.csv__hit46,Chann Marpheen S.,Chann Marpheen S.,Chann Marpheen S.,Chann Marpheen S.,Chann Marpheen S.,Chann Marpheen S.,Chann Marpheen S.,Chann Marpheen S.,Chann Marpheen S.,Chann Marpheen S.
Portland_06082021_charter_commission_at_large.csv__hit47,Chann Marpheen S.,Chann Marpheen S.,Chann Marpheen S.,Chann Marpheen S.,Chann Marpheen S.,Chann Marpheen S.,Chann Marpheen S.,Chann Marpheen S.,Chann Marpheen S.,Chann Marpheen S.
Portland_06082021_charter_commission_at_large.csv__hit48,Chann Marpheen S.,Chann Marpheen S.,Chann Marpheen S.,Chann Marpheen S.,Chann Marpheen S.,Chann Marpheen S.,Chann Marpheen S.,Chann Marpheen S.,Chann Marpheen S.,Chann Marpheen S.
Portland_06082021_charter_commission_at_large.csv__hit49,Chann Marpheen S.,Chann Marpheen S.,Chann Marpheen S.,Chann Marpheen S.,Chann Marpheen S.,Chann Marpheen S.,Chann Marpheen S.,Chann Marpheen S.,Chann Marpheen S.,Chann Marpheen S.
Portland_06082021_charter_commission_at_large.csv__hit50,Chann Marpheen S.,Chann Marpheen S.,Chann Marpheen S.,Chann Marpheen S.,Chann Marpheen S.,Chann Marpheen S.,Chann Marpheen S.,Chann Marpheen S.,Chann Marpheen S.,Chann Marpheen S.
Portland_06082021_charter_commission_at_large.csv__hit51,Chann Marpheen S.,Chann Marpheen S.,Chann Marpheen S.,Chann Marpheen S.,Chann Marpheen S.,Chann Marpheen S.,Chann Marpheen S.,Chann Marpheen S.,Chann Marpheen S.,Chann Marpheen S.
Portland_06082021_charter_commission_at_large.csv__hit52,Chann Marpheen S.,Chann Marpheen S.,Chann Marpheen S.,Chann Marpheen S.,Chann Marpheen S.,Chann Marpheen S.,Chann Marpheen S.,Chann Marpheen S.,Chann Marpheen S.,Chann Marpheen S.
Portland_06082021_charter_commission_at_large.csv__hit53,Chann Marpheen S.,Chann Marpheen S.,Chann Marpheen S.,Chann Marpheen S.,Chann Marpheen S.,Chann Marpheen S.,Chann Marpheen S.,Chann Marpheen S.,Chann Marpheen S.,Chann Marpheen S.
Portland_06082021_charter_commission_at_large.csv__hit54,Chann Marpheen S.,Chann Marpheen S.,Chann Marpheen S.,Chann Marpheen S.,Chann Marpheen S.,Chann Marpheen S.,Chann Marpheen S.,Chann Marpheen S.,Chann Marpheen S.,Chann Marpheen S.
Portland_06082021_charter_commission_at_large.csv__hit55,Chann Marpheen S.,Chann Marpheen S.,Chann Marpheen S.,Chann Marpheen S.,Chann Marpheen S.,Chann Marpheen S.,Chann Marpheen S.,Chann Marpheen S.,Chann Marpheen S.,Chann Marpheen S.
Portland_06082021_charter_commission_at_large.csv__hit56,Chann Marpheen S.,Chann Marpheen S.,Chann Marpheen S.,Buxton Catherine A.,Buxton Catherine A.,Chann Marpheen S.,Chann Marpheen S.,Chann Marpheen S.,Chann Marpheen S.,Chann Marpheen S.
Portland_06082021_charter_commission_at_large.csv__hit57,Chann Marpheen S.,Chann Marpheen S.,Chann Marpheen S.,Chann Marpheen S.,Chann Marpheen S.,Chann Marpheen S.,Chann Marpheen S.,Chann Marpheen S.,Chann Marpheen S.,Chann Marpheen S.
Portland_06082021_charter_commission_at_large.csv__hit58,Chann Marpheen S.,Chann Marpheen S.,Chann Marpheen S.,Chann Marpheen S.,Chann Marpheen S.,Chann Marpheen S.,Chann Marpheen S.,Chann Marpheen S.,Chann Marpheen S.,Chann Marpheen S.
Portland_06082021_charter_commission_at_large.csv__hit59,Chann Marpheen S.,Chann Marpheen S.,Chann Marpheen S.,Chann Marpheen S.,Chann Marpheen S.,Chann Marpheen S.,Chann Marpheen S.,Chann Marpheen S.,Chann Marpheen S.,Chann Marpheen S.
Portland_06082021_charter_commission_at_large.csv__hit60,Chann Marpheen S.,Chann Marpheen S.,Chann Marpheen S.,Chann Marpheen S.,Buxton Catherine A.,Chann Marpheen S.,Chann Marpheen S.,Chann Marpheen S.,Chann Marpheen S.,Chann Marpheen S.
Portland_06082021_charter_commission_at_large.csv__hit61,Chann Marpheen S.,Chann Marpheen S.,Chann Marpheen S.,Chann Marpheen S.,Chann Marpheen S.,Chann Marpheen S.,Chann Marpheen S.,Chann Marpheen S.,Chann Marpheen S.,Chann Marpheen S.
Portland_06082021_charter_commission_at_large.csv__hit62,Chann Marpheen S.,Chann Marpheen S.,Chann Marpheen S.,Chann Marpheen S.,Chann Marpheen S.,Chann Marpheen S.,Chann Marpheen S.,Chann Marpheen S.,Chann Marpheen S.,Chann Marpheen S.
Portland_06082021_charter_commission_at_large.csv__hit63,Chann Marpheen S.,Chann Marpheen S.,Chann Marpheen S.,Chann Marpheen S.,Chann Marpheen S.,Chann Marpheen S.,Chann Marpheen S.,Chann Marpheen S.,Chann Marpheen S.,Chann Marpheen S.
Portland_06082021_charter_commission_at_large.csv__hit64,Chann Marpheen S.,Chann Marpheen S.,Chann Marpheen S.,Chann Marpheen S.,Chann Marpheen S.,Chann Marpheen S.,Chann Marpheen S.,Chann Marpheen S.,Chann Marpheen S.,Chann Marpheen S.
Portland_06082021_charter_commission_at_large.csv__hit65,Chann Marpheen S.,Chann Marpheen S.,Chann Marpheen S.,Chann Marpheen S.,Chann Marpheen S.,Chann Marpheen S.,Chann Marpheen S.,Chann Marpheen S.,Chann Marpheen S.,Chann Marpheen S.
Portland_06082021_charter_commission_at_large.csv__hit66,Chann Marpheen S.,Chann Marpheen S.,Chann Marpheen S.,Chann Marpheen S.,Chann Marpheen S.,Chann Marpheen S.,Chann Marpheen S.,Chann Marpheen S.,Chann Marpheen S.,Chann Marpheen S.
Portland_06082021_charter_commission_at_large.csv__hit67,Chann Marpheen S.,Buxton Catherine A.,Chann Marpheen S.,Chann Marpheen S.,Chann Marpheen S.,Chann Marpheen S.,Chann Marpheen S.,Chann Marpheen S.,Chann Marpheen S.,Chann Marpheen S.
Portland_06082021_charter_commission_at_large.csv__hit68,Chann Marpheen S.,Chann Marpheen S.,Chann Marpheen S.,Chann Marpheen S.,Chann Marpheen S.,Buxton Catherine A.,Chann Marpheen S.,Chann Marpheen S.,Chann Marpheen S.,Chann Marpheen S.
Portland_06082021_charter_commission_at_large.csv__hit69,Chann Marpheen S.,Chann Marpheen S.,Chann Marpheen S.,Chann Marpheen S.,Chann Marpheen S.,Chann Marpheen S.,Chann Marpheen S.,Chann Marpheen S.,Chann Marpheen S.,Chann Marpheen S.
Portland_06082021_charter_commission_at_large.csv__hit70,Chann Marpheen S.,Chann Marpheen S.,Chann Marpheen S.,Chann Marpheen S.,Chann Marpheen S.,Chann Marpheen S.,Chann Marpheen S.,Chann Marpheen S.,Chann Marpheen S.,Chann Marpheen S.
Portland_06082021_charter_commission_at_large.csv__hit71,Chann Marpheen S.,Chann Marpheen S.,Chann Marpheen S.,Chann Marpheen S.,Chann Marpheen S.,Chann Marpheen S.,Chann Marpheen S.,Chann Marpheen S.,Chann Marpheen S.,Chann Marpheen S.
Portland_06082021_charter_commission_at_large.csv__hit72,Chann Marpheen S.,Chann Marpheen S.,Chann Marpheen S.,Chann Marpheen S.,Chann Marpheen S.,Chann Marpheen S.,Chann Marpheen S.,Chann Marpheen S.,Chann Marpheen S.,Chann Marpheen S.
Portland_06082021_charter_commission_at_large.csv__hit73,Chann Marpheen S.,Chann Marpheen S.,Chann Marpheen S.,Chann Marpheen S.,Chann Marpheen S.,Chann Marpheen S.,Chann Marpheen S.,Chann Marpheen S.,Chann Marpheen S.,Chann Marpheen S.
Portland_06082021_charter_commission_at_large.csv__hit74,Chann Marpheen S.,Chann Marpheen S.,Chann Marpheen S.,Chann Marpheen S.,Chann Marpheen S.,Chann Marpheen S.,Chann Marpheen S.,Chann Marpheen S.,Chann Marpheen S.,Chann Marpheen S.
Portland_06082021_charter_commission_at_large.csv__hit75,Chann Marpheen S.,Chann Marpheen S.,Chann Marpheen S.,Chann Marpheen S.,Chann Marpheen S.,Chann Marpheen S.,Chann Marpheen S.,Chann Marpheen S.,Chann Marpheen S.,Chann Marpheen S.
Portland_06082021_charter_commission_at_large.csv__hit76,Chann Marpheen S.,Chann Marpheen S.,Chann Marpheen S.,Chann Marpheen S.,Chann Marpheen S.,Chann Marpheen S.,Chann Marpheen S.,Chann Marpheen S.,Chann Marpheen S.,Chann Marpheen S.
Portland_06082021_charter_commission_at_large.csv__hit77,Chann Marpheen S.,Chann Marpheen S.,Chann Marpheen S.,Chann Marpheen S.,Chann Marpheen S.,Chann Marpheen S.,Chann Marpheen S.,Chann Marpheen S.,Chann Marpheen S.,Chann Marpheen S.
Portland_06082021_charter_commission_at_large.csv__hit78,Chann Marpheen S.,Chann Marpheen S.,Chann Marpheen S.,Chann Marpheen S.,Chann Marpheen S.,Chann Marpheen S.,Chann Marpheen S.,Chann Marpheen S.,Chann Marpheen S.,Chann Marpheen S.
Portland_06082021_charter_commission_at_large.csv__hit79,Chann Marpheen S.,Chann Marpheen S.,Chann Marpheen S.,Chann Marpheen S.,Chann Marpheen S.,Chann Marpheen S.,Chann Marpheen S.,Chann Marpheen S.,Chann Marpheen S.,Chann Marpheen S.
Portland_06082021_charter_commission_at_large.csv__hit80,Chann Marpheen S.,Chann Marpheen S.,Chann Marpheen S.,Chann Marpheen S.,Chann Marpheen S.,Chann Marpheen S.,Chann Marpheen S.,Chann Marpheen S.,Chann Marpheen S.,Chann Marpheen S.
Portland_06082021_charter_commission_at_large.csv__hit81,Chann Marpheen S.,Chann Marpheen S.,Chann Marpheen S.,Chann Marpheen S.,Buxton Catherine A.,Chann Marpheen S.,Chann Marpheen S.,Chann Marpheen S.,Chann Marpheen S.,Chann Marpheen S.
Portland_06082021_charter_commission_at_large.csv__hit82,Chann Marpheen S.,Chann Marpheen S.,Chann Marpheen S.,Chann Marpheen S.,Chann Marpheen S.,Chann Marpheen S.,Chann Marpheen S.,Chann Marpheen S.,Chann Marpheen S.,Chann Marpheen S.
Portland_06082021_charter_commission_at_large.csv__hit83,Chann Marpheen S.,Chann Marpheen S.,Chann Marpheen S.,Chann Marpheen S.,Chann Marpheen S.,Chann Marpheen S.,Chann Marpheen S.,Chann Marpheen S.,Chann Marpheen S.,Chann Marpheen S.
Portland_06082021_charter_commission_at_large.csv__hit84,Chann Marpheen S.,Chann Marpheen S.,Chann Marpheen S.,Chann Marpheen S.,Chann Marpheen S.,Chann Marpheen S.,Chann Marpheen S.,Chann Marpheen S.,Chann Marpheen S.,Chann Marpheen S.
Portland_06082021_charter_commission_at_large.csv__hit85,Chann Marpheen S.,Chann Marpheen S.,Chann Marpheen S.,Chann Marpheen S.,Chann Marpheen S.,Chann Marpheen S.,Chann Marpheen S.,Chann Marpheen S.,Chann Marpheen S.,Chann Marpheen S.
Portland_06082021_charter_commission_at_large.csv__hit86,Chann Marpheen S.,Chann Marpheen S.,Chann Marpheen S.,Chann Marpheen S.,Chann Marpheen S.,Chann Marpheen S.,Chann Marpheen S.,Chann Marpheen S.,Chann Marpheen S.,Chann Marpheen S.
Portland_06082021_charter_commission_at_large.csv__hit87,Chann Marpheen S.,Chann Marpheen S.,Chann Marpheen S.,Chann Marpheen S.,Chann Marpheen S.,Chann Marpheen S.,Chann Marpheen S.,Chann Marpheen S.,Chann Marpheen S.,Chann Marpheen S.
Portland_06082021_charter_commission_at_large.csv__hit88,Chann Marpheen S.,Chann Marpheen S.,Chann Marpheen S.,Chann Marpheen S.,Chann Marpheen S.,Chann Marpheen S.,Chann Marpheen S.,Chann Marpheen S.,Chann Marpheen S.,Chann Marpheen S.
Portland_06082021_charter_commission_at_large.csv__hit89,Chann Marpheen S.,Chann Marpheen S.,Chann Marpheen S.,Chann Marpheen S.,Chann Marpheen S.,Chann Marpheen S.,Chann Marpheen S.,Chann Marpheen S.,Chann Marpheen S.,Chann Marpheen S.
Portland_06082021_charter_commission_at_large.csv__hit90,Chann Marpheen S.,Chann Marpheen S.,Chann Marpheen S.,Chann Marpheen S.,Chann Marpheen S.,Chann Marpheen S.,Chann Marpheen S.,Chann Marpheen S.,Chann Marpheen S.,Chann Marpheen S.
Portland_06082021_charter_commission_at_large.csv__hit91,Chann Marpheen S.,Chann Marpheen S.,Chann Marpheen S.,Chann Marpheen S.,Chann Marpheen S.,Chann Marpheen S.,Chann Marpheen S.,Chann Marpheen S.,Chann Marpheen S.,Chann Marpheen S.
Portland_06082021_charter_commission_at_large.csv__hit92,Chann Marpheen S.,Chann Marpheen S.,Chann Marpheen S.,Chann Marpheen S.,Chann Marpheen S.,Chann Marpheen S.,Chann Marpheen S.,Chann Marpheen S.,Chann Marpheen S.,Chann Marpheen S.
Portland_06082021_charter_commission_at_large.csv__hit93,Chann Marpheen S.,Chann Marpheen S.,Chann Marpheen S.,Chann Marpheen S.,Chann Marpheen S.,Chann Marpheen S.,Chann Marpheen S.,Chann Marpheen S.,Chann Marpheen S.,Chann Marpheen S.
Portland_06082021_charter_commission_at_large.csv__hit94,Chann Marpheen S.,Chann Marpheen S.,Chann Marpheen S.,Chann Marpheen S.,Chann Marpheen S.,Chann Marpheen S.,Chann Marpheen S.,Chann Marpheen S.,Chann Marpheen S.,Chann Marpheen S.
Portland_06082021_charter_commission_at_large.csv__hit95,Chann Marpheen S.,Chann Marpheen S.,Chann Marpheen S.,Chann Marpheen S.,Buxton Catherine A.,Chann Marpheen S.,Chann Marpheen S.,Chann Marpheen S.,Chann Marpheen S.,Chann Marpheen S.
Portland_06082021_charter_commission_at_large.csv__hit96,Chann Marpheen S.,Chann Marpheen S.,Chann Marpheen S.,Chann Marpheen S.,Chann Marpheen S.,Chann Marpheen S.,Chann Marpheen S.,Chann Marpheen S.,Chann Marpheen S.,Chann Marpheen S.
Portland_06082021_charter_commission_at_large.csv__hit97,Buxton Catherine A.,Chann Marpheen S.,Chann Marpheen S.,Chann Marpheen S.,Chann Marpheen S.,Chann Marpheen S.,Chann Marpheen S.,Chann Marpheen S.,Chann Marpheen S.,Chann Marpheen S.
Portland_06082021_charter_commission_at_large.csv__hit98,Chann Marpheen S.,Chann Marpheen S.,Chann Marpheen S.,Chann Marpheen S.,Chann Marpheen S.,Chann Marpheen S.,Chann Marpheen S.,Chann Marpheen S.,Chann Marpheen S.,Chann Marpheen S.
Portland_06082021_charter_commission_at_large.csv__hit99,Chann Marpheen S.,Chann Marpheen S.,Chann Marpheen S.,Chann Marpheen S.,Chann Marpheen S.,Chann Marpheen S.,Chann Marpheen S.,Chann Marpheen S.,Chann Marpheen S.,Chann Marpheen S.
Portland_06082021_charter_commission_at_large.csv__hit100,Chann Marpheen S.,Chann Marpheen S.,Chann Marpheen S.,Chann Marpheen S.,Chann Marpheen S.,Chann Marpheen S.,Chann Marpheen S.,Chann Marpheen S.,Chann Marpheen S.,Chann Marpheen S.
Portland_06082021_charter_commission_at_large.csv__hit101,Chann Marpheen S.,Chann Marpheen S.,Chann Marpheen S.,Chann Marpheen S.,Chann Marpheen S.,Chann Marpheen S.,Chann Marpheen S.,Chann Marpheen S.,Chann Marpheen S.,Chann Marpheen S.
Portland_06082021_charter_commission_at_large.csv__hit102,Chann Marpheen S.,Chann Marpheen S.,Chann Marpheen S.,Chann Marpheen S.,Chann Marpheen S.,Chann Marpheen S.,Chann Marpheen S.,Chann Marpheen S.,Chann Marpheen S.,Chann Marpheen S.
Portland_06082021_charter_commission_at_large.csv__hit103,Chann Marpheen S.,Chann Marpheen S.,Chann Marpheen S.,Chann Marpheen S.,Chann Marpheen S.,Chann Marpheen S.,Chann Marpheen S.,Chann Marpheen S.,Chann Marpheen S.,Chann Marpheen S.
Portland_06082021_charter_commission_at_large.csv__hit104,Chann Marpheen S.,Chann Marpheen S.,Chann Marpheen S.,Chann Marpheen S.,Chann Marpheen S.,Chann Marpheen S.,Chann Marpheen S.,Chann Marpheen S.,Chann Marpheen S.,Chann Marpheen S.
Portland_06082021_charter_commission_at_large.csv__hit105,Chann Marpheen S.,Chann Marpheen S.,Chann Marpheen S.,Chann Marpheen S.,Chann Marpheen S.,Chann Marpheen S.,Chann Marpheen S.,Chann Marpheen S.,Chann Marpheen S.,Chann Marpheen S.
Portland_06082021_charter_commission_at_large.csv__hit106,Chann Marpheen S.,Chann Marpheen S.,Chann Marpheen S.,Chann Marpheen S.,Chann Marpheen S.,Chann Marpheen S.,Chann Marpheen S.,Chann Marpheen S.,Chann Marpheen S.,Chann Marpheen S.
Portland_06082021_charter_commission_at_large.csv__hit107,Chann Marpheen S.,Chann Marpheen S.,Chann Marpheen S.,Chann Marpheen S.,Buxton Catherine A.,Chann Marpheen S.,Chann Marpheen S.,Chann Marpheen S.,Chann Marpheen S.,Chann Marpheen S.
Portland_06082021_charter_commission_at_large.csv__hit108,Chann Marpheen S.,Chann Marpheen S.,Chann Marpheen S.,Chann Marpheen S.,Chann Marpheen S.,Chann Marpheen S.,Chann Marpheen S.,Chann Marpheen S.,Chann Marpheen S.,Chann Marpheen S.
Portland_06082021_charter_commission_at_large.csv__hit109,Chann Marpheen S.,Chann Marpheen S.,Chann Marpheen S.,Chann Marpheen S.,Chann Marpheen S.,Buxton Catherine A.,Chann Marpheen S.,Chann Marpheen S.,Chann Marpheen S.,Chann Marpheen S.
Portland_06082021_charter_commission_at_large.csv__hit110,Chann Marpheen S.,Chann Marpheen S.,Chann Marpheen S.,Chann Marpheen S.,Chann Marpheen S.,Chann Marpheen S.,Chann Marpheen S.,Chann Marpheen S.,Chann Marpheen S.,Chann Marpheen S.
Portland_06082021_charter_commission_at_large.csv__hit111,Chann Marpheen S.,Chann Marpheen S.,Chann Marpheen S.,Chann Marpheen S.,Chann Marpheen S.,Chann Marpheen S.,Chann Marpheen S.,Chann Marpheen S.,Chann Marpheen S.,Chann Marpheen S.
Portland_06082021_charter_commission_at_large.csv__hit112,Chann Marpheen S.,Chann Marpheen S.,Chann Marpheen S.,Chann Marpheen S.,Chann Marpheen S.,Chann Marpheen S.,Chann Marpheen S.,Chann Marpheen S.,Chann Marpheen S.,Chann Marpheen S.
Portland_06082021_charter_commission_at_large.csv__hit113,Chann Marpheen S.,Chann Marpheen S.,Chann Marpheen S.,Chann Marpheen S.,Chann Marpheen S.,Chann Marpheen S.,Chann Marpheen S.,Chann Marpheen S.,Chann Marpheen S.,Chann Marpheen S.
Portland_06082021_charter_commission_at_large.csv__hit114,Chann Marpheen S.,Chann Marpheen S.,Chann Marpheen S.,Chann Marpheen S.,Chann Marpheen S.,Chann Marpheen S.,Chann Marpheen S.,Chann Marpheen S.,Chann Marpheen S.,Chann Marpheen S.
Portland_06082021_charter_commission_at_large.csv__hit115,Chann Marpheen S.,Chann Marpheen S.,Chann Marpheen S.,Chann Marpheen S.,Chann Marpheen S.,Chann Marpheen S.,Chann Marpheen S.,Chann Marpheen S.,Chann Marpheen S.,Chann Marpheen S.
Portland_06082021_charter_commission_at_large.csv__hit116,Chann Marpheen S.,Chann Marpheen S.,Chann Marpheen S.,Chann Marpheen S.,Chann Marpheen S.,Chann Marpheen S.,Chann Marpheen S.,Chann Marpheen S.,Chann Marpheen S.,Chann Marpheen S.
Portland_06082021_charter_commission_at_large.csv__hit117,Chann Marpheen S.,Chann Marpheen S.,Chann Marpheen S.,Chann Marpheen S.,Chann Marpheen S.,Chann Marpheen S.,Chann Marpheen S.,Chann Marpheen S.,Chann Marpheen S.,Chann Marpheen S.
Portland_06082021_charter_commission_at_large.csv__hit118,Chann Marpheen S.,Chann Marpheen S.,Chann Marpheen S.,Chann Marpheen S.,Chann Marpheen S.,Chann Marpheen S.,Chann Marpheen S.,Chann Marpheen S.,Chann Marpheen S.,Chann Marpheen S.
Portland_06082021_charter_commission_at_large.csv__hit119,Chann Marpheen S.,Chann Marpheen S.,Chann Marpheen S.,Chann Marpheen S.,Chann Marpheen S.,Chann Marpheen S.,Chann Marpheen S.,Chann Marpheen S.,Chann Marpheen S.,Chann Marpheen S.
Portland_06082021_charter_commission_at_large.csv__hit120,Chann Marpheen S.,Chann Marpheen S.,Chann Marpheen S.,Chann Marpheen S.,Chann Marpheen S.,Chann Marpheen S.,Chann Marpheen S.,Chann Marpheen S.,Chann Marpheen S.,Chann Marpheen S.
Portland_06082021_charter_commission_at_large.csv__hit121,Chann Marpheen S.,Chann Marpheen S.,Chann Marpheen S.,Chann Marpheen S.,Chann Marpheen S.,Chann Marpheen S.,Chann Marpheen S.,Chann Marpheen S.,Chann Marpheen S.,Chann Marpheen S.
Portland_06082021_charter_commission_at_large.csv__hit122,Chann Marpheen S.,Chann Marpheen S.,Chann Marpheen S.,Chann Marpheen S.,Chann Marpheen S.,Chann Marpheen S.,Chann Marpheen S.,Chann Marpheen S.,Chann Marpheen S.,Chann Marpheen S.
Portland_06082021_charter_commission_at_large.csv__hit123,Chann Marpheen S.,Chann Marpheen S.,Chann Marpheen S.,Chann Marpheen S.,Chann Marpheen S.,Chann Marpheen S.,Chann Marpheen S.,Chann Marpheen S.,Chann Marpheen S.,Chann Marpheen S.
Portland_06082021_charter_commission_at_large.csv__hit124,Chann Marpheen S.,Chann Marpheen S.,Chann Marpheen S.,Chann Marpheen S.,Chann Marpheen S.,Chann Marpheen S.,Chann Marpheen S.,Chann Marpheen S.,Chann Marpheen S.,Chann Marpheen S.
Portland_06082021_charter_commission_at_large.csv__hit125,Chann Marpheen S.,Chann Marpheen S.,Chann Marpheen S.,Chann Marpheen S.,Chann Marpheen S.,Chann Marpheen S.,Chann Marpheen S.,Chann Marpheen S.,Chann Marpheen S.,Chann Marpheen S.
Portland_06082021_charter_commission_at_large.csv__hit126,Chann Marpheen S.,Chann Marpheen S.,Chann Marpheen S.,Chann Marpheen S.,Chann Marpheen S.,Chann Marpheen S.,Chann Marpheen S.,Chann Marpheen S.,Chann Marpheen S.,Chann Marpheen S.
Portland_06082021_charter_commission_at_large.csv__hit127,Chann Marpheen S.,Chann Marpheen S.,Chann Marpheen S.,Chann Marpheen S.,Buxton Catherine A.,Chann Marpheen S.,Chann Marpheen S.,Chann Marpheen S.,Chann Marpheen S.,Chann Marpheen S.
Portland_06082021_charter_commission_at_large.csv__hit128,Chann Marpheen S.,Chann Marpheen S.,Chann Marpheen S.,Chann Marpheen S.,Chann Marpheen S.,Chann Marpheen S.,Chann Marpheen S.,Chann Marpheen S.,Chann Marpheen S.,Chann Marpheen S.
Portland_06082021_charter_commission_at_large.csv__hit129,Chann Marpheen S.,Chann Marpheen S.,Chann Marpheen S.,Chann Marpheen S.,Chann Marpheen S.,Chann Marpheen S.,Chann Marpheen S.,Chann Marpheen S.,Chann Marpheen S.,Chann Marpheen S.
Portland_06082021_charter_commission_at_large.csv__hit130,Chann Marpheen S.,Chann Marpheen S.,Chann Marpheen S.,Chann Marpheen S.,Buxton Catherine A.,Chann Marpheen S.,Chann Marpheen S.,Chann Marpheen S.,Chann Marpheen S.,Chann Marpheen S.
Portland_06082021_charter_commission_at_large.csv__hit131,Chann Marpheen S.,Chann Marpheen S.,Chann Marpheen S.,Chann Marpheen S.,Chann Marpheen S.,Chann Marpheen S.,Chann Marpheen S.,Chann Marpheen S.,Chann Marpheen S.,Chann Marpheen S.
Portland_06082021_charter_commission_at_large.csv__hit132,Chann Marpheen S.,Chann Marpheen S.,Chann Marpheen S.,Chann Marpheen S.,Chann Marpheen S.,Chann Marpheen S.,Chann Marpheen S.,Chann Marpheen S.,Chann Marpheen S.,Chann Marpheen S.
Portland_06082021_charter_commission_at_large.csv__hit133,Chann Marpheen S.,Chann Marpheen S.,Chann Marpheen S.,Chann Marpheen S.,Chann Marpheen S.,Buxton Catherine A.,Chann Marpheen S.,Chann Marpheen S.,Chann Marpheen S.,Chann Marpheen S.
Portland_06082021_charter_commission_at_large.csv__hit134,Chann Marpheen S.,Chann Marpheen S.,Chann Marpheen S.,Chann Marpheen S.,Chann Marpheen S.,Chann Marpheen S.,Chann Marpheen S.,Chann Marpheen S.,Chann Marpheen S.,Chann Marpheen S.
Portland_06082021_charter_commission_at_large.csv__hit135,Chann Marpheen S.,Chann Marpheen S.,Chann Marpheen S.,Chann Marpheen S.,Buxton Catherine A.,Chann Marpheen S.,Chann Marpheen S.,Chann Marpheen S.,Chann Marpheen S.,Chann Marpheen S.
Portland_06082021_charter_commission_at_large.csv__hit136,Chann Marpheen S.,Chann Marpheen S.,Chann Marpheen S.,Chann Marpheen S.,Chann Marpheen S.,Chann Marpheen S.,Chann Marpheen S.,Chann Marpheen S.,Chann Marpheen S.,Chann Marpheen S.
Portland_06082021_charter_commission_at_large.csv__hit137,Chann Marpheen S.,Chann Marpheen S.,Chann Marpheen S.,Chann Marpheen S.,Chann Marpheen S.,Chann Marpheen S.,Chann Marpheen S.,Chann Marpheen S.,Chann Marpheen S.,Chann Marpheen S.
Portland_06082021_charter_commission_at_large.csv__hit138,Chann Marpheen S.,Chann Marpheen S.,Chann Marpheen S.,Chann Marpheen S.,Chann Marpheen S.,Chann Marpheen S.,Chann Marpheen S.,Chann Marpheen S.,Chann Marpheen S.,Chann Marpheen S.
Portland_06082021_charter_commission_at_large.csv__hit139,Chann Marpheen S.,Chann Marpheen S.,Chann Marpheen S.,Chann Marpheen S.,Chann Marpheen S.,Chann Marpheen S.,Chann Marpheen S.,Chann Marpheen S.,Chann Marpheen S.,Chann Marpheen S.
Portland_06082021_charter_commission_at_large.csv__hit140,Chann Marpheen S.,Chann Marpheen S.,Chann Marpheen S.,Chann Marpheen S.,Buxton Catherine A.,Chann Marpheen S.,Chann Marpheen S.,Chann Marpheen S.,Chann Marpheen S.,Chann Marpheen S.
Portland_06082021_charter_commission_at_large.csv__hit141,Chann Marpheen S.,Chann Marpheen S.,Chann Marpheen S.,Chann Marpheen S.,Chann Marpheen S.,Chann Marpheen S.,Chann Marpheen S.,Chann Marpheen S.,Chann Marpheen S.,Chann Marpheen S.
Portland_06082021_charter_commission_at_large.csv__hit142,Chann Marpheen S.,Chann Marpheen S.,Chann Marpheen S.,Chann Marpheen S.,Chann Marpheen S.,Chann Marpheen S.,Chann Marpheen S.,Chann Marpheen S.,Chann Marpheen S.,Chann Marpheen S.
Portland_06082021_charter_commission_at_large.csv__hit143,Chann Marpheen S.,Chann Marpheen S.,Chann Marpheen S.,Chann Marpheen S.,Chann Marpheen S.,Chann Marpheen S.,Chann Marpheen S.,Chann Marpheen S.,Chann Marpheen S.,Chann Marpheen S.
Portland_06082021_charter_commission_at_large.csv__hit144,Chann Marpheen S.,Chann Marpheen S.,Chann Marpheen S.,Chann Marpheen S.,Buxton Catherine A.,Chann Marpheen S.,Chann Marpheen S.,Chann Marpheen S.,Chann Marpheen S.,Chann Marpheen S.
Portland_06082021_charter_commission_at_large.csv__hit145,Chann Marpheen S.,Chann Marpheen S.,Chann Marpheen S.,Chann Marpheen S.,Chann Marpheen S.,Chann Marpheen S.,Chann Marpheen S.,Chann Marpheen S.,Chann Marpheen S.,Chann Marpheen S.
Portland_06082021_charter_commission_at_large.csv__hit146,Chann Marpheen S.,Chann Marpheen S.,Chann Marpheen S.,Chann Marpheen S.,Chann Marpheen S.,Chann Marpheen S.,Chann Marpheen S.,Chann Marpheen S.,Chann Marpheen S.,Chann Marpheen S.
Portland_06082021_charter_commission_at_large.csv__hit147,Chann Marpheen S.,Chann Marpheen S.,Chann Marpheen S.,Chann Marpheen S.,Chann Marpheen S.,Chann Marpheen S.,Chann Marpheen S.,Chann Marpheen S.,Chann Marpheen S.,Chann Marpheen S.
Portland_06082021_charter_commission_at_large.csv__hit148,Chann Marpheen S.,Chann Marpheen S.,Chann Marpheen S.,Chann Marpheen S.,Chann Marpheen S.,Chann Marpheen S.,Chann Marpheen S.,Chann Marpheen S.,Chann Marpheen S.,Chann Marpheen S.
Portland_06082021_charter_commission_at_large.csv__hit149,Chann Marpheen S.,Chann Marpheen S.,Chann Marpheen S.,Chann Marpheen S.,Chann Marpheen S.,Chann Marpheen S.,Chann Marpheen S.,Chann Marpheen S.,Chann Marpheen S.,Chann Marpheen S.
Portland_06082021_charter_commission_at_large.csv__hit150,Chann Marpheen S.,Chann Marpheen S.,Chann Marpheen S.,Chann Marpheen S.,Chann Marpheen S.,Chann Marpheen S.,Chann Marpheen S.,Chann Marpheen S.,Chann Marpheen S.,Chann Marpheen S.
Portland_06082021_charter_commission_at_large.csv__hit151,Chann Marpheen S.,Chann Marpheen S.,Chann Marpheen S.,Chann Marpheen S.,Chann Marpheen S.,Chann Marpheen S.,Chann Marpheen S.,Chann Marpheen S.,Chann Marpheen S.,Chann Marpheen S.
Portland_06082021_charter_commission_at_large.csv__hit152,Chann Marpheen S.,Chann Marpheen S.,Chann Marpheen S.,Chann Marpheen S.,Chann Marpheen S.,Chann Marpheen S.,Chann Marpheen S.,Chann Marpheen S.,Chann Marpheen S.,Chann Marpheen S.
Portland_06082021_charter_commission_at_large.csv__hit153,Chann Marpheen S.,Chann Marpheen S.,Chann Marpheen S.,Chann Marpheen S.,Chann Marpheen S.,Chann Marpheen S.,Chann Marpheen S.,Chann Marpheen S.,Chann Marpheen S.,Chann Marpheen S.
Portland_06082021_charter_commission_at_large.csv__hit154,Chann Marpheen S.,Chann Marpheen S.,Chann Marpheen S.,Chann Marpheen S.,Chann Marpheen S.,Chann Marpheen S.,Chann Marpheen S.,Chann Marpheen S.,Chann Marpheen S.,Chann Marpheen S.
Portland_06082021_charter_commission_at_large.csv__hit155,Chann Marpheen S.,Chann Marpheen S.,Chann Marpheen S.,Chann Marpheen S.,Chann Marpheen S.,Chann Marpheen S.,Chann Marpheen S.,Chann Marpheen S.,Chann Marpheen S.,Chann Marpheen S.
Portland_06082021_charter_commission_at_large.csv__hit156,Chann Marpheen S.,Chann Marpheen S.,Chann Marpheen S.,Chann Marpheen S.,Chann Marpheen S.,Chann Marpheen S.,Chann Marpheen S.,Chann Marpheen S.,Chann Marpheen S.,Chann Marpheen S.
Portland_06082021_charter_commission_at_large.csv__hit157,Chann Marpheen S.,Chann Marpheen S.,Chann Marpheen S.,Chann Marpheen S.,Chann Marpheen S.,Chann Marpheen S.,Chann Marpheen S.,Chann Marpheen S.,Chann Marpheen S.,Chann Marpheen S.
Portland_06082021_charter_commission_at_large.csv__hit158,Chann Marpheen S.,Chann Marpheen S.,Chann Marpheen S.,Chann Marpheen S.,Chann Marpheen S.,Chann Marpheen S.,Chann Marpheen S.,Chann Marpheen S.,Chann Marpheen S.,Chann Marpheen S.
Portland_06082021_charter_commission_at_large.csv__hit159,Chann Marpheen S.,Chann Marpheen S.,Chann Marpheen S.,Chann Marpheen S.,Chann Marpheen S.,Chann Marpheen S.,Chann Marpheen S.,Chann Marpheen S.,Chann Marpheen S.,Chann Marpheen S.
Portland_06082021_charter_commission_at_large.csv__hit160,Chann Marpheen S.,Chann Marpheen S.,Chann Marpheen S.,Chann Marpheen S.,Chann Marpheen S.,Chann Marpheen S.,Chann Marpheen S.,Chann Marpheen S.,Chann Marpheen S.,Chann Marpheen S.
Portland_06082021_charter_commission_at_large.csv__hit161,Chann Marpheen S.,Chann Marpheen S.,Chann Marpheen S.,Chann Marpheen S.,Chann Marpheen S.,Chann Marpheen S.,Chann Marpheen S.,Chann Marpheen S.,Chann Marpheen S.,Chann Marpheen S.
Portland_06082021_charter_commission_at_large.csv__hit162,Chann Marpheen S.,Chann Marpheen S.,Chann Marpheen S.,Chann Marpheen S.,Chann Marpheen S.,Chann Marpheen S.,Chann Marpheen S.,Chann Marpheen S.,Chann Marpheen S.,Chann Marpheen S.
Portland_06082021_charter_commission_at_large.csv__hit163,Chann Marpheen S.,Chann Marpheen S.,Chann Marpheen S.,Chann Marpheen S.,Chann Marpheen S.,Chann Marpheen S.,Chann Marpheen S.,Chann Marpheen S.,Chann Marpheen S.,Chann Marpheen S.
Portland_06082021_charter_commission_at_large.csv__hit164,Chann Marpheen S.,Chann Marpheen S.,Chann Marpheen S.,Chann Marpheen S.,Chann Marpheen S.,Chann Marpheen S.,Chann Marpheen S.,Chann Marpheen S.,Chann Marpheen S.,Chann Marpheen S.
Portland_06082021_charter_commission_at_large.csv__hit165,Chann Marpheen S.,Chann Marpheen S.,Chann Marpheen S.,Chann Marpheen S.,Buxton Catherine A.,Chann Marpheen S.,Chann Marpheen S.,Chann Marpheen S.,Chann Marpheen S.,Chann Marpheen S.
Portland_06082021_charter_commission_at_large.csv__hit166,Chann Marpheen S.,Chann Marpheen S.,Chann Marpheen S.,Chann Marpheen S.,Chann Marpheen S.,Chann Marpheen S.,Chann Marpheen S.,Chann Marpheen S.,Chann Marpheen S.,Chann Marpheen S.
Portland_06082021_charter_commission_at_large.csv__hit167,Chann Marpheen S.,Chann Marpheen S.,Chann Marpheen S.,Chann Marpheen S.,Chann Marpheen S.,Chann Marpheen S.,Chann Marpheen S.,Chann Marpheen S.,Chann Marpheen S.,Chann Marpheen S.
Portland_06082021_charter_commission_at_large.csv__hit168,Chann Marpheen S.,Chann Marpheen S.,Chann Marpheen S.,Chann Marpheen S.,Chann Marpheen S.,Chann Marpheen S.,Chann Marpheen S.,Chann Marpheen S.,Chann Marpheen S.,Chann Marpheen S.
Portland_06082021_charter_commission_at_large.csv__hit169,Chann Marpheen S.,Chann Marpheen S.,Chann Marpheen S.,Chann Marpheen S.,Chann Marpheen S.,Chann Marpheen S.,Chann Marpheen S.,Chann Marpheen S.,Chann Marpheen S.,Chann Marpheen S.
Portland_06082021_charter_commission_at_large.csv__hit170,Chann Marpheen S.,Chann Marpheen S.,Chann Marpheen S.,Chann Marpheen S.,Chann Marpheen S.,Chann Marpheen S.,Chann Marpheen S.,Chann Marpheen S.,Chann Marpheen S.,Chann Marpheen S.
Portland_06082021_charter_commission_at_large.csv__hit171,Chann Marpheen S.,Chann Marpheen S.,Chann Marpheen S.,Chann Marpheen S.,Chann Marpheen S.,Chann Marpheen S.,Chann Marpheen S.,Chann Marpheen S.,Chann Marpheen S.,Chann Marpheen S.
Portland_06082021_charter_commission_at_large.csv__hit172,Chann Marpheen S.,Chann Marpheen S.,Chann Marpheen S.,Chann Marpheen S.,Chann Marpheen S.,Chann Marpheen S.,Chann Marpheen S.,Chann Marpheen S.,Chann Marpheen S.,Chann Marpheen S.
Portland_06082021_charter_commission_at_large.csv__hit173,Chann Marpheen S.,Chann Marpheen S.,Chann Marpheen S.,Chann Marpheen S.,Buxton Catherine A.,Chann Marpheen S.,Chann Marpheen S.,Chann Marpheen S.,Chann Marpheen S.,Chann Marpheen S.
Portland_06082021_charter_commission_at_large.csv__hit174,Chann Marpheen S.,Chann Marpheen S.,Chann Marpheen S.,Chann Marpheen S.,Chann Marpheen S.,Chann Marpheen S.,Chann Marpheen S.,Chann Marpheen S.,Chann Marpheen S.,Chann Marpheen S.
Portland_06082021_charter_commission_at_large.csv__hit175,Chann Marpheen S.,Chann Marpheen S.,Chann Marpheen S.,Chann Marpheen S.,Chann Marpheen S.,Chann Marpheen S.,Chann Marpheen S.,Chann Marpheen S.,Chann Marpheen S.,Chann Marpheen S.
Portland_06082021_charter_commission_at_large.csv__hit176,Chann Marpheen S.,Chann Marpheen S.,Chann Marpheen S.,Chann Marpheen S.,Chann Marpheen S.,Chann Marpheen S.,Chann Marpheen S.,Chann Marpheen S.,Chann Marpheen S.,Chann Marpheen S.
Portland_06082021_charter_commission_at_large.csv__hit177,Chann Marpheen S.,Chann Marpheen S.,Chann Marpheen S.,Chann Marpheen S.,Chann Marpheen S.,Chann Marpheen S.,Chann Marpheen S.,Chann Marpheen S.,Chann Marpheen S.,Chann Marpheen S.
Portland_06082021_charter_commission_at_large.csv__hit178,Chann Marpheen S.,Chann Marpheen S.,Chann Marpheen S.,Chann Marpheen S.,Chann Marpheen S.,Chann Marpheen S.,Chann Marpheen S.,Chann Marpheen S.,Chann Marpheen S.,Chann Marpheen S.
Portland_06082021_charter_commission_at_large.csv__hit179,Chann Marpheen S.,Chann Marpheen S.,Chann Marpheen S.,Chann Marpheen S.,Chann Marpheen S.,Chann Marpheen S.,Chann Marpheen S.,Chann Marpheen S.,Chann Marpheen S.,Chann Marpheen S.
Portland_06082021_charter_commission_at_large.csv__hit180,Chann Marpheen S.,Chann Marpheen S.,Chann Marpheen S.,Chann Marpheen S.,Chann Marpheen S.,Chann Marpheen S.,Chann Marpheen S.,Chann Marpheen S.,Chann Marpheen S.,Chann Marpheen S.
Portland_06082021_charter_commission_at_large.csv__hit181,Chann Marpheen S.,Chann Marpheen S.,Chann Marpheen S.,Chann Marpheen S.,Chann Marpheen S.,Chann Marpheen S.,Chann Marpheen S.,Chann Marpheen S.,Chann Marpheen S.,Chann Marpheen S.
Portland_06082021_charter_commission_at_large.csv__hit182,Chann Marpheen S.,Chann Marpheen S.,Chann Marpheen S.,Chann Marpheen S.,Chann Marpheen S.,Chann Marpheen S.,Chann Marpheen S.,Chann Marpheen S.,Chann Marpheen S.,Chann Marpheen S.
Portland_06082021_charter_commission_at_large.csv__hit183,Chann Marpheen S.,Chann Marpheen S.,Chann Marpheen S.,Chann Marpheen S.,Chann Marpheen S.,Chann Marpheen S.,Chann Marpheen S.,Chann Marpheen S.,Chann Marpheen S.,Chann Marpheen S.
Portland_06082021_charter_commission_at_large.csv__hit184,Chann Marpheen S.,Chann Marpheen S.,Chann Marpheen S.,Chann Marpheen S.,Chann Marpheen S.,Chann Marpheen S.,Chann Marpheen S.,Chann Marpheen S.,Chann Marpheen S.,Chann Marpheen S.
Portland_06082021_charter_commission_at_large.csv__hit185,Chann Marpheen S.,Chann Marpheen S.,Chann Marpheen S.,Chann Marpheen S.,Chann Marpheen S.,Chann Marpheen S.,Chann Marpheen S.,Chann Marpheen S.,Chann Marpheen S.,Chann Marpheen S.
Portland_06082021_charter_commission_at_large.csv__hit186,Chann Marpheen S.,Chann Marpheen S.,Chann Marpheen S.,Chann Marpheen S.,Chann Marpheen S.,Chann Marpheen S.,Chann Marpheen S.,Chann Marpheen S.,Chann Marpheen S.,Chann Marpheen S.
Portland_06082021_charter_commission_at_large.csv__hit187,Chann Marpheen S.,Chann Marpheen S.,Chann Marpheen S.,Chann Marpheen S.,Chann Marpheen S.,Chann Marpheen S.,Chann Marpheen S.,Chann Marpheen S.,Chann Marpheen S.,Chann Marpheen S.
Portland_06082021_charter_commission_at_large.csv__hit188,Chann Marpheen S.,Chann Marpheen S.,Chann Marpheen S.,Chann Marpheen S.,Chann Marpheen S.,Chann Marpheen S.,Chann Marpheen S.,Chann Marpheen S.,Chann Marpheen S.,Chann Marpheen S.
Portland_06082021_charter_commission_at_large.csv__hit189,Chann Marpheen S.,Chann Marpheen S.,Chann Marpheen S.,Chann Marpheen S.,Chann Marpheen S.,Chann Marpheen S.,Chann Marpheen S.,Chann Marpheen S.,Chann Marpheen S.,Chann Marpheen S.
Portland_06082021_charter_commission_at_large.csv__hit190,Chann Marpheen S.,Chann Marpheen S.,Chann Marpheen S.,Chann Marpheen S.,Chann Marpheen S.,Chann Marpheen S.,Chann Marpheen S.,Chann Marpheen S.,Chann Marpheen S.,Chann Marpheen S.
Portland_06082021_charter_commission_at_large.csv__hit191,Chann Marpheen S.,Chann Marpheen S.,Chann Marpheen S.,Chann Marpheen S.,Chann Marpheen S.,Chann Marpheen S.,Chann Marpheen S.,Chann Marpheen S.,Chann Marpheen S.,Chann Marpheen S.
Portland_06082021_charter_commission_at_large.csv__hit192,Chann Marpheen S.,Chann Marpheen S.,Chann Marpheen S.,Chann Marpheen S.,Chann Marpheen S.,Chann Marpheen S.,Chann Marpheen S.,Chann Marpheen S.,Chann Marpheen S.,Chann Marpheen S.
Portland_06082021_charter_commission_at_large.csv__hit193,Chann Marpheen S.,Chann Marpheen S.,Chann Marpheen S.,Chann Marpheen S.,Chann Marpheen S.,Chann Marpheen S.,Chann Marpheen S.,Chann Marpheen S.,Chann Marpheen S.,Chann Marpheen S.
Portland_06082021_charter_commission_at_large.csv__hit194,Chann Marpheen S.,Chann Marpheen S.,Chann Marpheen S.,Chann Marpheen S.,Chann Marpheen S.,Chann Marpheen S.,Chann Marpheen S.,Chann Marpheen S.,Chann Marpheen S.,Chann Marpheen S.
Portland_06082021_charter_commission_at_large.csv__hit195,Chann Marpheen S.,Chann Marpheen S.,Chann Marpheen S.,Chann Marpheen S.,Chann Marpheen S.,Chann Marpheen S.,Chann Marpheen S.,Chann Marpheen S.,Chann Marpheen S.,Chann Marpheen S.
Portland_06082021_charter_commission_at_large.csv__hit196,Chann Marpheen S.,Chann Marpheen S.,Chann Marpheen S.,Chann Marpheen S.,Chann Marpheen S.,Chann Marpheen S.,Chann Marpheen S.,Chann Marpheen S.,Chann Marpheen S.,Chann Marpheen S.
Portland_06082021_charter_commission_at_large.csv__hit197,Chann Marpheen S.,Chann Marpheen S.,Chann Marpheen S.,Chann Marpheen S.,Chann Marpheen S.,Chann Marpheen S.,Chann Marpheen S.,Chann Marpheen S.,Chann Marpheen S.,Chann Marpheen S.
Portland_06082021_charter_commission_at_large.csv__hit198,Chann Marpheen S.,Chann Marpheen S.,Chann Marpheen S.,Chann Marpheen S.,Chann Marpheen S.,Chann Marpheen S.,Chann Marpheen S.,Chann Marpheen S.,Chann Marpheen S.,Chann Marpheen S.
Portland_06082021_charter_commission_at_large.csv__hit199,Chann Marpheen S.,Chann Marpheen S.,Chann Marpheen S.,Chann Marpheen S.,Chann Marpheen S.,Chann Marpheen S.,Chann Marpheen S.,Chann Marpheen S.,Chann Marpheen S.,Chann Marpheen S.
Oakland_11082022_Schoolboarddistrict4.csv__hit0,NICK RESNICK,NICK RESNICK,NICK RESNICK,NICK RESNICK,NICK RESNICK,PECOLIA MANIGO,NICK RESNICK,NICK RESNICK,NICK RESNICK,NICK RESNICK
Oakland_11082022_Schoolboarddistrict4.csv__hit1,NICK RESNICK,NICK RESNICK,NICK RESNICK,NICK RESNICK,PECOLIA MANIGO,NICK RESNICK,NICK RESNICK,NICK RESNICK,MIKE HUTCHINSON,NICK RESNICK
Oakland_11082022_Schoolboarddistrict4.csv__hit2,NICK RESNICK,NICK RESNICK,NICK RESNICK,NICK RESNICK,PECOLIA MANIGO,NICK RESNICK,MIKE HUTCHINSON,MIKE HUTCHINSON,MIKE HUTCHINSON,NICK RESNICK
Oakland_11082022_Schoolboarddistrict4.csv__hit3,MIKE HUTCHINSON,MIKE HUTCHINSON,MIKE HUTCHINSON,NICK RESNICK,PECOLIA MANIGO,NICK RESNICK,MIKE HUTCHINSON,MIKE HUTCHINSON,MIKE HUTCHINSON,MIKE HUTCHINSON
Oakland_11082022_Schoolboarddistrict4.csv__hit4,NICK RESNICK,NICK RESNICK,NICK RESNICK,NICK RESNICK,PECOLIA MANIGO,NICK RESNICK,NICK RESNICK,MIKE HUTCHINSON,NICK RESNICK,NICK RESNICK
Oakland_11082022_Schoolboarddistrict4.csv__hit5,NICK RESNICK,NICK RESNICK,NICK RESNICK,NICK RESNICK,NICK RESNICK,NICK RESNICK,NICK RESNICK,MIKE HUTCHINSON,MIKE HUTCHINSON,NICK RESNICK
Oakland_11082022_Schoolboarddistrict4.csv__hit6,NICK RESNICK,NICK RESNICK,NICK RESNICK,NICK RESNICK,PECOLIA MANIGO,NICK RESNICK,NICK RESNICK,MIKE HUTCHINSON,MIKE HUTCHINSON,NICK RESNICK
Oakland_11082022_Schoolboarddistrict4.csv__hit7,NICK RESNICK,NICK RESNICK,NICK RESNICK,NICK RESNICK,PECOLIA MANIGO,PECOLIA MANIGO,NICK RESNICK,NICK RESNICK,NICK RESNICK,NICK RESNICK
Oakland_11082022_Schoolboarddistrict4.csv__hit8,MIKE HUTCHINSON,MIKE HUTCHINSON,NICK RESNICK,MIKE HUTCHINSON,PECOLIA MANIGO,PECOLIA MANIGO,MIKE HUTCHINSON,MIKE HUTCHINSON,MIKE HUTCHINSON,MIKE HUTCHINSON
Oakland_11082022_Schoolboarddistrict4.csv__hit9,NICK RESNICK,NICK RESNICK,NICK RESNICK,NICK RESNICK,PECOLIA MANIGO,NICK RESNICK,NICK RESNICK,MIKE HUTCHINSON,NICK RESNICK,NICK RESNICK
Oakland_11082022_Schoolboarddistrict4.csv__hit10,NICK RESNICK,NICK RESNICK,NICK RESNICK,NICK RESNICK,PECOLIA MANIGO,PECOLIA MANIGO,NICK RESNICK,NICK RESNICK,MIKE HUTCHINSON,MIKE HUTCHINSON
Oakland_11082022_Schoolboarddistrict4.csv__hit11,MIKE HUTCHINSON,MIKE HUTCHINSON,MIKE HUTCHINSON,MIKE HUTCHINSON,PECOLIA MANIGO,MIKE HUTCHINSON,MIKE HUTCHINSON,MIKE HUTCHINSON,MIKE HUTCHINSON,NICK RESNICK
Oakland_11082022_Schoolboarddistrict4.csv__hit12,NICK RESNICK,NICK RESNICK,NICK RESNICK,NICK RESNICK,PECOLIA MANIGO,NICK RESNICK,NICK RESNICK,MIKE HUTCHINSON,NICK RESNICK,NICK RESNICK
Oakland_11082022_Schoolboarddistrict4.csv__hit13,MIKE HUTCHINSON,MIKE HUTCHINSON,MIKE HUTCHINSON,MIKE HUTCHINSON,MIKE HUTCHINSON,NICK RESNICK,MIKE HUTCHINSON,MIKE HUTCHINSON,MIKE HUTCHINSON,MIKE HUTCHINSON
Oakland_11082022_Schoolboarddistrict4.csv__hit14,NICK RESNICK,NICK RESNICK,NICK RESNICK,NICK RESNICK,PECOLIA MANIGO,NICK RESNICK,NICK RESNICK,NICK RESNICK,MIKE HUTCHINSON,NICK RESNICK
Oakland_11082022_Schoolboarddistrict4.csv__hit15,NICK RESNICK,NICK RESNICK,NICK RESNICK,NICK RESNICK,PECOLIA MANIGO,NICK RESNICK,NICK RESNICK,MIKE HUTCHINSON,NICK RESNICK,NICK RESNICK
Oakland_11082022_Schoolboarddistrict4.csv__hit16,NICK RESNICK,NICK RESNICK,NICK RESNICK,NICK RESNICK,PECOLIA MANIGO,NICK RESNICK,NICK RESNICK,MIKE HUTCHINSON,MIKE HUTCHINSON,NICK RESNICK
Oakland_11082022_Schoolboarddistrict4.csv__hit17,MIKE HUTCHINSON,MIKE HUTCHINSON,MIKE HUTCHINSON,MIKE HUTCHINSON,PECOLIA MANIGO,PECOLIA MANIGO,MIKE HUTCHINSON,MIKE HUTCHINSON,MIKE HUTCHINSON,MIKE HUTCHINSON
Oakland_11082022_Schoolboarddistrict4.csv__hit18,NICK RESNICK,NICK RESNICK,NICK RESNICK,NICK RESNICK,PECOLIA MANIGO,NICK RESNICK,NICK RESNICK,NICK RESNICK,MIKE HUTCHINSON,NICK RESNICK
Oakland_11082022_Schoolboarddistrict4.csv__hit19,NICK RESNICK,NICK RESNICK,NICK RESNICK,NICK RESNICK,PECOLIA MANIGO,PECOLIA MANIGO,NICK RESNICK,NICK RESNICK,NICK RESNICK,NICK RESNICK
Oakland_11082022_Schoolboarddistrict4.csv__hit20,NICK RESNICK,NICK RESNICK,NICK RESNICK,NICK RESNICK,PECOLIA MANIGO,NICK RESNICK,MIKE HUTCHINSON,MIKE HUTCHINSON,NICK RESNICK,NICK RESNICK
Oakland_11082022_Schoolboarddistrict4.csv__hit21,NICK RESNICK,NICK RESNICK,NICK RESNICK,NICK RESNICK,NICK RESNICK,NICK RESNICK,NICK RESNICK,NICK RESNICK,NICK RESNICK,NICK RESNICK
Oakland_11082022_Schoolboarddistrict4.csv__hit22,NICK RESNICK,NICK RESNICK,NICK RESNICK,NICK RESNICK,PECOLIA MANIGO,NICK RESNICK,NICK RESNICK,MIKE HUTCHINSON,NICK RESNICK,NICK RESNICK
Oakland_11082022_Schoolboarddistrict4.csv__hit23,NICK RESNICK,NICK RESNICK,NICK RESNICK,NICK RESNICK,NICK RESNICK,PECOLIA MANIGO,NICK RESNICK,NICK RESNICK,NICK RESNICK,NICK RESNICK
Oakland_11082022_Schoolboarddistrict4.csv__hit24,NICK RESNICK,NICK RESNICK,NICK RESNICK,PECOLIA MANIGO,PECOLIA MANIGO,NICK RESNICK,NICK RESNICK,NICK RESNICK,MIKE HUTCHINSON,NICK RESNICK
Oakland_11082022_Schoolboarddistrict4.csv__hit25,MIKE HUTCHINSON,MIKE HUTCHINSON,MIKE HUTCHINSON,MIKE HUTCHINSON,MIKE HUTCHINSON,PECOLIA MANIGO,MIKE HUTCHINSON,MIKE HUTCHINSON,MIKE HUTCHINSON,MIKE HUTCHINSON
Oakland_11082022_Schoolboarddistrict4.csv__hit26,MIKE HUTCHINSON,MIKE HUTCHINSON,MIKE HUTCHINSON,NICK RESNICK,PECOLIA MANIGO,MIKE HUTCHINSON,MIKE HUTCHINSON,MIKE HUTCHINSON,MIKE HUTCHINSON,MIKE HUTCHINSON
Oakland_11082022_Schoolboarddistrict4.csv__hit27,MIKE HUTCHINSON,MIKE HUTCHINSON,MIKE HUTCHINSON,MIKE HUTCHINSON,PECOLIA MANIGO,NICK RESNICK,MIKE HUTCHINSON,MIKE HUTCHINSON,MIKE HUTCHINSON,NICK RESNICK
Oakland_11082022_Schoolboarddistrict4.csv__hit28,MIKE HUTCHINSON,MIKE HUTCHINSON,NICK RESNICK,NICK RESNICK,PECOLIA MANIGO,PECOLIA MANIGO,MIKE HUTCHINSON,MIKE HUTCHINSON,MIKE HUTCHINSON,NICK RESNICK
Oakland_11082022_Schoolboarddistrict4.csv__hit29,MIKE HUTCHINSON,MIKE HUTCHINSON,MIKE HUTCHINSON,MIKE HUTCHINSON,MIKE HUTCHINSON,MIKE HUTCHINSON,MIKE HUTCHINSON,MIKE HUTCHINSON,MIKE HUTCHINSON,MIKE HUTCHINSON
Oakland_11082022_Schoolboarddistrict4.csv__hit30,NICK RESNICK,NICK RESNICK,NICK RESNICK,NICK RESNICK,PECOLIA MANIGO,NICK RESNICK,NICK RESNICK,NICK RESNICK,NICK RESNICK,NICK RESNICK
Oakland_11082022_Schoolboarddistrict4.csv__hit31,NICK RESNICK,NICK RESNICK,NICK RESNICK,NICK RESNICK,PECOLIA MANIGO,PECOLIA MANIGO,NICK RESNICK,NICK RESNICK,NICK RESNICK,NICK RESNICK
Oakland_11082022_Schoolboarddistrict4.csv__hit32,NICK RESNICK,NICK RESNICK,NICK RESNICK,NICK RESNICK,PECOLIA MANIGO,NICK RESNICK,NICK RESNICK,NICK RESNICK,MIKE HUTCHINSON,NICK RESNICK
Oakland_11082022_Schoolboarddistrict4.csv__hit33,NICK RESNICK,NICK RESNICK,NICK RESNICK,NICK RESNICK,PECOLIA MANIGO,NICK RESNICK,NICK RESNICK,MIKE HUTCHINSON,MIKE HUTCHINSON,NICK RESNICK
Oakland_11082022_Schoolboarddistrict4.csv__hit34,NICK RESNICK,NICK RESNICK,NICK RESNICK,NICK RESNICK,NICK RESNICK,NICK RESNICK,NICK RESNICK,NICK RESNICK,MIKE HUTCHINSON,NICK RESNICK
Oakland_11082022_Schoolboarddistrict4.csv__hit35,NICK RESNICK,NICK RESNICK,NICK RESNICK,NICK RESNICK,PECOLIA MANIGO,NICK RESNICK,NICK RESNICK,MIKE HUTCHINSON,MIKE HUTCHINSON,NICK RESNICK
Oakland_11082022_Schoolboarddistrict4.csv__hit36,MIKE HUTCHINSON,MIKE HUTCHINSON,MIKE HUTCHINSON,MIKE HUTCHINSON,PECOLIA MANIGO,NICK RESNICK,MIKE HUTCHINSON,MIKE HUTCHINSON,MIKE HUTCHINSON,MIKE HUTCHINSON
Oakland_11082022_Schoolboarddistrict4.csv__hit37,MIKE HUTCHINSON,MIKE HUTCHINSON,MIKE HUTCHINSON,MIKE HUTCHINSON,PECOLIA MANIGO,PECOLIA MANIGO,MIKE HUTCHINSON,MIKE HUTCHINSON,MIKE HUTCHINSON,NICK RESNICK
Oakland_11082022_Schoolboarddistrict4.csv__hit38,NICK RESNICK,NICK RESNICK,NICK RESNICK,NICK RESNICK,PECOLIA MANIGO,NICK RESNICK,NICK RESNICK,MIKE HUTCHINSON,MIKE HUTCHINSON,MIKE HUTCHINSON
Oakland_11082022_Schoolboarddistrict4.csv__hit39,NICK RESNICK,NICK RESNICK,NICK RESNICK,NICK RESNICK,PECOLIA MANIGO,PECOLIA MANIGO,NICK RESNICK,NICK RESNICK,NICK RESNICK,NICK RESNICK
Oakland_11082022_Schoolboarddistrict4.csv__hit40,NICK RESNICK,NICK RESNICK,NICK RESNICK,NICK RESNICK,PECOLIA MANIGO,NICK RESNICK,NICK RESNICK,NICK RESNICK,MIKE HUTCHINSON,NICK RESNICK
Oakland_11082022_Schoolboarddistrict4.csv__hit41,MIKE HUTCHINSON,MIKE HUTCHINSON,MIKE HUTCHINSON,MIKE HUTCHINSON,MIKE HUTCHINSON,NICK RESNICK,MIKE HUTCHINSON,MIKE HUTCHINSON,MIKE HUTCHINSON,NICK RESNICK
Oakland_11082022_Schoolboarddistrict4.csv__hit42,MIKE HUTCHINSON,MIKE HUTCHINSON,MIKE HUTCHINSON,MIKE HUTCHINSON,PECOLIA MANIGO,NICK RESNICK,NICK RESNICK,MIKE HUTCHINSON,MIKE HUTCHINSON,MIKE HUTCHINSON
Oakland_11082022_Schoolboarddistrict4.csv__hit43,NICK RESNICK,NICK RESNICK,NICK RESNICK,NICK RESNICK,PECOLIA MANIGO,NICK RESNICK,NICK RESNICK,MIKE HUTCHINSON,NICK RESNICK,NICK RESNICK
Oakland_11082022_Schoolboarddistrict4.csv__hit44,NICK RESNICK,NICK RESNICK,NICK RESNICK,NICK RESNICK,PECOLIA MANIGO,PECOLIA MANIGO,NICK RESNICK,NICK RESNICK,MIKE HUTCHINSON,MIKE HUTCHINSON
Oakland_11082022_Schoolboarddistrict4.csv__hit45,NICK RESNICK,NICK RESNICK,NICK RESNICK,NICK RESNICK,PECOLIA MANIGO,NICK RESNICK,NICK RESNICK,MIKE HUTCHINSON,MIKE HUTCHINSON,NICK RESNICK
Oakland_11082022_Schoolboarddistrict4.csv__hit46,NICK RESNICK,NICK RESNICK,NICK RESNICK,NICK RESNICK,PECOLIA MANIGO,NICK RESNICK,NICK RESNICK,NICK RESNICK,NICK RESNICK,NICK RESNICK
Oakland_11082022_Schoolboarddistrict4.csv__hit47,NICK RESNICK,NICK RESNICK,NICK RESNICK,NICK RESNICK,PECOLIA MANIGO,NICK RESNICK,NICK RESNICK,MIKE HUTCHINSON,MIKE HUTCHINSON,NICK RESNICK
Oakland_11082022_Schoolboarddistrict4.csv__hit48,MIKE HUTCHINSON,MIKE HUTCHINSON,NICK RESNICK,MIKE HUTCHINSON,MIKE HUTCHINSON,MIKE HUTCHINSON,MIKE HUTCHINSON,MIKE HUTCHINSON,MIKE HUTCHINSON,NICK RESNICK
Oakland_11082022_Schoolboarddistrict4.csv__hit49,NICK RESNICK,NICK RESNICK,NICK RESNICK,NICK RESNICK,PECOLIA MANIGO,NICK RESNICK,NICK RESNICK,MIKE HUTCHINSON,NICK RESNICK,NICK RESNICK
Oakland_11082022_Schoolboarddistrict4.csv__hit50,NICK RESNICK,NICK RESNICK,NICK RESNICK,NICK RESNICK,NICK RESNICK,NICK RESNICK,NICK RESNICK,NICK RESNICK,NICK RESNICK,NICK RESNICK
Oakland_11082022_Schoolboarddistrict4.csv__hit51,NICK RESNICK,NICK RESNICK,NICK RESNICK,NICK RESNICK,PECOLIA MANIGO,NICK RESNICK,NICK RESNICK,MIKE HUTCHINSON,MIKE HUTCHINSON,NICK RESNICK
Oakland_11082022_Schoolboarddistrict4.csv__hit52,NICK RESNICK,NICK RESNICK,NICK RESNICK,NICK RESNICK,PECOLIA MANIGO,MIKE HUTCHINSON,NICK RESNICK,MIKE HUTCHINSON,NICK RESNICK,NICK RESNICK
Oakland_11082022_Schoolboarddistrict4.csv__hit53,MIKE HUTCHINSON,MIKE HUTCHINSON,MIKE HUTCHINSON,NICK RESNICK,MIKE HUTCHINSON,NICK RESNICK,MIKE HUTCHINSON,MIKE HUTCHINSON,MIKE HUTCHINSON,MIKE HUTCHINSON
Oakland_11082022_Schoolboarddistrict4.csv__hit54,NICK RESNICK,NICK RESNICK,NICK RESNICK,NICK RESNICK,PECOLIA MANIGO,NICK RESNICK,NICK RESNICK,NICK RESNICK,MIKE HUTCHINSON,MIKE HUTCHINSON
Oakland_11082022_Schoolboarddistrict4.csv__hit55,NICK RESNICK,NICK RESNICK,NICK RESNICK,NICK RESNICK,PECOLIA MANIGO,NICK RESNICK,NICK RESNICK,NICK RESNICK,MIKE HUTCHINSON,NICK RESNICK
Oakland_11082022_Schoolboarddistrict4.csv__hit56,MIKE HUTCHINSON,MIKE HUTCHINSON,NICK RESNICK,MIKE HUTCHINSON,PECOLIA MANIGO,MIKE HUTCHINSON,MIKE HUTCHINSON,MIKE HUTCHINSON,MIKE HUTCHINSON,MIKE HUTCHINSON
Oakland_11082022_Schoolboarddistrict4.csv__hit57,NICK RESNICK,NICK RESNICK,NICK RESNICK,NICK RESNICK,PECOLIA MANIGO,NICK RESNICK,NICK RESNICK,MIKE HUTCHINSON,MIKE HUTCHINSON,NICK RESNICK
Oakland_11082022_Schoolboarddistrict4.csv__hit58,MIKE HUTCHINSON,MIKE HUTCHINSON,NICK RESNICK,NICK RESNICK,PECOLIA MANIGO,NICK RESNICK,MIKE HUTCHINSON,MIKE HUTCHINSON,MIKE HUTCHINSON,MIKE HUTCHINSON
Oakland_11082022_Schoolboarddistrict4.csv__hit59,NICK RESNICK,NICK RESNICK,NICK RESNICK,NICK RESNICK,PECOLIA MANIGO,NICK RESNICK,NICK RESNICK,MIKE HUTCHINSON,MIKE HUTCHINSON,NICK RESNICK
Oakland_11082022_Schoolboarddistrict4.csv__hit60,NICK RESNICK,NICK RESNICK,NICK RESNICK,NICK RESNICK,PECOLIA MANIGO,NICK RESNICK,NICK RESNICK,NICK RESNICK,PECOLIA MANIGO,NICK RESNICK
Oakland_11082022_Schoolboarddistrict4.csv__hit61,MIKE HUTCHINSON,MIKE HUTCHINSON,NICK RESNICK,NICK RESNICK,PECOLIA MANIGO,MIKE HUTCHINSON,MIKE HUTCHINSON,MIKE HUTCHINSON,MIKE HUTCHINSON,NICK RESNICK
Oakland_11082022_Schoolboarddistrict4.csv__hit62,NICK RESNICK,NICK RESNICK,NICK RESNICK,NICK RESNICK,PECOLIA MANIGO,PECOLIA MANIGO,NICK RESNICK,NICK RESNICK,NICK RESNICK,NICK RESNICK
Oakland_11082022_Schoolboarddistrict4.csv__hit63,NICK RESNICK,NICK RESNICK,NICK RESNICK,NICK RESNICK,PECOLIA MANIGO,NICK RESNICK,NICK RESNICK,NICK RESNICK,MIKE HUTCHINSON,NICK RESNICK
Oakland_11082022_Schoolboarddistrict4.csv__hit64,NICK RESNICK,NICK RESNICK,NICK RESNICK,NICK RESNICK,NICK RESNICK,NICK RESNICK,NICK RESNICK,MIKE HUTCHINSON,MIKE HUTCHINSON,NICK RESNICK
Oakland_11082022_Schoolboarddistrict4.csv__hit65,MIKE HUTCHINSON,MIKE HUTCHINSON,NICK RESNICK,MIKE HUTCHINSON,PECOLIA MANIGO,NICK RESNICK,MIKE HUTCHINSON,MIKE HUTCHINSON,MIKE HUTCHINSON,MIKE HUTCHINSON
Oakland_11082022_Schoolboarddistrict4.csv__hit66,MIKE HUTCHINSON,MIKE HUTCHINSON,MIKE HUTCHINSON,MIKE HUTCHINSON,PECOLIA MANIGO,NICK RESNICK,NICK RESNICK,MIKE HUTCHINSON,MIKE HUTCHINSON,MIKE HUTCHINSON
Oakland_11082022_Schoolboarddistrict4.csv__hit67,NICK RESNICK,NICK RESNICK,NICK RESNICK,NICK RESNICK,PECOLIA MANIGO,NICK RESNICK,NICK RESNICK,NICK RESNICK,MIKE HUTCHINSON,NICK RESNICK
Oakland_11082022_Schoolboarddistrict4.csv__hit68,NICK RESNICK,NICK RESNICK,NICK RESNICK,NICK RESNICK,PECOLIA MANIGO,NICK RESNICK,NICK RESNICK,NICK RESNICK,MIKE HUTCHINSON,NICK RESNICK
Oakland_11082022_Schoolboarddistrict4.csv__hit69,MIKE HUTCHINSON,MIKE HUTCHINSON,MIKE HUTCHINSON,NICK RESNICK,PECOLIA MANIGO,PECOLIA MANIGO,MIKE HUTCHINSON,MIKE HUTCHINSON,MIKE HUTCHINSON,MIKE HUTCHINSON
Oakland_11082022_Schoolboarddistrict4.csv__hit70,NICK RESNICK,NICK RESNICK,NICK RESNICK,NICK RESNICK,PECOLIA MANIGO,PECOLIA MANIGO,NICK RESNICK,MIKE HUTCHINSON,NICK RESNICK,NICK RESNICK
Oakland_11082022_Schoolboarddistrict4.csv__hit71,NICK RESNICK,NICK RESNICK,NICK RESNICK,NICK RESNICK,PECOLIA MANIGO,NICK RESNICK,NICK RESNICK,NICK RESNICK,NICK RESNICK,NICK RESNICK
Oakland_11082022_Schoolboarddistrict4.csv__hit72,NICK RESNICK,NICK RESNICK,NICK RESNICK,NICK RESNICK,PECOLIA MANIGO,NICK RESNICK,NICK RESNICK,NICK RESNICK,MIKE HUTCHINSON,MIKE HUTCHINSON
Oakland_11082022_Schoolboarddistrict4.csv__hit73,NICK RESNICK,NICK RESNICK,NICK RESNICK,NICK RESNICK,PECOLIA MANIGO,NICK RESNICK,NICK RESNICK,NICK RESNICK,MIKE HUTCHINSON,NICK RESNICK
Oakland_11082022_Schoolboarddistrict4.csv__hit74,MIKE HUTCHINSON,MIKE HUTCHINSON,MIKE HUTCHINSON,NICK RESNICK,PECOLIA MANIGO,PECOLIA MANIGO,MIKE HUTCHINSON,MIKE HUTCHINSON,MIKE HUTCHINSON,NICK RESNICK
Oakland_11082022_Schoolboarddistrict4.csv__hit75,NICK RESNICK,NICK RESNICK,NICK RESNICK,NICK RESNICK,PECOLIA MANIGO,NICK RESNICK,NICK RESNICK,MIKE HUTCHINSON,NICK RESNICK,NICK RESNICK
Oakland_11082022_Schoolboarddistrict4.csv__hit76,MIKE HUTCHINSON,MIKE HUTCHINSON,MIKE HUTCHINSON,MIKE HUTCHINSON,PECOLIA MANIGO,MIKE HUTCHINSON,MIKE HUTCHINSON,MIKE HUTCHINSON,MIKE HUTCHINSON,MIKE HUTCHINSON
Oakland_11082022_Schoolboarddistrict4.csv__hit77,NICK RESNICK,NICK RESNICK,NICK RESNICK,NICK RESNICK,PECOLIA MANIGO,MIKE HUTCHINSON,NICK RESNICK,NICK RESNICK,NICK RESNICK,NICK RESNICK
Oakland_11082022_Schoolboarddistrict4.csv__hit78,NICK RESNICK,NICK RESNICK,NICK RESNICK,NICK RESNICK,PECOLIA MANIGO,NICK RESNICK,NICK RESNICK,NICK RESNICK,MIKE HUTCHINSON,NICK RESNICK
Oakland_11082022_Schoolboarddistrict4.csv__hit79,NICK RESNICK,NICK RESNICK,NICK RESNICK,NICK RESNICK,PECOLIA MANIGO,PECOLIA MANIGO,NICK RESNICK,NICK RESNICK,MIKE HUTCHINSON,NICK RESNICK
Oakland_11082022_Schoolboarddistrict4.csv__hit80,NICK RESNICK,NICK RESNICK,NICK RESNICK,NICK RESNICK,PECOLIA MANIGO,NICK RESNICK,NICK RESNICK,MIKE HUTCHINSON,NICK RESNICK,NICK RESNICK
Oakland_11082022_Schoolboarddistrict4.csv__hit81,NICK RESNICK,NICK RESNICK,NICK RESNICK,NICK RESNICK,NICK RESNICK,NICK RESNICK,MIKE HUTCHINSON,MIKE HUTCHINSON,MIKE HUTCHINSON,NICK RESNICK
Oakland_11082022_Schoolboarddistrict4.csv__hit82,MIKE HUTCHINSON,MIKE HUTCHINSON,NICK RESNICK,MIKE HUTCHINSON,PECOLIA MANIGO,NICK RESNICK,MIKE HUTCHINSON,MIKE HUTCHINSON,MIKE HUTCHINSON,MIKE HUTCHINSON
Oakland_11082022_Schoolboarddistrict4.csv__hit83,NICK RESNICK,NICK RESNICK,NICK RESNICK,NICK RESNICK,PECOLIA MANIGO,MIKE HUTCHINSON,NICK RESNICK,NICK RESNICK,NICK RESNICK,NICK RESNICK
Oakland_11082022_Schoolboarddistrict4.csv__hit84,NICK RESNICK,NICK RESNICK,NICK RESNICK,NICK RESNICK,PECOLIA MANIGO,NICK RESNICK,NICK RESNICK,NICK RESNICK,MIKE HUTCHINSON,MIKE HUTCHINSON
Oakland_11082022_Schoolboarddistrict4.csv__hit85,NICK RESNICK,NICK RESNICK,NICK RESNICK,NICK RESNICK,NICK RESNICK,NICK RESNICK,NICK RESNICK,MIKE HUTCHINSON,MIKE HUTCHINSON,NICK RESNICK
Oakland_11082022_Schoolboarddistrict4.csv__hit86,NICK RESNICK,NICK RESNICK,NICK RESNICK,NICK RESNICK,PECOLIA MANIGO,NICK RESNICK,NICK RESNICK,NICK RESNICK,NICK RESNICK,NICK RESNICK
Oakland_11082022_Schoolboarddistrict4.csv__hit87,NICK RESNICK,NICK RESNICK,NICK RESNICK,NICK RESNICK,NICK RESNICK,NICK RESNICK,NICK RESNICK,NICK RESNICK,MIKE HUTCHINSON,NICK RESNICK
Oakland_11082022_Schoolboarddistrict4.csv__hit88,NICK RESNICK,NICK RESNICK,NICK RESNICK,NICK RESNICK,PECOLIA MANIGO,PECOLIA MANIGO,NICK RESNICK,NICK RESNICK,MIKE HUTCHINSON,NICK RESNICK
Oakland_11082022_Schoolboarddistrict4.csv__hit89,MIKE HUTCHINSON,MIKE HUTCHINSON,NICK RESNICK,MIKE HUTCHINSON,PECOLIA MANIGO,MIKE HUTCHINSON,MIKE HUTCHINSON,MIKE HUTCHINSON,MIKE HUTCHINSON,NICK RESNICK
Oakland_11082022_Schoolboarddistrict4.csv__hit90,MIKE HUTCHINSON,MIKE HUTCHINSON,NICK RESNICK,MIKE HUTCHINSON,PECOLIA MANIGO,PECOLIA MANIGO,MIKE HUTCHINSON,MIKE HUTCHINSON,NICK RESNICK,NICK RESNICK
Oakland_11082022_Schoolboarddistrict4.csv__hit91,NICK RESNICK,NICK RESNICK,NICK RESNICK,NICK RESNICK,PECOLIA MANIGO,NICK RESNICK,NICK RESNICK,MIKE HUTCHINSON,MIKE HUTCHINSON,NICK RESNICK
Oakland_11082022_Schoolboarddistrict4.csv__hit92,NICK RESNICK,NICK RESNICK,NICK RESNICK,NICK RESNICK,PECOLIA MANIGO,PECOLIA MANIGO,NICK RESNICK,MIKE HUTCHINSON,NICK RESNICK,NICK RESNICK
Oakland_11082022_Schoolboarddistrict4.csv__hit93,NICK RESNICK,NICK RESNICK,NICK RESNICK,NICK RESNICK,PECOLIA MANIGO,NICK RESNICK,NICK RESNICK,NICK RESNICK,MIKE HUTCHINSON,NICK RESNICK
Oakland_11082022_Schoolboarddistrict4.csv__hit94,MIKE HUTCHINSON,MIKE HUTCHINSON,MIKE HUTCHINSON,MIKE HUTCHINSON,PECOLIA MANIGO,MIKE HUTCHINSON,MIKE HUTCHINSON,MIKE HUTCHINSON,MIKE HUTCHINSON,NICK RESNICK
Oakland_11082022_Schoolboarddistrict4.csv__hit95,NICK RESNICK,NICK RESNICK,NICK RESNICK,NICK RESNICK,NICK RESNICK,PECOLIA MANIGO,NICK RESNICK,NICK RESNICK,MIKE HUTCHINSON,NICK RESNICK
Oakland_11082022_Schoolboarddistrict4.csv__hit96,MIKE HUTCHINSON,MIKE HUTCHINSON,MIKE HUTCHINSON,NICK RESNICK,PECOLIA MANIGO,MIKE HUTCHINSON,MIKE HUTCHINSON,MIKE HUTCHINSON,MIKE HUTCHINSON,MIKE HUTCHINSON
Oakland_11082022_Schoolboarddistrict4.csv__hit97,MIKE HUTCHINSON,MIKE HUTCHINSON,MIKE HUTCHINSON,MIKE HUTCHINSON,PECOLIA MANIGO,PECOLIA MANIGO,MIKE HUTCHINSON,MIKE HUTCHINSON,MIKE HUTCHINSON,MIKE HUTCHINSON
Oakland_11082022_Schoolboarddistrict4.csv__hit98,MIKE HUTCHINSON,MIKE HUTCHINSON,MIKE HUTCHINSON,MIKE HUTCHINSON,PECOLIA MANIGO,NICK RESNICK,MIKE HUTCHINSON,MIKE HUTCHINSON,MIKE HUTCHINSON,NICK RESNICK
Oakland_11082022_Schoolboarddistrict4.csv__hit99,NICK RESNICK,NICK RESNICK,NICK RESNICK,NICK RESNICK,PECOLIA MANIGO,NICK RESNICK,NICK RESNICK,MIKE HUTCHINSON,MIKE HUTCHINSON,NICK RESNICK
Oakland_11082022_Schoolboarddistrict4.csv__hit100,NICK RESNICK,NICK RESNICK,NICK RESNICK,NICK RESNICK,PECOLIA MANIGO,NICK RESNICK,NICK RESNICK,MIKE HUTCHINSON,MIKE HUTCHINSON,MIKE HUTCHINSON
Oakland_11082022_Schoolboarddistrict4.csv__hit101,NICK RESNICK,NICK RESNICK,NICK RESNICK,NICK RESNICK,PECOLIA MANIGO,NICK RESNICK,NICK RESNICK,NICK RESNICK,NICK RESNICK,MIKE HUTCHINSON
Oakland_11082022_Schoolboarddistrict4.csv__hit102,NICK RESNICK,NICK RESNICK,NICK RESNICK,NICK RESNICK,PECOLIA MANIGO,PECOLIA MANIGO,NICK RESNICK,NICK RESNICK,NICK RESNICK,NICK RESNICK
Oakland_11082022_Schoolboarddistrict4.csv__hit103,MIKE HUTCHINSON,MIKE HUTCHINSON,MIKE HUTCHINSON,MIKE HUTCHINSON,PECOLIA MANIGO,NICK RESNICK,MIKE HUTCHINSON,MIKE HUTCHINSON,MIKE HUTCHINSON,MIKE HUTCHINSON
Oakland_11082022_Schoolboarddistrict4.csv__hit104,MIKE HUTCHINSON,MIKE HUTCHINSON,MIKE HUTCHINSON,MIKE HUTCHINSON,MIKE HUTCHINSON,NICK RESNICK,MIKE HUTCHINSON,MIKE HUTCHINSON,MIKE HUTCHINSON,NICK RESNICK
Oakland_11082022_Schoolboarddistrict4.csv__hit105,MIKE HUTCHINSON,MIKE HUTCHINSON,NICK RESNICK,MIKE HUTCHINSON,PECOLIA MANIGO,MIKE HUTCHINSON,MIKE HUTCHINSON,MIKE HUTCHINSON,MIKE HUTCHINSON,MIKE HUTCHINSON
Oakland_11082022_Schoolboarddistrict4.csv__hit106,NICK RESNICK,NICK RESNICK,NICK RESNICK,NICK RESNICK,NICK RESNICK,NICK RESNICK,NICK RESNICK,MIKE HUTCHINSON,MIKE HUTCHINSON,MIKE HUTCHINSON
Oakland_11082022_Schoolboarddistrict4.csv__hit107,NICK RESNICK,NICK RESNICK,NICK RESNICK,NICK RESNICK,NICK RESNICK,NICK RESNICK,NICK RESNICK,MIKE HUTCHINSON,MIKE HUTCHINSON,NICK RESNICK
Oakland_11082022_Schoolboarddistrict4.csv__hit108,MIKE HUTCHINSON,MIKE HUTCHINSON,MIKE HUTCHINSON,MIKE HUTCHINSON,PECOLIA MANIGO,MIKE HUTCHINSON,MIKE HUTCHINSON,MIKE HUTCHINSON,MIKE HUTCHINSON,MIKE HUTCHINSON
Oakland_11082022_Schoolboarddistrict4.csv__hit109,NICK RESNICK,NICK RESNICK,NICK RESNICK,NICK RESNICK,PECOLIA MANIGO,NICK RESNICK,NICK RESNICK,MIKE HUTCHINSON,NICK RESNICK,NICK RESNICK
Oakland_11082022_Schoolboarddistrict4.csv__hit110,NICK RESNICK,NICK RESNICK,NICK RESNICK,NICK RESNICK,PECOLIA MANIGO,NICK RESNICK,NICK RESNICK,MIKE HUTCHINSON,NICK RESNICK,NICK RESNICK
Oakland_11082022_Schoolboarddistrict4.csv__hit111,NICK RESNICK,NICK RESNICK,NICK RESNICK,NICK RESNICK,PECOLIA MANIGO,NICK RESNICK,NICK RESNICK,MIKE HUTCHINSON,MIKE HUTCHINSON,NICK RESNICK
Oakland_11082022_Schoolboarddistrict4.csv__hit112,NICK RESNICK,NICK RESNICK,NICK RESNICK,NICK RESNICK,PECOLIA MANIGO,NICK RESNICK,NICK RESNICK,NICK RESNICK,MIKE HUTCHINSON,NICK RESNICK
Oakland_11082022_Schoolboarddistrict4.csv__hit113,NICK RESNICK,NICK RESNICK,NICK RESNICK,NICK RESNICK,PECOLIA MANIGO,NICK RESNICK,MIKE HUTCHINSON,MIKE HUTCHINSON,MIKE HUTCHINSON,NICK RESNICK
Oakland_11082022_Schoolboarddistrict4.csv__hit114,NICK RESNICK,NICK RESNICK,NICK RESNICK,NICK RESNICK,PECOLIA MANIGO,NICK RESNICK,NICK RESNICK,MIKE HUTCHINSON,MIKE HUTCHINSON,NICK RESNICK
Oakland_11082022_Schoolboarddistrict4.csv__hit115,NICK RESNICK,NICK RESNICK,NICK RESNICK,NICK RESNICK,PECOLIA MANIGO,PECOLIA MANIGO,NICK RESNICK,MIKE HUTCHINSON,MIKE HUTCHINSON,NICK RESNICK
Oakland_11082022_Schoolboarddistrict4.csv__hit116,NICK RESNICK,NICK RESNICK,NICK RESNICK,NICK RESNICK,PECOLIA MANIGO,MIKE HUTCHINSON,NICK RESNICK,NICK RESNICK,MIKE HUTCHINSON,NICK RESNICK
Oakland_11082022_Schoolboarddistrict4.csv__hit117,MIKE HUTCHINSON,MIKE HUTCHINSON,NICK RESNICK,MIKE HUTCHINSON,MIKE HUTCHINSON,MIKE HUTCHINSON,MIKE HUTCHINSON,MIKE HUTCHINSON,MIKE HUTCHINSON,MIKE HUTCHINSON
Oakland_11082022_Schoolboarddistrict4.csv__hit118,NICK RESNICK,NICK RESNICK,NICK RESNICK,NICK RESNICK,NICK RESNICK,NICK RESNICK,NICK RESNICK,NICK RESNICK,MIKE HUTCHINSON,NICK RESNICK
Oakland_11082022_Schoolboarddistrict4.csv__hit119,NICK RESNICK,NICK RESNICK,NICK RESNICK,NICK RESNICK,NICK RESNICK,NICK RESNICK,NICK RESNICK,MIKE HUTCHINSON,NICK RESNICK,NICK RESNICK
Oakland_11082022_Schoolboarddistrict4.csv__hit120,NICK RESNICK,NICK RESNICK,NICK RESNICK,NICK RESNICK,PECOLIA MANIGO,PECOLIA MANIGO,NICK RESNICK,NICK RESNICK,NICK RESNICK,MIKE HUTCHINSON
Oakland_11082022_Schoolboarddistrict4.csv__hit121,MIKE HUTCHINSON,MIKE HUTCHINSON,MIKE HUTCHINSON,NICK RESNICK,PECOLIA MANIGO,MIKE HUTCHINSON,MIKE HUTCHINSON,MIKE HUTCHINSON,MIKE HUTCHINSON,NICK RESNICK
Oakland_11082022_Schoolboarddistrict4.csv__hit122,NICK RESNICK,NICK RESNICK,NICK RESNICK,NICK RESNICK,PECOLIA MANIGO,NICK RESNICK,NICK RESNICK,MIKE HUTCHINSON,MIKE HUTCHINSON,NICK RESNICK
Oakland_11082022_Schoolboarddistrict4.csv__hit123,MIKE HUTCHINSON,MIKE HUTCHINSON,NICK RESNICK,MIKE HUTCHINSON,PECOLIA MANIGO,NICK RESNICK,MIKE HUTCHINSON,MIKE HUTCHINSON,MIKE HUTCHINSON,MIKE HUTCHINSON
Oakland_11082022_Schoolboarddistrict4.csv__hit124,MIKE HUTCHINSON,MIKE HUTCHINSON,NICK RESNICK,NICK RESNICK,PECOLIA MANIGO,MIKE HUTCHINSON,MIKE HUTCHINSON,MIKE HUTCHINSON,MIKE HUTCHINSON,NICK RESNICK
Oakland_11082022_Schoolboarddistrict4.csv__hit125,MIKE HUTCHINSON,MIKE HUTCHINSON,MIKE HUTCHINSON,NICK RESNICK,PECOLIA MANIGO,PECOLIA MANIGO,NICK RESNICK,MIKE HUTCHINSON,MIKE HUTCHINSON,MIKE HUTCHINSON
Oakland_11082022_Schoolboarddistrict4.csv__hit126,MIKE HUTCHINSON,MIKE HUTCHINSON,MIKE HUTCHINSON,NICK RESNICK,PECOLIA MANIGO,NICK RESNICK,MIKE HUTCHINSON,MIKE HUTCHINSON,MIKE HUTCHINSON,MIKE HUTCHINSON
Oakland_11082022_Schoolboarddistrict4.csv__hit127,NICK RESNICK,NICK RESNICK,NICK RESNICK,NICK RESNICK,PECOLIA MANIGO,PECOLIA MANIGO,NICK RESNICK,MIKE HUTCHINSON,NICK RESNICK,NICK RESNICK
Oakland_11082022_Schoolboarddistrict4.csv__hit128,MIKE HUTCHINSON,MIKE HUTCHINSON,NICK RESNICK,MIKE HUTCHINSON,NICK RESNICK,NICK RESNICK,MIKE HUTCHINSON,MIKE HUTCHINSON,MIKE HUTCHINSON,MIKE HUTCHINSON
Oakland_11082022_Schoolboarddistrict4.csv__hit129,NICK RESNICK,NICK RESNICK,NICK RESNICK,NICK RESNICK,PECOLIA MANIGO,MIKE HUTCHINSON,NICK RESNICK,NICK RESNICK,MIKE HUTCHINSON,NICK RESNICK
Oakland_11082022_Schoolboarddistrict4.csv__hit130,MIKE HUTCHINSON,MIKE HUTCHINSON,MIKE HUTCHINSON,MIKE HUTCHINSON,PECOLIA MANIGO,NICK RESNICK,MIKE HUTCHINSON,MIKE HUTCHINSON,MIKE HUTCHINSON,MIKE HUTCHINSON
Oakland_11082022_Schoolboarddistrict4.csv__hit131,NICK RESNICK,NICK RESNICK,NICK RESNICK,NICK RESNICK,PECOLIA MANIGO,NICK RESNICK,NICK RESNICK,NICK RESNICK,MIKE HUTCHINSON,NICK RESNICK
Oakland_11082022_Schoolboarddistrict4.csv__hit132,NICK RESNICK,NICK RESNICK,NICK RESNICK,NICK RESNICK,PECOLIA MANIGO,NICK RESNICK,NICK RESNICK,MIKE HUTCHINSON,NICK RESNICK,NICK RESNICK
Oakland_11082022_Schoolboarddistrict4.csv__hit133,NICK RESNICK,NICK RESNICK,NICK RESNICK,NICK RESNICK,PECOLIA MANIGO,NICK RESNICK,NICK RESNICK,MIKE HUTCHINSON,NICK RESNICK,NICK RESNICK
Oakland_11082022_Schoolboarddistrict4.csv__hit134,MIKE HUTCHINSON,MIKE HUTCHINSON,MIKE HUTCHINSON,NICK RESNICK,PECOLIA MANIGO,PECOLIA MANIGO,MIKE HUTCHINSON,MIKE HUTCHINSON,MIKE HUTCHINSON,NICK RESNICK
Oakland_11082022_Schoolboarddistrict4.csv__hit135,NICK RESNICK,NICK RESNICK,NICK RESNICK,NICK RESNICK,NICK RESNICK,PECOLIA MANIGO,NICK RESNICK,MIKE HUTCHINSON,MIKE HUTCHINSON,NICK RESNICK
Oakland_11082022_Schoolboarddistrict4.csv__hit136,NICK RESNICK,NICK RESNICK,NICK RESNICK,NICK RESNICK,PECOLIA MANIGO,NICK RESNICK,NICK RESNICK,MIKE HUTCHINSON,MIKE HUTCHINSON,NICK RESNICK
Oakland_11082022_Schoolboarddistrict4.csv__hit137,MIKE HUTCHINSON,MIKE HUTCHINSON,MIKE HUTCHINSON,MIKE HUTCHINSON,PECOLIA MANIGO,PECOLIA MANIGO,NICK RESNICK,MIKE HUTCHINSON,MIKE HUTCHINSON,MIKE HUTCHINSON
Oakland_11082022_Schoolboarddistrict4.csv__hit138,MIKE HUTCHINSON,MIKE HUTCHINSON,NICK RESNICK,MIKE HUTCHINSON,PECOLIA MANIGO,NICK RESNICK,NICK RESNICK,MIKE HUTCHINSON,MIKE HUTCHINSON,MIKE HUTCHINSON
Oakland_11082022_Schoolboarddistrict4.csv__hit139,MIKE HUTCHINSON,MIKE HUTCHINSON,MIKE HUTCHINSON,MIKE HUTCHINSON,MIKE HUTCHINSON,NICK RESNICK,MIKE HUTCHINSON,NICK RESNICK,MIKE HUTCHINSON,MIKE HUTCHINSON
Oakland_11082022_Schoolboarddistrict4.csv__hit140,MIKE HUTCHINSON,MIKE HUTCHINSON,MIKE HUTCHINSON,NICK RESNICK,PECOLIA MANIGO,NICK RESNICK,MIKE HUTCHINSON,MIKE HUTCHINSON,MIKE HUTCHINSON,NICK RESNICK
Oakland_11082022_Schoolboarddistrict4.csv__hit141,MIKE HUTCHINSON,MIKE HUTCHINSON,MIKE HUTCHINSON,NICK RESNICK,PECOLIA MANIGO,NICK RESNICK,MIKE HUTCHINSON,MIKE HUTCHINSON,MIKE HUTCHINSON,MIKE HUTCHINSON
Oakland_11082022_Schoolboarddistrict4.csv__hit142,NICK RESNICK,NICK RESNICK,NICK RESNICK,NICK RESNICK,PECOLIA MANIGO,NICK RESNICK,NICK RESNICK,NICK RESNICK,MIKE HUTCHINSON,NICK RESNICK
Oakland_11082022_Schoolboarddistrict4.csv__hit143,NICK RESNICK,NICK RESNICK,NICK RESNICK,NICK RESNICK,PECOLIA MANIGO,NICK RESNICK,NICK RESNICK,NICK RESNICK,NICK RESNICK,NICK RESNICK
Oakland_11082022_Schoolboarddistrict4.csv__hit144,NICK RESNICK,NICK RESNICK,NICK RESNICK,NICK RESNICK,PECOLIA MANIGO,NICK RESNICK,MIKE HUTCHINSON,MIKE HUTCHINSON,MIKE HUTCHINSON,NICK RESNICK
Oakland_11082022_Schoolboarddistrict4.csv__hit145,NICK RESNICK,NICK RESNICK,NICK RESNICK,NICK RESNICK,NICK RESNICK,NICK RESNICK,NICK RESNICK,NICK RESNICK,MIKE HUTCHINSON,NICK RESNICK
Oakland_11082022_Schoolboarddistrict4.csv__hit146,MIKE HUTCHINSON,MIKE HUTCHINSON,MIKE HUTCHINSON,MIKE HUTCHINSON,PECOLIA MANIGO,NICK RESNICK,MIKE HUTCHINSON,MIKE HUTCHINSON,MIKE HUTCHINSON,MIKE HUTCHINSON
Oakland_11082022_Schoolboarddistrict4.csv__hit147,NICK RESNICK,NICK RESNICK,NICK RESNICK,NICK RESNICK,PECOLIA MANIGO,NICK RESNICK,NICK RESNICK,NICK RESNICK,MIKE HUTCHINSON,NICK RESNICK
Oakland_11082022_Schoolboarddistrict4.csv__hit148,NICK RESNICK,NICK RESNICK,NICK RESNICK,NICK RESNICK,PECOLIA MANIGO,NICK RESNICK,NICK RESNICK,MIKE HUTCHINSON,MIKE HUTCHINSON,NICK RESNICK
Oakland_11082022_Schoolboarddistrict4.csv__hit149,NICK RESNICK,NICK RESNICK,NICK RESNICK,NICK RESNICK,NICK RESNICK,NICK RESNICK,NICK RESNICK,NICK RESNICK,MIKE HUTCHINSON,NICK RESNICK
Oakland_11082022_Schoolboarddistrict4.csv__hit150,NICK RESNICK,NICK RESNICK,NICK RESNICK,NICK RESNICK,NICK RESNICK,NICK RESNICK,NICK RESNICK,MIKE HUTCHINSON,PECOLIA MANIGO,NICK RESNICK
Oakland_11082022_Schoolboarddistrict4.csv__hit151,MIKE HUTCHINSON,MIKE HUTCHINSON,MIKE HUTCHINSON,MIKE HUTCHINSON,PECOLIA MANIGO,NICK RESNICK,MIKE HUTCHINSON,MIKE HUTCHINSON,MIKE HUTCHINSON,NICK RESNICK
Oakland_11082022_Schoolboarddistrict4.csv__hit152,MIKE HUTCHINSON,MIKE HUTCHINSON,MIKE HUTCHINSON,NICK RESNICK,NICK RESNICK,NICK RESNICK,MIKE HUTCHINSON,MIKE HUTCHINSON,MIKE HUTCHINSON,NICK RESNICK
Oakland_11082022_Schoolboarddistrict4.csv__hit153,NICK RESNICK,NICK RESNICK,NICK RESNICK,NICK RESNICK,PECOLIA MANIGO,PECOLIA MANIGO,NICK RESNICK,NICK RESNICK,MIKE HUTCHINSON,NICK RESNICK
Oakland_11082022_Schoolboarddistrict4.csv__hit154,NICK RESNICK,NICK RESNICK,NICK RESNICK,NICK RESNICK,PECOLIA MANIGO,NICK RESNICK,NICK RESNICK,MIKE HUTCHINSON,MIKE HUTCHINSON,NICK RESNICK
Oakland_11082022_Schoolboarddistrict4.csv__hit155,MIKE HUTCHINSON,MIKE HUTCHINSON,MIKE HUTCHINSON,MIKE HUTCHINSON,PECOLIA MANIGO,NICK RESNICK,MIKE HUTCHINSON,MIKE HUTCHINSON,MIKE HUTCHINSON,MIKE HUTCHINSON
Oakland_11082022_Schoolboarddistrict4.csv__hit156,NICK RESNICK,NICK RESNICK,NICK RESNICK,NICK RESNICK,NICK RESNICK,NICK RESNICK,NICK RESNICK,NICK RESNICK,MIKE HUTCHINSON,NICK RESNICK
Oakland_11082022_Schoolboarddistrict4.csv__hit157,NICK RESNICK,NICK RESNICK,NICK RESNICK,NICK RESNICK,PECOLIA MANIGO,NICK RESNICK,NICK RESNICK,MIKE HUTCHINSON,MIKE HUTCHINSON,NICK RESNICK
Oakland_11082022_Schoolboarddistrict4.csv__hit158,MIKE HUTCHINSON,MIKE HUTCHINSON,NICK RESNICK,NICK RESNICK,MIKE HUTCHINSON,MIKE HUTCHINSON,MIKE HUTCHINSON,MIKE HUTCHINSON,MIKE HUTCHINSON,MIKE HUTCHINSON
Oakland_11082022_Schoolboarddistrict4.csv__hit159,NICK RESNICK,NICK RESNICK,NICK RESNICK,NICK RESNICK,NICK RESNICK,NICK RESNICK,NICK RESNICK,MIKE HUTCHINSON,MIKE HUTCHINSON,MIKE HUTCHINSON
Oakland_11082022_Schoolboarddistrict4.csv__hit160,NICK RESNICK,NICK RESNICK,NICK RESNICK,NICK RESNICK,PECOLIA MANIGO,PECOLIA MANIGO,NICK RESNICK,MIKE HUTCHINSON,MIKE HUTCHINSON,NICK RESNICK
Oakland_11082022_Schoolboarddistrict4.csv__hit161,MIKE HUTCHINSON,MIKE HUTCHINSON,MIKE HUTCHINSON,MIKE HUTCHINSON,PECOLIA MANIGO,NICK RESNICK,MIKE HUTCHINSON,MIKE HUTCHINSON,MIKE HUTCHINSON,MIKE HUTCHINSON
Oakland_11082022_Schoolboarddistrict4.csv__hit162,MIKE HUTCHINSON,MIKE HUTCHINSON,MIKE HUTCHINSON,MIKE HUTCHINSON,MIKE HUTCHINSON,NICK RESNICK,MIKE HUTCHINSON,MIKE HUTCHINSON,MIKE HUTCHINSON,MIKE HUTCHINSON
Oakland_11082022_Schoolboarddistrict4.csv__hit163,MIKE HUTCHINSON,MIKE HUTCHINSON,MIKE HUTCHINSON,NICK RESNICK,PECOLIA MANIGO,PECOLIA MANIGO,MIKE HUTCHINSON,MIKE HUTCHINSON,MIKE HUTCHINSON,MIKE HUTCHINSON
Oakland_11082022_Schoolboarddistrict4.csv__hit164,NICK RESNICK,NICK RESNICK,NICK RESNICK,NICK RESNICK,PECOLIA MANIGO,NICK RESNICK,NICK RESNICK,NICK RESNICK,NICK RESNICK,NICK RESNICK
Oakland_11082022_Schoolboarddistrict4.csv__hit165,NICK RESNICK,NICK RESNICK,NICK RESNICK,NICK RESNICK,NICK RESNICK,NICK RESNICK,NICK RESNICK,MIKE HUTCHINSON,MIKE HUTCHINSON,NICK RESNICK
Oakland_11082022_Schoolboarddistrict4.csv__hit166,NICK RESNICK,NICK RESNICK,NICK RESNICK,NICK RESNICK,PECOLIA MANIGO,PECOLIA MANIGO,NICK RESNICK,NICK RESNICK,NICK RESNICK,NICK RESNICK
Oakland_11082022_Schoolboarddistrict4.csv__hit167,NICK RESNICK,NICK RESNICK,NICK RESNICK,NICK RESNICK,PECOLIA MANIGO,PECOLIA MANIGO,MIKE HUTCHINSON,MIKE HUTCHINSON,NICK RESNICK,NICK RESNICK
Oakland_11082022_Schoolboarddistrict4.csv__hit168,MIKE HUTCHINSON,MIKE HUTCHINSON,NICK RESNICK,MIKE HUTCHINSON,PECOLIA MANIGO,MIKE HUTCHINSON,MIKE HUTCHINSON,MIKE HUTCHINSON,MIKE HUTCHINSON,MIKE HUTCHINSON
Oakland_11082022_Schoolboarddistrict4.csv__hit169,NICK RESNICK,NICK RESNICK,NICK RESNICK,NICK RESNICK,NICK RESNICK,PECOLIA MANIGO,NICK RESNICK,NICK RESNICK,NICK RESNICK,NICK RESNICK
Oakland_11082022_Schoolboarddistrict4.csv__hit170,NICK RESNICK,NICK RESNICK,NICK RESNICK,NICK RESNICK,PECOLIA MANIGO,NICK RESNICK,NICK RESNICK,MIKE HUTCHINSON,MIKE HUTCHINSON,NICK RESNICK
Oakland_11082022_Schoolboarddistrict4.csv__hit171,NICK RESNICK,NICK RESNICK,NICK RESNICK,NICK RESNICK,PECOLIA MANIGO,NICK RESNICK,NICK RESNICK,MIKE HUTCHINSON,MIKE HUTCHINSON,NICK RESNICK
Oakland_11082022_Schoolboarddistrict4.csv__hit172,MIKE HUTCHINSON,MIKE HUTCHINSON,NICK RESNICK,MIKE HUTCHINSON,PECOLIA MANIGO,MIKE HUTCHINSON,MIKE HUTCHINSON,MIKE HUTCHINSON,MIKE HUTCHINSON,NICK RESNICK
Oakland_11082022_Schoolboarddistrict4.csv__hit173,MIKE HUTCHINSON,MIKE HUTCHINSON,NICK RESNICK,NICK RESNICK,PECOLIA MANIGO,NICK RESNICK,MIKE HUTCHINSON,MIKE HUTCHINSON,MIKE HUTCHINSON,MIKE HUTCHINSON
Oakland_11082022_Schoolboarddistrict4.csv__hit174,NICK RESNICK,NICK RESNICK,NICK RESNICK,NICK RESNICK,PECOLIA MANIGO,NICK RESNICK,NICK RESNICK,MIKE HUTCHINSON,NICK RESNICK,NICK RESNICK
Oakland_11082022_Schoolboarddistrict4.csv__hit175,NICK RESNICK,NICK RESNICK,NICK RESNICK,NICK RESNICK,PECOLIA MANIGO,NICK RESNICK,NICK RESNICK,MIKE HUTCHINSON,NICK RESNICK,NICK RESNICK
Oakland_11082022_Schoolboarddistrict4.csv__hit176,NICK RESNICK,NICK RESNICK,NICK RESNICK,NICK RESNICK,NICK RESNICK,MIKE HUTCHINSON,NICK RESNICK,NICK RESNICK,NICK RESNICK,NICK RESNICK
Oakland_11082022_Schoolboarddistrict4.csv__hit177,NICK RESNICK,NICK RESNICK,NICK RESNICK,NICK RESNICK,PECOLIA MANIGO,NICK RESNICK,NICK RESNICK,MIKE HUTCHINSON,MIKE HUTCHINSON,NICK RESNICK
Oakland_11082022_Schoolboarddistrict4.csv__hit178,MIKE HUTCHINSON,MIKE HUTCHINSON,MIKE HUTCHINSON,MIKE HUTCHINSON,MIKE HUTCHINSON,NICK RESNICK,MIKE HUTCHINSON,MIKE HUTCHINSON,MIKE HUTCHINSON,MIKE HUTCHINSON
Oakland_11082022_Schoolboarddistrict4.csv__hit179,NICK RESNICK,NICK RESNICK,NICK RESNICK,NICK RESNICK,PECOLIA MANIGO,NICK RESNICK,NICK RESNICK,NICK RESNICK,MIKE HUTCHINSON,NICK RESNICK
Oakland_11082022_Schoolboarddistrict4.csv__hit180,MIKE HUTCHINSON,MIKE HUTCHINSON,MIKE HUTCHINSON,NICK RESNICK,PECOLIA MANIGO,PECOLIA MANIGO,MIKE HUTCHINSON,MIKE HUTCHINSON,MIKE HUTCHINSON,MIKE HUTCHINSON
Oakland_11082022_Schoolboarddistrict4.csv__hit181,NICK RESNICK,NICK RESNICK,NICK RESNICK,NICK RESNICK,PECOLIA MANIGO,PECOLIA MANIGO,MIKE HUTCHINSON,NICK RESNICK,NICK RESNICK,NICK RESNICK
Oakland_11082022_Schoolboarddistrict4.csv__hit182,NICK RESNICK,NICK RESNICK,NICK RESNICK,NICK RESNICK,PECOLIA MANIGO,NICK RESNICK,NICK RESNICK,NICK RESNICK,MIKE HUTCHINSON,NICK RESNICK
Oakland_11082022_Schoolboarddistrict4.csv__hit183,MIKE HUTCHINSON,MIKE HUTCHINSON,MIKE HUTCHINSON,MIKE HUTCHINSON,MIKE HUTCHINSON,MIKE HUTCHINSON,MIKE HUTCHINSON,MIKE HUTCHINSON,MIKE HUTCHINSON,MIKE HUTCHINSON
Oakland_11082022_Schoolboarddistrict4.csv__hit184,NICK RESNICK,NICK RESNICK,NICK RESNICK,NICK RESNICK,PECOLIA MANIGO,PECOLIA MANIGO,NICK RESNICK,MIKE HUTCHINSON,NICK RESNICK,NICK RESNICK
Oakland_11082022_Schoolboarddistrict4.csv__hit185,MIKE HUTCHINSON,MIKE HUTCHINSON,NICK RESNICK,MIKE HUTCHINSON,PECOLIA MANIGO,NICK RESNICK,MIKE HUTCHINSON,MIKE HUTCHINSON,MIKE HUTCHINSON,MIKE HUTCHINSON
Oakland_11082022_Schoolboarddistrict4.csv__hit186,MIKE HUTCHINSON,MIKE HUTCHINSON,NICK RESNICK,NICK RESNICK,MIKE HUTCHINSON,NICK RESNICK,MIKE HUTCHINSON,MIKE HUTCHINSON,MIKE HUTCHINSON,MIKE HUTCHINSON
Oakland_11082022_Schoolboarddistrict4.csv__hit187,MIKE HUTCHINSON,MIKE HUTCHINSON,MIKE HUTCHINSON,MIKE HUTCHINSON,PECOLIA MANIGO,NICK RESNICK,MIKE HUTCHINSON,MIKE HUTCHINSON,MIKE HUTCHINSON,NICK RESNICK
Oakland_11082022_Schoolboarddistrict4.csv__hit188,NICK RESNICK,NICK RESNICK,NICK RESNICK,NICK RESNICK,PECOLIA MANIGO,NICK RESNICK,NICK RESNICK,NICK RESNICK,NICK RESNICK,NICK RESNICK
Oakland_11082022_Schoolboarddistrict4.csv__hit189,NICK RESNICK,NICK RESNICK,NICK RESNICK,NICK RESNICK,PECOLIA MANIGO,NICK RESNICK,NICK RESNICK,MIKE HUTCHINSON,NICK RESNICK,NICK RESNICK
Oakland_11082022_Schoolboarddistrict4.csv__hit190,NICK RESNICK,NICK RESNICK,NICK RESNICK,NICK RESNICK,PECOLIA MANIGO,NICK RESNICK,NICK RESNICK,MIKE HUTCHINSON,NICK RESNICK,NICK RESNICK
Oakland_11082022_Schoolboarddistrict4.csv__hit191,MIKE HUTCHINSON,MIKE HUTCHINSON,NICK RESNICK,MIKE HUTCHINSON,PECOLIA MANIGO,PECOLIA MANIGO,MIKE HUTCHINSON,MIKE HUTCHINSON,MIKE HUTCHINSON,NICK RESNICK
Oakland_11082022_Schoolboarddistrict4.csv__hit192,NICK RESNICK,NICK RESNICK,NICK RESNICK,NICK RESNICK,PECOLIA MANIGO,NICK RESNICK,NICK RESNICK,NICK RESNICK,NICK RESNICK,NICK RESNICK
Oakland_11082022_Schoolboarddistrict4.csv__hit193,MIKE HUTCHINSON,MIKE HUTCHINSON,NICK RESNICK,MIKE HUTCHINSON,NICK RESNICK,NICK RESNICK,MIKE HUTCHINSON,MIKE HUTCHINSON,MIKE HUTCHINSON,NICK RESNICK
Oakland_11082022_Schoolboarddistrict4.csv__hit194,NICK RESNICK,NICK RESNICK,NICK RESNICK,NICK RESNICK,PECOLIA MANIGO,NICK RESNICK,NICK RESNICK,NICK RESNICK,MIKE HUTCHINSON,MIKE HUTCHINSON
Oakland_11082022_Schoolboarddistrict4.csv__hit195,MIKE HUTCHINSON,MIKE HUTCHINSON,NICK RESNICK,MIKE HUTCHINSON,NICK RESNICK,NICK RESNICK,MIKE HUTCHINSON,MIKE HUTCHINSON,MIKE HUTCHINSON,MIKE HUTCHINSON
Oakland_11082022_Schoolboarddistrict4.csv__hit196,NICK RESNICK,NICK RESNICK,NICK RESNICK,NICK RESNICK,PECOLIA MANIGO,NICK RESNICK,NICK RESNICK,NICK RESNICK,MIKE HUTCHINSON,NICK RESNICK
Oakland_11082022_Schoolboarddistrict4.csv__hit197,MIKE HUTCHINSON,MIKE HUTCHINSON,NICK RESNICK,MIKE HUTCHINSON,MIKE HUTCHINSON,PECOLIA MANIGO,MIKE HUTCHINSON,MIKE HUTCHINSON,MIKE HUTCHINSON,MIKE HUTCHINSON
Oakland_11082022_Schoolboarddistrict4.csv__hit198,NICK RESNICK,NICK RESNICK,NICK RESNICK,NICK RESNICK,PECOLIA MANIGO,NICK RESNICK,MIKE HUTCHINSON,MIKE HUTCHINSON,MIKE HUTCHINSON,NICK RESNICK
Oakland_11082022_Schoolboarddistrict4.csv__hit199,MIKE HUTCHINSON,MIKE HUTCHINSON,MIKE HUTCHINSON,MIKE HUTCHINSON,PECOLIA MANIGO,NICK RESNICK,NICK RESNICK,MIKE HUTCHINSON,MIKE HUTCHINSON,MIKE HUTCHINSON
NewYorkCity_06222021_DEMMayorCitywide.csv__hit0,Kathryn A. Garcia,Kathryn A. Garcia,Kathryn A. Garcia,Kathryn A. Garcia,Kathryn A. Garcia,Kathryn A. Garcia,Kathryn A. Garcia,Kathryn A. Garcia,Kathryn A. Garcia,Kathryn A. Garcia
NewYorkCity_06222021_DEMMayorCitywide.csv__hit1,Kathryn A. Garcia,Kathryn A. Garcia,Kathryn A. Garcia,Kathryn A. Garcia,Kathryn A. Garcia,Kathryn A. Garcia,Kathryn A. Garcia,Kathryn A. Garcia,Kathryn A. Garcia,Eric L. Adams
NewYorkCity_06222021_DEMMayorCitywide.csv__hit2,Kathryn A. Garcia,Kathryn A. Garcia,Kathryn A. Garcia,Kathryn A. Garcia,Kathryn A. Garcia,Kathryn A. Garcia,Kathryn A. Garcia,Kathryn A. Garcia,Kathryn A. Garcia,Maya D. Wiley
NewYorkCity_06222021_DEMMayorCitywide.csv__hit3,Kathryn A. Garcia,Kathryn A. Garcia,Kathryn A. Garcia,Kathryn A. Garcia,Kathryn A. Garcia,Kathryn A. Garcia,Kathryn A. Garcia,Kathryn A. Garcia,Kathryn A. Garcia,Kathryn A. Garcia
NewYorkCity_06222021_DEMMayorCitywide.csv__hit4,Eric L. Adams,Eric L. Adams,Eric L. Adams,Eric L. Adams,Kathryn A. Garcia,Kathryn A. Garcia,Kathryn A. Garcia,Kathryn A. Garcia,Eric L. Adams,Eric L. Adams
NewYorkCity_06222021_DEMMayorCitywide.csv__hit5,Kathryn A. Garcia,Kathryn A. Garcia,Kathryn A. Garcia,Kathryn A. Garcia,Kathryn A. Garcia,Kathryn A. Garcia,Kathryn A. Garcia,Kathryn A. Garcia,Kathryn A. Garcia,Kathryn A. Garcia
NewYorkCity_06222021_DEMMayorCitywide.csv__hit6,Kathryn A. Garcia,Kathryn A. Garcia,Kathryn A. Garcia,Eric L. Adams,Kathryn A. Garcia,Kathryn A. Garcia,Kathryn A. Garcia,Kathryn A. Garcia,Kathryn A. Garcia,Kathryn A. Garcia
NewYorkCity_06222021_DEMMayorCitywide.csv__hit7,Kathryn A. Garcia,Kathryn A. Garcia,Kathryn A. Garcia,Kathryn A. Garcia,Kathryn A. Garcia,Kathryn A. Garcia,Kathryn A. Garcia,Kathryn A. Garcia,Kathryn A. Garcia,Kathryn A. Garcia
NewYorkCity_06222021_DEMMayorCitywide.csv__hit8,Kathryn A. Garcia,Kathryn A. Garcia,Kathryn A. Garcia,Kathryn A. Garcia,Kathryn A. Garcia,Kathryn A. Garcia,Kathryn A. Garcia,Kathryn A. Garcia,Kathryn A. Garcia,Kathryn A. Garcia
NewYorkCity_06222021_DEMMayorCitywide.csv__hit9,Kathryn A. Garcia,Kathryn A. Garcia,Kathryn A. Garcia,Kathryn A. Garcia,Kathryn A. Garcia,Kathryn A. Garcia,Kathryn A. Garcia,Kathryn A. Garcia,Kathryn A. Garcia,Kathryn A. Garcia
NewYorkCity_06222021_DEMMayorCitywide.csv__hit10,Eric L. Adams,Kathryn A. Garcia,Eric L. Adams,Eric L. Adams,Eric L. Adams,Kathryn A. Garcia,Kathryn A. Garcia,Kathryn A. Garcia,Eric L. Adams,Eric L. Adams
NewYorkCity_06222021_DEMMayorCitywide.csv__hit11,Eric L. Adams,Kathryn A. Garcia,Kathryn A. Garcia,Eric L. Adams,Kathryn A. Garcia,Kathryn A. Garcia,Kathryn A. Garcia,Eric L. Adams,Eric L. Adams,Eric L. Adams
NewYorkCity_06222021_DEMMayorCitywide.csv__hit12,Kathryn A. Garcia,Kathryn A. Garcia,Kathryn A. Garcia,Kathryn A. Garcia,Kathryn A. Garcia,Kathryn A. Garcia,Kathryn A. Garcia,Kathryn A. Garcia,Kathryn A. Garcia,Kathryn A. Garcia
NewYorkCity_06222021_DEMMayorCitywide.csv__hit13,Kathryn A. Garcia,Kathryn A. Garcia,Kathryn A. Garcia,Kathryn A. Garcia,Kathryn A. Garcia,Kathryn A. Garcia,Kathryn A. Garcia,Kathryn A. Garcia,Kathryn A. Garcia,Kathryn A. Garcia
NewYorkCity_06222021_DEMMayorCitywide.csv__hit14,Kathryn A. Garcia,Kathryn A. Garcia,Kathryn A. Garcia,Kathryn A. Garcia,Kathryn A. Garcia,Kathryn A. Garcia,Kathryn A. Garcia,Kathryn A. Garcia,Kathryn A. Garcia,Kathryn A. Garcia
NewYorkCity_06222021_DEMMayorCitywide.csv__hit15,Kathryn A. Garcia,Kathryn A. Garcia,Kathryn A. Garcia,Kathryn A. Garcia,Kathryn A. Garcia,Kathryn A. Garcia,Kathryn A. Garcia,Kathryn A. Garcia,Kathryn A. Garcia,Kathryn A. Garcia
NewYorkCity_06222021_DEMMayorCitywide.csv__hit16,Kathryn A. Garcia,Kathryn A. Garcia,Kathryn A. Garcia,Kathryn A. Garcia,Kathryn A. Garcia,Kathryn A. Garcia,Kathryn A. Garcia,Kathryn A. Garcia,Kathryn A. Garcia,Kathryn A. Garcia
NewYorkCity_06222021_DEMMayorCitywide.csv__hit17,Kathryn A. Garcia,Kathryn A. Garcia,Kathryn A. Garcia,Kathryn A. Garcia,Kathryn A. Garcia,Kathryn A. Garcia,Kathryn A. Garcia,Kathryn A. Garcia,Kathryn A. Garcia,Kathryn A. Garcia
NewYorkCity_06222021_DEMMayorCitywide.csv__hit18,Eric L. Adams,Eric L. Adams,Kathryn A. Garcia,Eric L. Adams,Eric L. Adams,Kathryn A. Garcia,Kathryn A. Garcia,Kathryn A. Garcia,Eric L. Adams,Kathryn A. Garcia
NewYorkCity_06222021_DEMMayorCitywide.csv__hit19,Kathryn A. Garcia,Kathryn A. Garcia,Kathryn A. Garcia,Kathryn A. Garcia,Kathryn A. Garcia,Kathryn A. Garcia,Kathryn A. Garcia,Kathryn A. Garcia,Kathryn A. Garcia,Kathryn A. Garcia
NewYorkCity_06222021_DEMMayorCitywide.csv__hit20,Kathryn A. Garcia,Kathryn A. Garcia,Kathryn A. Garcia,Eric L. Adams,Kathryn A. Garcia,Kathryn A. Garcia,Kathryn A. Garcia,Kathryn A. Garcia,Kathryn A. Garcia,Kathryn A. Garcia
NewYorkCity_06222021_DEMMayorCitywide.csv__hit21,Kathryn A. Garcia,Eric L. Adams,Eric L. Adams,Eric L. Adams,Kathryn A. Garcia,Kathryn A. Garcia,Kathryn A. Garcia,Kathryn A. Garcia,Eric L. Adams,Eric L. Adams
NewYorkCity_06222021_DEMMayorCitywide.csv__hit22,Kathryn A. Garcia,Kathryn A. Garcia,Kathryn A. Garcia,Kathryn A. Garcia,Kathryn A. Garcia,Kathryn A. Garcia,Kathryn A. Garcia,Kathryn A. Garcia,Kathryn A. Garcia,Kathryn A. Garcia
NewYorkCity_06222021_DEMMayorCitywide.csv__hit23,Kathryn A. Garcia,Kathryn A. Garcia,Kathryn A. Garcia,Kathryn A. Garcia,Kathryn A. Garcia,Kathryn A. Garcia,Kathryn A. Garcia,Kathryn A. Garcia,Kathryn A. Garcia,Kathryn A. Garcia
NewYorkCity_06222021_DEMMayorCitywide.csv__hit24,Kathryn A. Garcia,Kathryn A. Garcia,Kathryn A. Garcia,Kathryn A. Garcia,Kathryn A. Garcia,Kathryn A. Garcia,Kathryn A. Garcia,Kathryn A. Garcia,Kathryn A. Garcia,Kathryn A. Garcia
NewYorkCity_06222021_DEMMayorCitywide.csv__hit25,Kathryn A. Garcia,Kathryn A. Garcia,Kathryn A. Garcia,Kathryn A. Garcia,Kathryn A. Garcia,Kathryn A. Garcia,Kathryn A. Garcia,Kathryn A. Garcia,Kathryn A. Garcia,Kathryn A. Garcia
NewYorkCity_06222021_DEMMayorCitywide.csv__hit26,Kathryn A. Garcia,Kathryn A. Garcia,Kathryn A. Garcia,Eric L. Adams,Kathryn A. Garcia,Kathryn A. Garcia,Kathryn A. Garcia,Kathryn A. Garcia,Eric L. Adams,Kathryn A. Garcia
NewYorkCity_06222021_DEMMayorCitywide.csv__hit27,Kathryn A. Garcia,Kathryn A. Garcia,Kathryn A. Garcia,Kathryn A. Garcia,Kathryn A. Garcia,Kathryn A. Garcia,Kathryn A. Garcia,Kathryn A. Garcia,Kathryn A. Garcia,Eric L. Adams
NewYorkCity_06222021_DEMMayorCitywide.csv__hit28,Kathryn A. Garcia,Kathryn A. Garcia,Kathryn A. Garcia,Kathryn A. Garcia,Kathryn A. Garcia,Kathryn A. Garcia,Kathryn A. Garcia,Kathryn A. Garcia,Kathryn A. Garcia,Kathryn A. Garcia
NewYorkCity_06222021_DEMMayorCitywide.csv__hit29,Kathryn A. Garcia,Kathryn A. Garcia,Kathryn A. Garcia,Kathryn A. Garcia,Kathryn A. Garcia,Kathryn A. Garcia,Kathryn A. Garcia,Kathryn A. Garcia,Kathryn A. Garcia,Kathryn A. Garcia
NewYorkCity_06222021_DEMMayorCitywide.csv__hit30,Kathryn A. Garcia,Kathryn A. Garcia,Kathryn A. Garcia,Kathryn A. Garcia,Kathryn A. Garcia,Kathryn A. Garcia,Kathryn A. Garcia,Kathryn A. Garcia,Kathryn A. Garcia,Kathryn A. Garcia
NewYorkCity_06222021_DEMMayorCitywide.csv__hit31,Eric L. Adams,Eric L. Adams,Eric L. Adams,Eric L. Adams,Eric L. Adams,Kathryn A. Garcia,Kathryn A. Garcia,Eric L. Adams,Eric L. Adams,Kathryn A. Garcia
NewYorkCity_06222021_DEMMayorCitywide.csv__hit32,Eric L. Adams,Eric L. Adams,Kathryn A. Garcia,Eric L. Adams,Eric L. Adams,Kathryn A. Garcia,Kathryn A. Garcia,Kathryn A. Garcia,Eric L. Adams,Eric L. Adams
NewYorkCity_06222021_DEMMayorCitywide.csv__hit33,Kathryn A. Garcia,Kathryn A. Garcia,Kathryn A. Garcia,Kathryn A. Garcia,Kathryn A. Garcia,Kathryn A. Garcia,Kathryn A. Garcia,Kathryn A. Garcia,Kathryn A. Garcia,Kathryn A. Garcia
NewYorkCity_06222021_DEMMayorCitywide.csv__hit34,Kathryn A. Garcia,Kathryn A. Garcia,Kathryn A. Garcia,Kathryn A. Garcia,Kathryn A. Garcia,Kathryn A. Garcia,Kathryn A. Garcia,Kathryn A. Garcia,Kathryn A. Garcia,Kathryn A. Garcia
NewYorkCity_06222021_DEMMayorCitywide.csv__hit35,Kathryn A. Garcia,Kathryn A. Garcia,Kathryn A. Garcia,Kathryn A. Garcia,Kathryn A. Garcia,Kathryn A. Garcia,Kathryn A. Garcia,Kathryn A. Garcia,Kathryn A. Garcia,Eric L. Adams
NewYorkCity_06222021_DEMMayorCitywide.csv__hit36,Kathryn A. Garcia,Kathryn A. Garcia,Kathryn A. Garcia,Kathryn A. Garcia,Kathryn A. Garcia,Kathryn A. Garcia,Kathryn A. Garcia,Kathryn A. Garcia,Kathryn A. Garcia,Kathryn A. Garcia
NewYorkCity_06222021_DEMMayorCitywide.csv__hit37,Eric L. Adams,Eric L. Adams,Eric L. Adams,Eric L. Adams,Kathryn A. Garcia,Kathryn A. Garcia,Kathryn A. Garcia,Eric L. Adams,Eric L. Adams,Kathryn A. Garcia
NewYorkCity_06222021_DEMMayorCitywide.csv__hit38,Eric L. Adams,Eric L. Adams,Maya D. Wiley,Kathryn A. Garcia,Eric L. Adams,Kathryn A. Garcia,Kathryn A. Garcia,Kathryn A. Garcia,Eric L. Adams,Eric L. Adams
NewYorkCity_06222021_DEMMayorCitywide.csv__hit39,Kathryn A. Garcia,Kathryn A. Garcia,Kathryn A. Garcia,Eric L. Adams,Kathryn A. Garcia,Kathryn A. Garcia,Kathryn A. Garcia,Kathryn A. Garcia,Kathryn A. Garcia,Kathryn A. Garcia
NewYorkCity_06222021_DEMMayorCitywide.csv__hit40,Kathryn A. Garcia,Kathryn A. Garcia,Kathryn A. Garcia,Kathryn A. Garcia,Kathryn A. Garcia,Kathryn A. Garcia,Kathryn A. Garcia,Kathryn A. Garcia,Kathryn A. Garcia,Kathryn A. Garcia
NewYorkCity_06222021_DEMMayorCitywide.csv__hit41,Kathryn A. Garcia,Kathryn A. Garcia,Eric L. Adams,Kathryn A. Garcia,Kathryn A. Garcia,Kathryn A. Garcia,Kathryn A. Garcia,Kathryn A. Garcia,Kathryn A. Garcia,Kathryn A. Garcia
NewYorkCity_06222021_DEMMayorCitywide.csv__hit42,Kathryn A. Garcia,Kathryn A. Garcia,Kathryn A. Garcia,Eric L. Adams,Kathryn A. Garcia,Kathryn A. Garcia,Kathryn A. Garcia,Kathryn A. Garcia,Kathryn A. Garcia,Kathryn A. Garcia
NewYorkCity_06222021_DEMMayorCitywide.csv__hit43,Eric L. Adams,Eric L. Adams,Eric L. Adams,Eric L. Adams,Eric L. Adams,Kathryn A. Garcia,Kathryn A. Garcia,Kathryn A. Garcia,Eric L. Adams,Eric L. Adams
NewYorkCity_06222021_DEMMayorCitywide.csv__hit44,Kathryn A. Garcia,Kathryn A. Garcia,Kathryn A. Garcia,Kathryn A. Garcia,Kathryn A. Garcia,Kathryn A. Garcia,Kathryn A. Garcia,Kathryn A. Garcia,Eric L. Adams,Eric L. Adams
NewYorkCity_06222021_DEMMayorCitywide.csv__hit45,Kathryn A. Garcia,Kathryn A. Garcia,Kathryn A. Garcia,Kathryn A. Garcia,Kathryn A. Garcia,Kathryn A. Garcia,Kathryn A. Garcia,Kathryn A. Garcia,Kathryn A. Garcia,Kathryn A. Garcia
NewYorkCity_06222021_DEMMayorCitywide.csv__hit46,Eric L. Adams,Eric L. Adams,Eric L. Adams,Eric L. Adams,Eric L. Adams,Eric L. Adams,Kathryn A. Garcia,Kathryn A. Garcia,Eric L. Adams,Kathryn A. Garcia
NewYorkCity_06222021_DEMMayorCitywide.csv__hit47,Eric L. Adams,Eric L. Adams,Kathryn A. Garcia,Kathryn A. Garcia,Eric L. Adams,Kathryn A. Garcia,Kathryn A. Garcia,Eric L. Adams,Eric L. Adams,Eric L. Adams
NewYorkCity_06222021_DEMMayorCitywide.csv__hit48,Kathryn A. Garcia,Kathryn A. Garcia,Kathryn A. Garcia,Kathryn A. Garcia,Kathryn A. Garcia,Kathryn A. Garcia,Kathryn A. Garcia,Kathryn A. Garcia,Kathryn A. Garcia,Kathryn A. Garcia
NewYorkCity_06222021_DEMMayorCitywide.csv__hit49,Kathryn A. Garcia,Kathryn A. Garcia,Eric L. Adams,Eric L. Adams,Kathryn A. Garcia,Eric L. Adams,Kathryn A. Garcia,Kathryn A. Garcia,Maya D. Wiley,Kathryn A. Garcia
NewYorkCity_06222021_DEMMayorCitywide.csv__hit50,Kathryn A. Garcia,Kathryn A. Garcia,Kathryn A. Garcia,Eric L. Adams,Kathryn A. Garcia,Kathryn A. Garcia,Kathryn A. Garcia,Kathryn A. Garcia,Kathryn A. Garcia,Maya D. Wiley
NewYorkCity_06222021_DEMMayorCitywide.csv__hit51,Kathryn A. Garcia,Kathryn A. Garcia,Kathryn A. Garcia,Kathryn A. Garcia,Kathryn A. Garcia,Kathryn A. Garcia,Kathryn A. Garcia,Kathryn A. Garcia,Kathryn A. Garcia,Kathryn A. Garcia
NewYorkCity_06222021_DEMMayorCitywide.csv__hit52,Kathryn A. Garcia,Kathryn A. Garcia,Kathryn A. Garcia,Kathryn A. Garcia,Kathryn A. Garcia,Kathryn A. Garcia,Kathryn A. Garcia,Kathryn A. Garcia,Kathryn A. Garcia,Kathryn A. Garcia
NewYorkCity_06222021_DEMMayorCitywide.csv__hit53,Kathryn A. Garcia,Kathryn A. Garcia,Kathryn A. Garcia,Kathryn A. Garcia,Kathryn A. Garcia,Kathryn A. Garcia,Kathryn A. Garcia,Kathryn A. Garcia,Kathryn A. Garcia,Kathryn A. Garcia
NewYorkCity_06222021_DEMMayorCitywide.csv__hit54,Kathryn A. Garcia,Kathryn A. Garcia,Kathryn A. Garcia,Kathryn A. Garcia,Kathryn A. Garcia,Kathryn A. Garcia,Kathryn A. Garcia,Kathryn A. Garcia,Kathryn A. Garcia,Kathryn A. Garcia
NewYorkCity_06222021_DEMMayorCitywide.csv__hit55,Kathryn A. Garcia,Kathryn A. Garcia,Kathryn A. Garcia,Kathryn A. Garcia,Kathryn A. Garcia,Kathryn A. Garcia,Kathryn A. Garcia,Kathryn A. Garcia,Kathryn A. Garcia,Kathryn A. Garcia
NewYorkCity_06222021_DEMMayorCitywide.csv__hit56,Kathryn A. Garcia,Kathryn A. Garcia,Kathryn A. Garcia,Kathryn A. Garcia,Kathryn A. Garcia,Kathryn A. Garcia,Kathryn A. Garcia,Kathryn A. Garcia,Kathryn A. Garcia,Kathryn A. Garcia
NewYorkCity_06222021_DEMMayorCitywide.csv__hit57,Kathryn A. Garcia,Kathryn A. Garcia,Kathryn A. Garcia,Eric L. Adams,Kathryn A. Garcia,Kathryn A. Garcia,Kathryn A. Garcia,Kathryn A. Garcia,Kathryn A. Garcia,Eric L. Adams
NewYorkCity_06222021_DEMMayorCitywide.csv__hit58,Kathryn A. Garcia,Kathryn A. Garcia,Kathryn A. Garcia,Kathryn A. Garcia,Kathryn A. Garcia,Kathryn A. Garcia,Kathryn A. Garcia,Kathryn A. Garcia,Kathryn A. Garcia,Kathryn A. Garcia
NewYorkCity_06222021_DEMMayorCitywide.csv__hit59,Eric L. Adams,Eric L. Adams,Eric L. Adams,Eric L. Adams,Eric L. Adams,Kathryn A. Garcia,Kathryn A. Garcia,Eric L. Adams,Eric L. Adams,Kathryn A. Garcia
NewYorkCity_06222021_DEMMayorCitywide.csv__hit60,Kathryn A. Garcia,Kathryn A. Garcia,Kathryn A. Garcia,Kathryn A. Garcia,Kathryn A. Garcia,Kathryn A. Garcia,Kathryn A. Garcia,Kathryn A. Garcia,Kathryn A. Garcia,Eric L. Adams
NewYorkCity_06222021_DEMMayorCitywide.csv__hit61,Kathryn A. Garcia,Kathryn A. Garcia,Kathryn A. Garcia,Kathryn A. Garcia,Kathryn A. Garcia,Kathryn A. Garcia,Kathryn A. Garcia,Kathryn A. Garcia,Kathryn A. Garcia,Kathryn A. Garcia
NewYorkCity_06222021_DEMMayorCitywide.csv__hit62,Kathryn A. Garcia,Kathryn A. Garcia,Kathryn A. Garcia,Kathryn A. Garcia,Kathryn A. Garcia,Kathryn A. Garcia,Kathryn A. Garcia,Kathryn A. Garcia,Kathryn A. Garcia,Kathryn A. Garcia
NewYorkCity_06222021_DEMMayorCitywide.csv__hit63,Kathryn A. Garcia,Kathryn A. Garcia,Kathryn A. Garcia,Kathryn A. Garcia,Kathryn A. Garcia,Kathryn A. Garcia,Kathryn A. Garcia,Kathryn A. Garcia,Kathryn A. Garcia,Kathryn A. Garcia
NewYorkCity_06222021_DEMMayorCitywide.csv__hit64,Eric L. Adams,Eric L. Adams,Eric L. Adams,Eric L. Adams,Eric L. Adams,Kathryn A. Garcia,Kathryn A. Garcia,Kathryn A. Garcia,Kathryn A. Garcia,Eric L. Adams
NewYorkCity_06222021_DEMMayorCitywide.csv__hit65,Kathryn A. Garcia,Kathryn A. Garcia,Kathryn A. Garcia,Kathryn A. Garcia,Kathryn A. Garcia,Kathryn A. Garcia,Kathryn A. Garcia,Kathryn A. Garcia,Kathryn A. Garcia,Kathryn A. Garcia
NewYorkCity_06222021_DEMMayorCitywide.csv__hit66,Kathryn A. Garcia,Kathryn A. Garcia,Kathryn A. Garcia,Kathryn A. Garcia,Kathryn A. Garcia,Kathryn A. Garcia,Kathryn A. Garcia,Kathryn A. Garcia,Kathryn A. Garcia,Maya D. Wiley
NewYorkCity_06222021_DEMMayorCitywide.csv__hit67,Kathryn A. Garcia,Kathryn A. Garcia,Kathryn A. Garcia,Kathryn A. Garcia,Kathryn A. Garcia,Kathryn A. Garcia,Kathryn A. Garcia,Kathryn A. Garcia,Kathryn A. Garcia,Kathryn A. Garcia
NewYorkCity_06222021_DEMMayorCitywide.csv__hit68,Kathryn A. Garcia,Kathryn A. Garcia,Eric L. Adams,Kathryn A. Garcia,Kathryn A. Garcia,Kathryn A. Garcia,Kathryn A. Garcia,Kathryn A. Garcia,Kathryn A. Garcia,Kathryn A. Garcia
NewYorkCity_06222021_DEMMayorCitywide.csv__hit69,Kathryn A. Garcia,Eric L. Adams,Eric L. Adams,Eric L. Adams,Kathryn A. Garcia,Kathryn A. Garcia,Kathryn A. Garcia,Kathryn A. Garcia,Eric L. Adams,Eric L. Adams
NewYorkCity_06222021_DEMMayorCitywide.csv__hit70,Kathryn A. Garcia,Kathryn A. Garcia,Kathryn A. Garcia,Kathryn A. Garcia,Kathryn A. Garcia,Kathryn A. Garcia,Kathryn A. Garcia,Kathryn A. Garcia,Kathryn A. Garcia,Kathryn A. Garcia
NewYorkCity_06222021_DEMMayorCitywide.csv__hit71,Kathryn A. Garcia,Kathryn A. Garcia,Kathryn A. Garcia,Kathryn A. Garcia,Kathryn A. Garcia,Kathryn A. Garcia,Kathryn A. Garcia,Kathryn A. Garcia,Kathryn A. Garcia,Kathryn A. Garcia
NewYorkCity_06222021_DEMMayorCitywide.csv__hit72,Kathryn A. Garcia,Kathryn A. Garcia,Kathryn A. Garcia,Kathryn A. Garcia,Kathryn A. Garcia,Kathryn A. Garcia,Kathryn A. Garcia,Kathryn A. Garcia,Kathryn A. Garcia,Kathryn A. Garcia
NewYorkCity_06222021_DEMMayorCitywide.csv__hit73,Kathryn A. Garcia,Kathryn A. Garcia,Kathryn A. Garcia,Kathryn A. Garcia,Kathryn A. Garcia,Kathryn A. Garcia,Kathryn A. Garcia,Kathryn A. Garcia,Kathryn A. Garcia,Kathryn A. Garcia
NewYorkCity_06222021_DEMMayorCitywide.csv__hit74,Kathryn A. Garcia,Kathryn A. Garcia,Kathryn A. Garcia,Kathryn A. Garcia,Kathryn A. Garcia,Kathryn A. Garcia,Kathryn A. Garcia,Kathryn A. Garcia,Kathryn A. Garcia,Kathryn A. Garcia
NewYorkCity_06222021_DEMMayorCitywide.csv__hit75,Kathryn A. Garcia,Kathryn A. Garcia,Kathryn A. Garcia,Maya D. Wiley,Kathryn A. Garcia,Kathryn A. Garcia,Kathryn A. Garcia,Kathryn A. Garcia,Kathryn A. Garcia,Kathryn A. Garcia
NewYorkCity_06222021_DEMMayorCitywide.csv__hit76,Kathryn A. Garcia,Kathryn A. Garcia,Eric L. Adams,Kathryn A. Garcia,Kathryn A. Garcia,Eric L. Adams,Kathryn A. Garcia,Kathryn A. Garcia,Kathryn A. Garcia,Kathryn A. Garcia
NewYorkCity_06222021_DEMMayorCitywide.csv__hit77,Eric L. Adams,Eric L. Adams,Eric L. Adams,Eric L. Adams,Eric L. Adams,Kathryn A. Garcia,Kathryn A. Garcia,Kathryn A. Garcia,Eric L. Adams,Eric L. Adams
NewYorkCity_06222021_DEMMayorCitywide.csv__hit78,Kathryn A. Garcia,Kathryn A. Garcia,Kathryn A. Garcia,Kathryn A. Garcia,Kathryn A. Garcia,Kathryn A. Garcia,Kathryn A. Garcia,Kathryn A. Garcia,Kathryn A. Garcia,Kathryn A. Garcia
NewYorkCity_06222021_DEMMayorCitywide.csv__hit79,Kathryn A. Garcia,Kathryn A. Garcia,Kathryn A. Garcia,Kathryn A. Garcia,Kathryn A. Garcia,Kathryn A. Garcia,Kathryn A. Garcia,Kathryn A. Garcia,Kathryn A. Garcia,Kathryn A. Garcia
NewYorkCity_06222021_DEMMayorCitywide.csv__hit80,Kathryn A. Garcia,Kathryn A. Garcia,Kathryn A. Garcia,Kathryn A. Garcia,Kathryn A. Garcia,Kathryn A. Garcia,Kathryn A. Garcia,Kathryn A. Garcia,Kathryn A. Garcia,Kathryn A. Garcia
NewYorkCity_06222021_DEMMayorCitywide.csv__hit81,Kathryn A. Garcia,Kathryn A. Garcia,Kathryn A. Garcia,Kathryn A. Garcia,Kathryn A. Garcia,Kathryn A. Garcia,Kathryn A. Garcia,Kathryn A. Garcia,Kathryn A. Garcia,Kathryn A. Garcia
NewYorkCity_06222021_DEMMayorCitywide.csv__hit82,Eric L. Adams,Kathryn A. Garcia,Eric L. Adams,Eric L. Adams,Kathryn A. Garcia,Kathryn A. Garcia,Kathryn A. Garcia,Kathryn A. Garcia,Maya D. Wiley,Eric L. Adams
NewYorkCity_06222021_DEMMayorCitywide.csv__hit83,Kathryn A. Garcia,Kathryn A. Garcia,Kathryn A. Garcia,Kathryn A. Garcia,Kathryn A. Garcia,Kathryn A. Garcia,Kathryn A. Garcia,Kathryn A. Garcia,Kathryn A. Garcia,Kathryn A. Garcia
NewYorkCity_06222021_DEMMayorCitywide.csv__hit84,Kathryn A. Garcia,Kathryn A. Garcia,Kathryn A. Garcia,Kathryn A. Garcia,Kathryn A. Garcia,Kathryn A. Garcia,Kathryn A. Garcia,Kathryn A. Garcia,Kathryn A. Garcia,Maya D. Wiley
NewYorkCity_06222021_DEMMayorCitywide.csv__hit85,Kathryn A. Garcia,Kathryn A. Garcia,Kathryn A. Garcia,Kathryn A. Garcia,Kathryn A. Garcia,Kathryn A. Garcia,Kathryn A. Garcia,Kathryn A. Garcia,Kathryn A. Garcia,Kathryn A. Garcia
NewYorkCity_06222021_DEMMayorCitywide.csv__hit86,Kathryn A. Garcia,Kathryn A. Garcia,Kathryn A. Garcia,Eric L. Adams,Kathryn A. Garcia,Kathryn A. Garcia,Kathryn A. Garcia,Kathryn A. Garcia,Kathryn A. Garcia,Eric L. Adams
NewYorkCity_06222021_DEMMayorCitywide.csv__hit87,Eric L. Adams,Eric L. Adams,Eric L. Adams,Eric L. Adams,Eric L. Adams,Kathryn A. Garcia,Kathryn A. Garcia,Eric L. Adams,Eric L. Adams,Maya D. Wiley
NewYorkCity_06222021_DEMMayorCitywide.csv__hit88,Kathryn A. Garcia,Kathryn A. Garcia,Eric L. Adams,Kathryn A. Garcia,Kathryn A. Garcia,Kathryn A. Garcia,Kathryn A. Garcia,Kathryn A. Garcia,Kathryn A. Garcia,Kathryn A. Garcia
NewYorkCity_06222021_DEMMayorCitywide.csv__hit89,Kathryn A. Garcia,Kathryn A. Garcia,Kathryn A. Garcia,Eric L. Adams,Kathryn A. Garcia,Kathryn A. Garcia,Kathryn A. Garcia,Kathryn A. Garcia,Kathryn A. Garcia,Kathryn A. Garcia
NewYorkCity_06222021_DEMMayorCitywide.csv__hit90,Eric L. Adams,Eric L. Adams,Eric L. Adams,Eric L. Adams,Eric L. Adams,Kathryn A. Garcia,Kathryn A. Garcia,Eric L. Adams,Eric L. Adams,Eric L. Adams
NewYorkCity_06222021_DEMMayorCitywide.csv__hit91,Kathryn A. Garcia,Kathryn A. Garcia,Kathryn A. Garcia,Kathryn A. Garcia,Kathryn A. Garcia,Kathryn A. Garcia,Kathryn A. Garcia,Kathryn A. Garcia,Kathryn A. Garcia,Kathryn A. Garcia
NewYorkCity_06222021_DEMMayorCitywide.csv__hit92,Eric L. Adams,Eric L. Adams,Eric L. Adams,Eric L. Adams,Eric L. Adams,Kathryn A. Garcia,Eric L. Adams,Eric L. Adams,Eric L. Adams,Eric L. Adams
NewYorkCity_06222021_DEMMayorCitywide.csv__hit93,Kathryn A. Garcia,Kathryn A. Garcia,Kathryn A. Garcia,Kathryn A. Garcia,Kathryn A. Garcia,Kathryn A. Garcia,Kathryn A. Garcia,Kathryn A. Garcia,Kathryn A. Garcia,Kathryn A. Garcia
NewYorkCity_06222021_DEMMayorCitywide.csv__hit94,Eric L. Adams,Eric L. Adams,Eric L. Adams,Eric L. Adams,Eric L. Adams,Kathryn A. Garcia,Kathryn A. Garcia,Eric L. Adams,Eric L. Adams,Eric L. Adams
NewYorkCity_06222021_DEMMayorCitywide.csv__hit95,Kathryn A. Garcia,Kathryn A. Garcia,Kathryn A. Garcia,Kathryn A. Garcia,Kathryn A. Garcia,Kathryn A. Garcia,Kathryn A. Garcia,Kathryn A. Garcia,Kathryn A. Garcia,Kathryn A. Garcia
NewYorkCity_06222021_DEMMayorCitywide.csv__hit96,Eric L. Adams,Eric L. Adams,Eric L. Adams,Eric L. Adams,Eric L. Adams,Kathryn A. Garcia,Kathryn A. Garcia,Eric L. Adams,Eric L. Adams,Maya D. Wiley
NewYorkCity_06222021_DEMMayorCitywide.csv__hit97,Eric L. Adams,Eric L. Adams,Kathryn A. Garcia,Eric L. Adams,Kathryn A. Garcia,Kathryn A. Garcia,Kathryn A. Garcia,Kathryn A. Garcia,Eric L. Adams,Eric L. Adams
NewYorkCity_06222021_DEMMayorCitywide.csv__hit98,Eric L. Adams,Eric L. Adams,Eric L. Adams,Kathryn A. Garcia,Eric L. Adams,Kathryn A. Garcia,Kathryn A. Garcia,Kathryn A. Garcia,Eric L. Adams,Eric L. Adams
NewYorkCity_06222021_DEMMayorCitywide.csv__hit99,Kathryn A. Garcia,Kathryn A. Garcia,Kathryn A. Garcia,Eric L. Adams,Kathryn A. Garcia,Kathryn A. Garcia,Kathryn A. Garcia,Kathryn A. Garcia,Kathryn A. Garcia,Kathryn A. Garcia
NewYorkCity_06222021_DEMMayorCitywide.csv__hit100,Eric L. Adams,Eric L. Adams,Maya D. Wiley,Eric L. Adams,Eric L. Adams,Kathryn A. Garcia,Kathryn A. Garcia,Eric L. Adams,Eric L. Adams,Eric L. Adams
NewYorkCity_06222021_DEMMayorCitywide.csv__hit101,Kathryn A. Garcia,Kathryn A. Garcia,Kathryn A. Garcia,Kathryn A. Garcia,Kathryn A. Garcia,Kathryn A. Garcia,Kathryn A. Garcia,Kathryn A. Garcia,Kathryn A. Garcia,Eric L. Adams
NewYorkCity_06222021_DEMMayorCitywide.csv__hit102,Kathryn A. Garcia,Kathryn A. Garcia,Kathryn A. Garcia,Kathryn A. Garcia,Kathryn A. Garcia,Kathryn A. Garcia,Kathryn A. Garcia,Kathryn A. Garcia,Kathryn A. Garcia,Kathryn A. Garcia
NewYorkCity_06222021_DEMMayorCitywide.csv__hit103,Kathryn A. Garcia,Kathryn A. Garcia,Kathryn A. Garcia,Kathryn A. Garcia,Kathryn A. Garcia,Kathryn A. Garcia,Kathryn A. Garcia,Kathryn A. Garcia,Kathryn A. Garcia,Kathryn A. Garcia
NewYorkCity_06222021_DEMMayorCitywide.csv__hit104,Kathryn A. Garcia,Kathryn A. Garcia,Kathryn A. Garcia,Kathryn A. Garcia,Kathryn A. Garcia,Kathryn A. Garcia,Kathryn A. Garcia,Kathryn A. Garcia,Maya D. Wiley,Kathryn A. Garcia
NewYorkCity_06222021_DEMMayorCitywide.csv__hit105,Kathryn A. Garcia,Kathryn A. Garcia,Kathryn A. Garcia,Eric L. Adams,Kathryn A. Garcia,Kathryn A. Garcia,Kathryn A. Garcia,Kathryn A. Garcia,Kathryn A. Garcia,Kathryn A. Garcia
NewYorkCity_06222021_DEMMayorCitywide.csv__hit106,Eric L. Adams,Eric L. Adams,Eric L. Adams,Eric L. Adams,Eric L. Adams,Kathryn A. Garcia,Kathryn A. Garcia,Kathryn A. Garcia,Eric L. Adams,Eric L. Adams
NewYorkCity_06222021_DEMMayorCitywide.csv__hit107,Kathryn A. Garcia,Kathryn A. Garcia,Kathryn A. Garcia,Kathryn A. Garcia,Kathryn A. Garcia,Kathryn A. Garcia,Kathryn A. Garcia,Kathryn A. Garcia,Kathryn A. Garcia,Kathryn A. Garcia
NewYorkCity_06222021_DEMMayorCitywide.csv__hit108,Kathryn A. Garcia,Kathryn A. Garcia,Kathryn A. Garcia,Kathryn A. Garcia,Kathryn A. Garcia,Kathryn A. Garcia,Kathryn A. Garcia,Kathryn A. Garcia,Kathryn A. Garcia,Kathryn A. Garcia
NewYorkCity_06222021_DEMMayorCitywide.csv__hit109,Kathryn A. Garcia,Kathryn A. Garcia,Kathryn A. Garcia,Eric L. Adams,Kathryn A. Garcia,Kathryn A. Garcia,Kathryn A. Garcia,Kathryn A. Garcia,Kathryn A. Garcia,Kathryn A. Garcia
NewYorkCity_06222021_DEMMayorCitywide.csv__hit110,Kathryn A. Garcia,Eric L. Adams,Kathryn A. Garcia,Eric L. Adams,Eric L. Adams,Eric L. Adams,Kathryn A. Garcia,Kathryn A. Garcia,Eric L. Adams,Eric L. Adams
NewYorkCity_06222021_DEMMayorCitywide.csv__hit111,Kathryn A. Garcia,Kathryn A. Garcia,Kathryn A. Garcia,Eric L. Adams,Kathryn A. Garcia,Kathryn A. Garcia,Kathryn A. Garcia,Kathryn A. Garcia,Kathryn A. Garcia,Kathryn A. Garcia
NewYorkCity_06222021_DEMMayorCitywide.csv__hit112,Kathryn A. Garcia,Kathryn A. Garcia,Kathryn A. Garcia,Kathryn A. Garcia,Kathryn A. Garcia,Kathryn A. Garcia,Kathryn A. Garcia,Kathryn A. Garcia,Kathryn A. Garcia,Kathryn A. Garcia
NewYorkCity_06222021_DEMMayorCitywide.csv__hit113,Kathryn A. Garcia,Kathryn A. Garcia,Kathryn A. Garcia,Kathryn A. Garcia,Kathryn A. Garcia,Kathryn A. Garcia,Kathryn A. Garcia,Kathryn A. Garcia,Kathryn A. Garcia,Kathryn A. Garcia
NewYorkCity_06222021_DEMMayorCitywide.csv__hit114,Kathryn A. Garcia,Kathryn A. Garcia,Kathryn A. Garcia,Eric L. Adams,Kathryn A. Garcia,Kathryn A. Garcia,Kathryn A. Garcia,Kathryn A. Garcia,Kathryn A. Garcia,Kathryn A. Garcia
NewYorkCity_06222021_DEMMayorCitywide.csv__hit115,Kathryn A. Garcia,Kathryn A. Garcia,Kathryn A. Garcia,Kathryn A. Garcia,Kathryn A. Garcia,Kathryn A. Garcia,Kathryn A. Garcia,Kathryn A. Garcia,Kathryn A. Garcia,Kathryn A. Garcia
NewYorkCity_06222021_DEMMayorCitywide.csv__hit116,Kathryn A. Garcia,Kathryn A. Garcia,Kathryn A. Garcia,Kathryn A. Garcia,Kathryn A. Garcia,Kathryn A. Garcia,Kathryn A. Garcia,Kathryn A. Garcia,Kathryn A. Garcia,Kathryn A. Garcia
NewYorkCity_06222021_DEMMayorCitywide.csv__hit117,Eric L. Adams,Eric L. Adams,Eric L. Adams,Eric L. Adams,Eric L. Adams,Kathryn A. Garcia,Kathryn A. Garcia,Eric L. Adams,Eric L. Adams,Kathryn A. Garcia
NewYorkCity_06222021_DEMMayorCitywide.csv__hit118,Kathryn A. Garcia,Kathryn A. Garcia,Kathryn A. Garcia,Kathryn A. Garcia,Kathryn A. Garcia,Kathryn A. Garcia,Kathryn A. Garcia,Kathryn A. Garcia,Kathryn A. Garcia,Kathryn A. Garcia
NewYorkCity_06222021_DEMMayorCitywide.csv__hit119,Kathryn A. Garcia,Kathryn A. Garcia,Kathryn A. Garcia,Kathryn A. Garcia,Kathryn A. Garcia,Kathryn A. Garcia,Kathryn A. Garcia,Kathryn A. Garcia,Kathryn A. Garcia,Maya D. Wiley
NewYorkCity_06222021_DEMMayorCitywide.csv__hit120,Kathryn A. Garcia,Kathryn A. Garcia,Kathryn A. Garcia,Eric L. Adams,Kathryn A. Garcia,Kathryn A. Garcia,Kathryn A. Garcia,Kathryn A. Garcia,Kathryn A. Garcia,Kathryn A. Garcia
NewYorkCity_06222021_DEMMayorCitywide.csv__hit121,Kathryn A. Garcia,Kathryn A. Garcia,Kathryn A. Garcia,Kathryn A. Garcia,Kathryn A. Garcia,Kathryn A. Garcia,Kathryn A. Garcia,Kathryn A. Garcia,Kathryn A. Garcia,Kathryn A. Garcia
NewYorkCity_06222021_DEMMayorCitywide.csv__hit122,Kathryn A. Garcia,Kathryn A. Garcia,Kathryn A. Garcia,Kathryn A. Garcia,Kathryn A. Garcia,Eric L. Adams,Kathryn A. Garcia,Kathryn A. Garcia,Kathryn A. Garcia,Eric L. Adams
NewYorkCity_06222021_DEMMayorCitywide.csv__hit123,Kathryn A. Garcia,Kathryn A. Garcia,Kathryn A. Garcia,Kathryn A. Garcia,Kathryn A. Garcia,Kathryn A. Garcia,Kathryn A. Garcia,Kathryn A. Garcia,Kathryn A. Garcia,Kathryn A. Garcia
NewYorkCity_06222021_DEMMayorCitywide.csv__hit124,Eric L. Adams,Kathryn A. Garcia,Kathryn A. Garcia,Kathryn A. Garcia,Kathryn A. Garcia,Kathryn A. Garcia,Kathryn A. Garcia,Kathryn A. Garcia,Kathryn A. Garcia,Kathryn A. Garcia
NewYorkCity_06222021_DEMMayorCitywide.csv__hit125,Kathryn A. Garcia,Kathryn A. Garcia,Kathryn A. Garcia,Kathryn A. Garcia,Kathryn A. Garcia,Kathryn A. Garcia,Kathryn A. Garcia,Kathryn A. Garcia,Kathryn A. Garcia,Eric L. Adams
NewYorkCity_06222021_DEMMayorCitywide.csv__hit126,Kathryn A. Garcia,Kathryn A. Garcia,Kathryn A. Garcia,Kathryn A. Garcia,Kathryn A. Garcia,Kathryn A. Garcia,Kathryn A. Garcia,Kathryn A. Garcia,Kathryn A. Garcia,Eric L. Adams
NewYorkCity_06222021_DEMMayorCitywide.csv__hit127,Kathryn A. Garcia,Kathryn A. Garcia,Kathryn A. Garcia,Eric L. Adams,Kathryn A. Garcia,Kathryn A. Garcia,Kathryn A. Garcia,Kathryn A. Garcia,Kathryn A. Garcia,Kathryn A. Garcia
NewYorkCity_06222021_DEMMayorCitywide.csv__hit128,Kathryn A. Garcia,Kathryn A. Garcia,Kathryn A. Garcia,Kathryn A. Garcia,Kathryn A. Garcia,Kathryn A. Garcia,Kathryn A. Garcia,Kathryn A. Garcia,Kathryn A. Garcia,Kathryn A. Garcia
NewYorkCity_06222021_DEMMayorCitywide.csv__hit129,Kathryn A. Garcia,Kathryn A. Garcia,Kathryn A. Garcia,Kathryn A. Garcia,Kathryn A. Garcia,Kathryn A. Garcia,Kathryn A. Garcia,Kathryn A. Garcia,Kathryn A. Garcia,Eric L. Adams
NewYorkCity_06222021_DEMMayorCitywide.csv__hit130,Eric L. Adams,Eric L. Adams,Kathryn A. Garcia,Eric L. Adams,Kathryn A. Garcia,Kathryn A. Garcia,Kathryn A. Garcia,Eric L. Adams,Eric L. Adams,Eric L. Adams
NewYorkCity_06222021_DEMMayorCitywide.csv__hit131,Kathryn A. Garcia,Kathryn A. Garcia,Kathryn A. Garcia,Kathryn A. Garcia,Kathryn A. Garcia,Kathryn A. Garcia,Kathryn A. Garcia,Kathryn A. Garcia,Kathryn A. Garcia,Kathryn A. Garcia
NewYorkCity_06222021_DEMMayorCitywide.csv__hit132,Kathryn A. Garcia,Kathryn A. Garcia,Kathryn A. Garcia,Kathryn A. Garcia,Kathryn A. Garcia,Kathryn A. Garcia,Kathryn A. Garcia,Kathryn A. Garcia,Kathryn A. Garcia,Eric L. Adams
NewYorkCity_06222021_DEMMayorCitywide.csv__hit133,Eric L. Adams,Eric L. Adams,Eric L. Adams,Eric L. Adams,Kathryn A. Garcia,Kathryn A. Garcia,Kathryn A. Garcia,Kathryn A. Garcia,Eric L. Adams,Eric L. Adams
NewYorkCity_06222021_DEMMayorCitywide.csv__hit134,Kathryn A. Garcia,Kathryn A. Garcia,Kathryn A. Garcia,Kathryn A. Garcia,Kathryn A. Garcia,Kathryn A. Garcia,Kathryn A. Garcia,Kathryn A. Garcia,Kathryn A. Garcia,Kathryn A. Garcia
NewYorkCity_06222021_DEMMayorCitywide.csv__hit135,Kathryn A. Garcia,Kathryn A. Garcia,Kathryn A. Garcia,Kathryn A. Garcia,Kathryn A. Garcia,Kathryn A. Garcia,Kathryn A. Garcia,Kathryn A. Garcia,Kathryn A. Garcia,Kathryn A. Garcia
NewYorkCity_06222021_DEMMayorCitywide.csv__hit136,Kathryn A. Garcia,Kathryn A. Garcia,Kathryn A. Garcia,Kathryn A. Garcia,Kathryn A. Garcia,Kathryn A. Garcia,Kathryn A. Garcia,Kathryn A. Garcia,Kathryn A. Garcia,Kathryn A. Garcia
NewYorkCity_06222021_DEMMayorCitywide.csv__hit137,Eric L. Adams,Kathryn A. Garcia,Kathryn A. Garcia,Kathryn A. Garcia,Kathryn A. Garcia,Kathryn A. Garcia,Kathryn A. Garcia,Kathryn A. Garcia,Kathryn A. Garcia,Kathryn A. Garcia
NewYorkCity_06222021_DEMMayorCitywide.csv__hit138,Eric L. Adams,Kathryn A. Garcia,Kathryn A. Garcia,Kathryn A. Garcia,Kathryn A. Garcia,Kathryn A. Garcia,Kathryn A. Garcia,Kathryn A. Garcia,Kathryn A. Garcia,Kathryn A. Garcia
NewYorkCity_06222021_DEMMayorCitywide.csv__hit139,Kathryn A. Garcia,Kathryn A. Garcia,Kathryn A. Garcia,Kathryn A. Garcia,Kathryn A. Garcia,Kathryn A. Garcia,Kathryn A. Garcia,Kathryn A. Garcia,Kathryn A. Garcia,Kathryn A. Garcia
NewYorkCity_06222021_DEMMayorCitywide.csv__hit140,Kathryn A. Garcia,Kathryn A. Garcia,Kathryn A. Garcia,Kathryn A. Garcia,Kathryn A. Garcia,Kathryn A. Garcia,Kathryn A. Garcia,Kathryn A. Garcia,Kathryn A. Garcia,Eric L. Adams
NewYorkCity_06222021_DEMMayorCitywide.csv__hit141,Kathryn A. Garcia,Kathryn A. Garcia,Kathryn A. Garcia,Eric L. Adams,Kathryn A. Garcia,Kathryn A. Garcia,Kathryn A. Garcia,Kathryn A. Garcia,Kathryn A. Garcia,Kathryn A. Garcia
NewYorkCity_06222021_DEMMayorCitywide.csv__hit142,Eric L. Adams,Eric L. Adams,Kathryn A. Garcia,Kathryn A. Garcia,Eric L. Adams,Eric L. Adams,Kathryn A. Garcia,Kathryn A. Garcia,Eric L. Adams,Eric L. Adams
NewYorkCity_06222021_DEMMayorCitywide.csv__hit143,Eric L. Adams,Eric L. Adams,Eric L. Adams,Eric L. Adams,Eric L. Adams,Kathryn A. Garcia,Eric L. Adams,Eric L. Adams,Eric L. Adams,Maya D. Wiley
NewYorkCity_06222021_DEMMayorCitywide.csv__hit144,Eric L. Adams,Eric L. Adams,Kathryn A. Garcia,Kathryn A. Garcia,Eric L. Adams,Kathryn A. Garcia,Kathryn A. Garcia,Eric L. Adams,Eric L. Adams,Eric L. Adams
NewYorkCity_06222021_DEMMayorCitywide.csv__hit145,Eric L. Adams,Eric L. Adams,Kathryn A. Garcia,Eric L. Adams,Eric L. Adams,Kathryn A. Garcia,Kathryn A. Garcia,Kathryn A. Garcia,Eric L. Adams,Eric L. Adams
NewYorkCity_06222021_DEMMayorCitywide.csv__hit146,Kathryn A. Garcia,Kathryn A. Garcia,Kathryn A. Garcia,Kathryn A. Garcia,Kathryn A. Garcia,Kathryn A. Garcia,Kathryn A. Garcia,Kathryn A. Garcia,Kathryn A. Garcia,Eric L. Adams
NewYorkCity_06222021_DEMMayorCitywide.csv__hit147,Kathryn A. Garcia,Kathryn A. Garcia,Kathryn A. Garcia,Eric L. Adams,Kathryn A. Garcia,Kathryn A. Garcia,Kathryn A. Garcia,Kathryn A. Garcia,Kathryn A. Garcia,Kathryn A. Garcia
NewYorkCity_06222021_DEMMayorCitywide.csv__hit148,Maya D. Wiley,Kathryn A. Garcia,Kathryn A. Garcia,Kathryn A. Garcia,Kathryn A. Garcia,Kathryn A. Garcia,Kathryn A. Garcia,Kathryn A. Garcia,Kathryn A. Garcia,Kathryn A. Garcia
NewYorkCity_06222021_DEMMayorCitywide.csv__hit149,Kathryn A. Garcia,Kathryn A. Garcia,Kathryn A. Garcia,Kathryn A. Garcia,Kathryn A. Garcia,Kathryn A. Garcia,Kathryn A. Garcia,Kathryn A. Garcia,Kathryn A. Garcia,Kathryn A. Garcia
NewYorkCity_06222021_DEMMayorCitywide.csv__hit150,Kathryn A. Garcia,Kathryn A. Garcia,Kathryn A. Garcia,Eric L. Adams,Kathryn A. Garcia,Kathryn A. Garcia,Kathryn A. Garcia,Kathryn A. Garcia,Kathryn A. Garcia,Kathryn A. Garcia
NewYorkCity_06222021_DEMMayorCitywide.csv__hit151,Kathryn A. Garcia,Kathryn A. Garcia,Kathryn A. Garcia,Kathryn A. Garcia,Kathryn A. Garcia,Kathryn A. Garcia,Kathryn A. Garcia,Kathryn A. Garcia,Kathryn A. Garcia,Kathryn A. Garcia
NewYorkCity_06222021_DEMMayorCitywide.csv__hit152,Kathryn A. Garcia,Kathryn A. Garcia,Kathryn A. Garcia,Kathryn A. Garcia,Kathryn A. Garcia,Kathryn A. Garcia,Kathryn A. Garcia,Kathryn A. Garcia,Kathryn A. Garcia,Kathryn A. Garcia
NewYorkCity_06222021_DEMMayorCitywide.csv__hit153,Kathryn A. Garcia,Kathryn A. Garcia,Kathryn A. Garcia,Eric L. Adams,Kathryn A. Garcia,Kathryn A. Garcia,Kathryn A. Garcia,Kathryn A. Garcia,Kathryn A. Garcia,Kathryn A. Garcia
NewYorkCity_06222021_DEMMayorCitywide.csv__hit154,Kathryn A. Garcia,Eric L. Adams,Eric L. Adams,Eric L. Adams,Eric L. Adams,Kathryn A. Garcia,Kathryn A. Garcia,Kathryn A. Garcia,Maya D. Wiley,Eric L. Adams
NewYorkCity_06222021_DEMMayorCitywide.csv__hit155,Kathryn A. Garcia,Kathryn A. Garcia,Kathryn A. Garcia,Kathryn A. Garcia,Eric L. Adams,Kathryn A. Garcia,Kathryn A. Garcia,Kathryn A. Garcia,Kathryn A. Garcia,Eric L. Adams
NewYorkCity_06222021_DEMMayorCitywide.csv__hit156,Kathryn A. Garcia,Kathryn A. Garcia,Kathryn A. Garcia,Kathryn A. Garcia,Kathryn A. Garcia,Kathryn A. Garcia,Kathryn A. Garcia,Kathryn A. Garcia,Kathryn A. Garcia,Kathryn A. Garcia
NewYorkCity_06222021_DEMMayorCitywide.csv__hit157,Kathryn A. Garcia,Kathryn A. Garcia,Kathryn A. Garcia,Kathryn A. Garcia,Kathryn A. Garcia,Kathryn A. Garcia,Kathryn A. Garcia,Kathryn A. Garcia,Kathryn A. Garcia,Kathryn A. Garcia
NewYorkCity_06222021_DEMMayorCitywide.csv__hit158,Kathryn A. Garcia,Kathryn A. Garcia,Maya D. Wiley,Kathryn A. Garcia,Kathryn A. Garcia,Eric L. Adams,Kathryn A. Garcia,Kathryn A. Garcia,Kathryn A. Garcia,Kathryn A. Garcia
NewYorkCity_06222021_DEMMayorCitywide.csv__hit159,Kathryn A. Garcia,Kathryn A. Garcia,Kathryn A. Garcia,Kathryn A. Garcia,Kathryn A. Garcia,Kathryn A. Garcia,Kathryn A. Garcia,Kathryn A. Garcia,Kathryn A. Garcia,Kathryn A. Garcia
NewYorkCity_06222021_DEMMayorCitywide.csv__hit160,Kathryn A. Garcia,Kathryn A. Garcia,Kathryn A. Garcia,Eric L. Adams,Kathryn A. Garcia,Kathryn A. Garcia,Kathryn A. Garcia,Kathryn A. Garcia,Kathryn A. Garcia,Kathryn A. Garcia
NewYorkCity_06222021_DEMMayorCitywide.csv__hit161,Kathryn A. Garcia,Kathryn A. Garcia,Kathryn A. Garcia,Eric L. Adams,Kathryn A. Garcia,Kathryn A. Garcia,Kathryn A. Garcia,Kathryn A. Garcia,Kathryn A. Garcia,Kathryn A. Garcia
NewYorkCity_06222021_DEMMayorCitywide.csv__hit162,Kathryn A. Garcia,Kathryn A. Garcia,Kathryn A. Garcia,Kathryn A. Garcia,Kathryn A. Garcia,Kathryn A. Garcia,Kathryn A. Garcia,Kathryn A. Garcia,Kathryn A. Garcia,Maya D. Wiley
NewYorkCity_06222021_DEMMayorCitywide.csv__hit163,Eric L. Adams,Eric L. Adams,Eric L. Adams,Kathryn A. Garcia,Kathryn A. Garcia,Kathryn A. Garcia,Kathryn A. Garcia,Kathryn A. Garcia,Eric L. Adams,Eric L. Adams
NewYorkCity_06222021_DEMMayorCitywide.csv__hit164,Eric L. Adams,Eric L. Adams,Eric L. Adams,Eric L. Adams,Kathryn A. Garcia,Kathryn A. Garcia,Kathryn A. Garcia,Kathryn A. Garcia,Kathryn A. Garcia,Eric L. Adams
NewYorkCity_06222021_DEMMayorCitywide.csv__hit165,Kathryn A. Garcia,Kathryn A. Garcia,Eric L. Adams,Kathryn A. Garcia,Kathryn A. Garcia,Kathryn A. Garcia,Kathryn A. Garcia,Kathryn A. Garcia,Kathryn A. Garcia,Kathryn A. Garcia
NewYorkCity_06222021_DEMMayorCitywide.csv__hit166,Eric L. Adams,Eric L. Adams,Eric L. Adams,Eric L. Adams,Eric L. Adams,Kathryn A. Garcia,Kathryn A. Garcia,Eric L. Adams,Eric L. Adams,Eric L. Adams
NewYorkCity_06222021_DEMMayorCitywide.csv__hit167,Kathryn A. Garcia,Kathryn A. Garcia,Kathryn A. Garcia,Kathryn A. Garcia,Kathryn A. Garcia,Kathryn A. Garcia,Kathryn A. Garcia,Kathryn A. Garcia,Kathryn A. Garcia,Kathryn A. Garcia
NewYorkCity_06222021_DEMMayorCitywide.csv__hit168,Kathryn A. Garcia,Kathryn A. Garcia,Kathryn A. Garcia,Maya D. Wiley,Kathryn A. Garcia,Kathryn A. Garcia,Kathryn A. Garcia,Kathryn A. Garcia,Kathryn A. Garcia,Kathryn A. Garcia
NewYorkCity_06222021_DEMMayorCitywide.csv__hit169,Kathryn A. Garcia,Kathryn A. Garcia,Kathryn A. Garcia,Kathryn A. Garcia,Kathryn A. Garcia,Kathryn A. Garcia,Kathryn A. Garcia,Kathryn A. Garcia,Kathryn A. Garcia,Kathryn A. Garcia
NewYorkCity_06222021_DEMMayorCitywide.csv__hit170,Kathryn A. Garcia,Kathryn A. Garcia,Kathryn A. Garcia,Kathryn A. Garcia,Kathryn A. Garcia,Kathryn A. Garcia,Kathryn A. Garcia,Kathryn A. Garcia,Kathryn A. Garcia,Kathryn A. Garcia
NewYorkCity_06222021_DEMMayorCitywide.csv__hit171,Eric L. Adams,Eric L. Adams,Eric L. Adams,Eric L. Adams,Kathryn A. Garcia,Kathryn A. Garcia,Kathryn A. Garcia,Eric L. Adams,Eric L. Adams,Eric L. Adams
NewYorkCity_06222021_DEMMayorCitywide.csv__hit172,Kathryn A. Garcia,Kathryn A. Garcia,Kathryn A. Garcia,Kathryn A. Garcia,Kathryn A. Garcia,Kathryn A. Garcia,Kathryn A. Garcia,Kathryn A. Garcia,Kathryn A. Garcia,Kathryn A. Garcia
NewYorkCity_06222021_DEMMayorCitywide.csv__hit173,Kathryn A. Garcia,Kathryn A. Garcia,Kathryn A. Garcia,Kathryn A. Garcia,Kathryn A. Garcia,Kathryn A. Garcia,Kathryn A. Garcia,Kathryn A. Garcia,Kathryn A. Garcia,Kathryn A. Garcia
NewYorkCity_06222021_DEMMayorCitywide.csv__hit174,Kathryn A. Garcia,Kathryn A. Garcia,Kathryn A. Garcia,Kathryn A. Garcia,Kathryn A. Garcia,Kathryn A. Garcia,Kathryn A. Garcia,Kathryn A. Garcia,Kathryn A. Garcia,Kathryn A. Garcia
NewYorkCity_06222021_DEMMayorCitywide.csv__hit175,Eric L. Adams,Eric L. Adams,Eric L. Adams,Eric L. Adams,Eric L. Adams,Kathryn A. Garcia,Kathryn A. Garcia,Kathryn A. Garcia,Eric L. Adams,Eric L. Adams
NewYorkCity_06222021_DEMMayorCitywide.csv__hit176,Eric L. Adams,Eric L. Adams,Eric L. Adams,Eric L. Adams,Kathryn A. Garcia,Kathryn A. Garcia,Kathryn A. Garcia,Eric L. Adams,Eric L. Adams,Eric L. Adams
NewYorkCity_06222021_DEMMayorCitywide.csv__hit177,Kathryn A. Garcia,Kathryn A. Garcia,Kathryn A. Garcia,Kathryn A. Garcia,Kathryn A. Garcia,Kathryn A. Garcia,Kathryn A. Garcia,Kathryn A. Garcia,Kathryn A. Garcia,Kathryn A. Garcia
NewYorkCity_06222021_DEMMayorCitywide.csv__hit178,Kathryn A. Garcia,Eric L. Adams,Kathryn A. Garcia,Eric L. Adams,Kathryn A. Garcia,Kathryn A. Garcia,Kathryn A. Garcia,Eric L. Adams,Eric L. Adams,Eric L. Adams
NewYorkCity_06222021_DEMMayorCitywide.csv__hit179,Kathryn A. Garcia,Kathryn A. Garcia,Kathryn A. Garcia,Kathryn A. Garcia,Kathryn A. Garcia,Kathryn A. Garcia,Kathryn A. Garcia,Kathryn A. Garcia,Kathryn A. Garcia,Kathryn A. Garcia
NewYorkCity_06222021_DEMMayorCitywide.csv__hit180,Kathryn A. Garcia,Kathryn A. Garcia,Kathryn A. Garcia,Kathryn A. Garcia,Kathryn A. Garcia,Kathryn A. Garcia,Kathryn A. Garcia,Kathryn A. Garcia,Kathryn A. Garcia,Kathryn A. Garcia
NewYorkCity_06222021_DEMMayorCitywide.csv__hit181,Kathryn A. Garcia,Kathryn A. Garcia,Kathryn A. Garcia,Kathryn A. Garcia,Kathryn A. Garcia,Kathryn A. Garcia,Kathryn A. Garcia,Kathryn A. Garcia,Eric L. Adams,Kathryn A. Garcia
NewYorkCity_06222021_DEMMayorCitywide.csv__hit182,Kathryn A. Garcia,Kathryn A. Garcia,Kathryn A. Garcia,Kathryn A. Garcia,Kathryn A. Garcia,Kathryn A. Garcia,Kathryn A. Garcia,Kathryn A. Garcia,Kathryn A. Garcia,Kathryn A. Garcia
NewYorkCity_06222021_DEMMayorCitywide.csv__hit183,Kathryn A. Garcia,Kathryn A. Garcia,Kathryn A. Garcia,Kathryn A. Garcia,Kathryn A. Garcia,Kathryn A. Garcia,Kathryn A. Garcia,Kathryn A. Garcia,Kathryn A. Garcia,Maya D. Wiley
NewYorkCity_06222021_DEMMayorCitywide.csv__hit184,Kathryn A. Garcia,Kathryn A. Garcia,Eric L. Adams,Eric L. Adams,Kathryn A. Garcia,Kathryn A. Garcia,Kathryn A. Garcia,Kathryn A. Garcia,Kathryn A. Garcia,Kathryn A. Garcia
NewYorkCity_06222021_DEMMayorCitywide.csv__hit185,Kathryn A. Garcia,Kathryn A. Garcia,Kathryn A. Garcia,Kathryn A. Garcia,Kathryn A. Garcia,Kathryn A. Garcia,Kathryn A. Garcia,Kathryn A. Garcia,Kathryn A. Garcia,Kathryn A. Garcia
NewYorkCity_06222021_DEMMayorCitywide.csv__hit186,Kathryn A. Garcia,Kathryn A. Garcia,Kathryn A. Garcia,Eric L. Adams,Kathryn A. Garcia,Kathryn A. Garcia,Kathryn A. Garcia,Kathryn A. Garcia,Eric L. Adams,Kathryn A. Garcia
NewYorkCity_06222021_DEMMayorCitywide.csv__hit187,Kathryn A. Garcia,Kathryn A. Garcia,Kathryn A. Garcia,Kathryn A. Garcia,Kathryn A. Garcia,Kathryn A. Garcia,Kathryn A. Garcia,Kathryn A. Garcia,Kathryn A. Garcia,Kathryn A. Garcia
NewYorkCity_06222021_DEMMayorCitywide.csv__hit188,Kathryn A. Garcia,Kathryn A. Garcia,Kathryn A. Garcia,Kathryn A. Garcia,Kathryn A. Garcia,Kathryn A. Garcia,Kathryn A. Garcia,Kathryn A. Garcia,Kathryn A. Garcia,Kathryn A. Garcia
NewYorkCity_06222021_DEMMayorCitywide.csv__hit189,Maya D. Wiley,Eric L. Adams,Kathryn A. Garcia,Eric L. Adams,Eric L. Adams,Kathryn A. Garcia,Kathryn A. Garcia,Kathryn A. Garcia,Eric L. Adams,Eric L. Adams
NewYorkCity_06222021_DEMMayorCitywide.csv__hit190,Kathryn A. Garcia,Kathryn A. Garcia,Kathryn A. Garcia,Eric L. Adams,Kathryn A. Garcia,Kathryn A. Garcia,Kathryn A. Garcia,Kathryn A. Garcia,Kathryn A. Garcia,Eric L. Adams
NewYorkCity_06222021_DEMMayorCitywide.csv__hit191,Kathryn A. Garcia,Kathryn A. Garcia,Kathryn A. Garcia,Kathryn A. Garcia,Kathryn A. Garcia,Kathryn A. Garcia,Kathryn A. Garcia,Kathryn A. Garcia,Kathryn A. Garcia,Kathryn A. Garcia
NewYorkCity_06222021_DEMMayorCitywide.csv__hit192,Kathryn A. Garcia,Kathryn A. Garcia,Kathryn A. Garcia,Kathryn A. Garcia,Kathryn A. Garcia,Kathryn A. Garcia,Kathryn A. Garcia,Kathryn A. Garcia,Kathryn A. Garcia,Kathryn A. Garcia
NewYorkCity_06222021_DEMMayorCitywide.csv__hit193,Eric L. Adams,Eric L. Adams,Eric L. Adams,Eric L. Adams,Kathryn A. Garcia,Kathryn A. Garcia,Kathryn A. Garcia,Eric L. Adams,Eric L. Adams,Eric L. Adams
NewYorkCity_06222021_DEMMayorCitywide.csv__hit194,Kathryn A. Garcia,Kathryn A. Garcia,Kathryn A. Garcia,Kathryn A. Garcia,Kathryn A. Garcia,Kathryn A. Garcia,Kathryn A. Garcia,Kathryn A. Garcia,Kathryn A. Garcia,Kathryn A. Garcia
NewYorkCity_06222021_DEMMayorCitywide.csv__hit195,Kathryn A. Garcia,Kathryn A. Garcia,Kathryn A. Garcia,Kathryn A. Garcia,Kathryn A. Garcia,Kathryn A. Garcia,Kathryn A. Garcia,Kathryn A. Garcia,Kathryn A. Garcia,Kathryn A. Garcia
NewYorkCity_06222021_DEMMayorCitywide.csv__hit196,Eric L. Adams,Eric L. Adams,Eric L. Adams,Eric L. Adams,Eric L. Adams,Kathryn A. Garcia,Kathryn A. Garcia,Kathryn A. Garcia,Eric L. Adams,Eric L. Adams
NewYorkCity_06222021_DEMMayorCitywide.csv__hit197,Eric L. Adams,Eric L. Adams,Eric L. Adams,Eric L. Adams,Eric L. Adams,Kathryn A. Garcia,Kathryn A. Garcia,Kathryn A. Garcia,Eric L. Adams,Eric L. Adams
NewYorkCity_06222021_DEMMayorCitywide.csv__hit198,Kathryn A. Garcia,Kathryn A. Garcia,Kathryn A. Garcia,Kathryn A. Garcia,Kathryn A. Garcia,Kathryn A. Garcia,Kathryn A. Garcia,Kathryn A. Garcia,Kathryn A. Garcia,Kathryn A. Garcia
NewYorkCity_06222021_DEMMayorCitywide.csv__hit199,Kathryn A. Garcia,Kathryn A. Garcia,Kathryn A. Garcia,Kathryn A. Garcia,Kathryn A. Garcia,Kathryn A. Garcia,Kathryn A. Garcia,Kathryn A. Garcia,Kathryn A. Garcia,Kathryn A. Garcia
Cambridge_11082005_CityCouncil.csv__hit0,Galluccio Anthony D.,Davis Henrietta,Galluccio Anthony D.,Galluccio Anthony D.,Galluccio Anthony D.,Decker Marjorie C.,Galluccio Anthony D.,Galluccio Anthony D.,Galluccio Anthony D.,Galluccio Anthony D.
Cambridge_11082005_CityCouncil.csv__hit1,Davis Henrietta,Davis Henrietta,Davis Henrietta,Sullivan Michael A.,Davis Henrietta,Galluccio Anthony D.,Galluccio Anthony D.,Galluccio Anthony D.,Galluccio Anthony D.,Davis Henrietta
Cambridge_11082005_CityCouncil.csv__hit2,Galluccio Anthony D.,Galluccio Anthony D.,Galluccio Anthony D.,Galluccio Anthony D.,Galluccio Anthony D.,Galluccio Anthony D.,Davis Henrietta,Davis Henrietta,Davis Henrietta,Galluccio Anthony D.
Cambridge_11082005_CityCouncil.csv__hit3,Galluccio Anthony D.,Decker Marjorie C.,Galluccio Anthony D.,Galluccio Anthony D.,Galluccio Anthony D.,Galluccio Anthony D.,Galluccio Anthony D.,Galluccio Anthony D.,Galluccio Anthony D.,Galluccio Anthony D.
Cambridge_11082005_CityCouncil.csv__hit4,Galluccio Anthony D.,Galluccio Anthony D.,Galluccio Anthony D.,Galluccio Anthony D.,Galluccio Anthony D.,Galluccio Anthony D.,Galluccio Anthony D.,Galluccio Anthony D.,Galluccio Anthony D.,Galluccio Anthony D.
Cambridge_11082005_CityCouncil.csv__hit5,Galluccio Anthony D.,Galluccio Anthony D.,Galluccio Anthony D.,Galluccio Anthony D.,Galluccio Anthony D.,Galluccio Anthony D.,Galluccio Anthony D.,Galluccio Anthony D.,Galluccio Anthony D.,Galluccio Anthony D.
Cambridge_11082005_CityCouncil.csv__hit6,Sullivan Michael A.,Sullivan Michael A.,Sullivan Michael A.,Sullivan Michael A.,Sullivan Michael A.,Sullivan Michael A.,Sullivan Michael A.,Sullivan Michael A.,Sullivan Michael A.,Sullivan Michael A.
Cambridge_11082005_CityCouncil.csv__hit7,Galluccio Anthony D.,Galluccio Anthony D.,Galluccio Anthony D.,Galluccio Anthony D.,Galluccio Anthony D.,Galluccio Anthony D.,Galluccio Anthony D.,Galluccio Anthony D.,Galluccio Anthony D.,Galluccio Anthony D.
Cambridge_11082005_CityCouncil.csv__hit8,Decker Marjorie C.,Davis Henrietta,Galluccio Anthony D.,Galluccio Anthony D.,Galluccio Anthony D.,Galluccio Anthony D.,Davis Henrietta,Galluccio Anthony D.,Galluccio Anthony D.,Galluccio Anthony D.
Cambridge_11082005_CityCouncil.csv__hit9,Decker Marjorie C.,Galluccio Anthony D.,Galluccio Anthony D.,Decker Marjorie C.,Decker Marjorie C.,Galluccio Anthony D.,Davis Henrietta,Davis Henrietta,Davis Henrietta,Galluccio Anthony D.
Cambridge_11082005_CityCouncil.csv__hit10,Davis Henrietta,Davis Henrietta,Davis Henrietta,Davis Henrietta,Davis Henrietta,Davis Henrietta,Galluccio Anthony D.,Davis Henrietta,Davis Henrietta,Davis Henrietta
Cambridge_11082005_CityCouncil.csv__hit11,Decker Marjorie C.,Davis Henrietta,Galluccio Anthony D.,Galluccio Anthony D.,Galluccio Anthony D.,Galluccio Anthony D.,Galluccio Anthony D.,Galluccio Anthony D.,Galluccio Anthony D.,Galluccio Anthony D.
Cambridge_11082005_CityCouncil.csv__hit12,Galluccio Anthony D.,Galluccio Anthony D.,Galluccio Anthony D.,Galluccio Anthony D.,Galluccio Anthony D.,Galluccio Anthony D.,Galluccio Anthony D.,Galluccio Anthony D.,Galluccio Anthony D.,Galluccio Anthony D.
Cambridge_11082005_CityCouncil.csv__hit13,Galluccio Anthony D.,Decker Marjorie C.,Galluccio Anthony D.,Galluccio Anthony D.,Galluccio Anthony D.,Galluccio Anthony D.,Galluccio Anthony D.,Galluccio Anthony D.,Galluccio Anthony D.,Galluccio Anthony D.
Cambridge_11082005_CityCouncil.csv__hit14,Galluccio Anthony D.,Davis Henrietta,Decker Marjorie C.,Galluccio Anthony D.,Galluccio Anthony D.,Galluccio Anthony D.,Galluccio Anthony D.,Galluccio Anthony D.,Galluccio Anthony D.,Galluccio Anthony D.
Cambridge_11082005_CityCouncil.csv__hit15,Davis Henrietta,Davis Henrietta,Davis Henrietta,Davis Henrietta,Davis Henrietta,Davis Henrietta,Davis Henrietta,Galluccio Anthony D.,Davis Henrietta,Davis Henrietta
Cambridge_11082005_CityCouncil.csv__hit16,Galluccio Anthony D.,Simmons Denise,Galluccio Anthony D.,Galluccio Anthony D.,Galluccio Anthony D.,Galluccio Anthony D.,Galluccio Anthony D.,Galluccio Anthony D.,Simmons Denise,Galluccio Anthony D.
Cambridge_11082005_CityCouncil.csv__hit17,Galluccio Anthony D.,Sullivan Michael A.,Galluccio Anthony D.,Galluccio Anthony D.,Galluccio Anthony D.,Galluccio Anthony D.,Galluccio Anthony D.,Galluccio Anthony D.,Galluccio Anthony D.,Galluccio Anthony D.
Cambridge_11082005_CityCouncil.csv__hit18,Galluccio Anthony D.,Galluccio Anthony D.,Galluccio Anthony D.,Galluccio Anthony D.,Galluccio Anthony D.,Galluccio Anthony D.,Galluccio Anthony D.,Galluccio Anthony D.,Galluccio Anthony D.,Galluccio Anthony D.
Cambridge_11082005_CityCouncil.csv__hit19,Galluccio Anthony D.,Davis Henrietta,Galluccio Anthony D.,Decker Marjorie C.,Galluccio Anthony D.,Davis Henrietta,Davis Henrietta,Davis Henrietta,Davis Henrietta,Galluccio Anthony D.
Cambridge_11082005_CityCouncil.csv__hit20,Davis Henrietta,Galluccio Anthony D.,Galluccio Anthony D.,Galluccio Anthony D.,Galluccio Anthony D.,Galluccio Anthony D.,Galluccio Anthony D.,Galluccio Anthony D.,Galluccio Anthony D.,Galluccio Anthony D.
Cambridge_11082005_CityCouncil.csv__hit21,Decker Marjorie C.,Galluccio Anthony D.,Galluccio Anthony D.,Galluccio Anthony D.,Galluccio Anthony D.,Galluccio Anthony D.,Galluccio Anthony D.,Galluccio Anthony D.,Galluccio Anthony D.,Galluccio Anthony D.
Cambridge_11082005_CityCouncil.csv__hit22,Galluccio Anthony D.,Galluccio Anthony D.,Galluccio Anthony D.,Galluccio Anthony D.,Galluccio Anthony D.,Galluccio Anthony D.,Galluccio Anthony D.,Galluccio Anthony D.,Galluccio Anthony D.,Galluccio Anthony D.
Cambridge_11082005_CityCouncil.csv__hit23,Decker Marjorie C.,Davis Henrietta,Galluccio Anthony D.,Decker Marjorie C.,Galluccio Anthony D.,Galluccio Anthony D.,Galluccio Anthony D.,Galluccio Anthony D.,Galluccio Anthony D.,Galluccio Anthony D.
Cambridge_11082005_CityCouncil.csv__hit24,Decker Marjorie C.,Davis Henrietta,Galluccio Anthony D.,Galluccio Anthony D.,Galluccio Anthony D.,Galluccio Anthony D.,Galluccio Anthony D.,Galluccio Anthony D.,Galluccio Anthony D.,Galluccio Anthony D.
Cambridge_11082005_CityCouncil.csv__hit25,Galluccio Anthony D.,Galluccio Anthony D.,Galluccio Anthony D.,Galluccio Anthony D.,Galluccio Anthony D.,Galluccio Anthony D.,Galluccio Anthony D.,Galluccio Anthony D.,Galluccio Anthony D.,Galluccio Anthony D.
Cambridge_11082005_CityCouncil.csv__hit26,Galluccio Anthony D.,Davis Henrietta,Galluccio Anthony D.,Galluccio Anthony D.,Galluccio Anthony D.,Galluccio Anthony D.,Galluccio Anthony D.,Galluccio Anthony D.,Galluccio Anthony D.,Galluccio Anthony D.
Cambridge_11082005_CityCouncil.csv__hit27,Sullivan Michael A.,Decker Marjorie C.,Decker Marjorie C.,Decker Marjorie C.,Sullivan Michael A.,Decker Marjorie C.,Decker Marjorie C.,Galluccio Anthony D.,Galluccio Anthony D.,Decker Marjorie C.
Cambridge_11082005_CityCouncil.csv__hit28,Galluccio Anthony D.,Davis Henrietta,Galluccio Anthony D.,Galluccio Anthony D.,Galluccio Anthony D.,Galluccio Anthony D.,Galluccio Anthony D.,Galluccio Anthony D.,Galluccio Anthony D.,Galluccio Anthony D.
Cambridge_11082005_CityCouncil.csv__hit29,Decker Marjorie C.,Davis Henrietta,Galluccio Anthony D.,Galluccio Anthony D.,Galluccio Anthony D.,Galluccio Anthony D.,Galluccio Anthony D.,Galluccio Anthony D.,Galluccio Anthony D.,Galluccio Anthony D.
Cambridge_11082005_CityCouncil.csv__hit30,Galluccio Anthony D.,Galluccio Anthony D.,Decker Marjorie C.,Galluccio Anthony D.,Davis Henrietta,Davis Henrietta,Davis Henrietta,Davis Henrietta,Davis Henrietta,Davis Henrietta
Cambridge_11082005_CityCouncil.csv__hit31,Davis Henrietta,Davis Henrietta,Davis Henrietta,Sullivan Michael A.,Sullivan Michael A.,Galluccio Anthony D.,Galluccio Anthony D.,Davis Henrietta,Galluccio Anthony D.,Davis Henrietta
Cambridge_11082005_CityCouncil.csv__hit32,Decker Marjorie C.,Davis Henrietta,Davis Henrietta,Davis Henrietta,Davis Henrietta,Davis Henrietta,Galluccio Anthony D.,Davis Henrietta,Davis Henrietta,Davis Henrietta
Cambridge_11082005_CityCouncil.csv__hit33,Sullivan Michael A.,Davis Henrietta,Galluccio Anthony D.,Galluccio Anthony D.,Galluccio Anthony D.,Galluccio Anthony D.,Galluccio Anthony D.,Galluccio Anthony D.,Galluccio Anthony D.,Galluccio Anthony D.
Cambridge_11082005_CityCouncil.csv__hit34,Galluccio Anthony D.,Galluccio Anthony D.,Galluccio Anthony D.,Galluccio Anthony D.,Galluccio Anthony D.,Galluccio Anthony D.,Galluccio Anthony D.,Galluccio Anthony D.,Galluccio Anthony D.,Galluccio Anthony D.
Cambridge_11082005_CityCouncil.csv__hit35,Sullivan Michael A.,Decker Marjorie C.,Galluccio Anthony D.,Galluccio Anthony D.,Galluccio Anthony D.,Galluccio Anthony D.,Galluccio Anthony D.,Galluccio Anthony D.,Galluccio Anthony D.,Galluccio Anthony D.
Cambridge_11082005_CityCouncil.csv__hit36,Davis Henrietta,Davis Henrietta,Davis Henrietta,Davis Henrietta,Davis Henrietta,Davis Henrietta,Galluccio Anthony D.,Davis Henrietta,Davis Henrietta,Davis Henrietta
Cambridge_11082005_CityCouncil.csv__hit37,Decker Marjorie C.,Galluccio Anthony D.,Galluccio Anthony D.,Galluccio Anthony D.,Galluccio Anthony D.,Galluccio Anthony D.,Galluccio Anthony D.,Galluccio Anthony D.,Galluccio Anthony D.,Galluccio Anthony D.
Cambridge_11082005_CityCouncil.csv__hit38,Galluccio Anthony D.,Davis Henrietta,Galluccio Anthony D.,Galluccio Anthony D.,Galluccio Anthony D.,Galluccio Anthony D.,Galluccio Anthony D.,Galluccio Anthony D.,Galluccio Anthony D.,Galluccio Anthony D.
Cambridge_11082005_CityCouncil.csv__hit39,Galluccio Anthony D.,Galluccio Anthony D.,Decker Marjorie C.,Galluccio Anthony D.,Galluccio Anthony D.,Galluccio Anthony D.,Galluccio Anthony D.,Galluccio Anthony D.,Galluccio Anthony D.,Galluccio Anthony D.
Cambridge_11082005_CityCouncil.csv__hit40,Davis Henrietta,Davis Henrietta,Davis Henrietta,Davis Henrietta,Davis Henrietta,Davis Henrietta,Davis Henrietta,Davis Henrietta,Davis Henrietta,Davis Henrietta
Cambridge_11082005_CityCouncil.csv__hit41,Decker Marjorie C.,Decker Marjorie C.,Galluccio Anthony D.,Davis Henrietta,Galluccio Anthony D.,Simmons Denise,Simmons Denise,Simmons Denise,Simmons Denise,Galluccio Anthony D.
Cambridge_11082005_CityCouncil.csv__hit42,Galluccio Anthony D.,Decker Marjorie C.,Decker Marjorie C.,Galluccio Anthony D.,Galluccio Anthony D.,Galluccio Anthony D.,Galluccio Anthony D.,Galluccio Anthony D.,Galluccio Anthony D.,Galluccio Anthony D.
Cambridge_11082005_CityCouncil.csv__hit43,Galluccio Anthony D.,Decker Marjorie C.,Galluccio Anthony D.,Galluccio Anthony D.,Galluccio Anthony D.,Galluccio Anthony D.,Galluccio Anthony D.,Galluccio Anthony D.,Galluccio Anthony D.,Galluccio Anthony D.
Cambridge_11082005_CityCouncil.csv__hit44,Sullivan Michael A.,Galluccio Anthony D.,Galluccio Anthony D.,Galluccio Anthony D.,Galluccio Anthony D.,Galluccio Anthony D.,Galluccio Anthony D.,Galluccio Anthony D.,Galluccio Anthony D.,Galluccio Anthony D.
Cambridge_11082005_CityCouncil.csv__hit45,Sullivan Michael A.,Davis Henrietta,Galluccio Anthony D.,Galluccio Anthony D.,Galluccio Anthony D.,Galluccio Anthony D.,Galluccio Anthony D.,Galluccio Anthony D.,Galluccio Anthony D.,Galluccio Anthony D.
Cambridge_11082005_CityCouncil.csv__hit46,Decker Marjorie C.,Davis Henrietta,Galluccio Anthony D.,Galluccio Anthony D.,Galluccio Anthony D.,Galluccio Anthony D.,Galluccio Anthony D.,Galluccio Anthony D.,Galluccio Anthony D.,Galluccio Anthony D.
Cambridge_11082005_CityCouncil.csv__hit47,Galluccio Anthony D.,Galluccio Anthony D.,Galluccio Anthony D.,Galluccio Anthony D.,Galluccio Anthony D.,Galluccio Anthony D.,Galluccio Anthony D.,Galluccio Anthony D.,Galluccio Anthony D.,Galluccio Anthony D.
Cambridge_11082005_CityCouncil.csv__hit48,Decker Marjorie C.,Davis Henrietta,Galluccio Anthony D.,Galluccio Anthony D.,Galluccio Anthony D.,Galluccio Anthony D.,Galluccio Anthony D.,Galluccio Anthony D.,Galluccio Anthony D.,Galluccio Anthony D.
Cambridge_11082005_CityCouncil.csv__hit49,Galluccio Anthony D.,Decker Marjorie C.,Galluccio Anthony D.,Galluccio Anthony D.,Galluccio Anthony D.,Galluccio Anthony D.,Galluccio Anthony D.,Galluccio Anthony D.,Galluccio Anthony D.,Galluccio Anthony D.
Cambridge_11082005_CityCouncil.csv__hit50,Davis Henrietta,Davis Henrietta,Davis Henrietta,Davis Henrietta,Davis Henrietta,Davis Henrietta,Galluccio Anthony D.,Davis Henrietta,Davis Henrietta,Davis Henrietta
Cambridge_11082005_CityCouncil.csv__hit51,Davis Henrietta,Davis Henrietta,Davis Henrietta,Sullivan Michael A.,Davis Henrietta,Galluccio Anthony D.,Galluccio Anthony D.,Davis Henrietta,Galluccio Anthony D.,Davis Henrietta
Cambridge_11082005_CityCouncil.csv__hit52,Decker Marjorie C.,Galluccio Anthony D.,Galluccio Anthony D.,Galluccio Anthony D.,Galluccio Anthony D.,Galluccio Anthony D.,Galluccio Anthony D.,Galluccio Anthony D.,Galluccio Anthony D.,Galluccio Anthony D.
Cambridge_11082005_CityCouncil.csv__hit53,Galluccio Anthony D.,Davis Henrietta,Galluccio Anthony D.,Galluccio Anthony D.,Galluccio Anthony D.,Davis Henrietta,Galluccio Anthony D.,Davis Henrietta,Davis Henrietta,Galluccio Anthony D.
Cambridge_11082005_CityCouncil.csv__hit54,Decker Marjorie C.,Sullivan Michael A.,Decker Marjorie C.,Sullivan Michael A.,Sullivan Michael A.,Decker Marjorie C.,Galluccio Anthony D.,Galluccio Anthony D.,Galluccio Anthony D.,Decker Marjorie C.
Cambridge_11082005_CityCouncil.csv__hit55,Decker Marjorie C.,Davis Henrietta,Davis Henrietta,Davis Henrietta,Davis Henrietta,Davis Henrietta,Galluccio Anthony D.,Davis Henrietta,Davis Henrietta,Davis Henrietta
Cambridge_11082005_CityCouncil.csv__hit56,Galluccio Anthony D.,Galluccio Anthony D.,Galluccio Anthony D.,Galluccio Anthony D.,Galluccio Anthony D.,Galluccio Anthony D.,Galluccio Anthony D.,Galluccio Anthony D.,Galluccio Anthony D.,Galluccio Anthony D.
Cambridge_11082005_CityCouncil.csv__hit57,Galluccio Anthony D.,Decker Marjorie C.,Galluccio Anthony D.,Galluccio Anthony D.,Galluccio Anthony D.,Galluccio Anthony D.,Galluccio Anthony D.,Galluccio Anthony D.,Galluccio Anthony D.,Galluccio Anthony D.
Cambridge_11082005_CityCouncil.csv__hit58,Sullivan Michael A.,Davis Henrietta,Davis Henrietta,Davis Henrietta,Davis Henrietta,Davis Henrietta,Davis Henrietta,Galluccio Anthony D.,Davis Henrietta,Davis Henrietta
Cambridge_11082005_CityCouncil.csv__hit59,Sullivan Michael A.,Sullivan Michael A.,Davis Henrietta,Sullivan Michael A.,Davis Henrietta,Davis Henrietta,Galluccio Anthony D.,Galluccio Anthony D.,Galluccio Anthony D.,Galluccio Anthony D.
Cambridge_11082005_CityCouncil.csv__hit60,Galluccio Anthony D.,Galluccio Anthony D.,Galluccio Anthony D.,Galluccio Anthony D.,Galluccio Anthony D.,Galluccio Anthony D.,Galluccio Anthony D.,Galluccio Anthony D.,Galluccio Anthony D.,Galluccio Anthony D.
Cambridge_11082005_CityCouncil.csv__hit61,Decker Marjorie C.,Decker Marjorie C.,Galluccio Anthony D.,Galluccio Anthony D.,Galluccio Anthony D.,Galluccio Anthony D.,Galluccio Anthony D.,Galluccio Anthony D.,Galluccio Anthony D.,Galluccio Anthony D.
Cambridge_11082005_CityCouncil.csv__hit62,Decker Marjorie C.,Decker Marjorie C.,Decker Marjorie C.,Galluccio Anthony D.,Galluccio Anthony D.,Galluccio Anthony D.,Galluccio Anthony D.,Galluccio Anthony D.,Galluccio Anthony D.,Galluccio Anthony D.
Cambridge_11082005_CityCouncil.csv__hit63,Galluccio Anthony D.,Davis Henrietta,Galluccio Anthony D.,Galluccio Anthony D.,Galluccio Anthony D.,Galluccio Anthony D.,Galluccio Anthony D.,Galluccio Anthony D.,Galluccio Anthony D.,Galluccio Anthony D.
Cambridge_11082005_CityCouncil.csv__hit64,Decker Marjorie C.,Decker Marjorie C.,Galluccio Anthony D.,Galluccio Anthony D.,Galluccio Anthony D.,Galluccio Anthony D.,Galluccio Anthony D.,Galluccio Anthony D.,Galluccio Anthony D.,Galluccio Anthony D.
Cambridge_11082005_CityCouncil.csv__hit65,Galluccio Anthony D.,Galluccio Anthony D.,Galluccio Anthony D.,Galluccio Anthony D.,Galluccio Anthony D.,Galluccio Anthony D.,Galluccio Anthony D.,Galluccio Anthony D.,Galluccio Anthony D.,Galluccio Anthony D.
Cambridge_11082005_CityCouncil.csv__hit66,Davis Henrietta,Davis Henrietta,Davis Henrietta,Sullivan Michael A.,Davis Henrietta,Davis Henrietta,Galluccio Anthony D.,Galluccio Anthony D.,Davis Henrietta,Davis Henrietta
Cambridge_11082005_CityCouncil.csv__hit67,Decker Marjorie C.,Davis Henrietta,Davis Henrietta,Davis Henrietta,Davis Henrietta,Davis Henrietta,Davis Henrietta,Davis Henrietta,Davis Henrietta,Davis Henrietta
Cambridge_11082005_CityCouncil.csv__hit68,Galluccio Anthony D.,Davis Henrietta,Galluccio Anthony D.,Decker Marjorie C.,Galluccio Anthony D.,Davis Henrietta,Davis Henrietta,Davis Henrietta,Davis Henrietta,Davis Henrietta
Cambridge_11082005_CityCouncil.csv__hit69,Decker Marjorie C.,Sullivan Michael A.,Galluccio Anthony D.,Galluccio Anthony D.,Galluccio Anthony D.,Galluccio Anthony D.,Galluccio Anthony D.,Galluccio Anthony D.,Galluccio Anthony D.,Galluccio Anthony D.
Cambridge_11082005_CityCouncil.csv__hit70,Galluccio Anthony D.,Galluccio Anthony D.,Galluccio Anthony D.,Galluccio Anthony D.,Galluccio Anthony D.,Galluccio Anthony D.,Galluccio Anthony D.,Galluccio Anthony D.,Galluccio Anthony D.,Galluccio Anthony D.
Cambridge_11082005_CityCouncil.csv__hit71,Decker Marjorie C.,Galluccio Anthony D.,Decker Marjorie C.,Galluccio Anthony D.,Galluccio Anthony D.,Galluccio Anthony D.,Galluccio Anthony D.,Galluccio Anthony D.,Galluccio Anthony D.,Galluccio Anthony D.
Cambridge_11082005_CityCouncil.csv__hit72,Galluccio Anthony D.,Galluccio Anthony D.,Galluccio Anthony D.,Galluccio Anthony D.,Galluccio Anthony D.,Galluccio Anthony D.,Galluccio Anthony D.,Galluccio Anthony D.,Galluccio Anthony D.,Galluccio Anthony D.
Cambridge_11082005_CityCouncil.csv__hit73,Galluccio Anthony D.,Davis Henrietta,Galluccio Anthony D.,Galluccio Anthony D.,Galluccio Anthony D.,Galluccio Anthony D.,Galluccio Anthony D.,Galluccio Anthony D.,Galluccio Anthony D.,Galluccio Anthony D.
Cambridge_11082005_CityCouncil.csv__hit74,Galluccio Anthony D.,Davis Henrietta,Galluccio Anthony D.,Galluccio Anthony D.,Galluccio Anthony D.,Galluccio Anthony D.,Galluccio Anthony D.,Galluccio Anthony D.,Galluccio Anthony D.,Galluccio Anthony D.
Cambridge_11082005_CityCouncil.csv__hit75,Galluccio Anthony D.,Davis Henrietta,Galluccio Anthony D.,Galluccio Anthony D.,Galluccio Anthony D.,Galluccio Anthony D.,Galluccio Anthony D.,Galluccio Anthony D.,Galluccio Anthony D.,Galluccio Anthony D.
Cambridge_11082005_CityCouncil.csv__hit76,Decker Marjorie C.,Galluccio Anthony D.,Galluccio Anthony D.,Galluccio Anthony D.,Galluccio Anthony D.,Galluccio Anthony D.,Galluccio Anthony D.,Galluccio Anthony D.,Galluccio Anthony D.,Galluccio Anthony D.
Cambridge_11082005_CityCouncil.csv__hit77,Galluccio Anthony D.,Galluccio Anthony D.,Decker Marjorie C.,Decker Marjorie C.,Galluccio Anthony D.,Galluccio Anthony D.,Davis Henrietta,Davis Henrietta,Davis Henrietta,Galluccio Anthony D.
Cambridge_11082005_CityCouncil.csv__hit78,Galluccio Anthony D.,Galluccio Anthony D.,Galluccio Anthony D.,Galluccio Anthony D.,Galluccio Anthony D.,Galluccio Anthony D.,Galluccio Anthony D.,Galluccio Anthony D.,Galluccio Anthony D.,Galluccio Anthony D.
Cambridge_11082005_CityCouncil.csv__hit79,Decker Marjorie C.,Davis Henrietta,Davis Henrietta,Davis Henrietta,Sullivan Michael A.,Davis Henrietta,Davis Henrietta,Davis Henrietta,Davis Henrietta,Davis Henrietta
Cambridge_11082005_CityCouncil.csv__hit80,Galluccio Anthony D.,Galluccio Anthony D.,Galluccio Anthony D.,Galluccio Anthony D.,Galluccio Anthony D.,Galluccio Anthony D.,Galluccio Anthony D.,Galluccio Anthony D.,Galluccio Anthony D.,Galluccio Anthony D.
Cambridge_11082005_CityCouncil.csv__hit81,Davis Henrietta,Decker Marjorie C.,Decker Marjorie C.,Decker Marjorie C.,Decker Marjorie C.,Decker Marjorie C.,Decker Marjorie C.,Galluccio Anthony D.,Decker Marjorie C.,Decker Marjorie C.
Cambridge_11082005_CityCouncil.csv__hit82,Galluccio Anthony D.,Davis Henrietta,Galluccio Anthony D.,Galluccio Anthony D.,Galluccio Anthony D.,Galluccio Anthony D.,Galluccio Anthony D.,Galluccio Anthony D.,Galluccio Anthony D.,Galluccio Anthony D.
Cambridge_11082005_CityCouncil.csv__hit83,Sullivan Michael A.,Davis Henrietta,Davis Henrietta,Davis Henrietta,Davis Henrietta,Davis Henrietta,Galluccio Anthony D.,Davis Henrietta,Davis Henrietta,Davis Henrietta
Cambridge_11082005_CityCouncil.csv__hit84,Decker Marjorie C.,Galluccio Anthony D.,Galluccio Anthony D.,Galluccio Anthony D.,Galluccio Anthony D.,Galluccio Anthony D.,Galluccio Anthony D.,Galluccio Anthony D.,Galluccio Anthony D.,Galluccio Anthony D.
Cambridge_11082005_CityCouncil.csv__hit85,Decker Marjorie C.,Decker Marjorie C.,Davis Henrietta,Simmons Denise,Simmons Denise,Simmons Denise,Simmons Denise,Simmons Denise,Simmons Denise,Simmons Denise
Cambridge_11082005_CityCouncil.csv__hit86,Galluccio Anthony D.,Decker Marjorie C.,Galluccio Anthony D.,Galluccio Anthony D.,Galluccio Anthony D.,Galluccio Anthony D.,Decker Marjorie C.,Galluccio Anthony D.,Galluccio Anthony D.,Galluccio Anthony D.
Cambridge_11082005_CityCouncil.csv__hit87,Galluccio Anthony D.,Davis Henrietta,Galluccio Anthony D.,Galluccio Anthony D.,Galluccio Anthony D.,Galluccio Anthony D.,Galluccio Anthony D.,Galluccio Anthony D.,Galluccio Anthony D.,Galluccio Anthony D.
Cambridge_11082005_CityCouncil.csv__hit88,Davis Henrietta,Davis Henrietta,Davis Henrietta,Davis Henrietta,Davis Henrietta,Davis Henrietta,Davis Henrietta,Davis Henrietta,Davis Henrietta,Davis Henrietta
Cambridge_11082005_CityCouncil.csv__hit89,Davis Henrietta,Davis Henrietta,Davis Henrietta,Decker Marjorie C.,Davis Henrietta,Davis Henrietta,Davis Henrietta,Davis Henrietta,Davis Henrietta,Davis Henrietta
Cambridge_11082005_CityCouncil.csv__hit90,Galluccio Anthony D.,Galluccio Anthony D.,Galluccio Anthony D.,Decker Marjorie C.,Davis Henrietta,Davis Henrietta,Davis Henrietta,Davis Henrietta,Davis Henrietta,Galluccio Anthony D.
Cambridge_11082005_CityCouncil.csv__hit91,Decker Marjorie C.,Galluccio Anthony D.,Galluccio Anthony D.,Galluccio Anthony D.,Galluccio Anthony D.,Galluccio Anthony D.,Galluccio Anthony D.,Galluccio Anthony D.,Galluccio Anthony D.,Galluccio Anthony D.
Cambridge_11082005_CityCouncil.csv__hit92,Galluccio Anthony D.,Decker Marjorie C.,Galluccio Anthony D.,Galluccio Anthony D.,Galluccio Anthony D.,Galluccio Anthony D.,Galluccio Anthony D.,Galluccio Anthony D.,Galluccio Anthony D.,Galluccio Anthony D.
Cambridge_11082005_CityCouncil.csv__hit93,Davis Henrietta,Davis Henrietta,Davis Henrietta,Sullivan Michael A.,Davis Henrietta,Davis Henrietta,Galluccio Anthony D.,Davis Henrietta,Davis Henrietta,Davis Henrietta
Cambridge_11082005_CityCouncil.csv__hit94,Decker Marjorie C.,Davis Henrietta,Davis Henrietta,Davis Henrietta,Davis Henrietta,Davis Henrietta,Davis Henrietta,Davis Henrietta,Galluccio Anthony D.,Davis Henrietta
Cambridge_11082005_CityCouncil.csv__hit95,Davis Henrietta,Davis Henrietta,Davis Henrietta,Davis Henrietta,Davis Henrietta,Davis Henrietta,Davis Henrietta,Galluccio Anthony D.,Davis Henrietta,Davis Henrietta
Cambridge_11082005_CityCouncil.csv__hit96,Decker Marjorie C.,Decker Marjorie C.,Davis Henrietta,Davis Henrietta,Davis Henrietta,Davis Henrietta,Davis Henrietta,Davis Henrietta,Davis Henrietta,Davis Henrietta
Cambridge_11082005_CityCouncil.csv__hit97,Galluccio Anthony D.,Galluccio Anthony D.,Galluccio Anthony D.,Galluccio Anthony D.,Galluccio Anthony D.,Galluccio Anthony D.,Galluccio Anthony D.,Galluccio Anthony D.,Galluccio Anthony D.,Galluccio Anthony D.
Cambridge_11082005_CityCouncil.csv__hit98,Galluccio Anthony D.,Davis Henrietta,Galluccio Anthony D.,Galluccio Anthony D.,Galluccio Anthony D.,Galluccio Anthony D.,Galluccio Anthony D.,Galluccio Anthony D.,Galluccio Anthony D.,Galluccio Anthony D.
Cambridge_11082005_CityCouncil.csv__hit99,Davis Henrietta,Galluccio Anthony D.,Decker Marjorie C.,Galluccio Anthony D.,Galluccio Anthony D.,Davis Henrietta,Davis Henrietta,Davis Henrietta,Davis Henrietta,Galluccio Anthony D.
Cambridge_11082005_CityCouncil.csv__hit100,Davis Henrietta,Davis Henrietta,Davis Henrietta,Davis Henrietta,Davis Henrietta,Davis Henrietta,Galluccio Anthony D.,Davis Henrietta,Davis Henrietta,Davis Henrietta
Cambridge_11082005_CityCouncil.csv__hit101,Sullivan Michael A.,Davis Henrietta,Davis Henrietta,Davis Henrietta,Davis Henrietta,Davis Henrietta,Davis Henrietta,Davis Henrietta,Davis Henrietta,Davis Henrietta
Cambridge_11082005_CityCouncil.csv__hit102,Galluccio Anthony D.,Davis Henrietta,Galluccio Anthony D.,Galluccio Anthony D.,Decker Marjorie C.,Davis Henrietta,Davis Henrietta,Davis Henrietta,Davis Henrietta,Galluccio Anthony D.
Cambridge_11082005_CityCouncil.csv__hit103,Sullivan Michael A.,Galluccio Anthony D.,Galluccio Anthony D.,Galluccio Anthony D.,Galluccio Anthony D.,Galluccio Anthony D.,Galluccio Anthony D.,Galluccio Anthony D.,Galluccio Anthony D.,Galluccio Anthony D.
Cambridge_11082005_CityCouncil.csv__hit104,Galluccio Anthony D.,Decker Marjorie C.,Galluccio Anthony D.,Galluccio Anthony D.,Galluccio Anthony D.,Galluccio Anthony D.,Galluccio Anthony D.,Galluccio Anthony D.,Galluccio Anthony D.,Galluccio Anthony D.
Cambridge_11082005_CityCouncil.csv__hit105,Decker Marjorie C.,Decker Marjorie C.,Davis Henrietta,Davis Henrietta,Davis Henrietta,Davis Henrietta,Davis Henrietta,Galluccio Anthony D.,Davis Henrietta,Davis Henrietta
Cambridge_11082005_CityCouncil.csv__hit106,Galluccio Anthony D.,Galluccio Anthony D.,Galluccio Anthony D.,Galluccio Anthony D.,Galluccio Anthony D.,Galluccio Anthony D.,Galluccio Anthony D.,Galluccio Anthony D.,Galluccio Anthony D.,Galluccio Anthony D.
Cambridge_11082005_CityCouncil.csv__hit107,Galluccio Anthony D.,Davis Henrietta,Galluccio Anthony D.,Galluccio Anthony D.,Galluccio Anthony D.,Galluccio Anthony D.,Galluccio Anthony D.,Galluccio Anthony D.,Galluccio Anthony D.,Galluccio Anthony D.
Cambridge_11082005_CityCouncil.csv__hit108,Decker Marjorie C.,Galluccio Anthony D.,Galluccio Anthony D.,Galluccio Anthony D.,Galluccio Anthony D.,Galluccio Anthony D.,Galluccio Anthony D.,Galluccio Anthony D.,Galluccio Anthony D.,Galluccio Anthony D.
Cambridge_11082005_CityCouncil.csv__hit109,Decker Marjorie C.,Galluccio Anthony D.,Galluccio Anthony D.,Galluccio Anthony D.,Galluccio Anthony D.,Galluccio Anthony D.,Galluccio Anthony D.,Galluccio Anthony D.,Galluccio Anthony D.,Galluccio Anthony D.
Cambridge_11082005_CityCouncil.csv__hit110,Sullivan Michael A.,Davis Henrietta,Galluccio Anthony D.,Galluccio Anthony D.,Galluccio Anthony D.,Galluccio Anthony D.,Galluccio Anthony D.,Galluccio Anthony D.,Galluccio Anthony D.,Galluccio Anthony D.
Cambridge_11082005_CityCouncil.csv__hit111,Galluccio Anthony D.,Galluccio Anthony D.,Galluccio Anthony D.,Galluccio Anthony D.,Galluccio Anthony D.,Galluccio Anthony D.,Galluccio Anthony D.,Galluccio Anthony D.,Galluccio Anthony D.,Galluccio Anthony D.
Cambridge_11082005_CityCouncil.csv__hit112,Galluccio Anthony D.,Davis Henrietta,Galluccio Anthony D.,Galluccio Anthony D.,Galluccio Anthony D.,Galluccio Anthony D.,Davis Henrietta,Galluccio Anthony D.,Galluccio Anthony D.,Galluccio Anthony D.
Cambridge_11082005_CityCouncil.csv__hit113,Davis Henrietta,Davis Henrietta,Davis Henrietta,Davis Henrietta,Davis Henrietta,Davis Henrietta,Davis Henrietta,Davis Henrietta,Davis Henrietta,Davis Henrietta
Cambridge_11082005_CityCouncil.csv__hit114,Sullivan Michael A.,Decker Marjorie C.,Sullivan Michael A.,Sullivan Michael A.,Davis Henrietta,Davis Henrietta,Galluccio Anthony D.,Galluccio Anthony D.,Galluccio Anthony D.,Sullivan Michael A.
Cambridge_11082005_CityCouncil.csv__hit115,Sullivan Michael A.,Decker Marjorie C.,Galluccio Anthony D.,Galluccio Anthony D.,Galluccio Anthony D.,Galluccio Anthony D.,Sullivan Michael A.,Galluccio Anthony D.,Galluccio Anthony D.,Galluccio Anthony D.
Cambridge_11082005_CityCouncil.csv__hit116,Decker Marjorie C.,Davis Henrietta,Galluccio Anthony D.,Decker Marjorie C.,Decker Marjorie C.,Galluccio Anthony D.,Davis Henrietta,Davis Henrietta,Davis Henrietta,Galluccio Anthony D.
Cambridge_11082005_CityCouncil.csv__hit117,Davis Henrietta,Davis Henrietta,Davis Henrietta,Davis Henrietta,Davis Henrietta,Davis Henrietta,Davis Henrietta,Davis Henrietta,Davis Henrietta,Davis Henrietta
Cambridge_11082005_CityCouncil.csv__hit118,Davis Henrietta,Galluccio Anthony D.,Galluccio Anthony D.,Galluccio Anthony D.,Galluccio Anthony D.,Galluccio Anthony D.,Galluccio Anthony D.,Galluccio Anthony D.,Galluccio Anthony D.,Galluccio Anthony D.
Cambridge_11082005_CityCouncil.csv__hit119,Sullivan Michael A.,Davis Henrietta,Galluccio Anthony D.,Galluccio Anthony D.,Galluccio Anthony D.,Galluccio Anthony D.,Galluccio Anthony D.,Galluccio Anthony D.,Galluccio Anthony D.,Galluccio Anthony D.
Cambridge_11082005_CityCouncil.csv__hit120,Davis Henrietta,Galluccio Anthony D.,Galluccio Anthony D.,Galluccio Anthony D.,Galluccio Anthony D.,Galluccio Anthony D.,Galluccio Anthony D.,Galluccio Anthony D.,Galluccio Anthony D.,Galluccio Anthony D.
Cambridge_11082005_CityCouncil.csv__hit121,Sullivan Michael A.,Galluccio Anthony D.,Galluccio Anthony D.,Galluccio Anthony D.,Galluccio Anthony D.,Galluccio Anthony D.,Galluccio Anthony D.,Galluccio Anthony D.,Galluccio Anthony D.,Galluccio Anthony D.
Cambridge_11082005_CityCouncil.csv__hit122,Sullivan Michael A.,Davis Henrietta,Sullivan Michael A.,Davis Henrietta,Sullivan Michael A.,Davis Henrietta,Davis Henrietta,Galluccio Anthony D.,Galluccio Anthony D.,Decker Marjorie C.
Cambridge_11082005_CityCouncil.csv__hit123,Sullivan Michael A.,Davis Henrietta,Davis Henrietta,Davis Henrietta,Davis Henrietta,Davis Henrietta,Galluccio Anthony D.,Davis Henrietta,Davis Henrietta,Davis Henrietta
Cambridge_11082005_CityCouncil.csv__hit124,Galluccio Anthony D.,Davis Henrietta,Galluccio Anthony D.,Galluccio Anthony D.,Galluccio Anthony D.,Galluccio Anthony D.,Galluccio Anthony D.,Galluccio Anthony D.,Galluccio Anthony D.,Galluccio Anthony D.
Cambridge_11082005_CityCouncil.csv__hit125,Davis Henrietta,Davis Henrietta,Davis Henrietta,Davis Henrietta,Davis Henrietta,Davis Henrietta,Davis Henrietta,Davis Henrietta,Davis Henrietta,Davis Henrietta
Cambridge_11082005_CityCouncil.csv__hit126,Sullivan Michael A.,Decker Marjorie C.,Galluccio Anthony D.,Galluccio Anthony D.,Galluccio Anthony D.,Galluccio Anthony D.,Galluccio Anthony D.,Galluccio Anthony D.,Galluccio Anthony D.,Galluccio Anthony D.
Cambridge_11082005_CityCouncil.csv__hit127,Davis Henrietta,Davis Henrietta,Davis Henrietta,Davis Henrietta,Davis Henrietta,Davis Henrietta,Davis Henrietta,Davis Henrietta,Davis Henrietta,Davis Henrietta
Cambridge_11082005_CityCouncil.csv__hit128,Decker Marjorie C.,Galluccio Anthony D.,Galluccio Anthony D.,Galluccio Anthony D.,Galluccio Anthony D.,Galluccio Anthony D.,Galluccio Anthony D.,Galluccio Anthony D.,Galluccio Anthony D.,Galluccio Anthony D.
Cambridge_11082005_CityCouncil.csv__hit129,Decker Marjorie C.,Davis Henrietta,Galluccio Anthony D.,Galluccio Anthony D.,Galluccio Anthony D.,Galluccio Anthony D.,Galluccio Anthony D.,Galluccio Anthony D.,Galluccio Anthony D.,Galluccio Anthony D.
Cambridge_11082005_CityCouncil.csv__hit130,Davis Henrietta,Davis Henrietta,Davis Henrietta,Davis Henrietta,Davis Henrietta,Davis Henrietta,Galluccio Anthony D.,Galluccio Anthony D.,Davis Henrietta,Davis Henrietta
Cambridge_11082005_CityCouncil.csv__hit131,Galluccio Anthony D.,Galluccio Anthony D.,Galluccio Anthony D.,Decker Marjorie C.,Galluccio Anthony D.,Galluccio Anthony D.,Galluccio Anthony D.,Galluccio Anthony D.,Galluccio Anthony D.,Galluccio Anthony D.
Cambridge_11082005_CityCouncil.csv__hit132,Galluccio Anthony D.,Davis Henrietta,Galluccio Anthony D.,Galluccio Anthony D.,Galluccio Anthony D.,Galluccio Anthony D.,Galluccio Anthony D.,Galluccio Anthony D.,Galluccio Anthony D.,Galluccio Anthony D.
Cambridge_11082005_CityCouncil.csv__hit133,Sullivan Michael A.,Davis Henrietta,Davis Henrietta,Davis Henrietta,Davis Henrietta,Davis Henrietta,Davis Henrietta,Davis Henrietta,Davis Henrietta,Davis Henrietta
Cambridge_11082005_CityCouncil.csv__hit134,Davis Henrietta,Davis Henrietta,Davis Henrietta,Decker Marjorie C.,Sullivan Michael A.,Davis Henrietta,Davis Henrietta,Galluccio Anthony D.,Davis Henrietta,Davis Henrietta
Cambridge_11082005_CityCouncil.csv__hit135,Sullivan Michael A.,Decker Marjorie C.,Davis Henrietta,Davis Henrietta,Davis Henrietta,Davis Henrietta,Davis Henrietta,Galluccio Anthony D.,Davis Henrietta,Davis Henrietta
Cambridge_11082005_CityCouncil.csv__hit136,Galluccio Anthony D.,Davis Henrietta,Galluccio Anthony D.,Galluccio Anthony D.,Galluccio Anthony D.,Galluccio Anthony D.,Galluccio Anthony D.,Galluccio Anthony D.,Galluccio Anthony D.,Galluccio Anthony D.
Cambridge_11082005_CityCouncil.csv__hit137,Galluccio Anthony D.,Galluccio Anthony D.,Galluccio Anthony D.,Decker Marjorie C.,Galluccio Anthony D.,Davis Henrietta,Davis Henrietta,Davis Henrietta,Davis Henrietta,Davis Henrietta
Cambridge_11082005_CityCouncil.csv__hit138,Galluccio Anthony D.,Galluccio Anthony D.,Galluccio Anthony D.,Decker Marjorie C.,Galluccio Anthony D.,Galluccio Anthony D.,Galluccio Anthony D.,Galluccio Anthony D.,Galluccio Anthony D.,Galluccio Anthony D.
Cambridge_11082005_CityCouncil.csv__hit139,Decker Marjorie C.,Davis Henrietta,Galluccio Anthony D.,Galluccio Anthony D.,Galluccio Anthony D.,Galluccio Anthony D.,Galluccio Anthony D.,Galluccio Anthony D.,Galluccio Anthony D.,Galluccio Anthony D.
Cambridge_11082005_CityCouncil.csv__hit140,Decker Marjorie C.,Davis Henrietta,Davis Henrietta,Davis Henrietta,Davis Henrietta,Davis Henrietta,Davis Henrietta,Davis Henrietta,Davis Henrietta,Davis Henrietta
Cambridge_11082005_CityCouncil.csv__hit141,Sullivan Michael A.,Davis Henrietta,Sullivan Michael A.,Decker Marjorie C.,Davis Henrietta,Davis Henrietta,Galluccio Anthony D.,Davis Henrietta,Davis Henrietta,Davis Henrietta
Cambridge_11082005_CityCouncil.csv__hit142,Galluccio Anthony D.,Galluccio Anthony D.,Galluccio Anthony D.,Galluccio Anthony D.,Galluccio Anthony D.,Galluccio Anthony D.,Galluccio Anthony D.,Galluccio Anthony D.,Galluccio Anthony D.,Galluccio Anthony D.
Cambridge_11082005_CityCouncil.csv__hit143,Galluccio Anthony D.,Davis Henrietta,Galluccio Anthony D.,Galluccio Anthony D.,Galluccio Anthony D.,Galluccio Anthony D.,Galluccio Anthony D.,Galluccio Anthony D.,Galluccio Anthony D.,Galluccio Anthony D.
Cambridge_11082005_CityCouncil.csv__hit144,Decker Marjorie C.,Galluccio Anthony D.,Galluccio Anthony D.,Galluccio Anthony D.,Galluccio Anthony D.,Galluccio Anthony D.,Galluccio Anthony D.,Galluccio Anthony D.,Galluccio Anthony D.,Galluccio Anthony D.
Cambridge_11082005_CityCouncil.csv__hit145,Galluccio Anthony D.,Davis Henrietta,Galluccio Anthony D.,Decker Marjorie C.,Galluccio Anthony D.,Galluccio Anthony D.,Galluccio Anthony D.,Galluccio Anthony D.,Galluccio Anthony D.,Galluccio Anthony D.
Cambridge_11082005_CityCouncil.csv__hit146,Galluccio Anthony D.,Decker Marjorie C.,Galluccio Anthony D.,Decker Marjorie C.,Galluccio Anthony D.,Galluccio Anthony D.,Galluccio Anthony D.,Galluccio Anthony D.,Galluccio Anthony D.,Galluccio Anthony D.
Cambridge_11082005_CityCouncil.csv__hit147,Davis Henrietta,Davis Henrietta,Davis Henrietta,Davis Henrietta,Davis Henrietta,Davis Henrietta,Davis Henrietta,Davis Henrietta,Davis Henrietta,Davis Henrietta
Cambridge_11082005_CityCouncil.csv__hit148,Decker Marjorie C.,Galluccio Anthony D.,Galluccio Anthony D.,Galluccio Anthony D.,Galluccio Anthony D.,Galluccio Anthony D.,Galluccio Anthony D.,Galluccio Anthony D.,Galluccio Anthony D.,Galluccio Anthony D.
Cambridge_11082005_CityCouncil.csv__hit149,Davis Henrietta,Davis Henrietta,Galluccio Anthony D.,Decker Marjorie C.,Davis Henrietta,Davis Henrietta,Davis Henrietta,Davis Henrietta,Davis Henrietta,Galluccio Anthony D.
Cambridge_11082005_CityCouncil.csv__hit150,Davis Henrietta,Davis Henrietta,Galluccio Anthony D.,Galluccio Anthony D.,Galluccio Anthony D.,Galluccio Anthony D.,Galluccio Anthony D.,Galluccio Anthony D.,Galluccio Anthony D.,Galluccio Anthony D.
Cambridge_11082005_CityCouncil.csv__hit151,Decker Marjorie C.,Davis Henrietta,Galluccio Anthony D.,Galluccio Anthony D.,Galluccio Anthony D.,Galluccio Anthony D.,Galluccio Anthony D.,Galluccio Anthony D.,Galluccio Anthony D.,Galluccio Anthony D.
Cambridge_11082005_CityCouncil.csv__hit152,Sullivan Michael A.,Galluccio Anthony D.,Galluccio Anthony D.,Galluccio Anthony D.,Galluccio Anthony D.,Galluccio Anthony D.,Galluccio Anthony D.,Galluccio Anthony D.,Galluccio Anthony D.,Galluccio Anthony D.
Cambridge_11082005_CityCouncil.csv__hit153,Decker Marjorie C.,Davis Henrietta,Davis Henrietta,Davis Henrietta,Davis Henrietta,Galluccio Anthony D.,Galluccio Anthony D.,Galluccio Anthony D.,Davis Henrietta,Davis Henrietta
Cambridge_11082005_CityCouncil.csv__hit154,Galluccio Anthony D.,Galluccio Anthony D.,Galluccio Anthony D.,Galluccio Anthony D.,Decker Marjorie C.,Galluccio Anthony D.,Davis Henrietta,Davis Henrietta,Davis Henrietta,Galluccio Anthony D.
Cambridge_11082005_CityCouncil.csv__hit155,Sullivan Michael A.,Galluccio Anthony D.,Galluccio Anthony D.,Galluccio Anthony D.,Galluccio Anthony D.,Galluccio Anthony D.,Galluccio Anthony D.,Galluccio Anthony D.,Galluccio Anthony D.,Galluccio Anthony D.
Cambridge_11082005_CityCouncil.csv__hit156,Decker Marjorie C.,Davis Henrietta,Davis Henrietta,Davis Henrietta,Davis Henrietta,Davis Henrietta,Davis Henrietta,Davis Henrietta,Davis Henrietta,Davis Henrietta
Cambridge_11082005_CityCouncil.csv__hit157,Galluccio Anthony D.,Galluccio Anthony D.,Galluccio Anthony D.,Galluccio Anthony D.,Galluccio Anthony D.,Galluccio Anthony D.,Galluccio Anthony D.,Galluccio Anthony D.,Galluccio Anthony D.,Galluccio Anthony D.
Cambridge_11082005_CityCouncil.csv__hit158,Davis Henrietta,Sullivan Michael A.,Davis Henrietta,Davis Henrietta,Davis Henrietta,Davis Henrietta,Davis Henrietta,Davis Henrietta,Davis Henrietta,Davis Henrietta
Cambridge_11082005_CityCouncil.csv__hit159,Davis Henrietta,Davis Henrietta,Davis Henrietta,Davis Henrietta,Davis Henrietta,Davis Henrietta,Galluccio Anthony D.,Davis Henrietta,Davis Henrietta,Davis Henrietta
Cambridge_11082005_CityCouncil.csv__hit160,Galluccio Anthony D.,Decker Marjorie C.,Galluccio Anthony D.,Galluccio Anthony D.,Galluccio Anthony D.,Galluccio Anthony D.,Galluccio Anthony D.,Galluccio Anthony D.,Galluccio Anthony D.,Galluccio Anthony D.
Cambridge_11082005_CityCouncil.csv__hit161,Decker Marjorie C.,Decker Marjorie C.,Decker Marjorie C.,Decker Marjorie C.,Decker Marjorie C.,Decker Marjorie C.,Decker Marjorie C.,Decker Marjorie C.,Decker Marjorie C.,Decker Marjorie C.
Cambridge_11082005_CityCouncil.csv__hit162,Davis Henrietta,Davis Henrietta,Davis Henrietta,Davis Henrietta,Davis Henrietta,Davis Henrietta,Galluccio Anthony D.,Galluccio Anthony D.,Davis Henrietta,Davis Henrietta
Cambridge_11082005_CityCouncil.csv__hit163,Decker Marjorie C.,Sullivan Michael A.,Decker Marjorie C.,Sullivan Michael A.,Sullivan Michael A.,Sullivan Michael A.,Galluccio Anthony D.,Galluccio Anthony D.,Galluccio Anthony D.,Sullivan Michael A.
Cambridge_11082005_CityCouncil.csv__hit164,Davis Henrietta,Davis Henrietta,Davis Henrietta,Davis Henrietta,Davis Henrietta,Davis Henrietta,Davis Henrietta,Davis Henrietta,Davis Henrietta,Davis Henrietta
Cambridge_11082005_CityCouncil.csv__hit165,Davis Henrietta,Davis Henrietta,Davis Henrietta,Davis Henrietta,Davis Henrietta,Davis Henrietta,Galluccio Anthony D.,Davis Henrietta,Davis Henrietta,Davis Henrietta
Cambridge_11082005_CityCouncil.csv__hit166,Decker Marjorie C.,Galluccio Anthony D.,Galluccio Anthony D.,Galluccio Anthony D.,Galluccio Anthony D.,Galluccio Anthony D.,Galluccio Anthony D.,Galluccio Anthony D.,Galluccio Anthony D.,Galluccio Anthony D.
Cambridge_11082005_CityCouncil.csv__hit167,Galluccio Anthony D.,Davis Henrietta,Galluccio Anthony D.,Galluccio Anthony D.,Galluccio Anthony D.,Galluccio Anthony D.,Galluccio Anthony D.,Galluccio Anthony D.,Galluccio Anthony D.,Galluccio Anthony D.
Cambridge_11082005_CityCouncil.csv__hit168,Sullivan Michael A.,Galluccio Anthony D.,Galluccio Anthony D.,Galluccio Anthony D.,Galluccio Anthony D.,Galluccio Anthony D.,Galluccio Anthony D.,Galluccio Anthony D.,Galluccio Anthony D.,Galluccio Anthony D.
Cambridge_11082005_CityCouncil.csv__hit169,Galluccio Anthony D.,Galluccio Anthony D.,Galluccio Anthony D.,Galluccio Anthony D.,Galluccio Anthony D.,Galluccio Anthony D.,Galluccio Anthony D.,Galluccio Anthony D.,Galluccio Anthony D.,Galluccio Anthony D.
Cambridge_11082005_CityCouncil.csv__hit170,Galluccio Anthony D.,Galluccio Anthony D.,Galluccio Anthony D.,Galluccio Anthony D.,Galluccio Anthony D.,Galluccio Anthony D.,Galluccio Anthony D.,Galluccio Anthony D.,Galluccio Anthony D.,Galluccio Anthony D.
Cambridge_11082005_CityCouncil.csv__hit171,Galluccio Anthony D.,Davis Henrietta,Galluccio Anthony D.,Galluccio Anthony D.,Galluccio Anthony D.,Galluccio Anthony D.,Galluccio Anthony D.,Galluccio Anthony D.,Galluccio Anthony D.,Galluccio Anthony D.
Cambridge_11082005_CityCouncil.csv__hit172,Galluccio Anthony D.,Galluccio Anthony D.,Galluccio Anthony D.,Galluccio Anthony D.,Galluccio Anthony D.,Galluccio Anthony D.,Galluccio Anthony D.,Galluccio Anthony D.,Galluccio Anthony D.,Galluccio Anthony D.
Cambridge_11082005_CityCouncil.csv__hit173,Decker Marjorie C.,Davis Henrietta,Davis Henrietta,Sullivan Michael A.,Sullivan Michael A.,Davis Henrietta,Galluccio Anthony D.,Galluccio Anthony D.,Galluccio Anthony D.,Davis Henrietta
Cambridge_11082005_CityCouncil.csv__hit174,Galluccio Anthony D.,Davis Henrietta,Galluccio Anthony D.,Galluccio Anthony D.,Galluccio Anthony D.,Davis Henrietta,Davis Henrietta,Davis Henrietta,Davis Henrietta,Galluccio Anthony D.
Cambridge_11082005_CityCouncil.csv__hit175,Sullivan Michael A.,Decker Marjorie C.,Davis Henrietta,Davis Henrietta,Davis Henrietta,Davis Henrietta,Davis Henrietta,Galluccio Anthony D.,Davis Henrietta,Davis Henrietta
Cambridge_11082005_CityCouncil.csv__hit176,Decker Marjorie C.,Davis Henrietta,Decker Marjorie C.,Galluccio Anthony D.,Decker Marjorie C.,Davis Henrietta,Davis Henrietta,Davis Henrietta,Davis Henrietta,Galluccio Anthony D.
Cambridge_11082005_CityCouncil.csv__hit177,Decker Marjorie C.,Davis Henrietta,Davis Henrietta,Davis Henrietta,Davis Henrietta,Davis Henrietta,Davis Henrietta,Davis Henrietta,Davis Henrietta,Davis Henrietta
Cambridge_11082005_CityCouncil.csv__hit178,Sullivan Michael A.,Davis Henrietta,Galluccio Anthony D.,Galluccio Anthony D.,Galluccio Anthony D.,Galluccio Anthony D.,Galluccio Anthony D.,Galluccio Anthony D.,Galluccio Anthony D.,Galluccio Anthony D.
Cambridge_11082005_CityCouncil.csv__hit179,Galluccio Anthony D.,Davis Henrietta,Galluccio Anthony D.,Galluccio Anthony D.,Galluccio Anthony D.,Galluccio Anthony D.,Galluccio Anthony D.,Galluccio Anthony D.,Galluccio Anthony D.,Galluccio Anthony D.
Cambridge_11082005_CityCouncil.csv__hit180,Decker Marjorie C.,Decker Marjorie C.,Decker Marjorie C.,Decker Marjorie C.,Decker Marjorie C.,Decker Marjorie C.,Decker Marjorie C.,Galluccio Anthony D.,Decker Marjorie C.,Decker Marjorie C.
Cambridge_11082005_CityCouncil.csv__hit181,Decker Marjorie C.,Davis Henrietta,Galluccio Anthony D.,Galluccio Anthony D.,Galluccio Anthony D.,Galluccio Anthony D.,Galluccio Anthony D.,Galluccio Anthony D.,Galluccio Anthony D.,Galluccio Anthony D.
Cambridge_11082005_CityCouncil.csv__hit182,Galluccio Anthony D.,Galluccio Anthony D.,Galluccio Anthony D.,Galluccio Anthony D.,Galluccio Anthony D.,Galluccio Anthony D.,Galluccio Anthony D.,Galluccio Anthony D.,Galluccio Anthony D.,Galluccio Anthony D.
Cambridge_11082005_CityCouncil.csv__hit183,Decker Marjorie C.,Simmons Denise,Galluccio Anthony D.,Galluccio Anthony D.,Galluccio Anthony D.,Galluccio Anthony D.,Galluccio Anthony D.,Galluccio Anthony D.,Galluccio Anthony D.,Galluccio Anthony D.
Cambridge_11082005_CityCouncil.csv__hit184,Galluccio Anthony D.,Galluccio Anthony D.,Galluccio Anthony D.,Galluccio Anthony D.,Galluccio Anthony D.,Galluccio Anthony D.,Galluccio Anthony D.,Galluccio Anthony D.,Galluccio Anthony D.,Galluccio Anthony D.
Cambridge_11082005_CityCouncil.csv__hit185,Simmons Denise,Decker Marjorie C.,Simmons Denise,Simmons Denise,Simmons Denise,Simmons Denise,Simmons Denise,Simmons Denise,Simmons Denise,Simmons Denise
Cambridge_11082005_CityCouncil.csv__hit186,Galluccio Anthony D.,Davis Henrietta,Galluccio Anthony D.,Galluccio Anthony D.,Galluccio Anthony D.,Galluccio Anthony D.,Galluccio Anthony D.,Galluccio Anthony D.,Galluccio Anthony D.,Galluccio Anthony D.
Cambridge_11082005_CityCouncil.csv__hit187,Decker Marjorie C.,Davis Henrietta,Davis Henrietta,Davis Henrietta,Davis Henrietta,Davis Henrietta,Davis Henrietta,Davis Henrietta,Davis Henrietta,Davis Henrietta
Cambridge_11082005_CityCouncil.csv__hit188,Sullivan Michael A.,Decker Marjorie C.,Galluccio Anthony D.,Galluccio Anthony D.,Galluccio Anthony D.,Galluccio Anthony D.,Galluccio Anthony D.,Galluccio Anthony D.,Galluccio Anthony D.,Galluccio Anthony D.
Cambridge_11082005_CityCouncil.csv__hit189,Sullivan Michael A.,Decker Marjorie C.,Sullivan Michael A.,Decker Marjorie C.,Decker Marjorie C.,Decker Marjorie C.,Decker Marjorie C.,Decker Marjorie C.,Decker Marjorie C.,Decker Marjorie C.
Cambridge_11082005_CityCouncil.csv__hit190,Galluccio Anthony D.,Davis Henrietta,Galluccio Anthony D.,Galluccio Anthony D.,Galluccio Anthony D.,Galluccio Anthony D.,Galluccio Anthony D.,Galluccio Anthony D.,Galluccio Anthony D.,Galluccio Anthony D.
Cambridge_11082005_CityCouncil.csv__hit191,Decker Marjorie C.,Davis Henrietta,Galluccio Anthony D.,Galluccio Anthony D.,Galluccio Anthony D.,Galluccio Anthony D.,Galluccio Anthony D.,Galluccio Anthony D.,Galluccio Anthony D.,Galluccio Anthony D.
Cambridge_11082005_CityCouncil.csv__hit192,Sullivan Michael A.,Decker Marjorie C.,Davis Henrietta,Davis Henrietta,Davis Henrietta,Davis Henrietta,Davis Henrietta,Davis Henrietta,Davis Henrietta,Davis Henrietta
Cambridge_11082005_CityCouncil.csv__hit193,Galluccio Anthony D.,Galluccio Anthony D.,Galluccio Anthony D.,Galluccio Anthony D.,Galluccio Anthony D.,Galluccio Anthony D.,Galluccio Anthony D.,Galluccio Anthony D.,Galluccio Anthony D.,Galluccio Anthony D.
Cambridge_11082005_CityCouncil.csv__hit194,Davis Henrietta,Davis Henrietta,Davis Henrietta,Davis Henrietta,Davis Henrietta,Davis Henrietta,Galluccio Anthony D.,Galluccio Anthony D.,Galluccio Anthony D.,Davis Henrietta
Cambridge_11082005_CityCouncil.csv__hit195,Galluccio Anthony D.,Galluccio Anthony D.,Galluccio Anthony D.,Galluccio Anthony D.,Galluccio Anthony D.,Galluccio Anthony D.,Galluccio Anthony D.,Galluccio Anthony D.,Galluccio Anthony D.,Galluccio Anthony D.
Cambridge_11082005_CityCouncil.csv__hit196,Galluccio Anthony D.,Davis Henrietta,Galluccio Anthony D.,Decker Marjorie C.,Galluccio Anthony D.,Davis Henrietta,Davis Henrietta,Davis Henrietta,Davis Henrietta,Decker Marjorie C.
Cambridge_11082005_CityCouncil.csv__hit197,Galluccio Anthony D.,Davis Henrietta,Galluccio Anthony D.,Galluccio Anthony D.,Galluccio Anthony D.,Galluccio Anthony D.,Galluccio Anthony D.,Galluccio Anthony D.,Galluccio Anthony D.,Galluccio Anthony D.
Cambridge_11082005_CityCouncil.csv__hit198,Galluccio Anthony D.,Decker Marjorie C.,Galluccio Anthony D.,Galluccio Anthony D.,Galluccio Anthony D.,Galluccio Anthony D.,Galluccio Anthony D.,Galluccio Anthony D.,Galluccio Anthony D.,Galluccio Anthony D.
Cambridge_11082005_CityCouncil.csv__hit199,Decker Marjorie C.,Davis Henrietta,Galluccio Anthony D.,Galluccio Anthony D.,Galluccio Anthony D.,Galluccio Anthony D.,Galluccio Anthony D.,Galluccio Anthony D.,Galluccio Anthony D.,Galluccio Anthony D.
