file,0.0,0.01,0.02,0.03,0.04,0.05,0.06,0.07,0.08,0.09
NSW_Local_Government_2016_Cobar_Shire_Council 12 seats.csv__hit0,ABBOTT Peter (A),ABBOTT Peter (A),ABBOTT Peter (A),ABBOTT Peter (A),PAYNE Julie (UG),ABBOTT Peter (A),ABBOTT Peter (A),ABBOTT Peter (A),ABBOTT Peter (A),ABBOTT Peter (A)
NSW_Local_Government_2016_Cobar_Shire_Council 12 seats.csv__hit1,ABBOTT Peter (A),ABBOTT Peter (A),ABBOTT Peter (A),LEA-BARRETT Janine (UG),PAYNE Julie (UG),ABBOTT Peter (A),ABBOTT Peter (A),ABBOTT Peter (A),ABBOTT Peter (A),ABBOTT Peter (A)
NSW_Local_Government_2016_Cobar_Shire_Council 12 seats.csv__hit2,ABBOTT Peter (A),ABBOTT Peter (A),ABBOTT Peter (A),ABBOTT Peter (A),ABBOTT Peter (A),ABBOTT Peter (A),ABBOTT Peter (A),ABBOTT Peter (A),ABBOTT Peter (A),ABBOTT Peter (A)
NSW_Local_Government_2016_Cobar_Shire_Council 12 seats.csv__hit3,ABBOTT Peter (A),ABBOTT Peter (A),ABBOTT Peter (A),ABBOTT Peter (A),ABBOTT Peter (A),ABBOTT Peter (A),ABBOTT Peter (A),ABBOTT Peter (A),ABBOTT Peter (A),ABBOTT Peter (A)
NSW_Local_Government_2016_Cobar_Shire_Council 12 seats.csv__hit4,ABBOTT Peter (A),ABBOTT Peter (A),ABBOTT Peter (A),LEA-BARRETT Janine (UG),PAYNE Julie (UG),ABBOTT Peter (A),ABBOTT Peter (A),ABBOTT Peter (A),ABBOTT Peter (A),ABBOTT Peter (A)
NSW_Local_Government_2016_Cobar_Shire_Council 12 seats.csv__hit5,ABBOTT Peter (A),ABBOTT Peter (A),ABBOTT Peter (A),LEA-BARRETT Janine (UG),PAYNE Julie (UG),ABBOTT Peter (A),ABBOTT Peter (A),ABBOTT Peter (A),ABBOTT Peter (A),ABBOTT Peter (A)
NSW_Local_Government_2016_Cobar_Shire_Council 12 seats.csv__hit6,ABBOTT Peter (A),ABBOTT Peter (A),ABBOTT Peter (A),ABBOTT Peter (A),ABBOTT Peter (A),ABBOTT Peter (A),ABBOTT Peter (A),ABBOTT Peter (A),ABBOTT Peter (A),ABBOTT Peter (A)
NSW_Local_Government_2016_Cobar_Shire_Council 12 seats.csv__hit7,ABBOTT Peter (A),ABBOTT Peter (A),ABBOTT Peter (A),LEA-BARRETT Janine (UG),ABBOTT Peter (A),ABBOTT Peter (A),ABBOTT Peter (A),ABBOTT Peter (A),ABBOTT Peter (A),ABBOTT Peter (A)
NSW_Local_Government_2016_Cobar_Shire_Council 12 seats.csv__hit8,ABBOTT Peter (A),ABBOTT Peter (A),ABBOTT Peter (A),LEA-BARRETT Janine (UG),PAYNE Julie (UG),ABBOTT Peter (A),ABBOTT Peter (A),ABBOTT Peter (A),ABBOTT Peter (A),ABBOTT Peter (A)
NSW_Local_Government_2016_Cobar_Shire_Council 12 seats.csv__hit9,ABBOTT Peter (A),ABBOTT Peter (A),ABBOTT Peter (A),LEA-BARRETT Janine (UG),PAYNE Julie (UG),ABBOTT Peter (A),ABBOTT Peter (A),ABBOTT Peter (A),ABBOTT Peter (A),ABBOTT Peter (A)
NSW_Local_Government_2016_Cobar_Shire_Council 12 seats.csv__hit10,ABBOTT Peter (A),ABBOTT Peter (A),ABBOTT Peter (A),ABBOTT Peter (A),ABBOTT Peter (A),ABBOTT Peter (A),ABBOTT Peter (A),ABBOTT Peter (A),ABBOTT Peter (A),ABBOTT Peter (A)
NSW_Local_Government_2016_Cobar_Shire_Council 12 seats.csv__hit11,ABBOTT Peter (A),ABBOTT Peter (A),LEA-BARRETT Janine (UG),LEA-BARRETT Janine (UG),PAYNE Julie (UG),ABBOTT Peter (A),PAYNE Julie (UG),ABBOTT Peter (A),ABBOTT Peter (A),ABBOTT Peter (A)
NSW_Local_Government_2016_Cobar_Shire_Council 12 seats.csv__hit12,ABBOTT Peter (A),ABBOTT Peter (A),ABBOTT Peter (A),ABBOTT Peter (A),ABBOTT Peter (A),ABBOTT Peter (A),ABBOTT Peter (A),ABBOTT Peter (A),ABBOTT Peter (A),ABBOTT Peter (A)
NSW_Local_Government_2016_Cobar_Shire_Council 12 seats.csv__hit13,ABBOTT Peter (A),ABBOTT Peter (A),ABBOTT Peter (A),PAYNE Julie (UG),ABBOTT Peter (A),ABBOTT Peter (A),ABBOTT Peter (A),ABBOTT Peter (A),ABBOTT Peter (A),ABBOTT Peter (A)
NSW_Local_Government_2016_Cobar_Shire_Council 12 seats.csv__hit14,ABBOTT Peter (A),ABBOTT Peter (A),ABBOTT Peter (A),ABBOTT Peter (A),ABBOTT Peter (A),ABBOTT Peter (A),ABBOTT Peter (A),ABBOTT Peter (A),ABBOTT Peter (A),ABBOTT Peter (A)
NSW_Local_Government_2016_Cobar_Shire_Council 12 seats.csv__hit15,ABBOTT Peter (A),ABBOTT Peter (A),ABBOTT Peter (A),PAYNE Julie (UG),ABBOTT Peter (A),ABBOTT Peter (A),ABBOTT Peter (A),ABBOTT Peter (A),ABBOTT Peter (A),ABBOTT Peter (A)
NSW_Local_Government_2016_Cobar_Shire_Council 12 seats.csv__hit16,ABBOTT Peter (A),ABBOTT Peter (A),ABBOTT Peter (A),ABBOTT Peter (A),ABBOTT Peter (A),ABBOTT Peter (A),ABBOTT Peter (A),ABBOTT Peter (A),ABBOTT Peter (A),ABBOTT Peter (A)
NSW_Local_Government_2016_Cobar_Shire_Council 12 seats.csv__hit17,ABBOTT Peter (A),ABBOTT Peter (A),ABBOTT Peter (A),ABBOTT Peter (A),PAYNE Julie (UG),ABBOTT Peter (A),ABBOTT Peter (A),ABBOTT Peter (A),ABBOTT Peter (A),ABBOTT Peter (A)
NSW_Local_Government_2016_Cobar_Shire_Council 12 seats.csv__hit18,ABBOTT Peter (A),ABBOTT Peter (A),ABBOTT Peter (A),LEA-BARRETT Janine (UG),PAYNE Julie (UG),ABBOTT Peter (A),ABBOTT Peter (A),ABBOTT Peter (A),ABBOTT Peter (A),ABBOTT Peter (A)
NSW_Local_Government_2016_Cobar_Shire_Council 12 seats.csv__hit19,ABBOTT Peter (A),ABBOTT Peter (A),ABBOTT Peter (A),ABBOTT Peter (A),PAYNE Julie (UG),ABBOTT Peter (A),ABBOTT Peter (A),ABBOTT Peter (A),ABBOTT Peter (A),ABBOTT Peter (A)
NSW_Local_Government_2016_Cobar_Shire_Council 12 seats.csv__hit20,ABBOTT Peter (A),ABBOTT Peter (A),ABBOTT Peter (A),LEA-BARRETT Janine (UG),PAYNE Julie (UG),ABBOTT Peter (A),ABBOTT Peter (A),ABBOTT Peter (A),ABBOTT Peter (A),ABBOTT Peter (A)
NSW_Local_Government_2016_Cobar_Shire_Council 12 seats.csv__hit21,ABBOTT Peter (A),ABBOTT Peter (A),ABBOTT Peter (A),ABBOTT Peter (A),PAYNE Julie (UG),ABBOTT Peter (A),ABBOTT Peter (A),ABBOTT Peter (A),ABBOTT Peter (A),ABBOTT Peter (A)
NSW_Local_Government_2016_Cobar_Shire_Council 12 seats.csv__hit22,ABBOTT Peter (A),ABBOTT Peter (A),ABBOTT Peter (A),ABBOTT Peter (A),PAYNE Julie (UG),ABBOTT Peter (A),ABBOTT Peter (A),ABBOTT Peter (A),ABBOTT Peter (A),ABBOTT Peter (A)
NSW_Local_Government_2016_Cobar_Shire_Council 12 seats.csv__hit23,ABBOTT Peter (A),ABBOTT Peter (A),ABBOTT Peter (A),ABBOTT Peter (A),ABBOTT Peter (A),ABBOTT Peter (A),ABBOTT Peter (A),ABBOTT Peter (A),ABBOTT Peter (A),ABBOTT Peter (A)
NSW_Local_Government_2016_Cobar_Shire_Council 12 seats.csv__hit24,ABBOTT Peter (A),ABBOTT Peter (A),ABBOTT Peter (A),ABBOTT Peter (A),PAYNE Julie (UG),PAYNE Julie (UG),ABBOTT Peter (A),ABBOTT Peter (A),ABBOTT Peter (A),ABBOTT Peter (A)
NSW_Local_Government_2016_Cobar_Shire_Council 12 seats.csv__hit25,ABBOTT Peter (A),ABBOTT Peter (A),ABBOTT Peter (A),ABBOTT Peter (A),ABBOTT Peter (A),ABBOTT Peter (A),ABBOTT Peter (A),ABBOTT Peter (A),ABBOTT Peter (A),ABBOTT Peter (A)
NSW_Local_Government_2016_Cobar_Shire_Council 12 seats.csv__hit26,ABBOTT Peter (A),ABBOTT Peter (A),ABBOTT Peter (A),ABBOTT Peter (A),PAYNE Julie (UG),ABBOTT Peter (A),ABBOTT Peter (A),ABBOTT Peter (A),ABBOTT Peter (A),ABBOTT Peter (A)
NSW_Local_Government_2016_Cobar_Shire_Council 12 seats.csv__hit27,ABBOTT Peter (A),ABBOTT Peter (A),ABBOTT Peter (A),LEA-BARRETT Janine (UG),PAYNE Julie (UG),ABBOTT Peter (A),PAYNE Julie (UG),ABBOTT Peter (A),ABBOTT Peter (A),ABBOTT Peter (A)
NSW_Local_Government_2016_Cobar_Shire_Council 12 seats.csv__hit28,ABBOTT Peter (A),ABBOTT Peter (A),ABBOTT Peter (A),PAYNE Julie (UG),ABBOTT Peter (A),ABBOTT Peter (A),ABBOTT Peter (A),ABBOTT Peter (A),ABBOTT Peter (A),ABBOTT Peter (A)
NSW_Local_Government_2016_Cobar_Shire_Council 12 seats.csv__hit29,ABBOTT Peter (A),ABBOTT Peter (A),ABBOTT Peter (A),PAYNE Julie (UG),ABBOTT Peter (A),ABBOTT Peter (A),ABBOTT Peter (A),ABBOTT Peter (A),ABBOTT Peter (A),ABBOTT Peter (A)
NSW_Local_Government_2016_Cobar_Shire_Council 12 seats.csv__hit30,ABBOTT Peter (A),ABBOTT Peter (A),ABBOTT Peter (A),LEA-BARRETT Janine (UG),ABBOTT Peter (A),ABBOTT Peter (A),PAYNE Julie (UG),ABBOTT Peter (A),ABBOTT Peter (A),ABBOTT Peter (A)
NSW_Local_Government_2016_Cobar_Shire_Council 12 seats.csv__hit31,ABBOTT Peter (A),ABBOTT Peter (A),ABBOTT Peter (A),ABBOTT Peter (A),PAYNE Julie (UG),ABBOTT Peter (A),ABBOTT Peter (A),ABBOTT Peter (A),ABBOTT Peter (A),ABBOTT Peter (A)
NSW_Local_Government_2016_Cobar_Shire_Council 12 seats.csv__hit32,ABBOTT Peter (A),ABBOTT Peter (A),ABBOTT Peter (A),ABBOTT Peter (A),ABBOTT Peter (A),ABBOTT Peter (A),ABBOTT Peter (A),ABBOTT Peter (A),ABBOTT Peter (A),ABBOTT Peter (A)
NSW_Local_Government_2016_Cobar_Shire_Council 12 seats.csv__hit33,ABBOTT Peter (A),ABBOTT Peter (A),ABBOTT Peter (A),LEA-BARRETT Janine (UG),ABBOTT Peter (A),ABBOTT Peter (A),ABBOTT Peter (A),ABBOTT Peter (A),ABBOTT Peter (A),ABBOTT Peter (A)
NSW_Local_Government_2016_Cobar_Shire_Council 12 seats.csv__hit34,ABBOTT Peter (A),ABBOTT Peter (A),ABBOTT Peter (A),LEA-BARRETT Janine (UG),PAYNE Julie (UG),ABBOTT Peter (A),ABBOTT Peter (A),ABBOTT Peter (A),ABBOTT Peter (A),ABBOTT Peter (A)
NSW_Local_Government_2016_Cobar_Shire_Council 12 seats.csv__hit35,ABBOTT Peter (A),ABBOTT Peter (A),ABBOTT Peter (A),ABBOTT Peter (A),PAYNE Julie (UG),ABBOTT Peter (A),ABBOTT Peter (A),ABBOTT Peter (A),ABBOTT Peter (A),ABBOTT Peter (A)
NSW_Local_Government_2016_Cobar_Shire_Council 12 seats.csv__hit36,ABBOTT Peter (A),ABBOTT Peter (A),ABBOTT Peter (A),ABBOTT Peter (A),ABBOTT Peter (A),ABBOTT Peter (A),ABBOTT Peter (A),ABBOTT Peter (A),ABBOTT Peter (A),ABBOTT Peter (A)
NSW_Local_Government_2016_Cobar_Shire_Council 12 seats.csv__hit37,ABBOTT Peter (A),ABBOTT Peter (A),ABBOTT Peter (A),LEA-BARRETT Janine (UG),ABBOTT Peter (A),ABBOTT Peter (A),ABBOTT Peter (A),ABBOTT Peter (A),ABBOTT Peter (A),ABBOTT Peter (A)
NSW_Local_Government_2016_Cobar_Shire_Council 12 seats.csv__hit38,ABBOTT Peter (A),ABBOTT Peter (A),ABBOTT Peter (A),ABBOTT Peter (A),ABBOTT Peter (A),ABBOTT Peter (A),ABBOTT Peter (A),ABBOTT Peter (A),ABBOTT Peter (A),ABBOTT Peter (A)
NSW_Local_Government_2016_Cobar_Shire_Council 12 seats.csv__hit39,ABBOTT Peter (A),ABBOTT Peter (A),ABBOTT Peter (A),LEA-BARRETT Janine (UG),ABBOTT Peter (A),ABBOTT Peter (A),ABBOTT Peter (A),ABBOTT Peter (A),ABBOTT Peter (A),ABBOTT Peter (A)
NSW_Local_Government_2016_Cobar_Shire_Council 12 seats.csv__hit40,ABBOTT Peter (A),ABBOTT Peter (A),ABBOTT Peter (A),LEA-BARRETT Janine (UG),PAYNE Julie (UG),ABBOTT Peter (A),ABBOTT Peter (A),ABBOTT Peter (A),ABBOTT Peter (A),ABBOTT Peter (A)
NSW_Local_Government_2016_Cobar_Shire_Council 12 seats.csv__hit41,ABBOTT Peter (A),ABBOTT Peter (A),ABBOTT Peter (A),ABBOTT Peter (A),PAYNE Julie (UG),ABBOTT Peter (A),ABBOTT Peter (A),ABBOTT Peter (A),ABBOTT Peter (A),ABBOTT Peter (A)
NSW_Local_Government_2016_Cobar_Shire_Council 12 seats.csv__hit42,ABBOTT Peter (A),ABBOTT Peter (A),ABBOTT Peter (A),PAYNE Julie (UG),PAYNE Julie (UG),ABBOTT Peter (A),ABBOTT Peter (A),ABBOTT Peter (A),ABBOTT Peter (A),ABBOTT Peter (A)
NSW_Local_Government_2016_Cobar_Shire_Council 12 seats.csv__hit43,ABBOTT Peter (A),ABBOTT Peter (A),ABBOTT Peter (A),ABBOTT Peter (A),PAYNE Julie (UG),ABBOTT Peter (A),ABBOTT Peter (A),ABBOTT Peter (A),ABBOTT Peter (A),ABBOTT Peter (A)
NSW_Local_Government_2016_Cobar_Shire_Council 12 seats.csv__hit44,ABBOTT Peter (A),ABBOTT Peter (A),ABBOTT Peter (A),PAYNE Julie (UG),ABBOTT Peter (A),ABBOTT Peter (A),ABBOTT Peter (A),ABBOTT Peter (A),ABBOTT Peter (A),ABBOTT Peter (A)
NSW_Local_Government_2016_Cobar_Shire_Council 12 seats.csv__hit45,ABBOTT Peter (A),ABBOTT Peter (A),ABBOTT Peter (A),ABBOTT Peter (A),PAYNE Julie (UG),ABBOTT Peter (A),ABBOTT Peter (A),ABBOTT Peter (A),ABBOTT Peter (A),ABBOTT Peter (A)
NSW_Local_Government_2016_Cobar_Shire_Council 12 seats.csv__hit46,ABBOTT Peter (A),ABBOTT Peter (A),ABBOTT Peter (A),LEA-BARRETT Janine (UG),ABBOTT Peter (A),ABBOTT Peter (A),ABBOTT Peter (A),ABBOTT Peter (A),ABBOTT Peter (A),ABBOTT Peter (A)
NSW_Local_Government_2016_Cobar_Shire_Council 12 seats.csv__hit47,ABBOTT Peter (A),ABBOTT Peter (A),ABBOTT Peter (A),LEA-BARRETT Janine (UG),ABBOTT Peter (A),ABBOTT Peter (A),ABBOTT Peter (A),ABBOTT Peter (A),ABBOTT Peter (A),ABBOTT Peter (A)
NSW_Local_Government_2016_Cobar_Shire_Council 12 seats.csv__hit48,ABBOTT Peter (A),ABBOTT Peter (A),ABBOTT Peter (A),PAYNE Julie (UG),ABBOTT Peter (A),ABBOTT Peter (A),ABBOTT Peter (A),ABBOTT Peter (A),ABBOTT Peter (A),ABBOTT Peter (A)
NSW_Local_Government_2016_Cobar_Shire_Council 12 seats.csv__hit49,ABBOTT Peter (A),ABBOTT Peter (A),ABBOTT Peter (A),ABBOTT Peter (A),PAYNE Julie (UG),ABBOTT Peter (A),ABBOTT Peter (A),ABBOTT Peter (A),ABBOTT Peter (A),ABBOTT Peter (A)
NSW_Local_Government_2016_Cobar_Shire_Council 12 seats.csv__hit50,ABBOTT Peter (A),ABBOTT Peter (A),ABBOTT Peter (A),ABBOTT Peter (A),PAYNE Julie (UG),PAYNE Julie (UG),ABBOTT Peter (A),ABBOTT Peter (A),ABBOTT Peter (A),ABBOTT Peter (A)
NSW_Local_Government_2016_Cobar_Shire_Council 12 seats.csv__hit51,ABBOTT Peter (A),ABBOTT Peter (A),ABBOTT Peter (A),ABBOTT Peter (A),ABBOTT Peter (A),ABBOTT Peter (A),ABBOTT Peter (A),ABBOTT Peter (A),ABBOTT Peter (A),ABBOTT Peter (A)
NSW_Local_Government_2016_Cobar_Shire_Council 12 seats.csv__hit52,ABBOTT Peter (A),ABBOTT Peter (A),ABBOTT Peter (A),LEA-BARRETT Janine (UG),ABBOTT Peter (A),ABBOTT Peter (A),PAYNE Julie (UG),ABBOTT Peter (A),ABBOTT Peter (A),ABBOTT Peter (A)
NSW_Local_Government_2016_Cobar_Shire_Council 12 seats.csv__hit53,ABBOTT Peter (A),ABBOTT Peter (A),ABBOTT Peter (A),ABBOTT Peter (A),ABBOTT Peter (A),ABBOTT Peter (A),ABBOTT Peter (A),ABBOTT Peter (A),ABBOTT Peter (A),ABBOTT Peter (A)
NSW_Local_Government_2016_Cobar_Shire_Council 12 seats.csv__hit54,ABBOTT Peter (A),ABBOTT Peter (A),ABBOTT Peter (A),LEA-BARRETT Janine (UG),ABBOTT Peter (A),ABBOTT Peter (A),PAYNE Julie (UG),ABBOTT Peter (A),ABBOTT Peter (A),ABBOTT Peter (A)
NSW_Local_Government_2016_Cobar_Shire_Council 12 seats.csv__hit55,ABBOTT Peter (A),ABBOTT Peter (A),ABBOTT Peter (A),LEA-BARRETT Janine (UG),PAYNE Julie (UG),PAYNE Julie (UG),ABBOTT Peter (A),ABBOTT Peter (A),ABBOTT Peter (A),ABBOTT Peter (A)
NSW_Local_Government_2016_Cobar_Shire_Council 12 seats.csv__hit56,ABBOTT Peter (A),ABBOTT Peter (A),ABBOTT Peter (A),ABBOTT Peter (A),ABBOTT Peter (A),PAYNE Julie (UG),ABBOTT Peter (A),ABBOTT Peter (A),ABBOTT Peter (A),ABBOTT Peter (A)
NSW_Local_Government_2016_Cobar_Shire_Council 12 seats.csv__hit57,ABBOTT Peter (A),ABBOTT Peter (A),ABBOTT Peter (A),ABBOTT Peter (A),PAYNE Julie (UG),ABBOTT Peter (A),ABBOTT Peter (A),ABBOTT Peter (A),ABBOTT Peter (A),ABBOTT Peter (A)
NSW_Local_Government_2016_Cobar_Shire_Council 12 seats.csv__hit58,ABBOTT Peter (A),ABBOTT Peter (A),ABBOTT Peter (A),ABBOTT Peter (A),ABBOTT Peter (A),ABBOTT Peter (A),ABBOTT Peter (A),ABBOTT Peter (A),ABBOTT Peter (A),ABBOTT Peter (A)
NSW_Local_Government_2016_Cobar_Shire_Council 12 seats.csv__hit59,ABBOTT Peter (A),ABBOTT Peter (A),ABBOTT Peter (A),ABBOTT Peter (A),ABBOTT Peter (A),ABBOTT Peter (A),ABBOTT Peter (A),ABBOTT Peter (A),ABBOTT Peter (A),ABBOTT Peter (A)
NSW_Local_Government_2016_Cobar_Shire_Council 12 seats.csv__hit60,ABBOTT Peter (A),ABBOTT Peter (A),ABBOTT Peter (A),ABBOTT Peter (A),ABBOTT Peter (A),ABBOTT Peter (A),ABBOTT Peter (A),ABBOTT Peter (A),ABBOTT Peter (A),ABBOTT Peter (A)
NSW_Local_Government_2016_Cobar_Shire_Council 12 seats.csv__hit61,ABBOTT Peter (A),ABBOTT Peter (A),ABBOTT Peter (A),PAYNE Julie (UG),PAYNE Julie (UG),PAYNE Julie (UG),PAYNE Julie (UG),ABBOTT Peter (A),ABBOTT Peter (A),ABBOTT Peter (A)
NSW_Local_Government_2016_Cobar_Shire_Council 12 seats.csv__hit62,ABBOTT Peter (A),ABBOTT Peter (A),ABBOTT Peter (A),ABBOTT Peter (A),PAYNE Julie (UG),ABBOTT Peter (A),ABBOTT Peter (A),ABBOTT Peter (A),ABBOTT Peter (A),ABBOTT Peter (A)
NSW_Local_Government_2016_Cobar_Shire_Council 12 seats.csv__hit63,ABBOTT Peter (A),ABBOTT Peter (A),ABBOTT Peter (A),ABBOTT Peter (A),ABBOTT Peter (A),ABBOTT Peter (A),ABBOTT Peter (A),ABBOTT Peter (A),ABBOTT Peter (A),ABBOTT Peter (A)
NSW_Local_Government_2016_Cobar_Shire_Council 12 seats.csv__hit64,ABBOTT Peter (A),ABBOTT Peter (A),ABBOTT Peter (A),PAYNE Julie (UG),ABBOTT Peter (A),ABBOTT Peter (A),ABBOTT Peter (A),ABBOTT Peter (A),ABBOTT Peter (A),ABBOTT Peter (A)
NSW_Local_Government_2016_Cobar_Shire_Council 12 seats.csv__hit65,ABBOTT Peter (A),ABBOTT Peter (A),ABBOTT Peter (A),ABBOTT Peter (A),ABBOTT Peter (A),ABBOTT Peter (A),ABBOTT Peter (A),ABBOTT Peter (A),ABBOTT Peter (A),ABBOTT Peter (A)
NSW_Local_Government_2016_Cobar_Shire_Council 12 seats.csv__hit66,ABBOTT Peter (A),ABBOTT Peter (A),ABBOTT Peter (A),ABBOTT Peter (A),PAYNE Julie (UG),ABBOTT Peter (A),ABBOTT Peter (A),ABBOTT Peter (A),ABBOTT Peter (A),ABBOTT Peter (A)
NSW_Local_Government_2016_Cobar_Shire_Council 12 seats.csv__hit67,ABBOTT Peter (A),ABBOTT Peter (A),ABBOTT Peter (A),ABBOTT Peter (A),ABBOTT Peter (A),ABBOTT Peter (A),ABBOTT Peter (A),ABBOTT Peter (A),ABBOTT Peter (A),ABBOTT Peter (A)
NSW_Local_Government_2016_Cobar_Shire_Council 12 seats.csv__hit68,ABBOTT Peter (A),ABBOTT Peter (A),ABBOTT Peter (A),ABBOTT Peter (A),PAYNE Julie (UG),ABBOTT Peter (A),ABBOTT Peter (A),ABBOTT Peter (A),ABBOTT Peter (A),ABBOTT Peter (A)
NSW_Local_Government_2016_Cobar_Shire_Council 12 seats.csv__hit69,ABBOTT Peter (A),ABBOTT Peter (A),ABBOTT Peter (A),PAYNE Julie (UG),PAYNE Julie (UG),ABBOTT Peter (A),ABBOTT Peter (A),ABBOTT Peter (A),ABBOTT Peter (A),ABBOTT Peter (A)
NSW_Local_Government_2016_Cobar_Shire_Council 12 seats.csv__hit70,ABBOTT Peter (A),ABBOTT Peter (A),ABBOTT Peter (A),ABBOTT Peter (A),ABBOTT Peter (A),ABBOTT Peter (A),ABBOTT Peter (A),ABBOTT Peter (A),ABBOTT Peter (A),ABBOTT Peter (A)
NSW_Local_Government_2016_Cobar_Shire_Council 12 seats.csv__hit71,ABBOTT Peter (A),ABBOTT Peter (A),LEA-BARRETT Janine (UG),LEA-BARRETT Janine (UG),ABBOTT Peter (A),ABBOTT Peter (A),ABBOTT Peter (A),ABBOTT Peter (A),ABBOTT Peter (A),ABBOTT Peter (A)
NSW_Local_Government_2016_Cobar_Shire_Council 12 seats.csv__hit72,ABBOTT Peter (A),ABBOTT Peter (A),ABBOTT Peter (A),ABBOTT Peter (A),ABBOTT Peter (A),PAYNE Julie (UG),PAYNE Julie (UG),ABBOTT Peter (A),ABBOTT Peter (A),ABBOTT Peter (A)
NSW_Local_Government_2016_Cobar_Shire_Council 12 seats.csv__hit73,ABBOTT Peter (A),ABBOTT Peter (A),ABBOTT Peter (A),ABBOTT Peter (A),ABBOTT Peter (A),ABBOTT Peter (A),ABBOTT Peter (A),ABBOTT Peter (A),ABBOTT Peter (A),ABBOTT Peter (A)
NSW_Local_Government_2016_Cobar_Shire_Council 12 seats.csv__hit74,ABBOTT Peter (A),ABBOTT Peter (A),ABBOTT Peter (A),ABBOTT Peter (A),PAYNE Julie (UG),ABBOTT Peter (A),ABBOTT Peter (A),ABBOTT Peter (A),ABBOTT Peter (A),ABBOTT Peter (A)
NSW_Local_Government_2016_Cobar_Shire_Council 12 seats.csv__hit75,ABBOTT Peter (A),ABBOTT Peter (A),ABBOTT Peter (A),ABBOTT Peter (A),PAYNE Julie (UG),ABBOTT Peter (A),ABBOTT Peter (A),ABBOTT Peter (A),ABBOTT Peter (A),ABBOTT Peter (A)
NSW_Local_Government_2016_Cobar_Shire_Council 12 seats.csv__hit76,ABBOTT Peter (A),ABBOTT Peter (A),ABBOTT Peter (A),ABBOTT Peter (A),ABBOTT Peter (A),ABBOTT Peter (A),ABBOTT Peter (A),ABBOTT Peter (A),ABBOTT Peter (A),ABBOTT Peter (A)
NSW_Local_Government_2016_Cobar_Shire_Council 12 seats.csv__hit77,ABBOTT Peter (A),ABBOTT Peter (A),ABBOTT Peter (A),LEA-BARRETT Janine (UG),PAYNE Julie (UG),ABBOTT Peter (A),ABBOTT Peter (A),ABBOTT Peter (A),ABBOTT Peter (A),ABBOTT Peter (A)
NSW_Local_Government_2016_Cobar_Shire_Council 12 seats.csv__hit78,ABBOTT Peter (A),ABBOTT Peter (A),ABBOTT Peter (A),ABBOTT Peter (A),PAYNE Julie (UG),ABBOTT Peter (A),ABBOTT Peter (A),ABBOTT Peter (A),ABBOTT Peter (A),ABBOTT Peter (A)
NSW_Local_Government_2016_Cobar_Shire_Council 12 seats.csv__hit79,ABBOTT Peter (A),ABBOTT Peter (A),ABBOTT Peter (A),LEA-BARRETT Janine (UG),ABBOTT Peter (A),ABBOTT Peter (A),ABBOTT Peter (A),ABBOTT Peter (A),ABBOTT Peter (A),ABBOTT Peter (A)
NSW_Local_Government_2016_Cobar_Shire_Council 12 seats.csv__hit80,ABBOTT Peter (A),ABBOTT Peter (A),ABBOTT Peter (A),ABBOTT Peter (A),PAYNE Julie (UG),ABBOTT Peter (A),ABBOTT Peter (A),ABBOTT Peter (A),ABBOTT Peter (A),ABBOTT Peter (A)
NSW_Local_Government_2016_Cobar_Shire_Council 12 seats.csv__hit81,ABBOTT Peter (A),ABBOTT Peter (A),ABBOTT Peter (A),PAYNE Julie (UG),PAYNE Julie (UG),ABBOTT Peter (A),ABBOTT Peter (A),ABBOTT Peter (A),ABBOTT Peter (A),ABBOTT Peter (A)
NSW_Local_Government_2016_Cobar_Shire_Council 12 seats.csv__hit82,ABBOTT Peter (A),ABBOTT Peter (A),ABBOTT Peter (A),LEA-BARRETT Janine (UG),ABBOTT Peter (A),ABBOTT Peter (A),ABBOTT Peter (A),ABBOTT Peter (A),ABBOTT Peter (A),ABBOTT Peter (A)
NSW_Local_Government_2016_Cobar_Shire_Council 12 seats.csv__hit83,ABBOTT Peter (A),ABBOTT Peter (A),ABBOTT Peter (A),LEA-BARRETT Janine (UG),PAYNE Julie (UG),ABBOTT Peter (A),PAYNE Julie (UG),ABBOTT Peter (A),ABBOTT Peter (A),ABBOTT Peter (A)
NSW_Local_Government_2016_Cobar_Shire_Council 12 seats.csv__hit84,ABBOTT Peter (A),ABBOTT Peter (A),ABBOTT Peter (A),ABBOTT Peter (A),PAYNE Julie (UG),ABBOTT Peter (A),ABBOTT Peter (A),ABBOTT Peter (A),ABBOTT Peter (A),ABBOTT Peter (A)
NSW_Local_Government_2016_Cobar_Shire_Council 12 seats.csv__hit85,ABBOTT Peter (A),ABBOTT Peter (A),ABBOTT Peter (A),LEA-BARRETT Janine (UG),PAYNE Julie (UG),ABBOTT Peter (A),ABBOTT Peter (A),ABBOTT Peter (A),ABBOTT Peter (A),ABBOTT Peter (A)
NSW_Local_Government_2016_Cobar_Shire_Council 12 seats.csv__hit86,ABBOTT Peter (A),ABBOTT Peter (A),ABBOTT Peter (A),LEA-BARRETT Janine (UG),ABBOTT Peter (A),ABBOTT Peter (A),ABBOTT Peter (A),ABBOTT Peter (A),ABBOTT Peter (A),ABBOTT Peter (A)
NSW_Local_Government_2016_Cobar_Shire_Council 12 seats.csv__hit87,ABBOTT Peter (A),ABBOTT Peter (A),ABBOTT Peter (A),LEA-BARRETT Janine (UG),ABBOTT Peter (A),ABBOTT Peter (A),ABBOTT Peter (A),ABBOTT Peter (A),ABBOTT Peter (A),ABBOTT Peter (A)
NSW_Local_Government_2016_Cobar_Shire_Council 12 seats.csv__hit88,ABBOTT Peter (A),ABBOTT Peter (A),ABBOTT Peter (A),ABBOTT Peter (A),PAYNE Julie (UG),ABBOTT Peter (A),ABBOTT Peter (A),ABBOTT Peter (A),ABBOTT Peter (A),ABBOTT Peter (A)
NSW_Local_Government_2016_Cobar_Shire_Council 12 seats.csv__hit89,ABBOTT Peter (A),ABBOTT Peter (A),ABBOTT Peter (A),ABBOTT Peter (A),PAYNE Julie (UG),ABBOTT Peter (A),ABBOTT Peter (A),ABBOTT Peter (A),ABBOTT Peter (A),ABBOTT Peter (A)
NSW_Local_Government_2016_Cobar_Shire_Council 12 seats.csv__hit90,ABBOTT Peter (A),ABBOTT Peter (A),ABBOTT Peter (A),ABBOTT Peter (A),PAYNE Julie (UG),PAYNE Julie (UG),PAYNE Julie (UG),ABBOTT Peter (A),ABBOTT Peter (A),ABBOTT Peter (A)
NSW_Local_Government_2016_Cobar_Shire_Council 12 seats.csv__hit91,ABBOTT Peter (A),ABBOTT Peter (A),ABBOTT Peter (A),LEA-BARRETT Janine (UG),ABBOTT Peter (A),PAYNE Julie (UG),ABBOTT Peter (A),ABBOTT Peter (A),ABBOTT Peter (A),ABBOTT Peter (A)
NSW_Local_Government_2016_Cobar_Shire_Council 12 seats.csv__hit92,ABBOTT Peter (A),ABBOTT Peter (A),ABBOTT Peter (A),PAYNE Julie (UG),ABBOTT Peter (A),ABBOTT Peter (A),ABBOTT Peter (A),ABBOTT Peter (A),ABBOTT Peter (A),ABBOTT Peter (A)
NSW_Local_Government_2016_Cobar_Shire_Council 12 seats.csv__hit93,ABBOTT Peter (A),ABBOTT Peter (A),ABBOTT Peter (A),PAYNE Julie (UG),ABBOTT Peter (A),ABBOTT Peter (A),ABBOTT Peter (A),ABBOTT Peter (A),ABBOTT Peter (A),ABBOTT Peter (A)
NSW_Local_Government_2016_Cobar_Shire_Council 12 seats.csv__hit94,ABBOTT Peter (A),ABBOTT Peter (A),ABBOTT Peter (A),ABBOTT Peter (A),PAYNE Julie (UG),ABBOTT Peter (A),ABBOTT Peter (A),ABBOTT Peter (A),ABBOTT Peter (A),ABBOTT Peter (A)
NSW_Local_Government_2016_Cobar_Shire_Council 12 seats.csv__hit95,ABBOTT Peter (A),ABBOTT Peter (A),ABBOTT Peter (A),ABBOTT Peter (A),ABBOTT Peter (A),ABBOTT Peter (A),PAYNE Julie (UG),ABBOTT Peter (A),ABBOTT Peter (A),ABBOTT Peter (A)
NSW_Local_Government_2016_Cobar_Shire_Council 12 seats.csv__hit96,ABBOTT Peter (A),ABBOTT Peter (A),ABBOTT Peter (A),ABBOTT Peter (A),ABBOTT Peter (A),ABBOTT Peter (A),ABBOTT Peter (A),ABBOTT Peter (A),ABBOTT Peter (A),ABBOTT Peter (A)
NSW_Local_Government_2016_Cobar_Shire_Council 12 seats.csv__hit97,ABBOTT Peter (A),ABBOTT Peter (A),ABBOTT Peter (A),LEA-BARRETT Janine (UG),PAYNE Julie (UG),ABBOTT Peter (A),ABBOTT Peter (A),ABBOTT Peter (A),ABBOTT Peter (A),ABBOTT Peter (A)
NSW_Local_Government_2016_Cobar_Shire_Council 12 seats.csv__hit98,ABBOTT Peter (A),ABBOTT Peter (A),ABBOTT Peter (A),ABBOTT Peter (A),PAYNE Julie (UG),ABBOTT Peter (A),ABBOTT Peter (A),ABBOTT Peter (A),ABBOTT Peter (A),ABBOTT Peter (A)
NSW_Local_Government_2016_Cobar_Shire_Council 12 seats.csv__hit99,ABBOTT Peter (A),ABBOTT Peter (A),ABBOTT Peter (A),PAYNE Julie (UG),ABBOTT Peter (A),ABBOTT Peter (A),ABBOTT Peter (A),ABBOTT Peter (A),ABBOTT Peter (A),ABBOTT Peter (A)
NSW_Local_Government_2016_Cobar_Shire_Council 12 seats.csv__hit100,ABBOTT Peter (A),ABBOTT Peter (A),ABBOTT Peter (A),PAYNE Julie (UG),PAYNE Julie (UG),ABBOTT Peter (A),ABBOTT Peter (A),ABBOTT Peter (A),ABBOTT Peter (A),ABBOTT Peter (A)
NSW_Local_Government_2016_Cobar_Shire_Council 12 seats.csv__hit101,ABBOTT Peter (A),ABBOTT Peter (A),ABBOTT Peter (A),ABBOTT Peter (A),PAYNE Julie (UG),ABBOTT Peter (A),ABBOTT Peter (A),ABBOTT Peter (A),ABBOTT Peter (A),ABBOTT Peter (A)
NSW_Local_Government_2016_Cobar_Shire_Council 12 seats.csv__hit102,ABBOTT Peter (A),ABBOTT Peter (A),ABBOTT Peter (A),LEA-BARRETT Janine (UG),ABBOTT Peter (A),PAYNE Julie (UG),ABBOTT Peter (A),ABBOTT Peter (A),ABBOTT Peter (A),ABBOTT Peter (A)
NSW_Local_Government_2016_Cobar_Shire_Council 12 seats.csv__hit103,ABBOTT Peter (A),ABBOTT Peter (A),ABBOTT Peter (A),ABBOTT Peter (A),PAYNE Julie (UG),ABBOTT Peter (A),ABBOTT Peter (A),ABBOTT Peter (A),ABBOTT Peter (A),ABBOTT Peter (A)
NSW_Local_Government_2016_Cobar_Shire_Council 12 seats.csv__hit104,ABBOTT Peter (A),ABBOTT Peter (A),ABBOTT Peter (A),ABBOTT Peter (A),ABBOTT Peter (A),ABBOTT Peter (A),ABBOTT Peter (A),ABBOTT Peter (A),ABBOTT Peter (A),ABBOTT Peter (A)
NSW_Local_Government_2016_Cobar_Shire_Council 12 seats.csv__hit105,ABBOTT Peter (A),ABBOTT Peter (A),ABBOTT Peter (A),ABBOTT Peter (A),PAYNE Julie (UG),ABBOTT Peter (A),ABBOTT Peter (A),ABBOTT Peter (A),ABBOTT Peter (A),ABBOTT Peter (A)
NSW_Local_Government_2016_Cobar_Shire_Council 12 seats.csv__hit106,ABBOTT Peter (A),ABBOTT Peter (A),ABBOTT Peter (A),LEA-BARRETT Janine (UG),ABBOTT Peter (A),ABBOTT Peter (A),ABBOTT Peter (A),ABBOTT Peter (A),ABBOTT Peter (A),ABBOTT Peter (A)
NSW_Local_Government_2016_Cobar_Shire_Council 12 seats.csv__hit107,ABBOTT Peter (A),ABBOTT Peter (A),ABBOTT Peter (A),ABBOTT Peter (A),ABBOTT Peter (A),ABBOTT Peter (A),ABBOTT Peter (A),ABBOTT Peter (A),ABBOTT Peter (A),ABBOTT Peter (A)
NSW_Local_Government_2016_Cobar_Shire_Council 12 seats.csv__hit108,ABBOTT Peter (A),ABBOTT Peter (A),ABBOTT Peter (A),ABBOTT Peter (A),PAYNE Julie (UG),ABBOTT Peter (A),ABBOTT Peter (A),ABBOTT Peter (A),ABBOTT Peter (A),ABBOTT Peter (A)
NSW_Local_Government_2016_Cobar_Shire_Council 12 seats.csv__hit109,ABBOTT Peter (A),ABBOTT Peter (A),ABBOTT Peter (A),LEA-BARRETT Janine (UG),PAYNE Julie (UG),ABBOTT Peter (A),ABBOTT Peter (A),ABBOTT Peter (A),ABBOTT Peter (A),ABBOTT Peter (A)
NSW_Local_Government_2016_Cobar_Shire_Council 12 seats.csv__hit110,ABBOTT Peter (A),ABBOTT Peter (A),ABBOTT Peter (A),ABBOTT Peter (A),ABBOTT Peter (A),ABBOTT Peter (A),ABBOTT Peter (A),ABBOTT Peter (A),ABBOTT Peter (A),ABBOTT Peter (A)
NSW_Local_Government_2016_Cobar_Shire_Council 12 seats.csv__hit111,ABBOTT Peter (A),ABBOTT Peter (A),ABBOTT Peter (A),ABBOTT Peter (A),ABBOTT Peter (A),ABBOTT Peter (A),ABBOTT Peter (A),ABBOTT Peter (A),ABBOTT Peter (A),ABBOTT Peter (A)
NSW_Local_Government_2016_Cobar_Shire_Council 12 seats.csv__hit112,ABBOTT Peter (A),ABBOTT Peter (A),ABBOTT Peter (A),PAYNE Julie (UG),PAYNE Julie (UG),ABBOTT Peter (A),ABBOTT Peter (A),ABBOTT Peter (A),ABBOTT Peter (A),ABBOTT Peter (A)
NSW_Local_Government_2016_Cobar_Shire_Council 12 seats.csv__hit113,ABBOTT Peter (A),ABBOTT Peter (A),ABBOTT Peter (A),PAYNE Julie (UG),PAYNE Julie (UG),ABBOTT Peter (A),ABBOTT Peter (A),ABBOTT Peter (A),ABBOTT Peter (A),ABBOTT Peter (A)
NSW_Local_Government_2016_Cobar_Shire_Council 12 seats.csv__hit114,ABBOTT Peter (A),ABBOTT Peter (A),ABBOTT Peter (A),ABBOTT Peter (A),ABBOTT Peter (A),ABBOTT Peter (A),ABBOTT Peter (A),ABBOTT Peter (A),ABBOTT Peter (A),ABBOTT Peter (A)
NSW_Local_Government_2016_Cobar_Shire_Council 12 seats.csv__hit115,ABBOTT Peter (A),ABBOTT Peter (A),ABBOTT Peter (A),PAYNE Julie (UG),PAYNE Julie (UG),ABBOTT Peter (A),PAYNE Julie (UG),ABBOTT Peter (A),ABBOTT Peter (A),ABBOTT Peter (A)
NSW_Local_Government_2016_Cobar_Shire_Council 12 seats.csv__hit116,ABBOTT Peter (A),ABBOTT Peter (A),ABBOTT Peter (A),LEA-BARRETT Janine (UG),PAYNE Julie (UG),PAYNE Julie (UG),ABBOTT Peter (A),ABBOTT Peter (A),ABBOTT Peter (A),ABBOTT Peter (A)
NSW_Local_Government_2016_Cobar_Shire_Council 12 seats.csv__hit117,ABBOTT Peter (A),ABBOTT Peter (A),ABBOTT Peter (A),ABBOTT Peter (A),PAYNE Julie (UG),ABBOTT Peter (A),ABBOTT Peter (A),ABBOTT Peter (A),ABBOTT Peter (A),ABBOTT Peter (A)
NSW_Local_Government_2016_Cobar_Shire_Council 12 seats.csv__hit118,ABBOTT Peter (A),ABBOTT Peter (A),ABBOTT Peter (A),LEA-BARRETT Janine (UG),PAYNE Julie (UG),ABBOTT Peter (A),ABBOTT Peter (A),ABBOTT Peter (A),ABBOTT Peter (A),ABBOTT Peter (A)
NSW_Local_Government_2016_Cobar_Shire_Council 12 seats.csv__hit119,ABBOTT Peter (A),ABBOTT Peter (A),ABBOTT Peter (A),ABBOTT Peter (A),ABBOTT Peter (A),ABBOTT Peter (A),ABBOTT Peter (A),ABBOTT Peter (A),ABBOTT Peter (A),ABBOTT Peter (A)
NSW_Local_Government_2016_Cobar_Shire_Council 12 seats.csv__hit120,ABBOTT Peter (A),ABBOTT Peter (A),ABBOTT Peter (A),ABBOTT Peter (A),ABBOTT Peter (A),ABBOTT Peter (A),ABBOTT Peter (A),ABBOTT Peter (A),ABBOTT Peter (A),ABBOTT Peter (A)
NSW_Local_Government_2016_Cobar_Shire_Council 12 seats.csv__hit121,ABBOTT Peter (A),ABBOTT Peter (A),ABBOTT Peter (A),ABBOTT Peter (A),ABBOTT Peter (A),ABBOTT Peter (A),ABBOTT Peter (A),ABBOTT Peter (A),ABBOTT Peter (A),ABBOTT Peter (A)
NSW_Local_Government_2016_Cobar_Shire_Council 12 seats.csv__hit122,ABBOTT Peter (A),ABBOTT Peter (A),ABBOTT Peter (A),ABBOTT Peter (A),PAYNE Julie (UG),PAYNE Julie (UG),ABBOTT Peter (A),ABBOTT Peter (A),ABBOTT Peter (A),ABBOTT Peter (A)
NSW_Local_Government_2016_Cobar_Shire_Council 12 seats.csv__hit123,ABBOTT Peter (A),ABBOTT Peter (A),ABBOTT Peter (A),ABBOTT Peter (A),ABBOTT Peter (A),ABBOTT Peter (A),ABBOTT Peter (A),ABBOTT Peter (A),ABBOTT Peter (A),ABBOTT Peter (A)
NSW_Local_Government_2016_Cobar_Shire_Council 12 seats.csv__hit124,ABBOTT Peter (A),ABBOTT Peter (A),ABBOTT Peter (A),ABBOTT Peter (A),PAYNE Julie (UG),ABBOTT Peter (A),ABBOTT Peter (A),ABBOTT Peter (A),ABBOTT Peter (A),ABBOTT Peter (A)
NSW_Local_Government_2016_Cobar_Shire_Council 12 seats.csv__hit125,ABBOTT Peter (A),ABBOTT Peter (A),ABBOTT Peter (A),PAYNE Julie (UG),PAYNE Julie (UG),ABBOTT Peter (A),ABBOTT Peter (A),ABBOTT Peter (A),ABBOTT Peter (A),ABBOTT Peter (A)
NSW_Local_Government_2016_Cobar_Shire_Council 12 seats.csv__hit126,ABBOTT Peter (A),ABBOTT Peter (A),ABBOTT Peter (A),PAYNE Julie (UG),PAYNE Julie (UG),ABBOTT Peter (A),ABBOTT Peter (A),ABBOTT Peter (A),ABBOTT Peter (A),ABBOTT Peter (A)
NSW_Local_Government_2016_Cobar_Shire_Council 12 seats.csv__hit127,ABBOTT Peter (A),ABBOTT Peter (A),ABBOTT Peter (A),LEA-BARRETT Janine (UG),ABBOTT Peter (A),ABBOTT Peter (A),ABBOTT Peter (A),ABBOTT Peter (A),ABBOTT Peter (A),ABBOTT Peter (A)
NSW_Local_Government_2016_Cobar_Shire_Council 12 seats.csv__hit128,ABBOTT Peter (A),ABBOTT Peter (A),ABBOTT Peter (A),ABBOTT Peter (A),PAYNE Julie (UG),ABBOTT Peter (A),ABBOTT Peter (A),ABBOTT Peter (A),ABBOTT Peter (A),ABBOTT Peter (A)
NSW_Local_Government_2016_Cobar_Shire_Council 12 seats.csv__hit129,ABBOTT Peter (A),ABBOTT Peter (A),ABBOTT Peter (A),ABBOTT Peter (A),PAYNE Julie (UG),ABBOTT Peter (A),ABBOTT Peter (A),ABBOTT Peter (A),ABBOTT Peter (A),ABBOTT Peter (A)
NSW_Local_Government_2016_Cobar_Shire_Council 12 seats.csv__hit130,ABBOTT Peter (A),ABBOTT Peter (A),ABBOTT Peter (A),PAYNE Julie (UG),ABBOTT Peter (A),ABBOTT Peter (A),ABBOTT Peter (A),ABBOTT Peter (A),ABBOTT Peter (A),ABBOTT Peter (A)
NSW_Local_Government_2016_Cobar_Shire_Council 12 seats.csv__hit131,ABBOTT Peter (A),ABBOTT Peter (A),ABBOTT Peter (A),ABBOTT Peter (A),PAYNE Julie (UG),ABBOTT Peter (A),ABBOTT Peter (A),ABBOTT Peter (A),ABBOTT Peter (A),ABBOTT Peter (A)
NSW_Local_Government_2016_Cobar_Shire_Council 12 seats.csv__hit132,ABBOTT Peter (A),ABBOTT Peter (A),ABBOTT Peter (A),LEA-BARRETT Janine (UG),ABBOTT Peter (A),ABBOTT Peter (A),PAYNE Julie (UG),ABBOTT Peter (A),ABBOTT Peter (A),ABBOTT Peter (A)
NSW_Local_Government_2016_Cobar_Shire_Council 12 seats.csv__hit133,ABBOTT Peter (A),ABBOTT Peter (A),ABBOTT Peter (A),LEA-BARRETT Janine (UG),ABBOTT Peter (A),ABBOTT Peter (A),ABBOTT Peter (A),ABBOTT Peter (A),ABBOTT Peter (A),ABBOTT Peter (A)
NSW_Local_Government_2016_Cobar_Shire_Council 12 seats.csv__hit134,ABBOTT Peter (A),ABBOTT Peter (A),ABBOTT Peter (A),ABBOTT Peter (A),ABBOTT Peter (A),ABBOTT Peter (A),ABBOTT Peter (A),ABBOTT Peter (A),ABBOTT Peter (A),ABBOTT Peter (A)
NSW_Local_Government_2016_Cobar_Shire_Council 12 seats.csv__hit135,ABBOTT Peter (A),ABBOTT Peter (A),ABBOTT Peter (A),LEA-BARRETT Janine (UG),ABBOTT Peter (A),ABBOTT Peter (A),ABBOTT Peter (A),ABBOTT Peter (A),ABBOTT Peter (A),ABBOTT Peter (A)
NSW_Local_Government_2016_Cobar_Shire_Council 12 seats.csv__hit136,ABBOTT Peter (A),ABBOTT Peter (A),ABBOTT Peter (A),LEA-BARRETT Janine (UG),ABBOTT Peter (A),ABBOTT Peter (A),ABBOTT Peter (A),ABBOTT Peter (A),ABBOTT Peter (A),ABBOTT Peter (A)
NSW_Local_Government_2016_Cobar_Shire_Council 12 seats.csv__hit137,ABBOTT Peter (A),ABBOTT Peter (A),ABBOTT Peter (A),ABBOTT Peter (A),PAYNE Julie (UG),ABBOTT Peter (A),ABBOTT Peter (A),ABBOTT Peter (A),ABBOTT Peter (A),ABBOTT Peter (A)
NSW_Local_Government_2016_Cobar_Shire_Council 12 seats.csv__hit138,ABBOTT Peter (A),ABBOTT Peter (A),ABBOTT Peter (A),ABBOTT Peter (A),ABBOTT Peter (A),ABBOTT Peter (A),ABBOTT Peter (A),ABBOTT Peter (A),ABBOTT Peter (A),ABBOTT Peter (A)
NSW_Local_Government_2016_Cobar_Shire_Council 12 seats.csv__hit139,ABBOTT Peter (A),ABBOTT Peter (A),ABBOTT Peter (A),ABBOTT Peter (A),PAYNE Julie (UG),ABBOTT Peter (A),ABBOTT Peter (A),ABBOTT Peter (A),ABBOTT Peter (A),ABBOTT Peter (A)
NSW_Local_Government_2016_Cobar_Shire_Council 12 seats.csv__hit140,ABBOTT Peter (A),ABBOTT Peter (A),ABBOTT Peter (A),ABBOTT Peter (A),PAYNE Julie (UG),ABBOTT Peter (A),ABBOTT Peter (A),ABBOTT Peter (A),ABBOTT Peter (A),ABBOTT Peter (A)
NSW_Local_Government_2016_Cobar_Shire_Council 12 seats.csv__hit141,ABBOTT Peter (A),ABBOTT Peter (A),ABBOTT Peter (A),LEA-BARRETT Janine (UG),ABBOTT Peter (A),ABBOTT Peter (A),ABBOTT Peter (A),ABBOTT Peter (A),ABBOTT Peter (A),ABBOTT Peter (A)
NSW_Local_Government_2016_Cobar_Shire_Council 12 seats.csv__hit142,ABBOTT Peter (A),ABBOTT Peter (A),ABBOTT Peter (A),ABBOTT Peter (A),ABBOTT Peter (A),ABBOTT Peter (A),ABBOTT Peter (A),ABBOTT Peter (A),ABBOTT Peter (A),ABBOTT Peter (A)
NSW_Local_Government_2016_Cobar_Shire_Council 12 seats.csv__hit143,ABBOTT Peter (A),ABBOTT Peter (A),ABBOTT Peter (A),LEA-BARRETT Janine (UG),ABBOTT Peter (A),ABBOTT Peter (A),ABBOTT Peter (A),ABBOTT Peter (A),ABBOTT Peter (A),ABBOTT Peter (A)
NSW_Local_Government_2016_Cobar_Shire_Council 12 seats.csv__hit144,ABBOTT Peter (A),ABBOTT Peter (A),ABBOTT Peter (A),ABBOTT Peter (A),ABBOTT Peter (A),ABBOTT Peter (A),PAYNE Julie (UG),ABBOTT Peter (A),ABBOTT Peter (A),ABBOTT Peter (A)
NSW_Local_Government_2016_Cobar_Shire_Council 12 seats.csv__hit145,ABBOTT Peter (A),ABBOTT Peter (A),ABBOTT Peter (A),ABBOTT Peter (A),ABBOTT Peter (A),PAYNE Julie (UG),ABBOTT Peter (A),ABBOTT Peter (A),ABBOTT Peter (A),ABBOTT Peter (A)
NSW_Local_Government_2016_Cobar_Shire_Council 12 seats.csv__hit146,ABBOTT Peter (A),ABBOTT Peter (A),ABBOTT Peter (A),ABBOTT Peter (A),ABBOTT Peter (A),ABBOTT Peter (A),ABBOTT Peter (A),ABBOTT Peter (A),ABBOTT Peter (A),ABBOTT Peter (A)
NSW_Local_Government_2016_Cobar_Shire_Council 12 seats.csv__hit147,ABBOTT Peter (A),ABBOTT Peter (A),ABBOTT Peter (A),ABBOTT Peter (A),ABBOTT Peter (A),ABBOTT Peter (A),ABBOTT Peter (A),ABBOTT Peter (A),ABBOTT Peter (A),ABBOTT Peter (A)
NSW_Local_Government_2016_Cobar_Shire_Council 12 seats.csv__hit148,ABBOTT Peter (A),ABBOTT Peter (A),ABBOTT Peter (A),ABBOTT Peter (A),ABBOTT Peter (A),ABBOTT Peter (A),ABBOTT Peter (A),ABBOTT Peter (A),ABBOTT Peter (A),ABBOTT Peter (A)
NSW_Local_Government_2016_Cobar_Shire_Council 12 seats.csv__hit149,ABBOTT Peter (A),ABBOTT Peter (A),ABBOTT Peter (A),LEA-BARRETT Janine (UG),PAYNE Julie (UG),ABBOTT Peter (A),ABBOTT Peter (A),ABBOTT Peter (A),ABBOTT Peter (A),ABBOTT Peter (A)
NSW_Local_Government_2016_Cobar_Shire_Council 12 seats.csv__hit150,ABBOTT Peter (A),ABBOTT Peter (A),ABBOTT Peter (A),ABBOTT Peter (A),ABBOTT Peter (A),ABBOTT Peter (A),ABBOTT Peter (A),ABBOTT Peter (A),ABBOTT Peter (A),ABBOTT Peter (A)
NSW_Local_Government_2016_Cobar_Shire_Council 12 seats.csv__hit151,ABBOTT Peter (A),ABBOTT Peter (A),ABBOTT Peter (A),LEA-BARRETT Janine (UG),ABBOTT Peter (A),ABBOTT Peter (A),ABBOTT Peter (A),ABBOTT Peter (A),ABBOTT Peter (A),ABBOTT Peter (A)
NSW_Local_Government_2016_Cobar_Shire_Council 12 seats.csv__hit152,ABBOTT Peter (A),ABBOTT Peter (A),ABBOTT Peter (A),ABBOTT Peter (A),ABBOTT Peter (A),ABBOTT Peter (A),ABBOTT Peter (A),ABBOTT Peter (A),ABBOTT Peter (A),ABBOTT Peter (A)
NSW_Local_Government_2016_Cobar_Shire_Council 12 seats.csv__hit153,ABBOTT Peter (A),ABBOTT Peter (A),ABBOTT Peter (A),ABBOTT Peter (A),ABBOTT Peter (A),ABBOTT Peter (A),ABBOTT Peter (A),ABBOTT Peter (A),ABBOTT Peter (A),ABBOTT Peter (A)
NSW_Local_Government_2016_Cobar_Shire_Council 12 seats.csv__hit154,ABBOTT Peter (A),ABBOTT Peter (A),ABBOTT Peter (A),PAYNE Julie (UG),PAYNE Julie (UG),ABBOTT Peter (A),ABBOTT Peter (A),ABBOTT Peter (A),ABBOTT Peter (A),ABBOTT Peter (A)
NSW_Local_Government_2016_Cobar_Shire_Council 12 seats.csv__hit155,ABBOTT Peter (A),ABBOTT Peter (A),ABBOTT Peter (A),ABBOTT Peter (A),PAYNE Julie (UG),ABBOTT Peter (A),ABBOTT Peter (A),ABBOTT Peter (A),ABBOTT Peter (A),ABBOTT Peter (A)
NSW_Local_Government_2016_Cobar_Shire_Council 12 seats.csv__hit156,ABBOTT Peter (A),ABBOTT Peter (A),ABBOTT Peter (A),LEA-BARRETT Janine (UG),ABBOTT Peter (A),PAYNE Julie (UG),ABBOTT Peter (A),ABBOTT Peter (A),ABBOTT Peter (A),ABBOTT Peter (A)
NSW_Local_Government_2016_Cobar_Shire_Council 12 seats.csv__hit157,ABBOTT Peter (A),ABBOTT Peter (A),ABBOTT Peter (A),ABBOTT Peter (A),PAYNE Julie (UG),ABBOTT Peter (A),ABBOTT Peter (A),ABBOTT Peter (A),ABBOTT Peter (A),ABBOTT Peter (A)
NSW_Local_Government_2016_Cobar_Shire_Council 12 seats.csv__hit158,ABBOTT Peter (A),ABBOTT Peter (A),ABBOTT Peter (A),ABBOTT Peter (A),PAYNE Julie (UG),ABBOTT Peter (A),ABBOTT Peter (A),ABBOTT Peter (A),ABBOTT Peter (A),ABBOTT Peter (A)
NSW_Local_Government_2016_Cobar_Shire_Council 12 seats.csv__hit159,ABBOTT Peter (A),ABBOTT Peter (A),ABBOTT Peter (A),ABBOTT Peter (A),ABBOTT Peter (A),ABBOTT Peter (A),ABBOTT Peter (A),ABBOTT Peter (A),ABBOTT Peter (A),ABBOTT Peter (A)
NSW_Local_Government_2016_Cobar_Shire_Council 12 seats.csv__hit160,ABBOTT Peter (A),ABBOTT Peter (A),ABBOTT Peter (A),PAYNE Julie (UG),PAYNE Julie (UG),PAYNE Julie (UG),ABBOTT Peter (A),ABBOTT Peter (A),ABBOTT Peter (A),ABBOTT Peter (A)
NSW_Local_Government_2016_Cobar_Shire_Council 12 seats.csv__hit161,ABBOTT Peter (A),ABBOTT Peter (A),ABBOTT Peter (A),ABBOTT Peter (A),PAYNE Julie (UG),PAYNE Julie (UG),PAYNE Julie (UG),ABBOTT Peter (A),ABBOTT Peter (A),ABBOTT Peter (A)
NSW_Local_Government_2016_Cobar_Shire_Council 12 seats.csv__hit162,ABBOTT Peter (A),ABBOTT Peter (A),ABBOTT Peter (A),LEA-BARRETT Janine (UG),ABBOTT Peter (A),ABBOTT Peter (A),ABBOTT Peter (A),ABBOTT Peter (A),ABBOTT Peter (A),ABBOTT Peter (A)
NSW_Local_Government_2016_Cobar_Shire_Council 12 seats.csv__hit163,ABBOTT Peter (A),ABBOTT Peter (A),ABBOTT Peter (A),ABBOTT Peter (A),ABBOTT Peter (A),ABBOTT Peter (A),ABBOTT Peter (A),ABBOTT Peter (A),ABBOTT Peter (A),ABBOTT Peter (A)
NSW_Local_Government_2016_Cobar_Shire_Council 12 seats.csv__hit164,ABBOTT Peter (A),ABBOTT Peter (A),ABBOTT Peter (A),ABBOTT Peter (A),PAYNE Julie (UG),ABBOTT Peter (A),ABBOTT Peter (A),ABBOTT Peter (A),ABBOTT Peter (A),ABBOTT Peter (A)
NSW_Local_Government_2016_Cobar_Shire_Council 12 seats.csv__hit165,ABBOTT Peter (A),ABBOTT Peter (A),ABBOTT Peter (A),ABBOTT Peter (A),PAYNE Julie (UG),ABBOTT Peter (A),ABBOTT Peter (A),ABBOTT Peter (A),ABBOTT Peter (A),ABBOTT Peter (A)
NSW_Local_Government_2016_Cobar_Shire_Council 12 seats.csv__hit166,ABBOTT Peter (A),ABBOTT Peter (A),ABBOTT Peter (A),ABBOTT Peter (A),ABBOTT Peter (A),ABBOTT Peter (A),PAYNE Julie (UG),ABBOTT Peter (A),ABBOTT Peter (A),ABBOTT Peter (A)
NSW_Local_Government_2016_Cobar_Shire_Council 12 seats.csv__hit167,ABBOTT Peter (A),ABBOTT Peter (A),ABBOTT Peter (A),ABBOTT Peter (A),ABBOTT Peter (A),ABBOTT Peter (A),ABBOTT Peter (A),ABBOTT Peter (A),ABBOTT Peter (A),ABBOTT Peter (A)
NSW_Local_Government_2016_Cobar_Shire_Council 12 seats.csv__hit168,ABBOTT Peter (A),ABBOTT Peter (A),ABBOTT Peter (A),ABBOTT Peter (A),ABBOTT Peter (A),PAYNE Julie (UG),ABBOTT Peter (A),ABBOTT Peter (A),ABBOTT Peter (A),ABBOTT Peter (A)
NSW_Local_Government_2016_Cobar_Shire_Council 12 seats.csv__hit169,ABBOTT Peter (A),ABBOTT Peter (A),ABBOTT Peter (A),LEA-BARRETT Janine (UG),ABBOTT Peter (A),ABBOTT Peter (A),ABBOTT Peter (A),ABBOTT Peter (A),ABBOTT Peter (A),ABBOTT Peter (A)
NSW_Local_Government_2016_Cobar_Shire_Council 12 seats.csv__hit170,ABBOTT Peter (A),ABBOTT Peter (A),ABBOTT Peter (A),ABBOTT Peter (A),ABBOTT Peter (A),ABBOTT Peter (A),ABBOTT Peter (A),ABBOTT Peter (A),ABBOTT Peter (A),ABBOTT Peter (A)
NSW_Local_Government_2016_Cobar_Shire_Council 12 seats.csv__hit171,ABBOTT Peter (A),ABBOTT Peter (A),ABBOTT Peter (A),ABBOTT Peter (A),ABBOTT Peter (A),PAYNE Julie (UG),PAYNE Julie (UG),ABBOTT Peter (A),ABBOTT Peter (A),ABBOTT Peter (A)
NSW_Local_Government_2016_Cobar_Shire_Council 12 seats.csv__hit172,ABBOTT Peter (A),ABBOTT Peter (A),ABBOTT Peter (A),ABBOTT Peter (A),PAYNE Julie (UG),ABBOTT Peter (A),ABBOTT Peter (A),ABBOTT Peter (A),ABBOTT Peter (A),ABBOTT Peter (A)
NSW_Local_Government_2016_Cobar_Shire_Council 12 seats.csv__hit173,ABBOTT Peter (A),ABBOTT Peter (A),ABBOTT Peter (A),ABBOTT Peter (A),ABBOTT Peter (A),ABBOTT Peter (A),ABBOTT Peter (A),ABBOTT Peter (A),ABBOTT Peter (A),ABBOTT Peter (A)
NSW_Local_Government_2016_Cobar_Shire_Council 12 seats.csv__hit174,ABBOTT Peter (A),ABBOTT Peter (A),ABBOTT Peter (A),ABBOTT Peter (A),ABBOTT Peter (A),ABBOTT Peter (A),ABBOTT Peter (A),ABBOTT Peter (A),ABBOTT Peter (A),ABBOTT Peter (A)
NSW_Local_Government_2016_Cobar_Shire_Council 12 seats.csv__hit175,ABBOTT Peter (A),ABBOTT Peter (A),ABBOTT Peter (A),ABBOTT Peter (A),ABBOTT Peter (A),ABBOTT Peter (A),ABBOTT Peter (A),ABBOTT Peter (A),ABBOTT Peter (A),ABBOTT Peter (A)
NSW_Local_Government_2016_Cobar_Shire_Council 12 seats.csv__hit176,ABBOTT Peter (A),ABBOTT Peter (A),ABBOTT Peter (A),PAYNE Julie (UG),ABBOTT Peter (A),ABBOTT Peter (A),ABBOTT Peter (A),ABBOTT Peter (A),ABBOTT Peter (A),ABBOTT Peter (A)
NSW_Local_Government_2016_Cobar_Shire_Council 12 seats.csv__hit177,ABBOTT Peter (A),ABBOTT Peter (A),LEA-BARRETT Janine (UG),PAYNE Julie (UG),PAYNE Julie (UG),ABBOTT Peter (A),ABBOTT Peter (A),ABBOTT Peter (A),ABBOTT Peter (A),ABBOTT Peter (A)
NSW_Local_Government_2016_Cobar_Shire_Council 12 seats.csv__hit178,ABBOTT Peter (A),ABBOTT Peter (A),ABBOTT Peter (A),ABBOTT Peter (A),PAYNE Julie (UG),ABBOTT Peter (A),ABBOTT Peter (A),ABBOTT Peter (A),ABBOTT Peter (A),ABBOTT Peter (A)
NSW_Local_Government_2016_Cobar_Shire_Council 12 seats.csv__hit179,ABBOTT Peter (A),ABBOTT Peter (A),ABBOTT Peter (A),LEA-BARRETT Janine (UG),PAYNE Julie (UG),ABBOTT Peter (A),ABBOTT Peter (A),ABBOTT Peter (A),ABBOTT Peter (A),ABBOTT Peter (A)
NSW_Local_Government_2016_Cobar_Shire_Council 12 seats.csv__hit180,ABBOTT Peter (A),ABBOTT Peter (A),ABBOTT Peter (A),ABBOTT Peter (A),ABBOTT Peter (A),ABBOTT Peter (A),ABBOTT Peter (A),ABBOTT Peter (A),ABBOTT Peter (A),ABBOTT Peter (A)
NSW_Local_Government_2016_Cobar_Shire_Council 12 seats.csv__hit181,ABBOTT Peter (A),ABBOTT Peter (A),LEA-BARRETT Janine (UG),ABBOTT Peter (A),ABBOTT Peter (A),ABBOTT Peter (A),ABBOTT Peter (A),ABBOTT Peter (A),ABBOTT Peter (A),ABBOTT Peter (A)
NSW_Local_Government_2016_Cobar_Shire_Council 12 seats.csv__hit182,ABBOTT Peter (A),ABBOTT Peter (A),ABBOTT Peter (A),LEA-BARRETT Janine (UG),ABBOTT Peter (A),ABBOTT Peter (A),ABBOTT Peter (A),ABBOTT Peter (A),ABBOTT Peter (A),ABBOTT Peter (A)
NSW_Local_Government_2016_Cobar_Shire_Council 12 seats.csv__hit183,ABBOTT Peter (A),ABBOTT Peter (A),ABBOTT Peter (A),ABBOTT Peter (A),PAYNE Julie (UG),ABBOTT Peter (A),ABBOTT Peter (A),ABBOTT Peter (A),ABBOTT Peter (A),ABBOTT Peter (A)
NSW_Local_Government_2016_Cobar_Shire_Council 12 seats.csv__hit184,ABBOTT Peter (A),ABBOTT Peter (A),ABBOTT Peter (A),LEA-BARRETT Janine (UG),ABBOTT Peter (A),ABBOTT Peter (A),ABBOTT Peter (A),ABBOTT Peter (A),ABBOTT Peter (A),ABBOTT Peter (A)
NSW_Local_Government_2016_Cobar_Shire_Council 12 seats.csv__hit185,ABBOTT Peter (A),ABBOTT Peter (A),ABBOTT Peter (A),ABBOTT Peter (A),PAYNE Julie (UG),ABBOTT Peter (A),ABBOTT Peter (A),ABBOTT Peter (A),ABBOTT Peter (A),ABBOTT Peter (A)
NSW_Local_Government_2016_Cobar_Shire_Council 12 seats.csv__hit186,ABBOTT Peter (A),ABBOTT Peter (A),LEA-BARRETT Janine (UG),ABBOTT Peter (A),ABBOTT Peter (A),ABBOTT Peter (A),PAYNE Julie (UG),ABBOTT Peter (A),ABBOTT Peter (A),ABBOTT Peter (A)
NSW_Local_Government_2016_Cobar_Shire_Council 12 seats.csv__hit187,ABBOTT Peter (A),ABBOTT Peter (A),ABBOTT Peter (A),PAYNE Julie (UG),ABBOTT Peter (A),ABBOTT Peter (A),PAYNE Julie (UG),ABBOTT Peter (A),ABBOTT Peter (A),ABBOTT Peter (A)
NSW_Local_Government_2016_Cobar_Shire_Council 12 seats.csv__hit188,ABBOTT Peter (A),ABBOTT Peter (A),ABBOTT Peter (A),ABBOTT Peter (A),ABBOTT Peter (A),ABBOTT Peter (A),ABBOTT Peter (A),ABBOTT Peter (A),ABBOTT Peter (A),ABBOTT Peter (A)
NSW_Local_Government_2016_Cobar_Shire_Council 12 seats.csv__hit189,ABBOTT Peter (A),ABBOTT Peter (A),ABBOTT Peter (A),LEA-BARRETT Janine (UG),ABBOTT Peter (A),ABBOTT Peter (A),ABBOTT Peter (A),ABBOTT Peter (A),ABBOTT Peter (A),ABBOTT Peter (A)
NSW_Local_Government_2016_Cobar_Shire_Council 12 seats.csv__hit190,ABBOTT Peter (A),ABBOTT Peter (A),ABBOTT Peter (A),ABBOTT Peter (A),ABBOTT Peter (A),ABBOTT Peter (A),ABBOTT Peter (A),ABBOTT Peter (A),ABBOTT Peter (A),ABBOTT Peter (A)
NSW_Local_Government_2016_Cobar_Shire_Council 12 seats.csv__hit191,ABBOTT Peter (A),ABBOTT Peter (A),ABBOTT Peter (A),ABBOTT Peter (A),PAYNE Julie (UG),ABBOTT Peter (A),PAYNE Julie (UG),ABBOTT Peter (A),ABBOTT Peter (A),ABBOTT Peter (A)
NSW_Local_Government_2016_Cobar_Shire_Council 12 seats.csv__hit192,ABBOTT Peter (A),ABBOTT Peter (A),ABBOTT Peter (A),ABBOTT Peter (A),ABBOTT Peter (A),PAYNE Julie (UG),ABBOTT Peter (A),ABBOTT Peter (A),ABBOTT Peter (A),ABBOTT Peter (A)
NSW_Local_Government_2016_Cobar_Shire_Council 12 seats.csv__hit193,ABBOTT Peter (A),ABBOTT Peter (A),ABBOTT Peter (A),ABBOTT Peter (A),PAYNE Julie (UG),ABBOTT Peter (A),ABBOTT Peter (A),ABBOTT Peter (A),ABBOTT Peter (A),ABBOTT Peter (A)
NSW_Local_Government_2016_Cobar_Shire_Council 12 seats.csv__hit194,ABBOTT Peter (A),ABBOTT Peter (A),ABBOTT Peter (A),ABBOTT Peter (A),ABBOTT Peter (A),ABBOTT Peter (A),ABBOTT Peter (A),ABBOTT Peter (A),ABBOTT Peter (A),ABBOTT Peter (A)
NSW_Local_Government_2016_Cobar_Shire_Council 12 seats.csv__hit195,ABBOTT Peter (A),ABBOTT Peter (A),ABBOTT Peter (A),ABBOTT Peter (A),PAYNE Julie (UG),ABBOTT Peter (A),ABBOTT Peter (A),ABBOTT Peter (A),ABBOTT Peter (A),ABBOTT Peter (A)
NSW_Local_Government_2016_Cobar_Shire_Council 12 seats.csv__hit196,ABBOTT Peter (A),ABBOTT Peter (A),ABBOTT Peter (A),LEA-BARRETT Janine (UG),PAYNE Julie (UG),ABBOTT Peter (A),ABBOTT Peter (A),ABBOTT Peter (A),ABBOTT Peter (A),ABBOTT Peter (A)
NSW_Local_Government_2016_Cobar_Shire_Council 12 seats.csv__hit197,ABBOTT Peter (A),ABBOTT Peter (A),ABBOTT Peter (A),LEA-BARRETT Janine (UG),PAYNE Julie (UG),ABBOTT Peter (A),ABBOTT Peter (A),ABBOTT Peter (A),ABBOTT Peter (A),ABBOTT Peter (A)
NSW_Local_Government_2016_Cobar_Shire_Council 12 seats.csv__hit198,ABBOTT Peter (A),ABBOTT Peter (A),ABBOTT Peter (A),ABBOTT Peter (A),PAYNE Julie (UG),ABBOTT Peter (A),ABBOTT Peter (A),ABBOTT Peter (A),ABBOTT Peter (A),ABBOTT Peter (A)
NSW_Local_Government_2016_Cobar_Shire_Council 12 seats.csv__hit199,ABBOTT Peter (A),ABBOTT Peter (A),ABBOTT Peter (A),LEA-BARRETT Janine (UG),ABBOTT Peter (A),ABBOTT Peter (A),PAYNE Julie (UG),ABBOTT Peter (A),ABBOTT Peter (A),ABBOTT Peter (A)
NSW_Local_Government_2016_Clarence_Valley_Council 9 seats.csv__hit0,WILLIAMSON Richie,TOMS Karen,WILLIAMSON Richie,WILLIAMSON Richie,WILLIAMSON Richie,WILLIAMSON Richie,BAKER Andrew,BAKER Andrew,WILLIAMSON Richie,WILLIAMSON Richie
NSW_Local_Government_2016_Clarence_Valley_Council 9 seats.csv__hit1,TOMS Karen,TOMS Karen,WILLIAMSON Richie,WILLIAMSON Richie,WILLIAMSON Richie,WILLIAMSON Richie,BAKER Andrew,BAKER Andrew,WILLIAMSON Richie,WILLIAMSON Richie
NSW_Local_Government_2016_Clarence_Valley_Council 9 seats.csv__hit2,BAKER Andrew,WILLIAMSON Richie,WILLIAMSON Richie,WILLIAMSON Richie,WILLIAMSON Richie,WILLIAMSON Richie,WILLIAMSON Richie,BAKER Andrew,WILLIAMSON Richie,WILLIAMSON Richie
NSW_Local_Government_2016_Clarence_Valley_Council 9 seats.csv__hit3,TOMS Karen,TOMS Karen,WILLIAMSON Richie,WILLIAMSON Richie,WILLIAMSON Richie,WILLIAMSON Richie,BAKER Andrew,BAKER Andrew,BAKER Andrew,WILLIAMSON Richie
NSW_Local_Government_2016_Clarence_Valley_Council 9 seats.csv__hit4,WILLIAMSON Richie,WILLIAMSON Richie,WILLIAMSON Richie,WILLIAMSON Richie,WILLIAMSON Richie,WILLIAMSON Richie,BAKER Andrew,BAKER Andrew,BAKER Andrew,WILLIAMSON Richie
NSW_Local_Government_2016_Clarence_Valley_Council 9 seats.csv__hit5,KINGSLEY Jason,KINGSLEY Jason,KINGSLEY Jason,KINGSLEY Jason,KINGSLEY Jason,KINGSLEY Jason,BAKER Andrew,BAKER Andrew,KINGSLEY Jason,BAKER Andrew
NSW_Local_Government_2016_Clarence_Valley_Council 9 seats.csv__hit6,WILLIAMSON Richie,WILLIAMSON Richie,WILLIAMSON Richie,WILLIAMSON Richie,WILLIAMSON Richie,WILLIAMSON Richie,BAKER Andrew,BAKER Andrew,WILLIAMSON Richie,BAKER Andrew
NSW_Local_Government_2016_Clarence_Valley_Council 9 seats.csv__hit7,WILLIAMSON Richie,WILLIAMSON Richie,WILLIAMSON Richie,WILLIAMSON Richie,WILLIAMSON Richie,WILLIAMSON Richie,BAKER Andrew,BAKER Andrew,WILLIAMSON Richie,WILLIAMSON Richie
NSW_Local_Government_2016_Clarence_Valley_Council 9 seats.csv__hit8,TOMS Karen,WILLIAMSON Richie,WILLIAMSON Richie,WILLIAMSON Richie,WILLIAMSON Richie,WILLIAMSON Richie,WILLIAMSON Richie,WILLIAMSON Richie,WILLIAMSON Richie,WILLIAMSON Richie
NSW_Local_Government_2016_Clarence_Valley_Council 9 seats.csv__hit9,WILLIAMSON Richie,WILLIAMSON Richie,WILLIAMSON Richie,WILLIAMSON Richie,WILLIAMSON Richie,WILLIAMSON Richie,BAKER Andrew,TOMS Karen,WILLIAMSON Richie,BAKER Andrew
NSW_Local_Government_2016_Clarence_Valley_Council 9 seats.csv__hit10,BAKER Andrew,BAKER Andrew,KINGSLEY Jason,KINGSLEY Jason,KINGSLEY Jason,KINGSLEY Jason,KINGSLEY Jason,BAKER Andrew,TOMS Karen,KINGSLEY Jason
NSW_Local_Government_2016_Clarence_Valley_Council 9 seats.csv__hit11,TOMS Karen,WILLIAMSON Richie,WILLIAMSON Richie,WILLIAMSON Richie,WILLIAMSON Richie,WILLIAMSON Richie,BAKER Andrew,BAKER Andrew,WILLIAMSON Richie,WILLIAMSON Richie
NSW_Local_Government_2016_Clarence_Valley_Council 9 seats.csv__hit12,WILLIAMSON Richie,WILLIAMSON Richie,WILLIAMSON Richie,WILLIAMSON Richie,WILLIAMSON Richie,WILLIAMSON Richie,BAKER Andrew,BAKER Andrew,WILLIAMSON Richie,WILLIAMSON Richie
NSW_Local_Government_2016_Clarence_Valley_Council 9 seats.csv__hit13,WILLIAMSON Richie,BAKER Andrew,WILLIAMSON Richie,WILLIAMSON Richie,WILLIAMSON Richie,WILLIAMSON Richie,BAKER Andrew,BAKER Andrew,WILLIAMSON Richie,BAKER Andrew
NSW_Local_Government_2016_Clarence_Valley_Council 9 seats.csv__hit14,BAKER Andrew,BAKER Andrew,BAKER Andrew,BAKER Andrew,WILLIAMSON Richie,BAKER Andrew,BAKER Andrew,BAKER Andrew,BAKER Andrew,BAKER Andrew
NSW_Local_Government_2016_Clarence_Valley_Council 9 seats.csv__hit15,TOMS Karen,WILLIAMSON Richie,WILLIAMSON Richie,WILLIAMSON Richie,WILLIAMSON Richie,WILLIAMSON Richie,BAKER Andrew,BAKER Andrew,BAKER Andrew,BAKER Andrew
NSW_Local_Government_2016_Clarence_Valley_Council 9 seats.csv__hit16,TOMS Karen,TOMS Karen,WILLIAMSON Richie,WILLIAMSON Richie,WILLIAMSON Richie,WILLIAMSON Richie,WILLIAMSON Richie,BAKER Andrew,BAKER Andrew,WILLIAMSON Richie
NSW_Local_Government_2016_Clarence_Valley_Council 9 seats.csv__hit17,WILLIAMSON Richie,WILLIAMSON Richie,WILLIAMSON Richie,WILLIAMSON Richie,WILLIAMSON Richie,WILLIAMSON Richie,BAKER Andrew,BAKER Andrew,BAKER Andrew,WILLIAMSON Richie
NSW_Local_Government_2016_Clarence_Valley_Council 9 seats.csv__hit18,WILLIAMSON Richie,WILLIAMSON Richie,WILLIAMSON Richie,WILLIAMSON Richie,WILLIAMSON Richie,WILLIAMSON Richie,BAKER Andrew,BAKER Andrew,BAKER Andrew,WILLIAMSON Richie
NSW_Local_Government_2016_Clarence_Valley_Council 9 seats.csv__hit19,BAKER Andrew,WILLIAMSON Richie,TOMS Karen,WILLIAMSON Richie,WILLIAMSON Richie,WILLIAMSON Richie,WILLIAMSON Richie,BAKER Andrew,WILLIAMSON Richie,WILLIAMSON Richie
NSW_Local_Government_2016_Clarence_Valley_Council 9 seats.csv__hit20,WILLIAMSON Richie,WILLIAMSON Richie,WILLIAMSON Richie,WILLIAMSON Richie,WILLIAMSON Richie,WILLIAMSON Richie,WILLIAMSON Richie,BAKER Andrew,WILLIAMSON Richie,BAKER Andrew
NSW_Local_Government_2016_Clarence_Valley_Council 9 seats.csv__hit21,WILLIAMSON Richie,BAKER Andrew,TOMS Karen,WILLIAMSON Richie,WILLIAMSON Richie,WILLIAMSON Richie,BAKER Andrew,BAKER Andrew,BAKER Andrew,BAKER Andrew
NSW_Local_Government_2016_Clarence_Valley_Council 9 seats.csv__hit22,TOMS Karen,WILLIAMSON Richie,WILLIAMSON Richie,WILLIAMSON Richie,WILLIAMSON Richie,WILLIAMSON Richie,BAKER Andrew,BAKER Andrew,BAKER Andrew,WILLIAMSON Richie
NSW_Local_Government_2016_Clarence_Valley_Council 9 seats.csv__hit23,TOMS Karen,WILLIAMSON Richie,WILLIAMSON Richie,WILLIAMSON Richie,WILLIAMSON Richie,WILLIAMSON Richie,WILLIAMSON Richie,WILLIAMSON Richie,WILLIAMSON Richie,BAKER Andrew
NSW_Local_Government_2016_Clarence_Valley_Council 9 seats.csv__hit24,WILLIAMSON Richie,BAKER Andrew,WILLIAMSON Richie,WILLIAMSON Richie,WILLIAMSON Richie,WILLIAMSON Richie,WILLIAMSON Richie,BAKER Andrew,BAKER Andrew,BAKER Andrew
NSW_Local_Government_2016_Clarence_Valley_Council 9 seats.csv__hit25,WILLIAMSON Richie,TOMS Karen,WILLIAMSON Richie,WILLIAMSON Richie,WILLIAMSON Richie,WILLIAMSON Richie,BAKER Andrew,WILLIAMSON Richie,WILLIAMSON Richie,WILLIAMSON Richie
NSW_Local_Government_2016_Clarence_Valley_Council 9 seats.csv__hit26,WILLIAMSON Richie,WILLIAMSON Richie,WILLIAMSON Richie,WILLIAMSON Richie,WILLIAMSON Richie,WILLIAMSON Richie,BAKER Andrew,BAKER Andrew,BAKER Andrew,BAKER Andrew
NSW_Local_Government_2016_Clarence_Valley_Council 9 seats.csv__hit27,TOMS Karen,TOMS Karen,WILLIAMSON Richie,WILLIAMSON Richie,WILLIAMSON Richie,WILLIAMSON Richie,WILLIAMSON Richie,BAKER Andrew,BAKER Andrew,WILLIAMSON Richie
NSW_Local_Government_2016_Clarence_Valley_Council 9 seats.csv__hit28,WILLIAMSON Richie,BAKER Andrew,WILLIAMSON Richie,WILLIAMSON Richie,WILLIAMSON Richie,WILLIAMSON Richie,WILLIAMSON Richie,BAKER Andrew,BAKER Andrew,BAKER Andrew
NSW_Local_Government_2016_Clarence_Valley_Council 9 seats.csv__hit29,WILLIAMSON Richie,WILLIAMSON Richie,TOMS Karen,WILLIAMSON Richie,WILLIAMSON Richie,WILLIAMSON Richie,BAKER Andrew,BAKER Andrew,BAKER Andrew,BAKER Andrew
NSW_Local_Government_2016_Clarence_Valley_Council 9 seats.csv__hit30,BAKER Andrew,TOMS Karen,TOMS Karen,WILLIAMSON Richie,WILLIAMSON Richie,WILLIAMSON Richie,BAKER Andrew,BAKER Andrew,BAKER Andrew,BAKER Andrew
NSW_Local_Government_2016_Clarence_Valley_Council 9 seats.csv__hit31,WILLIAMSON Richie,TOMS Karen,WILLIAMSON Richie,WILLIAMSON Richie,WILLIAMSON Richie,WILLIAMSON Richie,BAKER Andrew,TOMS Karen,WILLIAMSON Richie,WILLIAMSON Richie
NSW_Local_Government_2016_Clarence_Valley_Council 9 seats.csv__hit32,BAKER Andrew,BAKER Andrew,BAKER Andrew,WILLIAMSON Richie,WILLIAMSON Richie,BAKER Andrew,BAKER Andrew,TOMS Karen,TOMS Karen,BAKER Andrew
NSW_Local_Government_2016_Clarence_Valley_Council 9 seats.csv__hit33,WILLIAMSON Richie,BAKER Andrew,WILLIAMSON Richie,WILLIAMSON Richie,WILLIAMSON Richie,WILLIAMSON Richie,BAKER Andrew,BAKER Andrew,WILLIAMSON Richie,WILLIAMSON Richie
NSW_Local_Government_2016_Clarence_Valley_Council 9 seats.csv__hit34,BAKER Andrew,WILLIAMSON Richie,TOMS Karen,WILLIAMSON Richie,WILLIAMSON Richie,WILLIAMSON Richie,WILLIAMSON Richie,BAKER Andrew,WILLIAMSON Richie,WILLIAMSON Richie
NSW_Local_Government_2016_Clarence_Valley_Council 9 seats.csv__hit35,WILLIAMSON Richie,BAKER Andrew,WILLIAMSON Richie,WILLIAMSON Richie,WILLIAMSON Richie,BAKER Andrew,BAKER Andrew,BAKER Andrew,BAKER Andrew,BAKER Andrew
NSW_Local_Government_2016_Clarence_Valley_Council 9 seats.csv__hit36,TOMS Karen,BAKER Andrew,WILLIAMSON Richie,TOMS Karen,WILLIAMSON Richie,WILLIAMSON Richie,WILLIAMSON Richie,BAKER Andrew,BAKER Andrew,WILLIAMSON Richie
NSW_Local_Government_2016_Clarence_Valley_Council 9 seats.csv__hit37,WILLIAMSON Richie,WILLIAMSON Richie,TOMS Karen,WILLIAMSON Richie,WILLIAMSON Richie,WILLIAMSON Richie,WILLIAMSON Richie,BAKER Andrew,WILLIAMSON Richie,WILLIAMSON Richie
NSW_Local_Government_2016_Clarence_Valley_Council 9 seats.csv__hit38,WILLIAMSON Richie,WILLIAMSON Richie,WILLIAMSON Richie,WILLIAMSON Richie,WILLIAMSON Richie,WILLIAMSON Richie,BAKER Andrew,BAKER Andrew,WILLIAMSON Richie,WILLIAMSON Richie
NSW_Local_Government_2016_Clarence_Valley_Council 9 seats.csv__hit39,WILLIAMSON Richie,BAKER Andrew,WILLIAMSON Richie,WILLIAMSON Richie,WILLIAMSON Richie,WILLIAMSON Richie,BAKER Andrew,BAKER Andrew,BAKER Andrew,BAKER Andrew
NSW_Local_Government_2016_Clarence_Valley_Council 9 seats.csv__hit40,WILLIAMSON Richie,WILLIAMSON Richie,WILLIAMSON Richie,WILLIAMSON Richie,WILLIAMSON Richie,WILLIAMSON Richie,WILLIAMSON Richie,BAKER Andrew,WILLIAMSON Richie,WILLIAMSON Richie
NSW_Local_Government_2016_Clarence_Valley_Council 9 seats.csv__hit41,WILLIAMSON Richie,TOMS Karen,WILLIAMSON Richie,WILLIAMSON Richie,WILLIAMSON Richie,WILLIAMSON Richie,BAKER Andrew,BAKER Andrew,WILLIAMSON Richie,WILLIAMSON Richie
NSW_Local_Government_2016_Clarence_Valley_Council 9 seats.csv__hit42,TOMS Karen,WILLIAMSON Richie,WILLIAMSON Richie,WILLIAMSON Richie,WILLIAMSON Richie,WILLIAMSON Richie,BAKER Andrew,BAKER Andrew,BAKER Andrew,BAKER Andrew
NSW_Local_Government_2016_Clarence_Valley_Council 9 seats.csv__hit43,WILLIAMSON Richie,TOMS Karen,TOMS Karen,TOMS Karen,TOMS Karen,TOMS Karen,TOMS Karen,TOMS Karen,TOMS Karen,TOMS Karen
NSW_Local_Government_2016_Clarence_Valley_Council 9 seats.csv__hit44,WILLIAMSON Richie,WILLIAMSON Richie,WILLIAMSON Richie,WILLIAMSON Richie,WILLIAMSON Richie,WILLIAMSON Richie,WILLIAMSON Richie,BAKER Andrew,BAKER Andrew,WILLIAMSON Richie
NSW_Local_Government_2016_Clarence_Valley_Council 9 seats.csv__hit45,WILLIAMSON Richie,WILLIAMSON Richie,WILLIAMSON Richie,WILLIAMSON Richie,WILLIAMSON Richie,WILLIAMSON Richie,WILLIAMSON Richie,WILLIAMSON Richie,WILLIAMSON Richie,WILLIAMSON Richie
NSW_Local_Government_2016_Clarence_Valley_Council 9 seats.csv__hit46,WILLIAMSON Richie,WILLIAMSON Richie,WILLIAMSON Richie,WILLIAMSON Richie,WILLIAMSON Richie,WILLIAMSON Richie,BAKER Andrew,BAKER Andrew,WILLIAMSON Richie,WILLIAMSON Richie
NSW_Local_Government_2016_Clarence_Valley_Council 9 seats.csv__hit47,WILLIAMSON Richie,WILLIAMSON Richie,WILLIAMSON Richie,WILLIAMSON Richie,WILLIAMSON Richie,WILLIAMSON Richie,BAKER Andrew,BAKER Andrew,WILLIAMSON Richie,WILLIAMSON Richie
NSW_Local_Government_2016_Clarence_Valley_Council 9 seats.csv__hit48,WILLIAMSON Richie,WILLIAMSON Richie,TOMS Karen,WILLIAMSON Richie,WILLIAMSON Richie,WILLIAMSON Richie,BAKER Andrew,BAKER Andrew,WILLIAMSON Richie,WILLIAMSON Richie
NSW_Local_Government_2016_Clarence_Valley_Council 9 seats.csv__hit49,TOMS Karen,WILLIAMSON Richie,TOMS Karen,WILLIAMSON Richie,WILLIAMSON Richie,WILLIAMSON Richie,WILLIAMSON Richie,BAKER Andrew,WILLIAMSON Richie,WILLIAMSON Richie
NSW_Local_Government_2016_Clarence_Valley_Council 9 seats.csv__hit50,WILLIAMSON Richie,WILLIAMSON Richie,TOMS Karen,WILLIAMSON Richie,WILLIAMSON Richie,WILLIAMSON Richie,BAKER Andrew,BAKER Andrew,BAKER Andrew,WILLIAMSON Richie
NSW_Local_Government_2016_Clarence_Valley_Council 9 seats.csv__hit51,WILLIAMSON Richie,TOMS Karen,WILLIAMSON Richie,WILLIAMSON Richie,WILLIAMSON Richie,WILLIAMSON Richie,BAKER Andrew,BAKER Andrew,BAKER Andrew,BAKER Andrew
NSW_Local_Government_2016_Clarence_Valley_Council 9 seats.csv__hit52,WILLIAMSON Richie,WILLIAMSON Richie,WILLIAMSON Richie,WILLIAMSON Richie,WILLIAMSON Richie,WILLIAMSON Richie,BAKER Andrew,BAKER Andrew,BAKER Andrew,WILLIAMSON Richie
NSW_Local_Government_2016_Clarence_Valley_Council 9 seats.csv__hit53,WILLIAMSON Richie,BAKER Andrew,WILLIAMSON Richie,WILLIAMSON Richie,WILLIAMSON Richie,WILLIAMSON Richie,BAKER Andrew,BAKER Andrew,BAKER Andrew,WILLIAMSON Richie
NSW_Local_Government_2016_Clarence_Valley_Council 9 seats.csv__hit54,WILLIAMSON Richie,BAKER Andrew,WILLIAMSON Richie,WILLIAMSON Richie,WILLIAMSON Richie,WILLIAMSON Richie,BAKER Andrew,WILLIAMSON Richie,WILLIAMSON Richie,WILLIAMSON Richie
NSW_Local_Government_2016_Clarence_Valley_Council 9 seats.csv__hit55,WILLIAMSON Richie,TOMS Karen,TOMS Karen,WILLIAMSON Richie,WILLIAMSON Richie,WILLIAMSON Richie,BAKER Andrew,BAKER Andrew,BAKER Andrew,BAKER Andrew
NSW_Local_Government_2016_Clarence_Valley_Council 9 seats.csv__hit56,WILLIAMSON Richie,TOMS Karen,WILLIAMSON Richie,WILLIAMSON Richie,WILLIAMSON Richie,WILLIAMSON Richie,WILLIAMSON Richie,BAKER Andrew,WILLIAMSON Richie,WILLIAMSON Richie
NSW_Local_Government_2016_Clarence_Valley_Council 9 seats.csv__hit57,WILLIAMSON Richie,TOMS Karen,WILLIAMSON Richie,WILLIAMSON Richie,WILLIAMSON Richie,WILLIAMSON Richie,BAKER Andrew,BAKER Andrew,BAKER Andrew,WILLIAMSON Richie
NSW_Local_Government_2016_Clarence_Valley_Council 9 seats.csv__hit58,BAKER Andrew,WILLIAMSON Richie,WILLIAMSON Richie,WILLIAMSON Richie,WILLIAMSON Richie,WILLIAMSON Richie,BAKER Andrew,BAKER Andrew,WILLIAMSON Richie,WILLIAMSON Richie
NSW_Local_Government_2016_Clarence_Valley_Council 9 seats.csv__hit59,WILLIAMSON Richie,BAKER Andrew,WILLIAMSON Richie,WILLIAMSON Richie,WILLIAMSON Richie,WILLIAMSON Richie,BAKER Andrew,BAKER Andrew,BAKER Andrew,WILLIAMSON Richie
NSW_Local_Government_2016_Clarence_Valley_Council 9 seats.csv__hit60,WILLIAMSON Richie,WILLIAMSON Richie,TOMS Karen,WILLIAMSON Richie,WILLIAMSON Richie,WILLIAMSON Richie,BAKER Andrew,BAKER Andrew,BAKER Andrew,WILLIAMSON Richie
NSW_Local_Government_2016_Clarence_Valley_Council 9 seats.csv__hit61,TOMS Karen,WILLIAMSON Richie,WILLIAMSON Richie,WILLIAMSON Richie,WILLIAMSON Richie,WILLIAMSON Richie,BAKER Andrew,BAKER Andrew,WILLIAMSON Richie,BAKER Andrew
NSW_Local_Government_2016_Clarence_Valley_Council 9 seats.csv__hit62,WILLIAMSON Richie,WILLIAMSON Richie,WILLIAMSON Richie,WILLIAMSON Richie,WILLIAMSON Richie,WILLIAMSON Richie,BAKER Andrew,WILLIAMSON Richie,WILLIAMSON Richie,WILLIAMSON Richie
NSW_Local_Government_2016_Clarence_Valley_Council 9 seats.csv__hit63,WILLIAMSON Richie,WILLIAMSON Richie,WILLIAMSON Richie,WILLIAMSON Richie,WILLIAMSON Richie,WILLIAMSON Richie,WILLIAMSON Richie,BAKER Andrew,BAKER Andrew,WILLIAMSON Richie
NSW_Local_Government_2016_Clarence_Valley_Council 9 seats.csv__hit64,WILLIAMSON Richie,BAKER Andrew,TOMS Karen,WILLIAMSON Richie,WILLIAMSON Richie,WILLIAMSON Richie,BAKER Andrew,BAKER Andrew,BAKER Andrew,WILLIAMSON Richie
NSW_Local_Government_2016_Clarence_Valley_Council 9 seats.csv__hit65,TOMS Karen,WILLIAMSON Richie,TOMS Karen,WILLIAMSON Richie,WILLIAMSON Richie,WILLIAMSON Richie,WILLIAMSON Richie,BAKER Andrew,TOMS Karen,WILLIAMSON Richie
NSW_Local_Government_2016_Clarence_Valley_Council 9 seats.csv__hit66,WILLIAMSON Richie,SIMMONS Jim,TOMS Karen,TOMS Karen,TOMS Karen,TOMS Karen,TOMS Karen,TOMS Karen,TOMS Karen,TOMS Karen
NSW_Local_Government_2016_Clarence_Valley_Council 9 seats.csv__hit67,TOMS Karen,TOMS Karen,WILLIAMSON Richie,WILLIAMSON Richie,WILLIAMSON Richie,WILLIAMSON Richie,BAKER Andrew,BAKER Andrew,BAKER Andrew,WILLIAMSON Richie
NSW_Local_Government_2016_Clarence_Valley_Council 9 seats.csv__hit68,WILLIAMSON Richie,BAKER Andrew,TOMS Karen,WILLIAMSON Richie,WILLIAMSON Richie,WILLIAMSON Richie,BAKER Andrew,BAKER Andrew,BAKER Andrew,WILLIAMSON Richie
NSW_Local_Government_2016_Clarence_Valley_Council 9 seats.csv__hit69,WILLIAMSON Richie,WILLIAMSON Richie,WILLIAMSON Richie,TOMS Karen,WILLIAMSON Richie,WILLIAMSON Richie,BAKER Andrew,BAKER Andrew,BAKER Andrew,BAKER Andrew
NSW_Local_Government_2016_Clarence_Valley_Council 9 seats.csv__hit70,WILLIAMSON Richie,WILLIAMSON Richie,TOMS Karen,WILLIAMSON Richie,WILLIAMSON Richie,WILLIAMSON Richie,BAKER Andrew,BAKER Andrew,BAKER Andrew,WILLIAMSON Richie
NSW_Local_Government_2016_Clarence_Valley_Council 9 seats.csv__hit71,WILLIAMSON Richie,WILLIAMSON Richie,WILLIAMSON Richie,WILLIAMSON Richie,WILLIAMSON Richie,BAKER Andrew,BAKER Andrew,BAKER Andrew,BAKER Andrew,BAKER Andrew
NSW_Local_Government_2016_Clarence_Valley_Council 9 seats.csv__hit72,TOMS Karen,BAKER Andrew,TOMS Karen,TOMS Karen,TOMS Karen,TOMS Karen,BAKER Andrew,BAKER Andrew,BAKER Andrew,BAKER Andrew
NSW_Local_Government_2016_Clarence_Valley_Council 9 seats.csv__hit73,WILLIAMSON Richie,WILLIAMSON Richie,WILLIAMSON Richie,WILLIAMSON Richie,WILLIAMSON Richie,WILLIAMSON Richie,BAKER Andrew,BAKER Andrew,BAKER Andrew,WILLIAMSON Richie
NSW_Local_Government_2016_Clarence_Valley_Council 9 seats.csv__hit74,TOMS Karen,BAKER Andrew,WILLIAMSON Richie,WILLIAMSON Richie,WILLIAMSON Richie,WILLIAMSON Richie,BAKER Andrew,BAKER Andrew,BAKER Andrew,BAKER Andrew
NSW_Local_Government_2016_Clarence_Valley_Council 9 seats.csv__hit75,WILLIAMSON Richie,TOMS Karen,WILLIAMSON Richie,WILLIAMSON Richie,WILLIAMSON Richie,WILLIAMSON Richie,WILLIAMSON Richie,BAKER Andrew,BAKER Andrew,WILLIAMSON Richie
NSW_Local_Government_2016_Clarence_Valley_Council 9 seats.csv__hit76,WILLIAMSON Richie,WILLIAMSON Richie,WILLIAMSON Richie,WILLIAMSON Richie,WILLIAMSON Richie,WILLIAMSON Richie,WILLIAMSON Richie,BAKER Andrew,BAKER Andrew,BAKER Andrew
NSW_Local_Government_2016_Clarence_Valley_Council 9 seats.csv__hit77,TOMS Karen,TOMS Karen,BAKER Andrew,BAKER Andrew,WILLIAMSON Richie,WILLIAMSON Richie,BAKER Andrew,TOMS Karen,BAKER Andrew,BAKER Andrew
NSW_Local_Government_2016_Clarence_Valley_Council 9 seats.csv__hit78,WILLIAMSON Richie,WILLIAMSON Richie,WILLIAMSON Richie,WILLIAMSON Richie,WILLIAMSON Richie,WILLIAMSON Richie,BAKER Andrew,BAKER Andrew,BAKER Andrew,WILLIAMSON Richie
NSW_Local_Government_2016_Clarence_Valley_Council 9 seats.csv__hit79,TOMS Karen,TOMS Karen,WILLIAMSON Richie,WILLIAMSON Richie,WILLIAMSON Richie,WILLIAMSON Richie,BAKER Andrew,BAKER Andrew,TOMS Karen,WILLIAMSON Richie
NSW_Local_Government_2016_Clarence_Valley_Council 9 seats.csv__hit80,WILLIAMSON Richie,WILLIAMSON Richie,WILLIAMSON Richie,WILLIAMSON Richie,WILLIAMSON Richie,WILLIAMSON Richie,WILLIAMSON Richie,BAKER Andrew,BAKER Andrew,WILLIAMSON Richie
NSW_Local_Government_2016_Clarence_Valley_Council 9 seats.csv__hit81,WILLIAMSON Richie,BAKER Andrew,WILLIAMSON Richie,WILLIAMSON Richie,WILLIAMSON Richie,WILLIAMSON Richie,BAKER Andrew,BAKER Andrew,WILLIAMSON Richie,WILLIAMSON Richie
NSW_Local_Government_2016_Clarence_Valley_Council 9 seats.csv__hit82,WILLIAMSON Richie,WILLIAMSON Richie,WILLIAMSON Richie,WILLIAMSON Richie,WILLIAMSON Richie,WILLIAMSON Richie,WILLIAMSON Richie,BAKER Andrew,WILLIAMSON Richie,WILLIAMSON Richie
NSW_Local_Government_2016_Clarence_Valley_Council 9 seats.csv__hit83,TOMS Karen,TOMS Karen,WILLIAMSON Richie,WILLIAMSON Richie,WILLIAMSON Richie,WILLIAMSON Richie,WILLIAMSON Richie,WILLIAMSON Richie,WILLIAMSON Richie,WILLIAMSON Richie
NSW_Local_Government_2016_Clarence_Valley_Council 9 seats.csv__hit84,WILLIAMSON Richie,TOMS Karen,TOMS Karen,WILLIAMSON Richie,WILLIAMSON Richie,WILLIAMSON Richie,WILLIAMSON Richie,BAKER Andrew,BAKER Andrew,BAKER Andrew
NSW_Local_Government_2016_Clarence_Valley_Council 9 seats.csv__hit85,WILLIAMSON Richie,WILLIAMSON Richie,WILLIAMSON Richie,WILLIAMSON Richie,WILLIAMSON Richie,WILLIAMSON Richie,BAKER Andrew,WILLIAMSON Richie,WILLIAMSON Richie,WILLIAMSON Richie
NSW_Local_Government_2016_Clarence_Valley_Council 9 seats.csv__hit86,TOMS Karen,TOMS Karen,TOMS Karen,TOMS Karen,TOMS Karen,TOMS Karen,BAKER Andrew,BAKER Andrew,BAKER Andrew,WILLIAMSON Richie
NSW_Local_Government_2016_Clarence_Valley_Council 9 seats.csv__hit87,WILLIAMSON Richie,BAKER Andrew,WILLIAMSON Richie,WILLIAMSON Richie,WILLIAMSON Richie,WILLIAMSON Richie,BAKER Andrew,BAKER Andrew,BAKER Andrew,BAKER Andrew
NSW_Local_Government_2016_Clarence_Valley_Council 9 seats.csv__hit88,TOMS Karen,BAKER Andrew,TOMS Karen,WILLIAMSON Richie,WILLIAMSON Richie,WILLIAMSON Richie,BAKER Andrew,BAKER Andrew,BAKER Andrew,WILLIAMSON Richie
NSW_Local_Government_2016_Clarence_Valley_Council 9 seats.csv__hit89,TOMS Karen,WILLIAMSON Richie,WILLIAMSON Richie,WILLIAMSON Richie,WILLIAMSON Richie,WILLIAMSON Richie,WILLIAMSON Richie,BAKER Andrew,BAKER Andrew,WILLIAMSON Richie
NSW_Local_Government_2016_Clarence_Valley_Council 9 seats.csv__hit90,TOMS Karen,TOMS Karen,WILLIAMSON Richie,TOMS Karen,TOMS Karen,TOMS Karen,TOMS Karen,BAKER Andrew,BAKER Andrew,BAKER Andrew
NSW_Local_Government_2016_Clarence_Valley_Council 9 seats.csv__hit91,WILLIAMSON Richie,TOMS Karen,TOMS Karen,TOMS Karen,TOMS Karen,TOMS Karen,TOMS Karen,TOMS Karen,BAKER Andrew,BAKER Andrew
NSW_Local_Government_2016_Clarence_Valley_Council 9 seats.csv__hit92,TOMS Karen,WILLIAMSON Richie,WILLIAMSON Richie,WILLIAMSON Richie,WILLIAMSON Richie,WILLIAMSON Richie,BAKER Andrew,BAKER Andrew,WILLIAMSON Richie,BAKER Andrew
NSW_Local_Government_2016_Clarence_Valley_Council 9 seats.csv__hit93,WILLIAMSON Richie,WILLIAMSON Richie,WILLIAMSON Richie,WILLIAMSON Richie,WILLIAMSON Richie,WILLIAMSON Richie,BAKER Andrew,WILLIAMSON Richie,WILLIAMSON Richie,WILLIAMSON Richie
NSW_Local_Government_2016_Clarence_Valley_Council 9 seats.csv__hit94,WILLIAMSON Richie,WILLIAMSON Richie,WILLIAMSON Richie,WILLIAMSON Richie,WILLIAMSON Richie,WILLIAMSON Richie,BAKER Andrew,BAKER Andrew,WILLIAMSON Richie,WILLIAMSON Richie
NSW_Local_Government_2016_Clarence_Valley_Council 9 seats.csv__hit95,WILLIAMSON Richie,WILLIAMSON Richie,WILLIAMSON Richie,WILLIAMSON Richie,WILLIAMSON Richie,WILLIAMSON Richie,WILLIAMSON Richie,BAKER Andrew,BAKER Andrew,WILLIAMSON Richie
NSW_Local_Government_2016_Clarence_Valley_Council 9 seats.csv__hit96,WILLIAMSON Richie,WILLIAMSON Richie,WILLIAMSON Richie,WILLIAMSON Richie,WILLIAMSON Richie,WILLIAMSON Richie,BAKER Andrew,BAKER Andrew,BAKER Andrew,WILLIAMSON Richie
NSW_Local_Government_2016_Clarence_Valley_Council 9 seats.csv__hit97,WILLIAMSON Richie,WILLIAMSON Richie,WILLIAMSON Richie,WILLIAMSON Richie,WILLIAMSON Richie,WILLIAMSON Richie,WILLIAMSON Richie,BAKER Andrew,WILLIAMSON Richie,WILLIAMSON Richie
NSW_Local_Government_2016_Clarence_Valley_Council 9 seats.csv__hit98,WILLIAMSON Richie,WILLIAMSON Richie,TOMS Karen,WILLIAMSON Richie,WILLIAMSON Richie,WILLIAMSON Richie,BAKER Andrew,BAKER Andrew,BAKER Andrew,WILLIAMSON Richie
NSW_Local_Government_2016_Clarence_Valley_Council 9 seats.csv__hit99,TOMS Karen,TOMS Karen,WILLIAMSON Richie,WILLIAMSON Richie,WILLIAMSON Richie,WILLIAMSON Richie,BAKER Andrew,WILLIAMSON Richie,WILLIAMSON Richie,WILLIAMSON Richie
NSW_Local_Government_2016_Clarence_Valley_Council 9 seats.csv__hit100,WILLIAMSON Richie,WILLIAMSON Richie,WILLIAMSON Richie,WILLIAMSON Richie,WILLIAMSON Richie,WILLIAMSON Richie,WILLIAMSON Richie,BAKER Andrew,BAKER Andrew,WILLIAMSON Richie
NSW_Local_Government_2016_Clarence_Valley_Council 9 seats.csv__hit101,WILLIAMSON Richie,WILLIAMSON Richie,WILLIAMSON Richie,WILLIAMSON Richie,WILLIAMSON Richie,WILLIAMSON Richie,BAKER Andrew,BAKER Andrew,WILLIAMSON Richie,WILLIAMSON Richie
NSW_Local_Government_2016_Clarence_Valley_Council 9 seats.csv__hit102,BAKER Andrew,BAKER Andrew,TOMS Karen,BAKER Andrew,WILLIAMSON Richie,WILLIAMSON Richie,BAKER Andrew,BAKER Andrew,BAKER Andrew,BAKER Andrew
NSW_Local_Government_2016_Clarence_Valley_Council 9 seats.csv__hit103,WILLIAMSON Richie,BAKER Andrew,WILLIAMSON Richie,WILLIAMSON Richie,WILLIAMSON Richie,WILLIAMSON Richie,BAKER Andrew,BAKER Andrew,WILLIAMSON Richie,BAKER Andrew
NSW_Local_Government_2016_Clarence_Valley_Council 9 seats.csv__hit104,WILLIAMSON Richie,TOMS Karen,WILLIAMSON Richie,WILLIAMSON Richie,WILLIAMSON Richie,WILLIAMSON Richie,BAKER Andrew,BAKER Andrew,BAKER Andrew,BAKER Andrew
NSW_Local_Government_2016_Clarence_Valley_Council 9 seats.csv__hit105,TOMS Karen,WILLIAMSON Richie,TOMS Karen,WILLIAMSON Richie,WILLIAMSON Richie,WILLIAMSON Richie,BAKER Andrew,WILLIAMSON Richie,WILLIAMSON Richie,WILLIAMSON Richie
NSW_Local_Government_2016_Clarence_Valley_Council 9 seats.csv__hit106,TOMS Karen,BAKER Andrew,WILLIAMSON Richie,WILLIAMSON Richie,WILLIAMSON Richie,WILLIAMSON Richie,BAKER Andrew,BAKER Andrew,WILLIAMSON Richie,WILLIAMSON Richie
NSW_Local_Government_2016_Clarence_Valley_Council 9 seats.csv__hit107,TOMS Karen,WILLIAMSON Richie,WILLIAMSON Richie,WILLIAMSON Richie,WILLIAMSON Richie,WILLIAMSON Richie,BAKER Andrew,WILLIAMSON Richie,WILLIAMSON Richie,BAKER Andrew
NSW_Local_Government_2016_Clarence_Valley_Council 9 seats.csv__hit108,TOMS Karen,BAKER Andrew,WILLIAMSON Richie,WILLIAMSON Richie,WILLIAMSON Richie,TOMS Karen,BAKER Andrew,TOMS Karen,WILLIAMSON Richie,WILLIAMSON Richie
NSW_Local_Government_2016_Clarence_Valley_Council 9 seats.csv__hit109,WILLIAMSON Richie,BAKER Andrew,WILLIAMSON Richie,WILLIAMSON Richie,WILLIAMSON Richie,WILLIAMSON Richie,WILLIAMSON Richie,BAKER Andrew,BAKER Andrew,BAKER Andrew
NSW_Local_Government_2016_Clarence_Valley_Council 9 seats.csv__hit110,WILLIAMSON Richie,TOMS Karen,TOMS Karen,WILLIAMSON Richie,WILLIAMSON Richie,WILLIAMSON Richie,BAKER Andrew,WILLIAMSON Richie,WILLIAMSON Richie,WILLIAMSON Richie
NSW_Local_Government_2016_Clarence_Valley_Council 9 seats.csv__hit111,WILLIAMSON Richie,BAKER Andrew,WILLIAMSON Richie,WILLIAMSON Richie,WILLIAMSON Richie,WILLIAMSON Richie,BAKER Andrew,BAKER Andrew,WILLIAMSON Richie,WILLIAMSON Richie
NSW_Local_Government_2016_Clarence_Valley_Council 9 seats.csv__hit112,WILLIAMSON Richie,WILLIAMSON Richie,WILLIAMSON Richie,WILLIAMSON Richie,WILLIAMSON Richie,WILLIAMSON Richie,BAKER Andrew,BAKER Andrew,WILLIAMSON Richie,WILLIAMSON Richie
NSW_Local_Government_2016_Clarence_Valley_Council 9 seats.csv__hit113,WILLIAMSON Richie,WILLIAMSON Richie,WILLIAMSON Richie,WILLIAMSON Richie,WILLIAMSON Richie,WILLIAMSON Richie,WILLIAMSON Richie,BAKER Andrew,WILLIAMSON Richie,WILLIAMSON Richie
NSW_Local_Government_2016_Clarence_Valley_Council 9 seats.csv__hit114,WILLIAMSON Richie,WILLIAMSON Richie,WILLIAMSON Richie,WILLIAMSON Richie,WILLIAMSON Richie,WILLIAMSON Richie,BAKER Andrew,BAKER Andrew,WILLIAMSON Richie,WILLIAMSON Richie
NSW_Local_Government_2016_Clarence_Valley_Council 9 seats.csv__hit115,WILLIAMSON Richie,WILLIAMSON Richie,WILLIAMSON Richie,WILLIAMSON Richie,WILLIAMSON Richie,WILLIAMSON Richie,WILLIAMSON Richie,BAKER Andrew,BAKER Andrew,WILLIAMSON Richie
NSW_Local_Government_2016_Clarence_Valley_Council 9 seats.csv__hit116,TOMS Karen,WILLIAMSON Richie,WILLIAMSON Richie,WILLIAMSON Richie,WILLIAMSON Richie,WILLIAMSON Richie,BAKER Andrew,BAKER Andrew,BAKER Andrew,WILLIAMSON Richie
NSW_Local_Government_2016_Clarence_Valley_Council 9 seats.csv__hit117,WILLIAMSON Richie,TOMS Karen,WILLIAMSON Richie,WILLIAMSON Richie,WILLIAMSON Richie,WILLIAMSON Richie,WILLIAMSON Richie,BAKER Andrew,WILLIAMSON Richie,WILLIAMSON Richie
NSW_Local_Government_2016_Clarence_Valley_Council 9 seats.csv__hit118,TOMS Karen,TOMS Karen,WILLIAMSON Richie,WILLIAMSON Richie,WILLIAMSON Richie,WILLIAMSON Richie,BAKER Andrew,BAKER Andrew,BAKER Andrew,WILLIAMSON Richie
NSW_Local_Government_2016_Clarence_Valley_Council 9 seats.csv__hit119,WILLIAMSON Richie,TOMS Karen,TOMS Karen,WILLIAMSON Richie,WILLIAMSON Richie,WILLIAMSON Richie,WILLIAMSON Richie,BAKER Andrew,WILLIAMSON Richie,WILLIAMSON Richie
NSW_Local_Government_2016_Clarence_Valley_Council 9 seats.csv__hit120,WILLIAMSON Richie,BAKER Andrew,TOMS Karen,TOMS Karen,TOMS Karen,TOMS Karen,TOMS Karen,BAKER Andrew,BAKER Andrew,BAKER Andrew
NSW_Local_Government_2016_Clarence_Valley_Council 9 seats.csv__hit121,SIMMONS Jim,TOMS Karen,TOMS Karen,TOMS Karen,TOMS Karen,TOMS Karen,TOMS Karen,TOMS Karen,TOMS Karen,TOMS Karen
NSW_Local_Government_2016_Clarence_Valley_Council 9 seats.csv__hit122,WILLIAMSON Richie,WILLIAMSON Richie,WILLIAMSON Richie,WILLIAMSON Richie,WILLIAMSON Richie,WILLIAMSON Richie,BAKER Andrew,BAKER Andrew,WILLIAMSON Richie,WILLIAMSON Richie
NSW_Local_Government_2016_Clarence_Valley_Council 9 seats.csv__hit123,TOMS Karen,TOMS Karen,WILLIAMSON Richie,WILLIAMSON Richie,WILLIAMSON Richie,WILLIAMSON Richie,BAKER Andrew,BAKER Andrew,WILLIAMSON Richie,WILLIAMSON Richie
NSW_Local_Government_2016_Clarence_Valley_Council 9 seats.csv__hit124,WILLIAMSON Richie,WILLIAMSON Richie,WILLIAMSON Richie,WILLIAMSON Richie,WILLIAMSON Richie,WILLIAMSON Richie,BAKER Andrew,BAKER Andrew,BAKER Andrew,BAKER Andrew
NSW_Local_Government_2016_Clarence_Valley_Council 9 seats.csv__hit125,WILLIAMSON Richie,BAKER Andrew,WILLIAMSON Richie,WILLIAMSON Richie,WILLIAMSON Richie,WILLIAMSON Richie,BAKER Andrew,BAKER Andrew,WILLIAMSON Richie,BAKER Andrew
NSW_Local_Government_2016_Clarence_Valley_Council 9 seats.csv__hit126,WILLIAMSON Richie,BAKER Andrew,WILLIAMSON Richie,WILLIAMSON Richie,WILLIAMSON Richie,WILLIAMSON Richie,BAKER Andrew,BAKER Andrew,BAKER Andrew,BAKER Andrew
NSW_Local_Government_2016_Clarence_Valley_Council 9 seats.csv__hit127,TOMS Karen,TOMS Karen,WILLIAMSON Richie,WILLIAMSON Richie,WILLIAMSON Richie,WILLIAMSON Richie,BAKER Andrew,BAKER Andrew,WILLIAMSON Richie,BAKER Andrew
NSW_Local_Government_2016_Clarence_Valley_Council 9 seats.csv__hit128,WILLIAMSON Richie,WILLIAMSON Richie,TOMS Karen,WILLIAMSON Richie,WILLIAMSON Richie,WILLIAMSON Richie,BAKER Andrew,WILLIAMSON Richie,WILLIAMSON Richie,BAKER Andrew
NSW_Local_Government_2016_Clarence_Valley_Council 9 seats.csv__hit129,WILLIAMSON Richie,WILLIAMSON Richie,WILLIAMSON Richie,WILLIAMSON Richie,WILLIAMSON Richie,WILLIAMSON Richie,WILLIAMSON Richie,BAKER Andrew,BAKER Andrew,WILLIAMSON Richie
NSW_Local_Government_2016_Clarence_Valley_Council 9 seats.csv__hit130,WILLIAMSON Richie,BAKER Andrew,WILLIAMSON Richie,WILLIAMSON Richie,WILLIAMSON Richie,WILLIAMSON Richie,WILLIAMSON Richie,BAKER Andrew,WILLIAMSON Richie,WILLIAMSON Richie
NSW_Local_Government_2016_Clarence_Valley_Council 9 seats.csv__hit131,WILLIAMSON Richie,TOMS Karen,WILLIAMSON Richie,WILLIAMSON Richie,WILLIAMSON Richie,WILLIAMSON Richie,BAKER Andrew,BAKER Andrew,WILLIAMSON Richie,BAKER Andrew
NSW_Local_Government_2016_Clarence_Valley_Council 9 seats.csv__hit132,WILLIAMSON Richie,TOMS Karen,WILLIAMSON Richie,WILLIAMSON Richie,WILLIAMSON Richie,WILLIAMSON Richie,WILLIAMSON Richie,WILLIAMSON Richie,WILLIAMSON Richie,BAKER Andrew
NSW_Local_Government_2016_Clarence_Valley_Council 9 seats.csv__hit133,WILLIAMSON Richie,TOMS Karen,TOMS Karen,TOMS Karen,TOMS Karen,TOMS Karen,TOMS Karen,TOMS Karen,TOMS Karen,TOMS Karen
NSW_Local_Government_2016_Clarence_Valley_Council 9 seats.csv__hit134,TOMS Karen,WILLIAMSON Richie,BAKER Andrew,TOMS Karen,TOMS Karen,TOMS Karen,BAKER Andrew,BAKER Andrew,BAKER Andrew,BAKER Andrew
NSW_Local_Government_2016_Clarence_Valley_Council 9 seats.csv__hit135,WILLIAMSON Richie,BAKER Andrew,WILLIAMSON Richie,WILLIAMSON Richie,WILLIAMSON Richie,WILLIAMSON Richie,WILLIAMSON Richie,BAKER Andrew,WILLIAMSON Richie,WILLIAMSON Richie
NSW_Local_Government_2016_Clarence_Valley_Council 9 seats.csv__hit136,WILLIAMSON Richie,WILLIAMSON Richie,WILLIAMSON Richie,WILLIAMSON Richie,WILLIAMSON Richie,WILLIAMSON Richie,BAKER Andrew,BAKER Andrew,WILLIAMSON Richie,WILLIAMSON Richie
NSW_Local_Government_2016_Clarence_Valley_Council 9 seats.csv__hit137,TOMS Karen,BAKER Andrew,WILLIAMSON Richie,WILLIAMSON Richie,WILLIAMSON Richie,WILLIAMSON Richie,BAKER Andrew,BAKER Andrew,WILLIAMSON Richie,WILLIAMSON Richie
NSW_Local_Government_2016_Clarence_Valley_Council 9 seats.csv__hit138,KINGSLEY Jason,TOMS Karen,BAKER Andrew,KINGSLEY Jason,KINGSLEY Jason,KINGSLEY Jason,BAKER Andrew,BAKER Andrew,KINGSLEY Jason,KINGSLEY Jason
NSW_Local_Government_2016_Clarence_Valley_Council 9 seats.csv__hit139,WILLIAMSON Richie,WILLIAMSON Richie,WILLIAMSON Richie,WILLIAMSON Richie,WILLIAMSON Richie,WILLIAMSON Richie,WILLIAMSON Richie,BAKER Andrew,WILLIAMSON Richie,WILLIAMSON Richie
NSW_Local_Government_2016_Clarence_Valley_Council 9 seats.csv__hit140,WILLIAMSON Richie,WILLIAMSON Richie,WILLIAMSON Richie,WILLIAMSON Richie,WILLIAMSON Richie,WILLIAMSON Richie,BAKER Andrew,BAKER Andrew,BAKER Andrew,WILLIAMSON Richie
NSW_Local_Government_2016_Clarence_Valley_Council 9 seats.csv__hit141,WILLIAMSON Richie,WILLIAMSON Richie,WILLIAMSON Richie,WILLIAMSON Richie,WILLIAMSON Richie,WILLIAMSON Richie,BAKER Andrew,BAKER Andrew,BAKER Andrew,BAKER Andrew
NSW_Local_Government_2016_Clarence_Valley_Council 9 seats.csv__hit142,WILLIAMSON Richie,WILLIAMSON Richie,WILLIAMSON Richie,WILLIAMSON Richie,WILLIAMSON Richie,WILLIAMSON Richie,BAKER Andrew,BAKER Andrew,WILLIAMSON Richie,BAKER Andrew
NSW_Local_Government_2016_Clarence_Valley_Council 9 seats.csv__hit143,WILLIAMSON Richie,TOMS Karen,WILLIAMSON Richie,WILLIAMSON Richie,WILLIAMSON Richie,WILLIAMSON Richie,WILLIAMSON Richie,BAKER Andrew,BAKER Andrew,WILLIAMSON Richie
NSW_Local_Government_2016_Clarence_Valley_Council 9 seats.csv__hit144,WILLIAMSON Richie,WILLIAMSON Richie,WILLIAMSON Richie,WILLIAMSON Richie,WILLIAMSON Richie,WILLIAMSON Richie,WILLIAMSON Richie,BAKER Andrew,BAKER Andrew,WILLIAMSON Richie
NSW_Local_Government_2016_Clarence_Valley_Council 9 seats.csv__hit145,WILLIAMSON Richie,BAKER Andrew,TOMS Karen,WILLIAMSON Richie,WILLIAMSON Richie,WILLIAMSON Richie,WILLIAMSON Richie,BAKER Andrew,BAKER Andrew,WILLIAMSON Richie
NSW_Local_Government_2016_Clarence_Valley_Council 9 seats.csv__hit146,WILLIAMSON Richie,TOMS Karen,WILLIAMSON Richie,WILLIAMSON Richie,WILLIAMSON Richie,WILLIAMSON Richie,WILLIAMSON Richie,BAKER Andrew,BAKER Andrew,WILLIAMSON Richie
NSW_Local_Government_2016_Clarence_Valley_Council 9 seats.csv__hit147,WILLIAMSON Richie,TOMS Karen,WILLIAMSON Richie,TOMS Karen,TOMS Karen,TOMS Karen,TOMS Karen,BAKER Andrew,BAKER Andrew,BAKER Andrew
NSW_Local_Government_2016_Clarence_Valley_Council 9 seats.csv__hit148,WILLIAMSON Richie,TOMS Karen,WILLIAMSON Richie,WILLIAMSON Richie,WILLIAMSON Richie,WILLIAMSON Richie,BAKER Andrew,BAKER Andrew,BAKER Andrew,WILLIAMSON Richie
NSW_Local_Government_2016_Clarence_Valley_Council 9 seats.csv__hit149,TOMS Karen,WILLIAMSON Richie,TOMS Karen,WILLIAMSON Richie,WILLIAMSON Richie,WILLIAMSON Richie,BAKER Andrew,BAKER Andrew,WILLIAMSON Richie,WILLIAMSON Richie
NSW_Local_Government_2016_Clarence_Valley_Council 9 seats.csv__hit150,WILLIAMSON Richie,WILLIAMSON Richie,WILLIAMSON Richie,TOMS Karen,WILLIAMSON Richie,WILLIAMSON Richie,BAKER Andrew,BAKER Andrew,BAKER Andrew,WILLIAMSON Richie
NSW_Local_Government_2016_Clarence_Valley_Council 9 seats.csv__hit151,WILLIAMSON Richie,WILLIAMSON Richie,WILLIAMSON Richie,WILLIAMSON Richie,WILLIAMSON Richie,WILLIAMSON Richie,WILLIAMSON Richie,BAKER Andrew,BAKER Andrew,WILLIAMSON Richie
NSW_Local_Government_2016_Clarence_Valley_Council 9 seats.csv__hit152,WILLIAMSON Richie,WILLIAMSON Richie,TOMS Karen,WILLIAMSON Richie,WILLIAMSON Richie,WILLIAMSON Richie,WILLIAMSON Richie,BAKER Andrew,BAKER Andrew,BAKER Andrew
NSW_Local_Government_2016_Clarence_Valley_Council 9 seats.csv__hit153,TOMS Karen,TOMS Karen,WILLIAMSON Richie,TOMS Karen,TOMS Karen,TOMS Karen,BAKER Andrew,BAKER Andrew,BAKER Andrew,WILLIAMSON Richie
NSW_Local_Government_2016_Clarence_Valley_Council 9 seats.csv__hit154,WILLIAMSON Richie,WILLIAMSON Richie,WILLIAMSON Richie,WILLIAMSON Richie,WILLIAMSON Richie,WILLIAMSON Richie,BAKER Andrew,BAKER Andrew,BAKER Andrew,WILLIAMSON Richie
NSW_Local_Government_2016_Clarence_Valley_Council 9 seats.csv__hit155,TOMS Karen,WILLIAMSON Richie,WILLIAMSON Richie,WILLIAMSON Richie,WILLIAMSON Richie,WILLIAMSON Richie,WILLIAMSON Richie,BAKER Andrew,BAKER Andrew,BAKER Andrew
NSW_Local_Government_2016_Clarence_Valley_Council 9 seats.csv__hit156,WILLIAMSON Richie,WILLIAMSON Richie,WILLIAMSON Richie,WILLIAMSON Richie,WILLIAMSON Richie,WILLIAMSON Richie,WILLIAMSON Richie,BAKER Andrew,BAKER Andrew,BAKER Andrew
NSW_Local_Government_2016_Clarence_Valley_Council 9 seats.csv__hit157,WILLIAMSON Richie,WILLIAMSON Richie,WILLIAMSON Richie,WILLIAMSON Richie,WILLIAMSON Richie,WILLIAMSON Richie,BAKER Andrew,BAKER Andrew,BAKER Andrew,BAKER Andrew
NSW_Local_Government_2016_Clarence_Valley_Council 9 seats.csv__hit158,WILLIAMSON Richie,TOMS Karen,TOMS Karen,WILLIAMSON Richie,WILLIAMSON Richie,WILLIAMSON Richie,BAKER Andrew,BAKER Andrew,BAKER Andrew,BAKER Andrew
NSW_Local_Government_2016_Clarence_Valley_Council 9 seats.csv__hit159,TOMS Karen,TOMS Karen,WILLIAMSON Richie,WILLIAMSON Richie,WILLIAMSON Richie,BAKER Andrew,BAKER Andrew,BAKER Andrew,BAKER Andrew,BAKER Andrew
NSW_Local_Government_2016_Clarence_Valley_Council 9 seats.csv__hit160,TOMS Karen,KINGSLEY Jason,TOMS Karen,KINGSLEY Jason,KINGSLEY Jason,KINGSLEY Jason,BAKER Andrew,KINGSLEY Jason,KINGSLEY Jason,BAKER Andrew
NSW_Local_Government_2016_Clarence_Valley_Council 9 seats.csv__hit161,WILLIAMSON Richie,TOMS Karen,WILLIAMSON Richie,WILLIAMSON Richie,WILLIAMSON Richie,WILLIAMSON Richie,WILLIAMSON Richie,BAKER Andrew,BAKER Andrew,WILLIAMSON Richie
NSW_Local_Government_2016_Clarence_Valley_Council 9 seats.csv__hit162,WILLIAMSON Richie,BAKER Andrew,WILLIAMSON Richie,WILLIAMSON Richie,WILLIAMSON Richie,WILLIAMSON Richie,WILLIAMSON Richie,BAKER Andrew,BAKER Andrew,WILLIAMSON Richie
NSW_Local_Government_2016_Clarence_Valley_Council 9 seats.csv__hit163,WILLIAMSON Richie,WILLIAMSON Richie,BAKER Andrew,WILLIAMSON Richie,WILLIAMSON Richie,WILLIAMSON Richie,WILLIAMSON Richie,BAKER Andrew,BAKER Andrew,BAKER Andrew
NSW_Local_Government_2016_Clarence_Valley_Council 9 seats.csv__hit164,WILLIAMSON Richie,WILLIAMSON Richie,WILLIAMSON Richie,WILLIAMSON Richie,WILLIAMSON Richie,WILLIAMSON Richie,BAKER Andrew,BAKER Andrew,BAKER Andrew,WILLIAMSON Richie
NSW_Local_Government_2016_Clarence_Valley_Council 9 seats.csv__hit165,WILLIAMSON Richie,WILLIAMSON Richie,WILLIAMSON Richie,WILLIAMSON Richie,WILLIAMSON Richie,WILLIAMSON Richie,BAKER Andrew,BAKER Andrew,BAKER Andrew,BAKER Andrew
NSW_Local_Government_2016_Clarence_Valley_Council 9 seats.csv__hit166,TOMS Karen,WILLIAMSON Richie,WILLIAMSON Richie,WILLIAMSON Richie,WILLIAMSON Richie,WILLIAMSON Richie,BAKER Andrew,BAKER Andrew,BAKER Andrew,BAKER Andrew
NSW_Local_Government_2016_Clarence_Valley_Council 9 seats.csv__hit167,WILLIAMSON Richie,BAKER Andrew,WILLIAMSON Richie,WILLIAMSON Richie,WILLIAMSON Richie,WILLIAMSON Richie,WILLIAMSON Richie,BAKER Andrew,BAKER Andrew,WILLIAMSON Richie
NSW_Local_Government_2016_Clarence_Valley_Council 9 seats.csv__hit168,WILLIAMSON Richie,WILLIAMSON Richie,WILLIAMSON Richie,WILLIAMSON Richie,WILLIAMSON Richie,WILLIAMSON Richie,WILLIAMSON Richie,BAKER Andrew,WILLIAMSON Richie,WILLIAMSON Richie
NSW_Local_Government_2016_Clarence_Valley_Council 9 seats.csv__hit169,TOMS Karen,TOMS Karen,WILLIAMSON Richie,WILLIAMSON Richie,WILLIAMSON Richie,WILLIAMSON Richie,BAKER Andrew,BAKER Andrew,WILLIAMSON Richie,WILLIAMSON Richie
NSW_Local_Government_2016_Clarence_Valley_Council 9 seats.csv__hit170,BAKER Andrew,BAKER Andrew,BAKER Andrew,WILLIAMSON Richie,WILLIAMSON Richie,WILLIAMSON Richie,BAKER Andrew,BAKER Andrew,BAKER Andrew,BAKER Andrew
NSW_Local_Government_2016_Clarence_Valley_Council 9 seats.csv__hit171,TOMS Karen,BAKER Andrew,WILLIAMSON Richie,WILLIAMSON Richie,WILLIAMSON Richie,WILLIAMSON Richie,WILLIAMSON Richie,BAKER Andrew,BAKER Andrew,WILLIAMSON Richie
NSW_Local_Government_2016_Clarence_Valley_Council 9 seats.csv__hit172,WILLIAMSON Richie,WILLIAMSON Richie,WILLIAMSON Richie,WILLIAMSON Richie,WILLIAMSON Richie,WILLIAMSON Richie,BAKER Andrew,BAKER Andrew,WILLIAMSON Richie,WILLIAMSON Richie
NSW_Local_Government_2016_Clarence_Valley_Council 9 seats.csv__hit173,TOMS Karen,WILLIAMSON Richie,WILLIAMSON Richie,WILLIAMSON Richie,WILLIAMSON Richie,WILLIAMSON Richie,WILLIAMSON Richie,BAKER Andrew,WILLIAMSON Richie,WILLIAMSON Richie
NSW_Local_Government_2016_Clarence_Valley_Council 9 seats.csv__hit174,WILLIAMSON Richie,TOMS Karen,WILLIAMSON Richie,WILLIAMSON Richie,WILLIAMSON Richie,WILLIAMSON Richie,WILLIAMSON Richie,WILLIAMSON Richie,WILLIAMSON Richie,BAKER Andrew
NSW_Local_Government_2016_Clarence_Valley_Council 9 seats.csv__hit175,WILLIAMSON Richie,TOMS Karen,TOMS Karen,WILLIAMSON Richie,WILLIAMSON Richie,WILLIAMSON Richie,BAKER Andrew,BAKER Andrew,BAKER Andrew,WILLIAMSON Richie
NSW_Local_Government_2016_Clarence_Valley_Council 9 seats.csv__hit176,WILLIAMSON Richie,WILLIAMSON Richie,WILLIAMSON Richie,WILLIAMSON Richie,WILLIAMSON Richie,WILLIAMSON Richie,WILLIAMSON Richie,BAKER Andrew,WILLIAMSON Richie,BAKER Andrew
NSW_Local_Government_2016_Clarence_Valley_Council 9 seats.csv__hit177,TOMS Karen,TOMS Karen,TOMS Karen,TOMS Karen,TOMS Karen,TOMS Karen,BAKER Andrew,BAKER Andrew,BAKER Andrew,WILLIAMSON Richie
NSW_Local_Government_2016_Clarence_Valley_Council 9 seats.csv__hit178,WILLIAMSON Richie,WILLIAMSON Richie,WILLIAMSON Richie,TOMS Karen,WILLIAMSON Richie,WILLIAMSON Richie,WILLIAMSON Richie,BAKER Andrew,BAKER Andrew,WILLIAMSON Richie
NSW_Local_Government_2016_Clarence_Valley_Council 9 seats.csv__hit179,TOMS Karen,BAKER Andrew,WILLIAMSON Richie,WILLIAMSON Richie,WILLIAMSON Richie,WILLIAMSON Richie,WILLIAMSON Richie,BAKER Andrew,BAKER Andrew,BAKER Andrew
NSW_Local_Government_2016_Clarence_Valley_Council 9 seats.csv__hit180,TOMS Karen,WILLIAMSON Richie,TOMS Karen,WILLIAMSON Richie,WILLIAMSON Richie,WILLIAMSON Richie,BAKER Andrew,BAKER Andrew,WILLIAMSON Richie,WILLIAMSON Richie
NSW_Local_Government_2016_Clarence_Valley_Council 9 seats.csv__hit181,WILLIAMSON Richie,TOMS Karen,WILLIAMSON Richie,WILLIAMSON Richie,WILLIAMSON Richie,WILLIAMSON Richie,WILLIAMSON Richie,BAKER Andrew,BAKER Andrew,BAKER Andrew
NSW_Local_Government_2016_Clarence_Valley_Council 9 seats.csv__hit182,WILLIAMSON Richie,BAKER Andrew,TOMS Karen,TOMS Karen,TOMS Karen,TOMS Karen,BAKER Andrew,BAKER Andrew,BAKER Andrew,WILLIAMSON Richie
NSW_Local_Government_2016_Clarence_Valley_Council 9 seats.csv__hit183,WILLIAMSON Richie,TOMS Karen,WILLIAMSON Richie,WILLIAMSON Richie,WILLIAMSON Richie,WILLIAMSON Richie,WILLIAMSON Richie,BAKER Andrew,WILLIAMSON Richie,BAKER Andrew
NSW_Local_Government_2016_Clarence_Valley_Council 9 seats.csv__hit184,WILLIAMSON Richie,WILLIAMSON Richie,WILLIAMSON Richie,WILLIAMSON Richie,WILLIAMSON Richie,WILLIAMSON Richie,BAKER Andrew,BAKER Andrew,BAKER Andrew,BAKER Andrew
NSW_Local_Government_2016_Clarence_Valley_Council 9 seats.csv__hit185,WILLIAMSON Richie,WILLIAMSON Richie,WILLIAMSON Richie,WILLIAMSON Richie,WILLIAMSON Richie,WILLIAMSON Richie,BAKER Andrew,BAKER Andrew,WILLIAMSON Richie,WILLIAMSON Richie
NSW_Local_Government_2016_Clarence_Valley_Council 9 seats.csv__hit186,WILLIAMSON Richie,WILLIAMSON Richie,WILLIAMSON Richie,WILLIAMSON Richie,WILLIAMSON Richie,WILLIAMSON Richie,WILLIAMSON Richie,WILLIAMSON Richie,WILLIAMSON Richie,WILLIAMSON Richie
NSW_Local_Government_2016_Clarence_Valley_Council 9 seats.csv__hit187,WILLIAMSON Richie,TOMS Karen,WILLIAMSON Richie,WILLIAMSON Richie,WILLIAMSON Richie,WILLIAMSON Richie,BAKER Andrew,BAKER Andrew,BAKER Andrew,WILLIAMSON Richie
NSW_Local_Government_2016_Clarence_Valley_Council 9 seats.csv__hit188,WILLIAMSON Richie,BAKER Andrew,WILLIAMSON Richie,WILLIAMSON Richie,WILLIAMSON Richie,WILLIAMSON Richie,BAKER Andrew,BAKER Andrew,BAKER Andrew,BAKER Andrew
NSW_Local_Government_2016_Clarence_Valley_Council 9 seats.csv__hit189,WILLIAMSON Richie,TOMS Karen,TOMS Karen,WILLIAMSON Richie,WILLIAMSON Richie,WILLIAMSON Richie,BAKER Andrew,BAKER Andrew,WILLIAMSON Richie,WILLIAMSON Richie
NSW_Local_Government_2016_Clarence_Valley_Council 9 seats.csv__hit190,WILLIAMSON Richie,WILLIAMSON Richie,WILLIAMSON Richie,WILLIAMSON Richie,WILLIAMSON Richie,WILLIAMSON Richie,BAKER Andrew,BAKER Andrew,WILLIAMSON Richie,WILLIAMSON Richie
NSW_Local_Government_2016_Clarence_Valley_Council 9 seats.csv__hit191,WILLIAMSON Richie,BAKER Andrew,WILLIAMSON Richie,WILLIAMSON Richie,WILLIAMSON Richie,WILLIAMSON Richie,BAKER Andrew,BAKER Andrew,WILLIAMSON Richie,WILLIAMSON Richie
NSW_Local_Government_2016_Clarence_Valley_Council 9 seats.csv__hit192,WILLIAMSON Richie,WILLIAMSON Richie,WILLIAMSON Richie,WILLIAMSON Richie,WILLIAMSON Richie,WILLIAMSON Richie,BAKER Andrew,BAKER Andrew,WILLIAMSON Richie,WILLIAMSON Richie
NSW_Local_Government_2016_Clarence_Valley_Council 9 seats.csv__hit193,WILLIAMSON Richie,WILLIAMSON Richie,WILLIAMSON Richie,WILLIAMSON Richie,WILLIAMSON Richie,WILLIAMSON Richie,WILLIAMSON Richie,BAKER Andrew,WILLIAMSON Richie,WILLIAMSON Richie
NSW_Local_Government_2016_Clarence_Valley_Council 9 seats.csv__hit194,WILLIAMSON Richie,WILLIAMSON Richie,WILLIAMSON Richie,WILLIAMSON Richie,WILLIAMSON Richie,WILLIAMSON Richie,BAKER Andrew,BAKER Andrew,BAKER Andrew,BAKER Andrew
NSW_Local_Government_2016_Clarence_Valley_Council 9 seats.csv__hit195,TOMS Karen,WILLIAMSON Richie,WILLIAMSON Richie,WILLIAMSON Richie,WILLIAMSON Richie,WILLIAMSON Richie,BAKER Andrew,BAKER Andrew,BAKER Andrew,WILLIAMSON Richie
NSW_Local_Government_2016_Clarence_Valley_Council 9 seats.csv__hit196,WILLIAMSON Richie,BAKER Andrew,WILLIAMSON Richie,WILLIAMSON Richie,WILLIAMSON Richie,WILLIAMSON Richie,WILLIAMSON Richie,BAKER Andrew,WILLIAMSON Richie,WILLIAMSON Richie
NSW_Local_Government_2016_Clarence_Valley_Council 9 seats.csv__hit197,WILLIAMSON Richie,WILLIAMSON Richie,TOMS Karen,WILLIAMSON Richie,WILLIAMSON Richie,WILLIAMSON Richie,WILLIAMSON Richie,WILLIAMSON Richie,BAKER Andrew,BAKER Andrew
NSW_Local_Government_2016_Clarence_Valley_Council 9 seats.csv__hit198,WILLIAMSON Richie,TOMS Karen,WILLIAMSON Richie,WILLIAMSON Richie,WILLIAMSON Richie,WILLIAMSON Richie,BAKER Andrew,BAKER Andrew,BAKER Andrew,BAKER Andrew
NSW_Local_Government_2016_Clarence_Valley_Council 9 seats.csv__hit199,TOMS Karen,TOMS Karen,WILLIAMSON Richie,WILLIAMSON Richie,WILLIAMSON Richie,WILLIAMSON Richie,WILLIAMSON Richie,BAKER Andrew,BAKER Andrew,BAKER Andrew
NSW_Local_Government_2024_Ballina_-_C_Ward 3 seats.csv__hit0,CHATE Simon,CHATE Simon,CHATE Simon,CHATE Simon,CHATE Simon,CHATE Simon,CHATE Simon,CHATE Simon,CHATE Simon,CHATE Simon
NSW_Local_Government_2024_Ballina_-_C_Ward 3 seats.csv__hit1,CHATE Simon,CHATE Simon,CHATE Simon,BARRETT Shona,CHATE Simon,CHATE Simon,CHATE Simon,CHATE Simon,CHATE Simon,CHATE Simon
NSW_Local_Government_2024_Ballina_-_C_Ward 3 seats.csv__hit2,KINNY Simon,KINNY Simon,CHATE Simon,CHATE Simon,KINNY Simon,KINNY Simon,KINNY Simon,KINNY Simon,KINNY Simon,KINNY Simon
NSW_Local_Government_2024_Ballina_-_C_Ward 3 seats.csv__hit3,KINNY Simon,CHATE Simon,KINNY Simon,BARRETT Shona,CHATE Simon,KINNY Simon,KINNY Simon,KINNY Simon,KINNY Simon,KINNY Simon
NSW_Local_Government_2024_Ballina_-_C_Ward 3 seats.csv__hit4,KINNY Simon,CHATE Simon,KINNY Simon,BARRETT Shona,KINNY Simon,KINNY Simon,KINNY Simon,KINNY Simon,KINNY Simon,KINNY Simon
NSW_Local_Government_2024_Ballina_-_C_Ward 3 seats.csv__hit5,KINNY Simon,KINNY Simon,KINNY Simon,BARRETT Shona,CHATE Simon,KINNY Simon,KINNY Simon,KINNY Simon,KINNY Simon,KINNY Simon
NSW_Local_Government_2024_Ballina_-_C_Ward 3 seats.csv__hit6,BARRETT Shona,CHATE Simon,KINNY Simon,CHATE Simon,CHATE Simon,KINNY Simon,KINNY Simon,KINNY Simon,KINNY Simon,KINNY Simon
NSW_Local_Government_2024_Ballina_-_C_Ward 3 seats.csv__hit7,KINNY Simon,KINNY Simon,KINNY Simon,BARRETT Shona,KINNY Simon,CHATE Simon,KINNY Simon,KINNY Simon,KINNY Simon,KINNY Simon
NSW_Local_Government_2024_Ballina_-_C_Ward 3 seats.csv__hit8,BARRETT Shona,KINNY Simon,KINNY Simon,KINNY Simon,KINNY Simon,KINNY Simon,KINNY Simon,KINNY Simon,KINNY Simon,KINNY Simon
NSW_Local_Government_2024_Ballina_-_C_Ward 3 seats.csv__hit9,KINNY Simon,KINNY Simon,KINNY Simon,BARRETT Shona,CHATE Simon,KINNY Simon,KINNY Simon,KINNY Simon,KINNY Simon,KINNY Simon
NSW_Local_Government_2024_Ballina_-_C_Ward 3 seats.csv__hit10,KINNY Simon,KINNY Simon,KINNY Simon,BARRETT Shona,CHATE Simon,KINNY Simon,KINNY Simon,KINNY Simon,KINNY Simon,KINNY Simon
NSW_Local_Government_2024_Ballina_-_C_Ward 3 seats.csv__hit11,BARRETT Shona,KINNY Simon,KINNY Simon,CHATE Simon,KINNY Simon,KINNY Simon,KINNY Simon,KINNY Simon,KINNY Simon,KINNY Simon
NSW_Local_Government_2024_Ballina_-_C_Ward 3 seats.csv__hit12,CHATE Simon,CHATE Simon,CHATE Simon,BARRETT Shona,CHATE Simon,CHATE Simon,CHATE Simon,CHATE Simon,CHATE Simon,CHATE Simon
NSW_Local_Government_2024_Ballina_-_C_Ward 3 seats.csv__hit13,KINNY Simon,KINNY Simon,KINNY Simon,CHATE Simon,KINNY Simon,KINNY Simon,KINNY Simon,KINNY Simon,KINNY Simon,KINNY Simon
NSW_Local_Government_2024_Ballina_-_C_Ward 3 seats.csv__hit14,CHATE Simon,CHATE Simon,KINNY Simon,KINNY Simon,CHATE Simon,CHATE Simon,KINNY Simon,KINNY Simon,KINNY Simon,KINNY Simon
NSW_Local_Government_2024_Ballina_-_C_Ward 3 seats.csv__hit15,KINNY Simon,KINNY Simon,KINNY Simon,BARRETT Shona,KINNY Simon,KINNY Simon,KINNY Simon,KINNY Simon,KINNY Simon,KINNY Simon
NSW_Local_Government_2024_Ballina_-_C_Ward 3 seats.csv__hit16,KINNY Simon,CHATE Simon,KINNY Simon,BARRETT Shona,CHATE Simon,KINNY Simon,KINNY Simon,KINNY Simon,KINNY Simon,KINNY Simon
NSW_Local_Government_2024_Ballina_-_C_Ward 3 seats.csv__hit17,KINNY Simon,KINNY Simon,KINNY Simon,KINNY Simon,CHATE Simon,KINNY Simon,KINNY Simon,KINNY Simon,KINNY Simon,KINNY Simon
NSW_Local_Government_2024_Ballina_-_C_Ward 3 seats.csv__hit18,KINNY Simon,CHATE Simon,KINNY Simon,BARRETT Shona,KINNY Simon,KINNY Simon,KINNY Simon,KINNY Simon,KINNY Simon,KINNY Simon
NSW_Local_Government_2024_Ballina_-_C_Ward 3 seats.csv__hit19,KINNY Simon,KINNY Simon,KINNY Simon,KINNY Simon,CROLLICK Therese,KINNY Simon,KINNY Simon,KINNY Simon,KINNY Simon,KINNY Simon
NSW_Local_Government_2024_Ballina_-_C_Ward 3 seats.csv__hit20,KINNY Simon,CHATE Simon,KINNY Simon,KINNY Simon,KINNY Simon,KINNY Simon,KINNY Simon,KINNY Simon,KINNY Simon,KINNY Simon
NSW_Local_Government_2024_Ballina_-_C_Ward 3 seats.csv__hit21,BARRETT Shona,KINNY Simon,KINNY Simon,KINNY Simon,CHATE Simon,KINNY Simon,KINNY Simon,KINNY Simon,KINNY Simon,KINNY Simon
NSW_Local_Government_2024_Ballina_-_C_Ward 3 seats.csv__hit22,KINNY Simon,KINNY Simon,KINNY Simon,CHATE Simon,KINNY Simon,KINNY Simon,KINNY Simon,KINNY Simon,KINNY Simon,KINNY Simon
NSW_Local_Government_2024_Ballina_-_C_Ward 3 seats.csv__hit23,KINNY Simon,KINNY Simon,KINNY Simon,BARRETT Shona,BARRETT Shona,CHATE Simon,KINNY Simon,KINNY Simon,KINNY Simon,KINNY Simon
NSW_Local_Government_2024_Ballina_-_C_Ward 3 seats.csv__hit24,KINNY Simon,CHATE Simon,KINNY Simon,BARRETT Shona,CHATE Simon,KINNY Simon,KINNY Simon,KINNY Simon,KINNY Simon,KINNY Simon
NSW_Local_Government_2024_Ballina_-_C_Ward 3 seats.csv__hit25,CROLLICK Therese,CHATE Simon,KINNY Simon,CHATE Simon,KINNY Simon,KINNY Simon,KINNY Simon,KINNY Simon,KINNY Simon,KINNY Simon
NSW_Local_Government_2024_Ballina_-_C_Ward 3 seats.csv__hit26,KINNY Simon,CHATE Simon,KINNY Simon,BARRETT Shona,CHATE Simon,KINNY Simon,KINNY Simon,KINNY Simon,KINNY Simon,KINNY Simon
NSW_Local_Government_2024_Ballina_-_C_Ward 3 seats.csv__hit27,CHATE Simon,CHATE Simon,CHATE Simon,CHATE Simon,CHATE Simon,CHATE Simon,CHATE Simon,CHATE Simon,CHATE Simon,CHATE Simon
NSW_Local_Government_2024_Ballina_-_C_Ward 3 seats.csv__hit28,KINNY Simon,KINNY Simon,KINNY Simon,BARRETT Shona,BARRETT Shona,CHATE Simon,KINNY Simon,KINNY Simon,KINNY Simon,KINNY Simon
NSW_Local_Government_2024_Ballina_-_C_Ward 3 seats.csv__hit29,CHATE Simon,CHATE Simon,CHATE Simon,CHATE Simon,CHATE Simon,CHATE Simon,CHATE Simon,CHATE Simon,CHATE Simon,CHATE Simon
NSW_Local_Government_2024_Ballina_-_C_Ward 3 seats.csv__hit30,KINNY Simon,KINNY Simon,KINNY Simon,CHATE Simon,CHATE Simon,CHATE Simon,KINNY Simon,KINNY Simon,KINNY Simon,KINNY Simon
NSW_Local_Government_2024_Ballina_-_C_Ward 3 seats.csv__hit31,KINNY Simon,KINNY Simon,KINNY Simon,BARRETT Shona,CHATE Simon,KINNY Simon,KINNY Simon,KINNY Simon,KINNY Simon,KINNY Simon
NSW_Local_Government_2024_Ballina_-_C_Ward 3 seats.csv__hit32,KINNY Simon,KINNY Simon,CHATE Simon,CHATE Simon,CHATE Simon,KINNY Simon,KINNY Simon,KINNY Simon,KINNY Simon,KINNY Simon
NSW_Local_Government_2024_Ballina_-_C_Ward 3 seats.csv__hit33,BARRETT Shona,CHATE Simon,KINNY Simon,KINNY Simon,CHATE Simon,KINNY Simon,KINNY Simon,KINNY Simon,KINNY Simon,KINNY Simon
NSW_Local_Government_2024_Ballina_-_C_Ward 3 seats.csv__hit34,CHATE Simon,CHATE Simon,CHATE Simon,BARRETT Shona,CHATE Simon,CHATE Simon,CHATE Simon,CHATE Simon,CHATE Simon,CHATE Simon
NSW_Local_Government_2024_Ballina_-_C_Ward 3 seats.csv__hit35,CHATE Simon,CHATE Simon,CHATE Simon,BARRETT Shona,CHATE Simon,CHATE Simon,CHATE Simon,CHATE Simon,CHATE Simon,CHATE Simon
NSW_Local_Government_2024_Ballina_-_C_Ward 3 seats.csv__hit36,BARRETT Shona,KINNY Simon,KINNY Simon,CHATE Simon,BARRETT Shona,KINNY Simon,KINNY Simon,KINNY Simon,KINNY Simon,KINNY Simon
NSW_Local_Government_2024_Ballina_-_C_Ward 3 seats.csv__hit37,CHATE Simon,CHATE Simon,CHATE Simon,BARRETT Shona,CHATE Simon,CHATE Simon,CHATE Simon,CHATE Simon,CHATE Simon,CHATE Simon
NSW_Local_Government_2024_Ballina_-_C_Ward 3 seats.csv__hit38,BARRETT Shona,CHATE Simon,CHATE Simon,CHATE Simon,CHATE Simon,CHATE Simon,CHATE Simon,CHATE Simon,CHATE Simon,CHATE Simon
NSW_Local_Government_2024_Ballina_-_C_Ward 3 seats.csv__hit39,KINNY Simon,CHATE Simon,KINNY Simon,CHATE Simon,KINNY Simon,KINNY Simon,KINNY Simon,KINNY Simon,KINNY Simon,KINNY Simon
NSW_Local_Government_2024_Ballina_-_C_Ward 3 seats.csv__hit40,CHATE Simon,KINNY Simon,KINNY Simon,CHATE Simon,KINNY Simon,KINNY Simon,KINNY Simon,KINNY Simon,KINNY Simon,KINNY Simon
NSW_Local_Government_2024_Ballina_-_C_Ward 3 seats.csv__hit41,CHATE Simon,CHATE Simon,CHATE Simon,BARRETT Shona,CHATE Simon,CHATE Simon,CHATE Simon,CHATE Simon,CHATE Simon,CHATE Simon
NSW_Local_Government_2024_Ballina_-_C_Ward 3 seats.csv__hit42,BARRETT Shona,KINNY Simon,CHATE Simon,BARRETT Shona,CHATE Simon,KINNY Simon,KINNY Simon,KINNY Simon,KINNY Simon,KINNY Simon
NSW_Local_Government_2024_Ballina_-_C_Ward 3 seats.csv__hit43,BARRETT Shona,CHATE Simon,KINNY Simon,KINNY Simon,CHATE Simon,KINNY Simon,KINNY Simon,KINNY Simon,KINNY Simon,KINNY Simon
NSW_Local_Government_2024_Ballina_-_C_Ward 3 seats.csv__hit44,CHATE Simon,CHATE Simon,CHATE Simon,CHATE Simon,CHATE Simon,CHATE Simon,CHATE Simon,CHATE Simon,CHATE Simon,CHATE Simon
NSW_Local_Government_2024_Ballina_-_C_Ward 3 seats.csv__hit45,BARRETT Shona,CHATE Simon,CHATE Simon,BARRETT Shona,BARRETT Shona,KINNY Simon,KINNY Simon,KINNY Simon,KINNY Simon,KINNY Simon
NSW_Local_Government_2024_Ballina_-_C_Ward 3 seats.csv__hit46,KINNY Simon,CHATE Simon,KINNY Simon,BARRETT Shona,KINNY Simon,KINNY Simon,KINNY Simon,KINNY Simon,KINNY Simon,KINNY Simon
NSW_Local_Government_2024_Ballina_-_C_Ward 3 seats.csv__hit47,BARRETT Shona,CHATE Simon,CHATE Simon,CHATE Simon,CHATE Simon,CHATE Simon,CHATE Simon,CHATE Simon,CHATE Simon,CHATE Simon
NSW_Local_Government_2024_Ballina_-_C_Ward 3 seats.csv__hit48,KINNY Simon,KINNY Simon,KINNY Simon,KINNY Simon,CHATE Simon,KINNY Simon,KINNY Simon,KINNY Simon,KINNY Simon,KINNY Simon
NSW_Local_Government_2024_Ballina_-_C_Ward 3 seats.csv__hit49,KINNY Simon,KINNY Simon,KINNY Simon,BARRETT Shona,KINNY Simon,KINNY Simon,KINNY Simon,KINNY Simon,KINNY Simon,KINNY Simon
NSW_Local_Government_2024_Ballina_-_C_Ward 3 seats.csv__hit50,KINNY Simon,KINNY Simon,KINNY Simon,BARRETT Shona,CHATE Simon,KINNY Simon,CHATE Simon,KINNY Simon,KINNY Simon,KINNY Simon
NSW_Local_Government_2024_Ballina_-_C_Ward 3 seats.csv__hit51,KINNY Simon,KINNY Simon,KINNY Simon,KINNY Simon,KINNY Simon,KINNY Simon,KINNY Simon,KINNY Simon,KINNY Simon,KINNY Simon
NSW_Local_Government_2024_Ballina_-_C_Ward 3 seats.csv__hit52,KINNY Simon,KINNY Simon,KINNY Simon,BARRETT Shona,CHATE Simon,KINNY Simon,KINNY Simon,KINNY Simon,KINNY Simon,KINNY Simon
NSW_Local_Government_2024_Ballina_-_C_Ward 3 seats.csv__hit53,BARRETT Shona,KINNY Simon,KINNY Simon,BARRETT Shona,CHATE Simon,CHATE Simon,KINNY Simon,KINNY Simon,KINNY Simon,KINNY Simon
NSW_Local_Government_2024_Ballina_-_C_Ward 3 seats.csv__hit54,KINNY Simon,CHATE Simon,KINNY Simon,KINNY Simon,CHATE Simon,KINNY Simon,CHATE Simon,KINNY Simon,KINNY Simon,KINNY Simon
NSW_Local_Government_2024_Ballina_-_C_Ward 3 seats.csv__hit55,KINNY Simon,KINNY Simon,KINNY Simon,CHATE Simon,CHATE Simon,KINNY Simon,KINNY Simon,KINNY Simon,KINNY Simon,KINNY Simon
NSW_Local_Government_2024_Ballina_-_C_Ward 3 seats.csv__hit56,BARRETT Shona,CHATE Simon,KINNY Simon,BARRETT Shona,KINNY Simon,KINNY Simon,KINNY Simon,KINNY Simon,KINNY Simon,KINNY Simon
NSW_Local_Government_2024_Ballina_-_C_Ward 3 seats.csv__hit57,CHATE Simon,CHATE Simon,CHATE Simon,CHATE Simon,BARRETT Shona,CHATE Simon,CHATE Simon,CHATE Simon,CHATE Simon,CHATE Simon
NSW_Local_Government_2024_Ballina_-_C_Ward 3 seats.csv__hit58,BARRETT Shona,KINNY Simon,KINNY Simon,KINNY Simon,KINNY Simon,KINNY Simon,KINNY Simon,KINNY Simon,KINNY Simon,KINNY Simon
NSW_Local_Government_2024_Ballina_-_C_Ward 3 seats.csv__hit59,CHATE Simon,CHATE Simon,CHATE Simon,CHATE Simon,CHATE Simon,CHATE Simon,CHATE Simon,CHATE Simon,CHATE Simon,CHATE Simon
NSW_Local_Government_2024_Ballina_-_C_Ward 3 seats.csv__hit60,KINNY Simon,CHATE Simon,KINNY Simon,CHATE Simon,CHATE Simon,CROLLICK Therese,KINNY Simon,KINNY Simon,KINNY Simon,KINNY Simon
NSW_Local_Government_2024_Ballina_-_C_Ward 3 seats.csv__hit61,BARRETT Shona,CHATE Simon,KINNY Simon,CHATE Simon,KINNY Simon,CHATE Simon,KINNY Simon,KINNY Simon,KINNY Simon,KINNY Simon
NSW_Local_Government_2024_Ballina_-_C_Ward 3 seats.csv__hit62,BARRETT Shona,KINNY Simon,KINNY Simon,BARRETT Shona,KINNY Simon,CHATE Simon,KINNY Simon,KINNY Simon,KINNY Simon,KINNY Simon
NSW_Local_Government_2024_Ballina_-_C_Ward 3 seats.csv__hit63,KINNY Simon,KINNY Simon,KINNY Simon,BARRETT Shona,KINNY Simon,CHATE Simon,KINNY Simon,KINNY Simon,KINNY Simon,KINNY Simon
NSW_Local_Government_2024_Ballina_-_C_Ward 3 seats.csv__hit64,BARRETT Shona,KINNY Simon,CHATE Simon,CHATE Simon,KINNY Simon,KINNY Simon,KINNY Simon,KINNY Simon,KINNY Simon,KINNY Simon
NSW_Local_Government_2024_Ballina_-_C_Ward 3 seats.csv__hit65,BARRETT Shona,KINNY Simon,KINNY Simon,BARRETT Shona,KINNY Simon,KINNY Simon,KINNY Simon,KINNY Simon,KINNY Simon,KINNY Simon
NSW_Local_Government_2024_Ballina_-_C_Ward 3 seats.csv__hit66,CHATE Simon,CHATE Simon,CHATE Simon,BARRETT Shona,CHATE Simon,CHATE Simon,CHATE Simon,CHATE Simon,CHATE Simon,CHATE Simon
NSW_Local_Government_2024_Ballina_-_C_Ward 3 seats.csv__hit67,KINNY Simon,KINNY Simon,KINNY Simon,BARRETT Shona,CHATE Simon,KINNY Simon,KINNY Simon,KINNY Simon,KINNY Simon,KINNY Simon
NSW_Local_Government_2024_Ballina_-_C_Ward 3 seats.csv__hit68,CHATE Simon,CHATE Simon,CHATE Simon,CHATE Simon,CHATE Simon,CHATE Simon,CHATE Simon,CHATE Simon,CHATE Simon,CHATE Simon
NSW_Local_Government_2024_Ballina_-_C_Ward 3 seats.csv__hit69,BARRETT Shona,KINNY Simon,KINNY Simon,BARRETT Shona,CHATE Simon,KINNY Simon,KINNY Simon,KINNY Simon,KINNY Simon,KINNY Simon
NSW_Local_Government_2024_Ballina_-_C_Ward 3 seats.csv__hit70,CHATE Simon,CHATE Simon,CHATE Simon,BARRETT Shona,CHATE Simon,CHATE Simon,CHATE Simon,CHATE Simon,CHATE Simon,CHATE Simon
NSW_Local_Government_2024_Ballina_-_C_Ward 3 seats.csv__hit71,KINNY Simon,KINNY Simon,KINNY Simon,BARRETT Shona,CHATE Simon,KINNY Simon,KINNY Simon,KINNY Simon,KINNY Simon,KINNY Simon
NSW_Local_Government_2024_Ballina_-_C_Ward 3 seats.csv__hit72,KINNY Simon,KINNY Simon,KINNY Simon,BARRETT Shona,CHATE Simon,KINNY Simon,KINNY Simon,KINNY Simon,KINNY Simon,KINNY Simon
NSW_Local_Government_2024_Ballina_-_C_Ward 3 seats.csv__hit73,KINNY Simon,CHATE Simon,KINNY Simon,CHATE Simon,CHATE Simon,CHATE Simon,KINNY Simon,KINNY Simon,KINNY Simon,KINNY Simon
NSW_Local_Government_2024_Ballina_-_C_Ward 3 seats.csv__hit74,KINNY Simon,CHATE Simon,KINNY Simon,CHATE Simon,BARRETT Shona,KINNY Simon,KINNY Simon,KINNY Simon,KINNY Simon,KINNY Simon
NSW_Local_Government_2024_Ballina_-_C_Ward 3 seats.csv__hit75,KINNY Simon,CHATE Simon,KINNY Simon,CHATE Simon,CROLLICK Therese,CHATE Simon,KINNY Simon,KINNY Simon,KINNY Simon,KINNY Simon
NSW_Local_Government_2024_Ballina_-_C_Ward 3 seats.csv__hit76,KINNY Simon,KINNY Simon,KINNY Simon,BARRETT Shona,CHATE Simon,CHATE Simon,KINNY Simon,KINNY Simon,KINNY Simon,KINNY Simon
NSW_Local_Government_2024_Ballina_-_C_Ward 3 seats.csv__hit77,BARRETT Shona,KINNY Simon,KINNY Simon,BARRETT Shona,CROLLICK Therese,KINNY Simon,KINNY Simon,KINNY Simon,KINNY Simon,KINNY Simon
NSW_Local_Government_2024_Ballina_-_C_Ward 3 seats.csv__hit78,KINNY Simon,CHATE Simon,KINNY Simon,BARRETT Shona,KINNY Simon,KINNY Simon,KINNY Simon,KINNY Simon,KINNY Simon,KINNY Simon
NSW_Local_Government_2024_Ballina_-_C_Ward 3 seats.csv__hit79,KINNY Simon,CHATE Simon,KINNY Simon,BARRETT Shona,CHATE Simon,KINNY Simon,KINNY Simon,KINNY Simon,KINNY Simon,KINNY Simon
NSW_Local_Government_2024_Ballina_-_C_Ward 3 seats.csv__hit80,KINNY Simon,KINNY Simon,KINNY Simon,KINNY Simon,CHATE Simon,KINNY Simon,KINNY Simon,KINNY Simon,KINNY Simon,KINNY Simon
NSW_Local_Government_2024_Ballina_-_C_Ward 3 seats.csv__hit81,KINNY Simon,CHATE Simon,KINNY Simon,CHATE Simon,CROLLICK Therese,KINNY Simon,KINNY Simon,KINNY Simon,KINNY Simon,KINNY Simon
NSW_Local_Government_2024_Ballina_-_C_Ward 3 seats.csv__hit82,KINNY Simon,KINNY Simon,KINNY Simon,BARRETT Shona,CHATE Simon,KINNY Simon,KINNY Simon,KINNY Simon,KINNY Simon,KINNY Simon
NSW_Local_Government_2024_Ballina_-_C_Ward 3 seats.csv__hit83,KINNY Simon,KINNY Simon,KINNY Simon,BARRETT Shona,CHATE Simon,KINNY Simon,KINNY Simon,KINNY Simon,KINNY Simon,KINNY Simon
NSW_Local_Government_2024_Ballina_-_C_Ward 3 seats.csv__hit84,KINNY Simon,KINNY Simon,KINNY Simon,KINNY Simon,KINNY Simon,KINNY Simon,KINNY Simon,KINNY Simon,KINNY Simon,KINNY Simon
NSW_Local_Government_2024_Ballina_-_C_Ward 3 seats.csv__hit85,CHATE Simon,CHATE Simon,CHATE Simon,BARRETT Shona,CHATE Simon,CHATE Simon,CHATE Simon,CHATE Simon,CHATE Simon,CHATE Simon
NSW_Local_Government_2024_Ballina_-_C_Ward 3 seats.csv__hit86,BARRETT Shona,CHATE Simon,CHATE Simon,CHATE Simon,CHATE Simon,CHATE Simon,CHATE Simon,CHATE Simon,CHATE Simon,CHATE Simon
NSW_Local_Government_2024_Ballina_-_C_Ward 3 seats.csv__hit87,KINNY Simon,KINNY Simon,KINNY Simon,KINNY Simon,KINNY Simon,KINNY Simon,KINNY Simon,KINNY Simon,KINNY Simon,KINNY Simon
NSW_Local_Government_2024_Ballina_-_C_Ward 3 seats.csv__hit88,KINNY Simon,KINNY Simon,KINNY Simon,KINNY Simon,KINNY Simon,KINNY Simon,KINNY Simon,KINNY Simon,KINNY Simon,KINNY Simon
NSW_Local_Government_2024_Ballina_-_C_Ward 3 seats.csv__hit89,BARRETT Shona,KINNY Simon,CHATE Simon,BARRETT Shona,BARRETT Shona,KINNY Simon,KINNY Simon,KINNY Simon,KINNY Simon,KINNY Simon
NSW_Local_Government_2024_Ballina_-_C_Ward 3 seats.csv__hit90,KINNY Simon,KINNY Simon,KINNY Simon,CHATE Simon,KINNY Simon,KINNY Simon,KINNY Simon,KINNY Simon,KINNY Simon,KINNY Simon
NSW_Local_Government_2024_Ballina_-_C_Ward 3 seats.csv__hit91,KINNY Simon,KINNY Simon,KINNY Simon,BARRETT Shona,CHATE Simon,CHATE Simon,KINNY Simon,KINNY Simon,KINNY Simon,KINNY Simon
NSW_Local_Government_2024_Ballina_-_C_Ward 3 seats.csv__hit92,CHATE Simon,CHATE Simon,CHATE Simon,BARRETT Shona,CHATE Simon,CHATE Simon,CHATE Simon,CHATE Simon,CHATE Simon,CHATE Simon
NSW_Local_Government_2024_Ballina_-_C_Ward 3 seats.csv__hit93,KINNY Simon,KINNY Simon,CHATE Simon,BARRETT Shona,CHATE Simon,KINNY Simon,KINNY Simon,KINNY Simon,KINNY Simon,KINNY Simon
NSW_Local_Government_2024_Ballina_-_C_Ward 3 seats.csv__hit94,BARRETT Shona,KINNY Simon,KINNY Simon,BARRETT Shona,CROLLICK Therese,CHATE Simon,KINNY Simon,KINNY Simon,KINNY Simon,KINNY Simon
NSW_Local_Government_2024_Ballina_-_C_Ward 3 seats.csv__hit95,KINNY Simon,KINNY Simon,KINNY Simon,KINNY Simon,KINNY Simon,KINNY Simon,KINNY Simon,KINNY Simon,KINNY Simon,KINNY Simon
NSW_Local_Government_2024_Ballina_-_C_Ward 3 seats.csv__hit96,BARRETT Shona,CHATE Simon,KINNY Simon,BARRETT Shona,CHATE Simon,KINNY Simon,KINNY Simon,KINNY Simon,KINNY Simon,KINNY Simon
NSW_Local_Government_2024_Ballina_-_C_Ward 3 seats.csv__hit97,KINNY Simon,KINNY Simon,KINNY Simon,CHATE Simon,KINNY Simon,KINNY Simon,KINNY Simon,KINNY Simon,KINNY Simon,KINNY Simon
NSW_Local_Government_2024_Ballina_-_C_Ward 3 seats.csv__hit98,CHATE Simon,CHATE Simon,CHATE Simon,BARRETT Shona,BARRETT Shona,CHATE Simon,CHATE Simon,CHATE Simon,CHATE Simon,CHATE Simon
NSW_Local_Government_2024_Ballina_-_C_Ward 3 seats.csv__hit99,KINNY Simon,KINNY Simon,KINNY Simon,CHATE Simon,KINNY Simon,CHATE Simon,KINNY Simon,KINNY Simon,KINNY Simon,KINNY Simon
NSW_Local_Government_2024_Ballina_-_C_Ward 3 seats.csv__hit100,KINNY Simon,KINNY Simon,KINNY Simon,BARRETT Shona,KINNY Simon,KINNY Simon,KINNY Simon,KINNY Simon,KINNY Simon,KINNY Simon
NSW_Local_Government_2024_Ballina_-_C_Ward 3 seats.csv__hit101,KINNY Simon,KINNY Simon,KINNY Simon,BARRETT Shona,KINNY Simon,KINNY Simon,KINNY Simon,KINNY Simon,KINNY Simon,KINNY Simon
NSW_Local_Government_2024_Ballina_-_C_Ward 3 seats.csv__hit102,CHATE Simon,CHATE Simon,CHATE Simon,CHATE Simon,CHATE Simon,CHATE Simon,CHATE Simon,CHATE Simon,CHATE Simon,CHATE Simon
NSW_Local_Government_2024_Ballina_-_C_Ward 3 seats.csv__hit103,KINNY Simon,KINNY Simon,KINNY Simon,BARRETT Shona,KINNY Simon,KINNY Simon,KINNY Simon,KINNY Simon,KINNY Simon,KINNY Simon
NSW_Local_Government_2024_Ballina_-_C_Ward 3 seats.csv__hit104,KINNY Simon,KINNY Simon,KINNY Simon,KINNY Simon,KINNY Simon,KINNY Simon,KINNY Simon,KINNY Simon,KINNY Simon,KINNY Simon
NSW_Local_Government_2024_Ballina_-_C_Ward 3 seats.csv__hit105,KINNY Simon,KINNY Simon,KINNY Simon,BARRETT Shona,CHATE Simon,KINNY Simon,KINNY Simon,KINNY Simon,KINNY Simon,KINNY Simon
NSW_Local_Government_2024_Ballina_-_C_Ward 3 seats.csv__hit106,CHATE Simon,CHATE Simon,CHATE Simon,CHATE Simon,CHATE Simon,CHATE Simon,CHATE Simon,CHATE Simon,CHATE Simon,CHATE Simon
NSW_Local_Government_2024_Ballina_-_C_Ward 3 seats.csv__hit107,KINNY Simon,CHATE Simon,KINNY Simon,CHATE Simon,CHATE Simon,KINNY Simon,KINNY Simon,KINNY Simon,KINNY Simon,KINNY Simon
NSW_Local_Government_2024_Ballina_-_C_Ward 3 seats.csv__hit108,KINNY Simon,CHATE Simon,KINNY Simon,BARRETT Shona,CHATE Simon,KINNY Simon,KINNY Simon,KINNY Simon,KINNY Simon,KINNY Simon
NSW_Local_Government_2024_Ballina_-_C_Ward 3 seats.csv__hit109,KINNY Simon,KINNY Simon,KINNY Simon,CHATE Simon,CHATE Simon,KINNY Simon,KINNY Simon,KINNY Simon,KINNY Simon,KINNY Simon
NSW_Local_Government_2024_Ballina_-_C_Ward 3 seats.csv__hit110,BARRETT Shona,KINNY Simon,KINNY Simon,KINNY Simon,BARRETT Shona,CHATE Simon,KINNY Simon,KINNY Simon,KINNY Simon,KINNY Simon
NSW_Local_Government_2024_Ballina_-_C_Ward 3 seats.csv__hit111,KINNY Simon,KINNY Simon,CHATE Simon,CHATE Simon,KINNY Simon,KINNY Simon,KINNY Simon,KINNY Simon,KINNY Simon,KINNY Simon
NSW_Local_Government_2024_Ballina_-_C_Ward 3 seats.csv__hit112,KINNY Simon,KINNY Simon,KINNY Simon,KINNY Simon,KINNY Simon,KINNY Simon,KINNY Simon,KINNY Simon,KINNY Simon,KINNY Simon
NSW_Local_Government_2024_Ballina_-_C_Ward 3 seats.csv__hit113,KINNY Simon,CHATE Simon,CHATE Simon,BARRETT Shona,CHATE Simon,KINNY Simon,KINNY Simon,KINNY Simon,KINNY Simon,KINNY Simon
NSW_Local_Government_2024_Ballina_-_C_Ward 3 seats.csv__hit114,KINNY Simon,KINNY Simon,KINNY Simon,BARRETT Shona,BARRETT Shona,KINNY Simon,KINNY Simon,KINNY Simon,KINNY Simon,KINNY Simon
NSW_Local_Government_2024_Ballina_-_C_Ward 3 seats.csv__hit115,BARRETT Shona,CHATE Simon,CHATE Simon,CHATE Simon,CHATE Simon,CHATE Simon,CHATE Simon,CHATE Simon,CHATE Simon,CHATE Simon
NSW_Local_Government_2024_Ballina_-_C_Ward 3 seats.csv__hit116,CHATE Simon,CHATE Simon,CHATE Simon,CHATE Simon,CHATE Simon,CHATE Simon,CHATE Simon,CHATE Simon,CHATE Simon,CHATE Simon
NSW_Local_Government_2024_Ballina_-_C_Ward 3 seats.csv__hit117,KINNY Simon,CHATE Simon,KINNY Simon,CHATE Simon,CHATE Simon,KINNY Simon,KINNY Simon,KINNY Simon,KINNY Simon,KINNY Simon
NSW_Local_Government_2024_Ballina_-_C_Ward 3 seats.csv__hit118,BARRETT Shona,CHATE Simon,CHATE Simon,BARRETT Shona,CHATE Simon,CHATE Simon,CHATE Simon,CHATE Simon,CHATE Simon,CHATE Simon
NSW_Local_Government_2024_Ballina_-_C_Ward 3 seats.csv__hit119,BARRETT Shona,KINNY Simon,KINNY Simon,CHATE Simon,KINNY Simon,KINNY Simon,KINNY Simon,KINNY Simon,KINNY Simon,KINNY Simon
NSW_Local_Government_2024_Ballina_-_C_Ward 3 seats.csv__hit120,KINNY Simon,CHATE Simon,KINNY Simon,CHATE Simon,CHATE Simon,CHATE Simon,KINNY Simon,KINNY Simon,KINNY Simon,KINNY Simon
NSW_Local_Government_2024_Ballina_-_C_Ward 3 seats.csv__hit121,KINNY Simon,KINNY Simon,KINNY Simon,CHATE Simon,KINNY Simon,KINNY Simon,KINNY Simon,KINNY Simon,KINNY Simon,KINNY Simon
NSW_Local_Government_2024_Ballina_-_C_Ward 3 seats.csv__hit122,CROLLICK Therese,KINNY Simon,KINNY Simon,CHATE Simon,CROLLICK Therese,CHATE Simon,KINNY Simon,KINNY Simon,KINNY Simon,KINNY Simon
NSW_Local_Government_2024_Ballina_-_C_Ward 3 seats.csv__hit123,BARRETT Shona,CHATE Simon,CHATE Simon,CHATE Simon,CHATE Simon,CHATE Simon,CHATE Simon,CHATE Simon,CHATE Simon,CHATE Simon
NSW_Local_Government_2024_Ballina_-_C_Ward 3 seats.csv__hit124,CHATE Simon,CHATE Simon,CHATE Simon,CHATE Simon,CHATE Simon,CHATE Simon,CHATE Simon,CHATE Simon,CHATE Simon,CHATE Simon
NSW_Local_Government_2024_Ballina_-_C_Ward 3 seats.csv__hit125,CHATE Simon,CHATE Simon,CHATE Simon,CHATE Simon,CHATE Simon,CHATE Simon,CHATE Simon,CHATE Simon,CHATE Simon,CHATE Simon
NSW_Local_Government_2024_Ballina_-_C_Ward 3 seats.csv__hit126,KINNY Simon,CHATE Simon,KINNY Simon,BARRETT Shona,CHATE Simon,KINNY Simon,KINNY Simon,KINNY Simon,KINNY Simon,KINNY Simon
NSW_Local_Government_2024_Ballina_-_C_Ward 3 seats.csv__hit127,CHATE Simon,CHATE Simon,CHATE Simon,CHATE Simon,CHATE Simon,CHATE Simon,CHATE Simon,CHATE Simon,CHATE Simon,CHATE Simon
NSW_Local_Government_2024_Ballina_-_C_Ward 3 seats.csv__hit128,CHATE Simon,CHATE Simon,CHATE Simon,CHATE Simon,CHATE Simon,CHATE Simon,CHATE Simon,CHATE Simon,CHATE Simon,CHATE Simon
NSW_Local_Government_2024_Ballina_-_C_Ward 3 seats.csv__hit129,CHATE Simon,CHATE Simon,CHATE Simon,BARRETT Shona,CHATE Simon,CHATE Simon,CHATE Simon,CHATE Simon,CHATE Simon,CHATE Simon
NSW_Local_Government_2024_Ballina_-_C_Ward 3 seats.csv__hit130,CHATE Simon,CHATE Simon,CHATE Simon,CHATE Simon,CHATE Simon,CHATE Simon,CHATE Simon,CHATE Simon,CHATE Simon,CHATE Simon
NSW_Local_Government_2024_Ballina_-_C_Ward 3 seats.csv__hit131,BARRETT Shona,KINNY Simon,KINNY Simon,BARRETT Shona,CHATE Simon,CHATE Simon,KINNY Simon,KINNY Simon,KINNY Simon,KINNY Simon
NSW_Local_Government_2024_Ballina_-_C_Ward 3 seats.csv__hit132,KINNY Simon,KINNY Simon,CHATE Simon,KINNY Simon,CHATE Simon,KINNY Simon,KINNY Simon,KINNY Simon,KINNY Simon,KINNY Simon
NSW_Local_Government_2024_Ballina_-_C_Ward 3 seats.csv__hit133,KINNY Simon,KINNY Simon,KINNY Simon,KINNY Simon,CHATE Simon,KINNY Simon,KINNY Simon,KINNY Simon,KINNY Simon,KINNY Simon
NSW_Local_Government_2024_Ballina_-_C_Ward 3 seats.csv__hit134,KINNY Simon,KINNY Simon,KINNY Simon,KINNY Simon,CHATE Simon,KINNY Simon,KINNY Simon,KINNY Simon,KINNY Simon,KINNY Simon
NSW_Local_Government_2024_Ballina_-_C_Ward 3 seats.csv__hit135,CHATE Simon,CHATE Simon,CHATE Simon,CHATE Simon,CHATE Simon,CHATE Simon,CHATE Simon,CHATE Simon,CHATE Simon,CHATE Simon
NSW_Local_Government_2024_Ballina_-_C_Ward 3 seats.csv__hit136,CHATE Simon,CHATE Simon,CHATE Simon,CHATE Simon,CHATE Simon,CHATE Simon,CHATE Simon,CHATE Simon,CHATE Simon,CHATE Simon
NSW_Local_Government_2024_Ballina_-_C_Ward 3 seats.csv__hit137,KINNY Simon,KINNY Simon,KINNY Simon,BARRETT Shona,CHATE Simon,KINNY Simon,KINNY Simon,KINNY Simon,KINNY Simon,KINNY Simon
NSW_Local_Government_2024_Ballina_-_C_Ward 3 seats.csv__hit138,KINNY Simon,KINNY Simon,KINNY Simon,BARRETT Shona,KINNY Simon,KINNY Simon,KINNY Simon,KINNY Simon,KINNY Simon,KINNY Simon
NSW_Local_Government_2024_Ballina_-_C_Ward 3 seats.csv__hit139,KINNY Simon,KINNY Simon,KINNY Simon,BARRETT Shona,KINNY Simon,CHATE Simon,KINNY Simon,KINNY Simon,KINNY Simon,KINNY Simon
NSW_Local_Government_2024_Ballina_-_C_Ward 3 seats.csv__hit140,BARRETT Shona,CHATE Simon,CHATE Simon,BARRETT Shona,CHATE Simon,CHATE Simon,CHATE Simon,CHATE Simon,CHATE Simon,CHATE Simon
NSW_Local_Government_2024_Ballina_-_C_Ward 3 seats.csv__hit141,KINNY Simon,KINNY Simon,KINNY Simon,BARRETT Shona,CHATE Simon,CHATE Simon,KINNY Simon,KINNY Simon,KINNY Simon,KINNY Simon
NSW_Local_Government_2024_Ballina_-_C_Ward 3 seats.csv__hit142,KINNY Simon,CHATE Simon,KINNY Simon,CHATE Simon,KINNY Simon,KINNY Simon,KINNY Simon,KINNY Simon,KINNY Simon,KINNY Simon
NSW_Local_Government_2024_Ballina_-_C_Ward 3 seats.csv__hit143,BARRETT Shona,CHATE Simon,CHATE Simon,CHATE Simon,CHATE Simon,CHATE Simon,CHATE Simon,CHATE Simon,CHATE Simon,CHATE Simon
NSW_Local_Government_2024_Ballina_-_C_Ward 3 seats.csv__hit144,BARRETT Shona,KINNY Simon,KINNY Simon,KINNY Simon,CHATE Simon,KINNY Simon,KINNY Simon,KINNY Simon,KINNY Simon,KINNY Simon
NSW_Local_Government_2024_Ballina_-_C_Ward 3 seats.csv__hit145,KINNY Simon,CHATE Simon,KINNY Simon,BARRETT Shona,CHATE Simon,CHATE Simon,KINNY Simon,KINNY Simon,KINNY Simon,KINNY Simon
NSW_Local_Government_2024_Ballina_-_C_Ward 3 seats.csv__hit146,KINNY Simon,KINNY Simon,CHATE Simon,CHATE Simon,CHATE Simon,KINNY Simon,KINNY Simon,KINNY Simon,KINNY Simon,KINNY Simon
NSW_Local_Government_2024_Ballina_-_C_Ward 3 seats.csv__hit147,BARRETT Shona,KINNY Simon,KINNY Simon,BARRETT Shona,CHATE Simon,KINNY Simon,KINNY Simon,KINNY Simon,KINNY Simon,KINNY Simon
NSW_Local_Government_2024_Ballina_-_C_Ward 3 seats.csv__hit148,KINNY Simon,KINNY Simon,KINNY Simon,CHATE Simon,CHATE Simon,KINNY Simon,KINNY Simon,KINNY Simon,KINNY Simon,KINNY Simon
NSW_Local_Government_2024_Ballina_-_C_Ward 3 seats.csv__hit149,KINNY Simon,CHATE Simon,KINNY Simon,CHATE Simon,KINNY Simon,KINNY Simon,KINNY Simon,KINNY Simon,KINNY Simon,KINNY Simon
NSW_Local_Government_2024_Ballina_-_C_Ward 3 seats.csv__hit150,CHATE Simon,CHATE Simon,CHATE Simon,CHATE Simon,CHATE Simon,CHATE Simon,CHATE Simon,CHATE Simon,CHATE Simon,CHATE Simon
NSW_Local_Government_2024_Ballina_-_C_Ward 3 seats.csv__hit151,KINNY Simon,KINNY Simon,KINNY Simon,BARRETT Shona,KINNY Simon,KINNY Simon,KINNY Simon,KINNY Simon,KINNY Simon,KINNY Simon
NSW_Local_Government_2024_Ballina_-_C_Ward 3 seats.csv__hit152,KINNY Simon,KINNY Simon,KINNY Simon,BARRETT Shona,KINNY Simon,KINNY Simon,KINNY Simon,KINNY Simon,KINNY Simon,KINNY Simon
NSW_Local_Government_2024_Ballina_-_C_Ward 3 seats.csv__hit153,CHATE Simon,CHATE Simon,CHATE Simon,BARRETT Shona,CHATE Simon,CHATE Simon,CHATE Simon,CHATE Simon,CHATE Simon,CHATE Simon
NSW_Local_Government_2024_Ballina_-_C_Ward 3 seats.csv__hit154,BARRETT Shona,KINNY Simon,KINNY Simon,BARRETT Shona,CHATE Simon,KINNY Simon,KINNY Simon,KINNY Simon,KINNY Simon,KINNY Simon
NSW_Local_Government_2024_Ballina_-_C_Ward 3 seats.csv__hit155,CHATE Simon,CHATE Simon,CHATE Simon,BARRETT Shona,CHATE Simon,CHATE Simon,CHATE Simon,CHATE Simon,CHATE Simon,CHATE Simon
NSW_Local_Government_2024_Ballina_-_C_Ward 3 seats.csv__hit156,KINNY Simon,KINNY Simon,KINNY Simon,CHATE Simon,CHATE Simon,KINNY Simon,KINNY Simon,KINNY Simon,KINNY Simon,KINNY Simon
NSW_Local_Government_2024_Ballina_-_C_Ward 3 seats.csv__hit157,KINNY Simon,KINNY Simon,KINNY Simon,BARRETT Shona,BARRETT Shona,KINNY Simon,KINNY Simon,KINNY Simon,KINNY Simon,KINNY Simon
NSW_Local_Government_2024_Ballina_-_C_Ward 3 seats.csv__hit158,CHATE Simon,CHATE Simon,CHATE Simon,BARRETT Shona,CHATE Simon,CHATE Simon,CHATE Simon,CHATE Simon,CHATE Simon,CHATE Simon
NSW_Local_Government_2024_Ballina_-_C_Ward 3 seats.csv__hit159,KINNY Simon,CHATE Simon,CHATE Simon,BARRETT Shona,BARRETT Shona,KINNY Simon,KINNY Simon,KINNY Simon,KINNY Simon,KINNY Simon
NSW_Local_Government_2024_Ballina_-_C_Ward 3 seats.csv__hit160,KINNY Simon,KINNY Simon,KINNY Simon,BARRETT Shona,CHATE Simon,KINNY Simon,KINNY Simon,KINNY Simon,KINNY Simon,KINNY Simon
NSW_Local_Government_2024_Ballina_-_C_Ward 3 seats.csv__hit161,BARRETT Shona,KINNY Simon,KINNY Simon,BARRETT Shona,CHATE Simon,KINNY Simon,KINNY Simon,KINNY Simon,KINNY Simon,KINNY Simon
NSW_Local_Government_2024_Ballina_-_C_Ward 3 seats.csv__hit162,KINNY Simon,KINNY Simon,KINNY Simon,KINNY Simon,KINNY Simon,KINNY Simon,KINNY Simon,KINNY Simon,KINNY Simon,KINNY Simon
NSW_Local_Government_2024_Ballina_-_C_Ward 3 seats.csv__hit163,CHATE Simon,CHATE Simon,CHATE Simon,CHATE Simon,CHATE Simon,CHATE Simon,CHATE Simon,CHATE Simon,CHATE Simon,CHATE Simon
NSW_Local_Government_2024_Ballina_-_C_Ward 3 seats.csv__hit164,BARRETT Shona,CHATE Simon,CHATE Simon,CHATE Simon,CHATE Simon,CHATE Simon,CHATE Simon,CHATE Simon,CHATE Simon,CHATE Simon
NSW_Local_Government_2024_Ballina_-_C_Ward 3 seats.csv__hit165,KINNY Simon,KINNY Simon,CHATE Simon,BARRETT Shona,KINNY Simon,KINNY Simon,KINNY Simon,KINNY Simon,KINNY Simon,KINNY Simon
NSW_Local_Government_2024_Ballina_-_C_Ward 3 seats.csv__hit166,CHATE Simon,CHATE Simon,CHATE Simon,BARRETT Shona,CHATE Simon,CHATE Simon,CHATE Simon,CHATE Simon,CHATE Simon,CHATE Simon
NSW_Local_Government_2024_Ballina_-_C_Ward 3 seats.csv__hit167,KINNY Simon,CHATE Simon,KINNY Simon,CHATE Simon,CHATE Simon,KINNY Simon,KINNY Simon,KINNY Simon,KINNY Simon,KINNY Simon
NSW_Local_Government_2024_Ballina_-_C_Ward 3 seats.csv__hit168,KINNY Simon,KINNY Simon,KINNY Simon,KINNY Simon,CHATE Simon,KINNY Simon,KINNY Simon,KINNY Simon,KINNY Simon,KINNY Simon
NSW_Local_Government_2024_Ballina_-_C_Ward 3 seats.csv__hit169,KINNY Simon,KINNY Simon,KINNY Simon,CHATE Simon,CHATE Simon,KINNY Simon,KINNY Simon,KINNY Simon,KINNY Simon,KINNY Simon
NSW_Local_Government_2024_Ballina_-_C_Ward 3 seats.csv__hit170,KINNY Simon,CHATE Simon,KINNY Simon,KINNY Simon,CROLLICK Therese,KINNY Simon,KINNY Simon,KINNY Simon,KINNY Simon,KINNY Simon
NSW_Local_Government_2024_Ballina_-_C_Ward 3 seats.csv__hit171,KINNY Simon,KINNY Simon,KINNY Simon,CHATE Simon,KINNY Simon,KINNY Simon,KINNY Simon,KINNY Simon,KINNY Simon,KINNY Simon
NSW_Local_Government_2024_Ballina_-_C_Ward 3 seats.csv__hit172,CROLLICK Therese,KINNY Simon,KINNY Simon,CHATE Simon,KINNY Simon,KINNY Simon,KINNY Simon,KINNY Simon,KINNY Simon,KINNY Simon
NSW_Local_Government_2024_Ballina_-_C_Ward 3 seats.csv__hit173,KINNY Simon,CHATE Simon,KINNY Simon,CHATE Simon,CHATE Simon,KINNY Simon,KINNY Simon,KINNY Simon,KINNY Simon,KINNY Simon
NSW_Local_Government_2024_Ballina_-_C_Ward 3 seats.csv__hit174,KINNY Simon,KINNY Simon,KINNY Simon,CHATE Simon,CHATE Simon,KINNY Simon,KINNY Simon,KINNY Simon,KINNY Simon,KINNY Simon
NSW_Local_Government_2024_Ballina_-_C_Ward 3 seats.csv__hit175,CHATE Simon,CHATE Simon,CHATE Simon,CHATE Simon,CHATE Simon,CHATE Simon,CHATE Simon,CHATE Simon,CHATE Simon,CHATE Simon
NSW_Local_Government_2024_Ballina_-_C_Ward 3 seats.csv__hit176,KINNY Simon,KINNY Simon,KINNY Simon,CHATE Simon,CHATE Simon,KINNY Simon,KINNY Simon,KINNY Simon,KINNY Simon,KINNY Simon
NSW_Local_Government_2024_Ballina_-_C_Ward 3 seats.csv__hit177,KINNY Simon,CHATE Simon,KINNY Simon,BARRETT Shona,CHATE Simon,KINNY Simon,KINNY Simon,KINNY Simon,KINNY Simon,KINNY Simon
NSW_Local_Government_2024_Ballina_-_C_Ward 3 seats.csv__hit178,KINNY Simon,KINNY Simon,KINNY Simon,BARRETT Shona,KINNY Simon,KINNY Simon,KINNY Simon,KINNY Simon,KINNY Simon,KINNY Simon
NSW_Local_Government_2024_Ballina_-_C_Ward 3 seats.csv__hit179,KINNY Simon,KINNY Simon,KINNY Simon,BARRETT Shona,CHATE Simon,KINNY Simon,KINNY Simon,KINNY Simon,KINNY Simon,KINNY Simon
NSW_Local_Government_2024_Ballina_-_C_Ward 3 seats.csv__hit180,KINNY Simon,KINNY Simon,KINNY Simon,BARRETT Shona,CHATE Simon,KINNY Simon,KINNY Simon,KINNY Simon,KINNY Simon,KINNY Simon
NSW_Local_Government_2024_Ballina_-_C_Ward 3 seats.csv__hit181,KINNY Simon,CHATE Simon,KINNY Simon,BARRETT Shona,KINNY Simon,KINNY Simon,KINNY Simon,KINNY Simon,KINNY Simon,KINNY Simon
NSW_Local_Government_2024_Ballina_-_C_Ward 3 seats.csv__hit182,KINNY Simon,KINNY Simon,KINNY Simon,KINNY Simon,KINNY Simon,KINNY Simon,KINNY Simon,KINNY Simon,KINNY Simon,KINNY Simon
NSW_Local_Government_2024_Ballina_-_C_Ward 3 seats.csv__hit183,BARRETT Shona,CHATE Simon,CHATE Simon,BARRETT Shona,CHATE Simon,CHATE Simon,CHATE Simon,CHATE Simon,CHATE Simon,CHATE Simon
NSW_Local_Government_2024_Ballina_-_C_Ward 3 seats.csv__hit184,BARRETT Shona,KINNY Simon,KINNY Simon,BARRETT Shona,CROLLICK Therese,KINNY Simon,KINNY Simon,KINNY Simon,KINNY Simon,KINNY Simon
NSW_Local_Government_2024_Ballina_-_C_Ward 3 seats.csv__hit185,KINNY Simon,KINNY Simon,KINNY Simon,BARRETT Shona,KINNY Simon,KINNY Simon,KINNY Simon,KINNY Simon,KINNY Simon,KINNY Simon
NSW_Local_Government_2024_Ballina_-_C_Ward 3 seats.csv__hit186,BARRETT Shona,KINNY Simon,KINNY Simon,BARRETT Shona,KINNY Simon,KINNY Simon,KINNY Simon,KINNY Simon,KINNY Simon,KINNY Simon
NSW_Local_Government_2024_Ballina_-_C_Ward 3 seats.csv__hit187,BARRETT Shona,KINNY Simon,KINNY Simon,BARRETT Shona,CHATE Simon,CHATE Simon,KINNY Simon,KINNY Simon,KINNY Simon,KINNY Simon
NSW_Local_Government_2024_Ballina_-_C_Ward 3 seats.csv__hit188,BARRETT Shona,KINNY Simon,KINNY Simon,BARRETT Shona,KINNY Simon,KINNY Simon,KINNY Simon,KINNY Simon,KINNY Simon,KINNY Simon
NSW_Local_Government_2024_Ballina_-_C_Ward 3 seats.csv__hit189,BARRETT Shona,CHATE Simon,KINNY Simon,BARRETT Shona,CHATE Simon,KINNY Simon,KINNY Simon,KINNY Simon,KINNY Simon,KINNY Simon
NSW_Local_Government_2024_Ballina_-_C_Ward 3 seats.csv__hit190,KINNY Simon,CHATE Simon,KINNY Simon,BARRETT Shona,KINNY Simon,KINNY Simon,KINNY Simon,KINNY Simon,KINNY Simon,KINNY Simon
NSW_Local_Government_2024_Ballina_-_C_Ward 3 seats.csv__hit191,BARRETT Shona,KINNY Simon,KINNY Simon,BARRETT Shona,CHATE Simon,CHATE Simon,KINNY Simon,KINNY Simon,KINNY Simon,KINNY Simon
NSW_Local_Government_2024_Ballina_-_C_Ward 3 seats.csv__hit192,KINNY Simon,KINNY Simon,KINNY Simon,KINNY Simon,KINNY Simon,KINNY Simon,KINNY Simon,KINNY Simon,KINNY Simon,KINNY Simon
NSW_Local_Government_2024_Ballina_-_C_Ward 3 seats.csv__hit193,KINNY Simon,KINNY Simon,KINNY Simon,CHATE Simon,CHATE Simon,KINNY Simon,KINNY Simon,KINNY Simon,KINNY Simon,KINNY Simon
NSW_Local_Government_2024_Ballina_-_C_Ward 3 seats.csv__hit194,BARRETT Shona,KINNY Simon,KINNY Simon,CHATE Simon,CHATE Simon,KINNY Simon,KINNY Simon,KINNY Simon,KINNY Simon,KINNY Simon
NSW_Local_Government_2024_Ballina_-_C_Ward 3 seats.csv__hit195,KINNY Simon,KINNY Simon,KINNY Simon,BARRETT Shona,CHATE Simon,KINNY Simon,KINNY Simon,KINNY Simon,KINNY Simon,KINNY Simon
NSW_Local_Government_2024_Ballina_-_C_Ward 3 seats.csv__hit196,BARRETT Shona,KINNY Simon,KINNY Simon,BARRETT Shona,KINNY Simon,KINNY Simon,KINNY Simon,KINNY Simon,KINNY Simon,KINNY Simon
NSW_Local_Government_2024_Ballina_-_C_Ward 3 seats.csv__hit197,CHATE Simon,CHATE Simon,CHATE Simon,CHATE Simon,BARRETT Shona,CHATE Simon,CHATE Simon,CHATE Simon,CHATE Simon,CHATE Simon
NSW_Local_Government_2024_Ballina_-_C_Ward 3 seats.csv__hit198,CHATE Simon,CHATE Simon,CHATE Simon,CHATE Simon,CHATE Simon,CHATE Simon,CHATE Simon,CHATE Simon,CHATE Simon,CHATE Simon
NSW_Local_Government_2024_Ballina_-_C_Ward 3 seats.csv__hit199,KINNY Simon,KINNY Simon,KINNY Simon,BARRETT Shona,KINNY Simon,KINNY Simon,KINNY Simon,KINNY Simon,KINNY Simon,KINNY Simon
NSW_Local_Government_2021_Yass_Valley 9 seats.csv__hit0,MCGRATH Allan (UG),TURNER Kim (UG),MCGRATH Allan (UG),MCGRATH Allan (UG),MCGRATH Allan (UG),MCGRATH Allan (UG),TURNER Kim (UG),JONES Jasmin (UG),MCGRATH Allan (UG),MCGRATH Allan (UG)
NSW_Local_Government_2021_Yass_Valley 9 seats.csv__hit1,MCGRATH Allan (UG),MCGRATH Allan (UG),MCGRATH Allan (UG),MCGRATH Allan (UG),MCGRATH Allan (UG),MCGRATH Allan (UG),MCGRATH Allan (UG),MCGRATH Allan (UG),MCGRATH Allan (UG),MCGRATH Allan (UG)
NSW_Local_Government_2021_Yass_Valley 9 seats.csv__hit2,MCGRATH Allan (UG),JONES Jasmin (UG),MCGRATH Allan (UG),TURNER Kim (UG),MCGRATH Allan (UG),MCGRATH Allan (UG),JONES Jasmin (UG),JONES Jasmin (UG),JONES Jasmin (UG),MCGRATH Allan (UG)
NSW_Local_Government_2021_Yass_Valley 9 seats.csv__hit3,MCGRATH Allan (UG),MCGRATH Allan (UG),MCGRATH Allan (UG),MCGRATH Allan (UG),MCGRATH Allan (UG),MCGRATH Allan (UG),TURNER Kim (UG),JONES Jasmin (UG),MCGRATH Allan (UG),MCGRATH Allan (UG)
NSW_Local_Government_2021_Yass_Valley 9 seats.csv__hit4,MCGRATH Allan (UG),TURNER Kim (UG),MCGRATH Allan (UG),MCGRATH Allan (UG),MCGRATH Allan (UG),MCGRATH Allan (UG),JONES Jasmin (UG),JONES Jasmin (UG),MCGRATH Allan (UG),MCGRATH Allan (UG)
NSW_Local_Government_2021_Yass_Valley 9 seats.csv__hit5,MCGRATH Allan (UG),MCGRATH Allan (UG),JONES Jasmin (UG),MCGRATH Allan (UG),JONES Jasmin (UG),TURNER Kim (UG),MCGRATH Allan (UG),JONES Jasmin (UG),MCGRATH Allan (UG),MCGRATH Allan (UG)
NSW_Local_Government_2021_Yass_Valley 9 seats.csv__hit6,JONES Jasmin (UG),JONES Jasmin (UG),JONES Jasmin (UG),JONES Jasmin (UG),MCGRATH Allan (UG),MCGRATH Allan (UG),TURNER Kim (UG),JONES Jasmin (UG),JONES Jasmin (UG),MCGRATH Allan (UG)
NSW_Local_Government_2021_Yass_Valley 9 seats.csv__hit7,MCGRATH Allan (UG),MCGRATH Allan (UG),MCGRATH Allan (UG),MCGRATH Allan (UG),MCGRATH Allan (UG),MCGRATH Allan (UG),MCGRATH Allan (UG),JONES Jasmin (UG),MCGRATH Allan (UG),MCGRATH Allan (UG)
NSW_Local_Government_2021_Yass_Valley 9 seats.csv__hit8,JONES Jasmin (UG),JONES Jasmin (UG),JONES Jasmin (UG),JONES Jasmin (UG),TURNER Kim (UG),MCGRATH Allan (UG),JONES Jasmin (UG),JONES Jasmin (UG),MCGRATH Allan (UG),MCGRATH Allan (UG)
NSW_Local_Government_2021_Yass_Valley 9 seats.csv__hit9,MCGRATH Allan (UG),MCGRATH Allan (UG),MCGRATH Allan (UG),MCGRATH Allan (UG),MCGRATH Allan (UG),MCGRATH Allan (UG),MCGRATH Allan (UG),MCGRATH Allan (UG),MCGRATH Allan (UG),MCGRATH Allan (UG)
NSW_Local_Government_2021_Yass_Valley 9 seats.csv__hit10,MCGRATH Allan (UG),MCGRATH Allan (UG),MCGRATH Allan (UG),MCGRATH Allan (UG),MCGRATH Allan (UG),MCGRATH Allan (UG),TURNER Kim (UG),MCGRATH Allan (UG),MCGRATH Allan (UG),MCGRATH Allan (UG)
NSW_Local_Government_2021_Yass_Valley 9 seats.csv__hit11,MCGRATH Allan (UG),MCGRATH Allan (UG),MCGRATH Allan (UG),MCGRATH Allan (UG),MCGRATH Allan (UG),MCGRATH Allan (UG),MCGRATH Allan (UG),JONES Jasmin (UG),MCGRATH Allan (UG),MCGRATH Allan (UG)
NSW_Local_Government_2021_Yass_Valley 9 seats.csv__hit12,MCGRATH Allan (UG),MCGRATH Allan (UG),MCGRATH Allan (UG),MCGRATH Allan (UG),MCGRATH Allan (UG),MCGRATH Allan (UG),MCGRATH Allan (UG),JONES Jasmin (UG),MCGRATH Allan (UG),MCGRATH Allan (UG)
NSW_Local_Government_2021_Yass_Valley 9 seats.csv__hit13,MCGRATH Allan (UG),MCGRATH Allan (UG),MCGRATH Allan (UG),MCGRATH Allan (UG),MCGRATH Allan (UG),MCGRATH Allan (UG),JONES Jasmin (UG),MCGRATH Allan (UG),MCGRATH Allan (UG),MCGRATH Allan (UG)
NSW_Local_Government_2021_Yass_Valley 9 seats.csv__hit14,MCGRATH Allan (UG),MCGRATH Allan (UG),MCGRATH Allan (UG),MCGRATH Allan (UG),MCGRATH Allan (UG),MCGRATH Allan (UG),MCGRATH Allan (UG),JONES Jasmin (UG),MCGRATH Allan (UG),MCGRATH Allan (UG)
NSW_Local_Government_2021_Yass_Valley 9 seats.csv__hit15,MCGRATH Allan (UG),TURNER Kim (UG),MCGRATH Allan (UG),MCGRATH Allan (UG),MCGRATH Allan (UG),TURNER Kim (UG),MCGRATH Allan (UG),JONES Jasmin (UG),MCGRATH Allan (UG),MCGRATH Allan (UG)
NSW_Local_Government_2021_Yass_Valley 9 seats.csv__hit16,JONES Jasmin (UG),TURNER Kim (UG),JONES Jasmin (UG),JONES Jasmin (UG),MCGRATH Allan (UG),MCGRATH Allan (UG),MCGRATH Allan (UG),JONES Jasmin (UG),JONES Jasmin (UG),MCGRATH Allan (UG)
NSW_Local_Government_2021_Yass_Valley 9 seats.csv__hit17,MCGRATH Allan (UG),MCGRATH Allan (UG),MCGRATH Allan (UG),MCGRATH Allan (UG),MCGRATH Allan (UG),MCGRATH Allan (UG),TURNER Kim (UG),TURNER Kim (UG),MCGRATH Allan (UG),MCGRATH Allan (UG)
NSW_Local_Government_2021_Yass_Valley 9 seats.csv__hit18,MCGRATH Allan (UG),MCGRATH Allan (UG),MCGRATH Allan (UG),MCGRATH Allan (UG),MCGRATH Allan (UG),MCGRATH Allan (UG),TURNER Kim (UG),MCGRATH Allan (UG),MCGRATH Allan (UG),MCGRATH Allan (UG)
NSW_Local_Government_2021_Yass_Valley 9 seats.csv__hit19,MCGRATH Allan (UG),MCGRATH Allan (UG),MCGRATH Allan (UG),MCGRATH Allan (UG),MCGRATH Allan (UG),MCGRATH Allan (UG),TURNER Kim (UG),TURNER Kim (UG),MCGRATH Allan (UG),MCGRATH Allan (UG)
NSW_Local_Government_2021_Yass_Valley 9 seats.csv__hit20,JONES Jasmin (UG),JONES Jasmin (UG),JONES Jasmin (UG),JONES Jasmin (UG),MCGRATH Allan (UG),MCGRATH Allan (UG),MCGRATH Allan (UG),JONES Jasmin (UG),JONES Jasmin (UG),MCGRATH Allan (UG)
NSW_Local_Government_2021_Yass_Valley 9 seats.csv__hit21,JONES Jasmin (UG),JONES Jasmin (UG),JONES Jasmin (UG),JONES Jasmin (UG),MCGRATH Allan (UG),MCGRATH Allan (UG),JONES Jasmin (UG),JONES Jasmin (UG),JONES Jasmin (UG),MCGRATH Allan (UG)
NSW_Local_Government_2021_Yass_Valley 9 seats.csv__hit22,MCGRATH Allan (UG),MCGRATH Allan (UG),MCGRATH Allan (UG),TURNER Kim (UG),MCGRATH Allan (UG),MCGRATH Allan (UG),TURNER Kim (UG),TURNER Kim (UG),MCGRATH Allan (UG),MCGRATH Allan (UG)
NSW_Local_Government_2021_Yass_Valley 9 seats.csv__hit23,MCGRATH Allan (UG),MCGRATH Allan (UG),MCGRATH Allan (UG),MCGRATH Allan (UG),MCGRATH Allan (UG),MCGRATH Allan (UG),MCGRATH Allan (UG),JONES Jasmin (UG),JONES Jasmin (UG),MCGRATH Allan (UG)
NSW_Local_Government_2021_Yass_Valley 9 seats.csv__hit24,MCGRATH Allan (UG),TURNER Kim (UG),MCGRATH Allan (UG),MCGRATH Allan (UG),TURNER Kim (UG),MCGRATH Allan (UG),TURNER Kim (UG),JONES Jasmin (UG),MCGRATH Allan (UG),MCGRATH Allan (UG)
NSW_Local_Government_2021_Yass_Valley 9 seats.csv__hit25,MCGRATH Allan (UG),MCGRATH Allan (UG),MCGRATH Allan (UG),MCGRATH Allan (UG),MCGRATH Allan (UG),TURNER Kim (UG),MCGRATH Allan (UG),MCGRATH Allan (UG),MCGRATH Allan (UG),MCGRATH Allan (UG)
NSW_Local_Government_2021_Yass_Valley 9 seats.csv__hit26,JONES Jasmin (UG),JONES Jasmin (UG),JONES Jasmin (UG),JONES Jasmin (UG),MCGRATH Allan (UG),MCGRATH Allan (UG),TURNER Kim (UG),JONES Jasmin (UG),MCGRATH Allan (UG),MCGRATH Allan (UG)
NSW_Local_Government_2021_Yass_Valley 9 seats.csv__hit27,JONES Jasmin (UG),TURNER Kim (UG),JONES Jasmin (UG),JONES Jasmin (UG),MCGRATH Allan (UG),MCGRATH Allan (UG),JONES Jasmin (UG),JONES Jasmin (UG),JONES Jasmin (UG),MCGRATH Allan (UG)
NSW_Local_Government_2021_Yass_Valley 9 seats.csv__hit28,MCGRATH Allan (UG),TURNER Kim (UG),MCGRATH Allan (UG),MCGRATH Allan (UG),MCGRATH Allan (UG),TURNER Kim (UG),TURNER Kim (UG),JONES Jasmin (UG),MCGRATH Allan (UG),MCGRATH Allan (UG)
NSW_Local_Government_2021_Yass_Valley 9 seats.csv__hit29,JONES Jasmin (UG),JONES Jasmin (UG),JONES Jasmin (UG),JONES Jasmin (UG),MCGRATH Allan (UG),MCGRATH Allan (UG),MCGRATH Allan (UG),JONES Jasmin (UG),JONES Jasmin (UG),MCGRATH Allan (UG)
NSW_Local_Government_2021_Yass_Valley 9 seats.csv__hit30,TURNER Kim (UG),JONES Jasmin (UG),JONES Jasmin (UG),MCGRATH Allan (UG),MCGRATH Allan (UG),TURNER Kim (UG),TURNER Kim (UG),JONES Jasmin (UG),JONES Jasmin (UG),MCGRATH Allan (UG)
NSW_Local_Government_2021_Yass_Valley 9 seats.csv__hit31,JONES Jasmin (UG),TURNER Kim (UG),MCGRATH Allan (UG),JONES Jasmin (UG),TURNER Kim (UG),MCGRATH Allan (UG),JONES Jasmin (UG),JONES Jasmin (UG),JONES Jasmin (UG),MCGRATH Allan (UG)
NSW_Local_Government_2021_Yass_Valley 9 seats.csv__hit32,JONES Jasmin (UG),JONES Jasmin (UG),JONES Jasmin (UG),JONES Jasmin (UG),TURNER Kim (UG),MCGRATH Allan (UG),JONES Jasmin (UG),JONES Jasmin (UG),JONES Jasmin (UG),MCGRATH Allan (UG)
NSW_Local_Government_2021_Yass_Valley 9 seats.csv__hit33,MCGRATH Allan (UG),MCGRATH Allan (UG),MCGRATH Allan (UG),MCGRATH Allan (UG),MCGRATH Allan (UG),MCGRATH Allan (UG),TURNER Kim (UG),JONES Jasmin (UG),MCGRATH Allan (UG),MCGRATH Allan (UG)
NSW_Local_Government_2021_Yass_Valley 9 seats.csv__hit34,MCGRATH Allan (UG),MCGRATH Allan (UG),MCGRATH Allan (UG),TURNER Kim (UG),MCGRATH Allan (UG),MCGRATH Allan (UG),TURNER Kim (UG),JONES Jasmin (UG),MCGRATH Allan (UG),MCGRATH Allan (UG)
NSW_Local_Government_2021_Yass_Valley 9 seats.csv__hit35,MCGRATH Allan (UG),MCGRATH Allan (UG),MCGRATH Allan (UG),MCGRATH Allan (UG),MCGRATH Allan (UG),MCGRATH Allan (UG),MCGRATH Allan (UG),JONES Jasmin (UG),MCGRATH Allan (UG),MCGRATH Allan (UG)
NSW_Local_Government_2021_Yass_Valley 9 seats.csv__hit36,JONES Jasmin (UG),JONES Jasmin (UG),JONES Jasmin (UG),TURNER Kim (UG),MCGRATH Allan (UG),MCGRATH Allan (UG),JONES Jasmin (UG),JONES Jasmin (UG),MCGRATH Allan (UG),MCGRATH Allan (UG)
NSW_Local_Government_2021_Yass_Valley 9 seats.csv__hit37,JONES Jasmin (UG),JONES Jasmin (UG),JONES Jasmin (UG),JONES Jasmin (UG),MCGRATH Allan (UG),MCGRATH Allan (UG),JONES Jasmin (UG),JONES Jasmin (UG),JONES Jasmin (UG),MCGRATH Allan (UG)
NSW_Local_Government_2021_Yass_Valley 9 seats.csv__hit38,MCGRATH Allan (UG),MCGRATH Allan (UG),MCGRATH Allan (UG),TURNER Kim (UG),MCGRATH Allan (UG),JONES Jasmin (UG),TURNER Kim (UG),JONES Jasmin (UG),MCGRATH Allan (UG),MCGRATH Allan (UG)
NSW_Local_Government_2021_Yass_Valley 9 seats.csv__hit39,MCGRATH Allan (UG),MCGRATH Allan (UG),MCGRATH Allan (UG),MCGRATH Allan (UG),MCGRATH Allan (UG),TURNER Kim (UG),TURNER Kim (UG),JONES Jasmin (UG),MCGRATH Allan (UG),MCGRATH Allan (UG)
NSW_Local_Government_2021_Yass_Valley 9 seats.csv__hit40,MCGRATH Allan (UG),MCGRATH Allan (UG),MCGRATH Allan (UG),MCGRATH Allan (UG),TURNER Kim (UG),MCGRATH Allan (UG),MCGRATH Allan (UG),JONES Jasmin (UG),MCGRATH Allan (UG),MCGRATH Allan (UG)
NSW_Local_Government_2021_Yass_Valley 9 seats.csv__hit41,JONES Jasmin (UG),JONES Jasmin (UG),JONES Jasmin (UG),JONES Jasmin (UG),TURNER Kim (UG),TURNER Kim (UG),JONES Jasmin (UG),JONES Jasmin (UG),JONES Jasmin (UG),MCGRATH Allan (UG)
NSW_Local_Government_2021_Yass_Valley 9 seats.csv__hit42,MCGRATH Allan (UG),MCGRATH Allan (UG),MCGRATH Allan (UG),MCGRATH Allan (UG),TURNER Kim (UG),MCGRATH Allan (UG),MCGRATH Allan (UG),MCGRATH Allan (UG),MCGRATH Allan (UG),MCGRATH Allan (UG)
NSW_Local_Government_2021_Yass_Valley 9 seats.csv__hit43,MCGRATH Allan (UG),TURNER Kim (UG),MCGRATH Allan (UG),MCGRATH Allan (UG),MCGRATH Allan (UG),MCGRATH Allan (UG),JONES Jasmin (UG),JONES Jasmin (UG),MCGRATH Allan (UG),MCGRATH Allan (UG)
NSW_Local_Government_2021_Yass_Valley 9 seats.csv__hit44,MCGRATH Allan (UG),MCGRATH Allan (UG),MCGRATH Allan (UG),MCGRATH Allan (UG),TURNER Kim (UG),MCGRATH Allan (UG),MCGRATH Allan (UG),MCGRATH Allan (UG),MCGRATH Allan (UG),MCGRATH Allan (UG)
NSW_Local_Government_2021_Yass_Valley 9 seats.csv__hit45,JONES Jasmin (UG),TURNER Kim (UG),JONES Jasmin (UG),JONES Jasmin (UG),JONES Jasmin (UG),MCGRATH Allan (UG),MCGRATH Allan (UG),JONES Jasmin (UG),JONES Jasmin (UG),MCGRATH Allan (UG)
NSW_Local_Government_2021_Yass_Valley 9 seats.csv__hit46,MCGRATH Allan (UG),MCGRATH Allan (UG),MCGRATH Allan (UG),MCGRATH Allan (UG),MCGRATH Allan (UG),MCGRATH Allan (UG),MCGRATH Allan (UG),MCGRATH Allan (UG),MCGRATH Allan (UG),MCGRATH Allan (UG)
NSW_Local_Government_2021_Yass_Valley 9 seats.csv__hit47,MCGRATH Allan (UG),MCGRATH Allan (UG),MCGRATH Allan (UG),TURNER Kim (UG),MCGRATH Allan (UG),MCGRATH Allan (UG),JONES Jasmin (UG),MCGRATH Allan (UG),MCGRATH Allan (UG),MCGRATH Allan (UG)
NSW_Local_Government_2021_Yass_Valley 9 seats.csv__hit48,JONES Jasmin (UG),JONES Jasmin (UG),JONES Jasmin (UG),MCGRATH Allan (UG),MCGRATH Allan (UG),MCGRATH Allan (UG),MCGRATH Allan (UG),JONES Jasmin (UG),JONES Jasmin (UG),MCGRATH Allan (UG)
NSW_Local_Government_2021_Yass_Valley 9 seats.csv__hit49,JONES Jasmin (UG),JONES Jasmin (UG),MCGRATH Allan (UG),TURNER Kim (UG),MCGRATH Allan (UG),MCGRATH Allan (UG),JONES Jasmin (UG),JONES Jasmin (UG),JONES Jasmin (UG),MCGRATH Allan (UG)
NSW_Local_Government_2021_Yass_Valley 9 seats.csv__hit50,TURNER Kim (UG),JONES Jasmin (UG),MCGRATH Allan (UG),JONES Jasmin (UG),TURNER Kim (UG),MCGRATH Allan (UG),JONES Jasmin (UG),JONES Jasmin (UG),JONES Jasmin (UG),MCGRATH Allan (UG)
NSW_Local_Government_2021_Yass_Valley 9 seats.csv__hit51,MCGRATH Allan (UG),MCGRATH Allan (UG),MCGRATH Allan (UG),MCGRATH Allan (UG),MCGRATH Allan (UG),MCGRATH Allan (UG),JONES Jasmin (UG),JONES Jasmin (UG),MCGRATH Allan (UG),MCGRATH Allan (UG)
NSW_Local_Government_2021_Yass_Valley 9 seats.csv__hit52,MCGRATH Allan (UG),TURNER Kim (UG),MCGRATH Allan (UG),MCGRATH Allan (UG),TURNER Kim (UG),MCGRATH Allan (UG),TURNER Kim (UG),JONES Jasmin (UG),MCGRATH Allan (UG),MCGRATH Allan (UG)
NSW_Local_Government_2021_Yass_Valley 9 seats.csv__hit53,MCGRATH Allan (UG),MCGRATH Allan (UG),MCGRATH Allan (UG),MCGRATH Allan (UG),MCGRATH Allan (UG),MCGRATH Allan (UG),MCGRATH Allan (UG),JONES Jasmin (UG),MCGRATH Allan (UG),MCGRATH Allan (UG)
NSW_Local_Government_2021_Yass_Valley 9 seats.csv__hit54,MCGRATH Allan (UG),TURNER Kim (UG),MCGRATH Allan (UG),TURNER Kim (UG),MCGRATH Allan (UG),MCGRATH Allan (UG),MCGRATH Allan (UG),JONES Jasmin (UG),MCGRATH Allan (UG),MCGRATH Allan (UG)
NSW_Local_Government_2021_Yass_Valley 9 seats.csv__hit55,JONES Jasmin (UG),JONES Jasmin (UG),MCGRATH Allan (UG),MCGRATH Allan (UG),JONES Jasmin (UG),MCGRATH Allan (UG),TURNER Kim (UG),JONES Jasmin (UG),MCGRATH Allan (UG),MCGRATH Allan (UG)
NSW_Local_Government_2021_Yass_Valley 9 seats.csv__hit56,MCGRATH Allan (UG),MCGRATH Allan (UG),MCGRATH Allan (UG),TURNER Kim (UG),MCGRATH Allan (UG),MCGRATH Allan (UG),JONES Jasmin (UG),MCGRATH Allan (UG),MCGRATH Allan (UG),MCGRATH Allan (UG)
NSW_Local_Government_2021_Yass_Valley 9 seats.csv__hit57,MCGRATH Allan (UG),MCGRATH Allan (UG),MCGRATH Allan (UG),MCGRATH Allan (UG),MCGRATH Allan (UG),MCGRATH Allan (UG),TURNER Kim (UG),JONES Jasmin (UG),MCGRATH Allan (UG),MCGRATH Allan (UG)
NSW_Local_Government_2021_Yass_Valley 9 seats.csv__hit58,MCGRATH Allan (UG),MCGRATH Allan (UG),MCGRATH Allan (UG),MCGRATH Allan (UG),MCGRATH Allan (UG),MCGRATH Allan (UG),JONES Jasmin (UG),MCGRATH Allan (UG),MCGRATH Allan (UG),MCGRATH Allan (UG)
NSW_Local_Government_2021_Yass_Valley 9 seats.csv__hit59,JONES Jasmin (UG),JONES Jasmin (UG),MCGRATH Allan (UG),JONES Jasmin (UG),MCGRATH Allan (UG),MCGRATH Allan (UG),MCGRATH Allan (UG),JONES Jasmin (UG),JONES Jasmin (UG),MCGRATH Allan (UG)
NSW_Local_Government_2021_Yass_Valley 9 seats.csv__hit60,JONES Jasmin (UG),JONES Jasmin (UG),JONES Jasmin (UG),JONES Jasmin (UG),TURNER Kim (UG),MCGRATH Allan (UG),JONES Jasmin (UG),JONES Jasmin (UG),MCGRATH Allan (UG),MCGRATH Allan (UG)
NSW_Local_Government_2021_Yass_Valley 9 seats.csv__hit61,MCGRATH Allan (UG),TURNER Kim (UG),MCGRATH Allan (UG),TURNER Kim (UG),MCGRATH Allan (UG),MCGRATH Allan (UG),TURNER Kim (UG),JONES Jasmin (UG),MCGRATH Allan (UG),MCGRATH Allan (UG)
NSW_Local_Government_2021_Yass_Valley 9 seats.csv__hit62,MCGRATH Allan (UG),MCGRATH Allan (UG),MCGRATH Allan (UG),MCGRATH Allan (UG),MCGRATH Allan (UG),MCGRATH Allan (UG),MCGRATH Allan (UG),JONES Jasmin (UG),MCGRATH Allan (UG),MCGRATH Allan (UG)
NSW_Local_Government_2021_Yass_Valley 9 seats.csv__hit63,TURNER Kim (UG),MCGRATH Allan (UG),MCGRATH Allan (UG),MCGRATH Allan (UG),MCGRATH Allan (UG),MCGRATH Allan (UG),TURNER Kim (UG),JONES Jasmin (UG),MCGRATH Allan (UG),MCGRATH Allan (UG)
NSW_Local_Government_2021_Yass_Valley 9 seats.csv__hit64,JONES Jasmin (UG),JONES Jasmin (UG),MCGRATH Allan (UG),JONES Jasmin (UG),MCGRATH Allan (UG),MCGRATH Allan (UG),JONES Jasmin (UG),JONES Jasmin (UG),JONES Jasmin (UG),MCGRATH Allan (UG)
NSW_Local_Government_2021_Yass_Valley 9 seats.csv__hit65,MCGRATH Allan (UG),JONES Jasmin (UG),MCGRATH Allan (UG),MCGRATH Allan (UG),MCGRATH Allan (UG),MCGRATH Allan (UG),MCGRATH Allan (UG),JONES Jasmin (UG),MCGRATH Allan (UG),MCGRATH Allan (UG)
NSW_Local_Government_2021_Yass_Valley 9 seats.csv__hit66,JONES Jasmin (UG),JONES Jasmin (UG),JONES Jasmin (UG),JONES Jasmin (UG),MCGRATH Allan (UG),MCGRATH Allan (UG),MCGRATH Allan (UG),JONES Jasmin (UG),JONES Jasmin (UG),MCGRATH Allan (UG)
NSW_Local_Government_2021_Yass_Valley 9 seats.csv__hit67,MCGRATH Allan (UG),MCGRATH Allan (UG),MCGRATH Allan (UG),MCGRATH Allan (UG),TURNER Kim (UG),MCGRATH Allan (UG),MCGRATH Allan (UG),JONES Jasmin (UG),MCGRATH Allan (UG),MCGRATH Allan (UG)
NSW_Local_Government_2021_Yass_Valley 9 seats.csv__hit68,MCGRATH Allan (UG),MCGRATH Allan (UG),MCGRATH Allan (UG),MCGRATH Allan (UG),TURNER Kim (UG),MCGRATH Allan (UG),TURNER Kim (UG),MCGRATH Allan (UG),MCGRATH Allan (UG),MCGRATH Allan (UG)
NSW_Local_Government_2021_Yass_Valley 9 seats.csv__hit69,JONES Jasmin (UG),JONES Jasmin (UG),MCGRATH Allan (UG),JONES Jasmin (UG),MCGRATH Allan (UG),MCGRATH Allan (UG),JONES Jasmin (UG),JONES Jasmin (UG),JONES Jasmin (UG),MCGRATH Allan (UG)
NSW_Local_Government_2021_Yass_Valley 9 seats.csv__hit70,MCGRATH Allan (UG),MCGRATH Allan (UG),MCGRATH Allan (UG),TURNER Kim (UG),MCGRATH Allan (UG),MCGRATH Allan (UG),MCGRATH Allan (UG),MCGRATH Allan (UG),MCGRATH Allan (UG),MCGRATH Allan (UG)
NSW_Local_Government_2021_Yass_Valley 9 seats.csv__hit71,MCGRATH Allan (UG),MCGRATH Allan (UG),MCGRATH Allan (UG),MCGRATH Allan (UG),MCGRATH Allan (UG),MCGRATH Allan (UG),MCGRATH Allan (UG),JONES Jasmin (UG),MCGRATH Allan (UG),MCGRATH Allan (UG)
NSW_Local_Government_2021_Yass_Valley 9 seats.csv__hit72,MCGRATH Allan (UG),JONES Jasmin (UG),JONES Jasmin (UG),JONES Jasmin (UG),TURNER Kim (UG),JONES Jasmin (UG),MCGRATH Allan (UG),JONES Jasmin (UG),JONES Jasmin (UG),MCGRATH Allan (UG)
NSW_Local_Government_2021_Yass_Valley 9 seats.csv__hit73,JONES Jasmin (UG),TURNER Kim (UG),MCGRATH Allan (UG),JONES Jasmin (UG),MCGRATH Allan (UG),JONES Jasmin (UG),JONES Jasmin (UG),JONES Jasmin (UG),JONES Jasmin (UG),MCGRATH Allan (UG)
NSW_Local_Government_2021_Yass_Valley 9 seats.csv__hit74,MCGRATH Allan (UG),TURNER Kim (UG),MCGRATH Allan (UG),MCGRATH Allan (UG),MCGRATH Allan (UG),MCGRATH Allan (UG),MCGRATH Allan (UG),JONES Jasmin (UG),MCGRATH Allan (UG),MCGRATH Allan (UG)
NSW_Local_Government_2021_Yass_Valley 9 seats.csv__hit75,JONES Jasmin (UG),JONES Jasmin (UG),JONES Jasmin (UG),JONES Jasmin (UG),MCGRATH Allan (UG),MCGRATH Allan (UG),JONES Jasmin (UG),TURNER Kim (UG),MCGRATH Allan (UG),MCGRATH Allan (UG)
NSW_Local_Government_2021_Yass_Valley 9 seats.csv__hit76,MCGRATH Allan (UG),MCGRATH Allan (UG),MCGRATH Allan (UG),MCGRATH Allan (UG),JONES Jasmin (UG),MCGRATH Allan (UG),TURNER Kim (UG),MCGRATH Allan (UG),MCGRATH Allan (UG),MCGRATH Allan (UG)
NSW_Local_Government_2021_Yass_Valley 9 seats.csv__hit77,JONES Jasmin (UG),TURNER Kim (UG),MCGRATH Allan (UG),JONES Jasmin (UG),MCGRATH Allan (UG),MCGRATH Allan (UG),MCGRATH Allan (UG),JONES Jasmin (UG),MCGRATH Allan (UG),MCGRATH Allan (UG)
NSW_Local_Government_2021_Yass_Valley 9 seats.csv__hit78,MCGRATH Allan (UG),MCGRATH Allan (UG),MCGRATH Allan (UG),MCGRATH Allan (UG),MCGRATH Allan (UG),TURNER Kim (UG),TURNER Kim (UG),JONES Jasmin (UG),MCGRATH Allan (UG),MCGRATH Allan (UG)
NSW_Local_Government_2021_Yass_Valley 9 seats.csv__hit79,MCGRATH Allan (UG),MCGRATH Allan (UG),MCGRATH Allan (UG),TURNER Kim (UG),MCGRATH Allan (UG),MCGRATH Allan (UG),TURNER Kim (UG),JONES Jasmin (UG),MCGRATH Allan (UG),MCGRATH Allan (UG)
NSW_Local_Government_2021_Yass_Valley 9 seats.csv__hit80,MCGRATH Allan (UG),TURNER Kim (UG),MCGRATH Allan (UG),MCGRATH Allan (UG),MCGRATH Allan (UG),TURNER Kim (UG),TURNER Kim (UG),JONES Jasmin (UG),MCGRATH Allan (UG),MCGRATH Allan (UG)
NSW_Local_Government_2021_Yass_Valley 9 seats.csv__hit81,JONES Jasmin (UG),JONES Jasmin (UG),MCGRATH Allan (UG),JONES Jasmin (UG),TURNER Kim (UG),MCGRATH Allan (UG),MCGRATH Allan (UG),JONES Jasmin (UG),JONES Jasmin (UG),JONES Jasmin (UG)
NSW_Local_Government_2021_Yass_Valley 9 seats.csv__hit82,MCGRATH Allan (UG),MCGRATH Allan (UG),MCGRATH Allan (UG),MCGRATH Allan (UG),MCGRATH Allan (UG),MCGRATH Allan (UG),TURNER Kim (UG),JONES Jasmin (UG),MCGRATH Allan (UG),MCGRATH Allan (UG)
NSW_Local_Government_2021_Yass_Valley 9 seats.csv__hit83,TURNER Kim (UG),TURNER Kim (UG),TURNER Kim (UG),TURNER Kim (UG),TURNER Kim (UG),MCGRATH Allan (UG),TURNER Kim (UG),JONES Jasmin (UG),TURNER Kim (UG),MCGRATH Allan (UG)
NSW_Local_Government_2021_Yass_Valley 9 seats.csv__hit84,JONES Jasmin (UG),TURNER Kim (UG),JONES Jasmin (UG),TURNER Kim (UG),MCGRATH Allan (UG),MCGRATH Allan (UG),MCGRATH Allan (UG),JONES Jasmin (UG),MCGRATH Allan (UG),MCGRATH Allan (UG)
NSW_Local_Government_2021_Yass_Valley 9 seats.csv__hit85,JONES Jasmin (UG),JONES Jasmin (UG),MCGRATH Allan (UG),TURNER Kim (UG),MCGRATH Allan (UG),MCGRATH Allan (UG),JONES Jasmin (UG),JONES Jasmin (UG),MCGRATH Allan (UG),MCGRATH Allan (UG)
NSW_Local_Government_2021_Yass_Valley 9 seats.csv__hit86,MCGRATH Allan (UG),MCGRATH Allan (UG),MCGRATH Allan (UG),MCGRATH Allan (UG),MCGRATH Allan (UG),MCGRATH Allan (UG),MCGRATH Allan (UG),JONES Jasmin (UG),MCGRATH Allan (UG),MCGRATH Allan (UG)
NSW_Local_Government_2021_Yass_Valley 9 seats.csv__hit87,JONES Jasmin (UG),JONES Jasmin (UG),MCGRATH Allan (UG),JONES Jasmin (UG),MCGRATH Allan (UG),TURNER Kim (UG),JONES Jasmin (UG),JONES Jasmin (UG),JONES Jasmin (UG),JONES Jasmin (UG)
NSW_Local_Government_2021_Yass_Valley 9 seats.csv__hit88,JONES Jasmin (UG),TURNER Kim (UG),MCGRATH Allan (UG),TURNER Kim (UG),MCGRATH Allan (UG),MCGRATH Allan (UG),MCGRATH Allan (UG),MCGRATH Allan (UG),JONES Jasmin (UG),MCGRATH Allan (UG)
NSW_Local_Government_2021_Yass_Valley 9 seats.csv__hit89,JONES Jasmin (UG),TURNER Kim (UG),JONES Jasmin (UG),JONES Jasmin (UG),TURNER Kim (UG),MCGRATH Allan (UG),JONES Jasmin (UG),JONES Jasmin (UG),JONES Jasmin (UG),MCGRATH Allan (UG)
NSW_Local_Government_2021_Yass_Valley 9 seats.csv__hit90,TURNER Kim (UG),TURNER Kim (UG),TURNER Kim (UG),TURNER Kim (UG),TURNER Kim (UG),TURNER Kim (UG),TURNER Kim (UG),TURNER Kim (UG),MCGRATH Allan (UG),MCGRATH Allan (UG)
NSW_Local_Government_2021_Yass_Valley 9 seats.csv__hit91,JONES Jasmin (UG),JONES Jasmin (UG),JONES Jasmin (UG),TURNER Kim (UG),MCGRATH Allan (UG),MCGRATH Allan (UG),MCGRATH Allan (UG),JONES Jasmin (UG),MCGRATH Allan (UG),MCGRATH Allan (UG)
NSW_Local_Government_2021_Yass_Valley 9 seats.csv__hit92,JONES Jasmin (UG),JONES Jasmin (UG),JONES Jasmin (UG),TURNER Kim (UG),TURNER Kim (UG),MCGRATH Allan (UG),TURNER Kim (UG),JONES Jasmin (UG),MCGRATH Allan (UG),MCGRATH Allan (UG)
NSW_Local_Government_2021_Yass_Valley 9 seats.csv__hit93,JONES Jasmin (UG),JONES Jasmin (UG),JONES Jasmin (UG),JONES Jasmin (UG),MCGRATH Allan (UG),TURNER Kim (UG),JONES Jasmin (UG),JONES Jasmin (UG),JONES Jasmin (UG),MCGRATH Allan (UG)
NSW_Local_Government_2021_Yass_Valley 9 seats.csv__hit94,JONES Jasmin (UG),JONES Jasmin (UG),MCGRATH Allan (UG),MCGRATH Allan (UG),MCGRATH Allan (UG),MCGRATH Allan (UG),MCGRATH Allan (UG),JONES Jasmin (UG),JONES Jasmin (UG),JONES Jasmin (UG)
NSW_Local_Government_2021_Yass_Valley 9 seats.csv__hit95,MCGRATH Allan (UG),JONES Jasmin (UG),MCGRATH Allan (UG),MCGRATH Allan (UG),MCGRATH Allan (UG),MCGRATH Allan (UG),TURNER Kim (UG),JONES Jasmin (UG),MCGRATH Allan (UG),MCGRATH Allan (UG)
NSW_Local_Government_2021_Yass_Valley 9 seats.csv__hit96,MCGRATH Allan (UG),JONES Jasmin (UG),JONES Jasmin (UG),JONES Jasmin (UG),MCGRATH Allan (UG),MCGRATH Allan (UG),MCGRATH Allan (UG),JONES Jasmin (UG),JONES Jasmin (UG),MCGRATH Allan (UG)
NSW_Local_Government_2021_Yass_Valley 9 seats.csv__hit97,MCGRATH Allan (UG),MCGRATH Allan (UG),MCGRATH Allan (UG),MCGRATH Allan (UG),MCGRATH Allan (UG),MCGRATH Allan (UG),MCGRATH Allan (UG),JONES Jasmin (UG),MCGRATH Allan (UG),MCGRATH Allan (UG)
NSW_Local_Government_2021_Yass_Valley 9 seats.csv__hit98,MCGRATH Allan (UG),MCGRATH Allan (UG),MCGRATH Allan (UG),MCGRATH Allan (UG),MCGRATH Allan (UG),MCGRATH Allan (UG),JONES Jasmin (UG),JONES Jasmin (UG),MCGRATH Allan (UG),MCGRATH Allan (UG)
NSW_Local_Government_2021_Yass_Valley 9 seats.csv__hit99,TURNER Kim (UG),MCGRATH Allan (UG),MCGRATH Allan (UG),MCGRATH Allan (UG),MCGRATH Allan (UG),MCGRATH Allan (UG),TURNER Kim (UG),MCGRATH Allan (UG),MCGRATH Allan (UG),MCGRATH Allan (UG)
NSW_Local_Government_2021_Yass_Valley 9 seats.csv__hit100,JONES Jasmin (UG),JONES Jasmin (UG),JONES Jasmin (UG),JONES Jasmin (UG),MCGRATH Allan (UG),JONES Jasmin (UG),JONES Jasmin (UG),JONES Jasmin (UG),JONES Jasmin (UG),JONES Jasmin (UG)
NSW_Local_Government_2021_Yass_Valley 9 seats.csv__hit101,JONES Jasmin (UG),JONES Jasmin (UG),MCGRATH Allan (UG),MCGRATH Allan (UG),TURNER Kim (UG),MCGRATH Allan (UG),MCGRATH Allan (UG),JONES Jasmin (UG),MCGRATH Allan (UG),MCGRATH Allan (UG)
NSW_Local_Government_2021_Yass_Valley 9 seats.csv__hit102,JONES Jasmin (UG),TURNER Kim (UG),MCGRATH Allan (UG),JONES Jasmin (UG),MCGRATH Allan (UG),MCGRATH Allan (UG),MCGRATH Allan (UG),JONES Jasmin (UG),JONES Jasmin (UG),MCGRATH Allan (UG)
NSW_Local_Government_2021_Yass_Valley 9 seats.csv__hit103,MCGRATH Allan (UG),MCGRATH Allan (UG),MCGRATH Allan (UG),MCGRATH Allan (UG),MCGRATH Allan (UG),MCGRATH Allan (UG),JONES Jasmin (UG),JONES Jasmin (UG),MCGRATH Allan (UG),MCGRATH Allan (UG)
NSW_Local_Government_2021_Yass_Valley 9 seats.csv__hit104,MCGRATH Allan (UG),MCGRATH Allan (UG),MCGRATH Allan (UG),MCGRATH Allan (UG),MCGRATH Allan (UG),MCGRATH Allan (UG),TURNER Kim (UG),JONES Jasmin (UG),MCGRATH Allan (UG),MCGRATH Allan (UG)
NSW_Local_Government_2021_Yass_Valley 9 seats.csv__hit105,MCGRATH Allan (UG),MCGRATH Allan (UG),MCGRATH Allan (UG),MCGRATH Allan (UG),MCGRATH Allan (UG),MCGRATH Allan (UG),MCGRATH Allan (UG),MCGRATH Allan (UG),MCGRATH Allan (UG),MCGRATH Allan (UG)
NSW_Local_Government_2021_Yass_Valley 9 seats.csv__hit106,MCGRATH Allan (UG),MCGRATH Allan (UG),MCGRATH Allan (UG),MCGRATH Allan (UG),MCGRATH Allan (UG),TURNER Kim (UG),TURNER Kim (UG),JONES Jasmin (UG),MCGRATH Allan (UG),MCGRATH Allan (UG)
NSW_Local_Government_2021_Yass_Valley 9 seats.csv__hit107,JONES Jasmin (UG),TURNER Kim (UG),JONES Jasmin (UG),JONES Jasmin (UG),MCGRATH Allan (UG),MCGRATH Allan (UG),MCGRATH Allan (UG),MCGRATH Allan (UG),MCGRATH Allan (UG),MCGRATH Allan (UG)
NSW_Local_Government_2021_Yass_Valley 9 seats.csv__hit108,JONES Jasmin (UG),JONES Jasmin (UG),JONES Jasmin (UG),JONES Jasmin (UG),MCGRATH Allan (UG),MCGRATH Allan (UG),MCGRATH Allan (UG),TURNER Kim (UG),JONES Jasmin (UG),MCGRATH Allan (UG)
NSW_Local_Government_2021_Yass_Valley 9 seats.csv__hit109,JONES Jasmin (UG),JONES Jasmin (UG),JONES Jasmin (UG),JONES Jasmin (UG),MCGRATH Allan (UG),MCGRATH Allan (UG),MCGRATH Allan (UG),JONES Jasmin (UG),JONES Jasmin (UG),JONES Jasmin (UG)
NSW_Local_Government_2021_Yass_Valley 9 seats.csv__hit110,MCGRATH Allan (UG),MCGRATH Allan (UG),MCGRATH Allan (UG),MCGRATH Allan (UG),MCGRATH Allan (UG),MCGRATH Allan (UG),JONES Jasmin (UG),JONES Jasmin (UG),MCGRATH Allan (UG),MCGRATH Allan (UG)
NSW_Local_Government_2021_Yass_Valley 9 seats.csv__hit111,MCGRATH Allan (UG),MCGRATH Allan (UG),MCGRATH Allan (UG),MCGRATH Allan (UG),TURNER Kim (UG),MCGRATH Allan (UG),TURNER Kim (UG),JONES Jasmin (UG),MCGRATH Allan (UG),MCGRATH Allan (UG)
NSW_Local_Government_2021_Yass_Valley 9 seats.csv__hit112,MCGRATH Allan (UG),MCGRATH Allan (UG),MCGRATH Allan (UG),MCGRATH Allan (UG),MCGRATH Allan (UG),MCGRATH Allan (UG),TURNER Kim (UG),JONES Jasmin (UG),MCGRATH Allan (UG),MCGRATH Allan (UG)
NSW_Local_Government_2021_Yass_Valley 9 seats.csv__hit113,JONES Jasmin (UG),JONES Jasmin (UG),JONES Jasmin (UG),JONES Jasmin (UG),MCGRATH Allan (UG),TURNER Kim (UG),JONES Jasmin (UG),JONES Jasmin (UG),JONES Jasmin (UG),MCGRATH Allan (UG)
NSW_Local_Government_2021_Yass_Valley 9 seats.csv__hit114,MCGRATH Allan (UG),MCGRATH Allan (UG),MCGRATH Allan (UG),MCGRATH Allan (UG),MCGRATH Allan (UG),MCGRATH Allan (UG),TURNER Kim (UG),JONES Jasmin (UG),MCGRATH Allan (UG),MCGRATH Allan (UG)
NSW_Local_Government_2021_Yass_Valley 9 seats.csv__hit115,JONES Jasmin (UG),JONES Jasmin (UG),MCGRATH Allan (UG),JONES Jasmin (UG),MCGRATH Allan (UG),MCGRATH Allan (UG),MCGRATH Allan (UG),MCGRATH Allan (UG),MCGRATH Allan (UG),MCGRATH Allan (UG)
NSW_Local_Government_2021_Yass_Valley 9 seats.csv__hit116,JONES Jasmin (UG),TURNER Kim (UG),MCGRATH Allan (UG),JONES Jasmin (UG),TURNER Kim (UG),MCGRATH Allan (UG),JONES Jasmin (UG),JONES Jasmin (UG),MCGRATH Allan (UG),MCGRATH Allan (UG)
NSW_Local_Government_2021_Yass_Valley 9 seats.csv__hit117,JONES Jasmin (UG),JONES Jasmin (UG),JONES Jasmin (UG),JONES Jasmin (UG),MCGRATH Allan (UG),JONES Jasmin (UG),TURNER Kim (UG),JONES Jasmin (UG),JONES Jasmin (UG),MCGRATH Allan (UG)
NSW_Local_Government_2021_Yass_Valley 9 seats.csv__hit118,MCGRATH Allan (UG),MCGRATH Allan (UG),MCGRATH Allan (UG),MCGRATH Allan (UG),MCGRATH Allan (UG),MCGRATH Allan (UG),MCGRATH Allan (UG),JONES Jasmin (UG),MCGRATH Allan (UG),MCGRATH Allan (UG)
NSW_Local_Government_2021_Yass_Valley 9 seats.csv__hit119,MCGRATH Allan (UG),MCGRATH Allan (UG),MCGRATH Allan (UG),MCGRATH Allan (UG),MCGRATH Allan (UG),MCGRATH Allan (UG),JONES Jasmin (UG),JONES Jasmin (UG),MCGRATH Allan (UG),MCGRATH Allan (UG)
NSW_Local_Government_2021_Yass_Valley 9 seats.csv__hit120,MCGRATH Allan (UG),MCGRATH Allan (UG),MCGRATH Allan (UG),MCGRATH Allan (UG),MCGRATH Allan (UG),MCGRATH Allan (UG),JONES Jasmin (UG),JONES Jasmin (UG),JONES Jasmin (UG),MCGRATH Allan (UG)
NSW_Local_Government_2021_Yass_Valley 9 seats.csv__hit121,MCGRATH Allan (UG),MCGRATH Allan (UG),MCGRATH Allan (UG),MCGRATH Allan (UG),MCGRATH Allan (UG),MCGRATH Allan (UG),TURNER Kim (UG),JONES Jasmin (UG),MCGRATH Allan (UG),MCGRATH Allan (UG)
NSW_Local_Government_2021_Yass_Valley 9 seats.csv__hit122,TURNER Kim (UG),TURNER Kim (UG),MCGRATH Allan (UG),MCGRATH Allan (UG),TURNER Kim (UG),MCGRATH Allan (UG),TURNER Kim (UG),JONES Jasmin (UG),MCGRATH Allan (UG),MCGRATH Allan (UG)
NSW_Local_Government_2021_Yass_Valley 9 seats.csv__hit123,JONES Jasmin (UG),TURNER Kim (UG),JONES Jasmin (UG),JONES Jasmin (UG),TURNER Kim (UG),MCGRATH Allan (UG),TURNER Kim (UG),JONES Jasmin (UG),JONES Jasmin (UG),JONES Jasmin (UG)
NSW_Local_Government_2021_Yass_Valley 9 seats.csv__hit124,MCGRATH Allan (UG),TURNER Kim (UG),MCGRATH Allan (UG),MCGRATH Allan (UG),MCGRATH Allan (UG),MCGRATH Allan (UG),MCGRATH Allan (UG),JONES Jasmin (UG),MCGRATH Allan (UG),MCGRATH Allan (UG)
NSW_Local_Government_2021_Yass_Valley 9 seats.csv__hit125,MCGRATH Allan (UG),TURNER Kim (UG),MCGRATH Allan (UG),MCGRATH Allan (UG),MCGRATH Allan (UG),MCGRATH Allan (UG),MCGRATH Allan (UG),JONES Jasmin (UG),MCGRATH Allan (UG),MCGRATH Allan (UG)
NSW_Local_Government_2021_Yass_Valley 9 seats.csv__hit126,JONES Jasmin (UG),TURNER Kim (UG),JONES Jasmin (UG),TURNER Kim (UG),TURNER Kim (UG),MCGRATH Allan (UG),TURNER Kim (UG),JONES Jasmin (UG),MCGRATH Allan (UG),MCGRATH Allan (UG)
NSW_Local_Government_2021_Yass_Valley 9 seats.csv__hit127,JONES Jasmin (UG),JONES Jasmin (UG),JONES Jasmin (UG),JONES Jasmin (UG),MCGRATH Allan (UG),TURNER Kim (UG),TURNER Kim (UG),JONES Jasmin (UG),JONES Jasmin (UG),MCGRATH Allan (UG)
NSW_Local_Government_2021_Yass_Valley 9 seats.csv__hit128,MCGRATH Allan (UG),MCGRATH Allan (UG),MCGRATH Allan (UG),MCGRATH Allan (UG),MCGRATH Allan (UG),MCGRATH Allan (UG),MCGRATH Allan (UG),JONES Jasmin (UG),MCGRATH Allan (UG),MCGRATH Allan (UG)
NSW_Local_Government_2021_Yass_Valley 9 seats.csv__hit129,MCGRATH Allan (UG),MCGRATH Allan (UG),MCGRATH Allan (UG),MCGRATH Allan (UG),MCGRATH Allan (UG),MCGRATH Allan (UG),MCGRATH Allan (UG),MCGRATH Allan (UG),MCGRATH Allan (UG),MCGRATH Allan (UG)
NSW_Local_Government_2021_Yass_Valley 9 seats.csv__hit130,JONES Jasmin (UG),JONES Jasmin (UG),JONES Jasmin (UG),MCGRATH Allan (UG),MCGRATH Allan (UG),MCGRATH Allan (UG),JONES Jasmin (UG),JONES Jasmin (UG),JONES Jasmin (UG),MCGRATH Allan (UG)
NSW_Local_Government_2021_Yass_Valley 9 seats.csv__hit131,MCGRATH Allan (UG),MCGRATH Allan (UG),MCGRATH Allan (UG),MCGRATH Allan (UG),MCGRATH Allan (UG),MCGRATH Allan (UG),JONES Jasmin (UG),TURNER Kim (UG),MCGRATH Allan (UG),MCGRATH Allan (UG)
NSW_Local_Government_2021_Yass_Valley 9 seats.csv__hit132,JONES Jasmin (UG),JONES Jasmin (UG),JONES Jasmin (UG),TURNER Kim (UG),MCGRATH Allan (UG),MCGRATH Allan (UG),MCGRATH Allan (UG),JONES Jasmin (UG),MCGRATH Allan (UG),JONES Jasmin (UG)
NSW_Local_Government_2021_Yass_Valley 9 seats.csv__hit133,JONES Jasmin (UG),JONES Jasmin (UG),JONES Jasmin (UG),MCGRATH Allan (UG),MCGRATH Allan (UG),MCGRATH Allan (UG),JONES Jasmin (UG),JONES Jasmin (UG),JONES Jasmin (UG),MCGRATH Allan (UG)
NSW_Local_Government_2021_Yass_Valley 9 seats.csv__hit134,JONES Jasmin (UG),TURNER Kim (UG),MCGRATH Allan (UG),JONES Jasmin (UG),MCGRATH Allan (UG),TURNER Kim (UG),MCGRATH Allan (UG),JONES Jasmin (UG),JONES Jasmin (UG),JONES Jasmin (UG)
NSW_Local_Government_2021_Yass_Valley 9 seats.csv__hit135,JONES Jasmin (UG),JONES Jasmin (UG),JONES Jasmin (UG),MCGRATH Allan (UG),MCGRATH Allan (UG),MCGRATH Allan (UG),JONES Jasmin (UG),JONES Jasmin (UG),MCGRATH Allan (UG),MCGRATH Allan (UG)
NSW_Local_Government_2021_Yass_Valley 9 seats.csv__hit136,MCGRATH Allan (UG),MCGRATH Allan (UG),MCGRATH Allan (UG),MCGRATH Allan (UG),MCGRATH Allan (UG),MCGRATH Allan (UG),JONES Jasmin (UG),JONES Jasmin (UG),MCGRATH Allan (UG),MCGRATH Allan (UG)
NSW_Local_Government_2021_Yass_Valley 9 seats.csv__hit137,JONES Jasmin (UG),JONES Jasmin (UG),JONES Jasmin (UG),JONES Jasmin (UG),MCGRATH Allan (UG),MCGRATH Allan (UG),TURNER Kim (UG),JONES Jasmin (UG),JONES Jasmin (UG),MCGRATH Allan (UG)
NSW_Local_Government_2021_Yass_Valley 9 seats.csv__hit138,MCGRATH Allan (UG),MCGRATH Allan (UG),MCGRATH Allan (UG),MCGRATH Allan (UG),MCGRATH Allan (UG),MCGRATH Allan (UG),MCGRATH Allan (UG),JONES Jasmin (UG),MCGRATH Allan (UG),MCGRATH Allan (UG)
NSW_Local_Government_2021_Yass_Valley 9 seats.csv__hit139,MCGRATH Allan (UG),MCGRATH Allan (UG),MCGRATH Allan (UG),MCGRATH Allan (UG),MCGRATH Allan (UG),MCGRATH Allan (UG),TURNER Kim (UG),MCGRATH Allan (UG),MCGRATH Allan (UG),MCGRATH Allan (UG)
NSW_Local_Government_2021_Yass_Valley 9 seats.csv__hit140,MCGRATH Allan (UG),MCGRATH Allan (UG),MCGRATH Allan (UG),MCGRATH Allan (UG),MCGRATH Allan (UG),MCGRATH Allan (UG),MCGRATH Allan (UG),JONES Jasmin (UG),MCGRATH Allan (UG),MCGRATH Allan (UG)
NSW_Local_Government_2021_Yass_Valley 9 seats.csv__hit141,MCGRATH Allan (UG),JONES Jasmin (UG),MCGRATH Allan (UG),MCGRATH Allan (UG),MCGRATH Allan (UG),MCGRATH Allan (UG),JONES Jasmin (UG),JONES Jasmin (UG),MCGRATH Allan (UG),MCGRATH Allan (UG)
NSW_Local_Government_2021_Yass_Valley 9 seats.csv__hit142,MCGRATH Allan (UG),TURNER Kim (UG),MCGRATH Allan (UG),MCGRATH Allan (UG),MCGRATH Allan (UG),MCGRATH Allan (UG),MCGRATH Allan (UG),JONES Jasmin (UG),MCGRATH Allan (UG),MCGRATH Allan (UG)
NSW_Local_Government_2021_Yass_Valley 9 seats.csv__hit143,TURNER Kim (UG),TURNER Kim (UG),MCGRATH Allan (UG),TURNER Kim (UG),MCGRATH Allan (UG),MCGRATH Allan (UG),JONES Jasmin (UG),JONES Jasmin (UG),JONES Jasmin (UG),MCGRATH Allan (UG)
NSW_Local_Government_2021_Yass_Valley 9 seats.csv__hit144,TURNER Kim (UG),TURNER Kim (UG),JONES Jasmin (UG),TURNER Kim (UG),TURNER Kim (UG),MCGRATH Allan (UG),TURNER Kim (UG),TURNER Kim (UG),TURNER Kim (UG),MCGRATH Allan (UG)
NSW_Local_Government_2021_Yass_Valley 9 seats.csv__hit145,MCGRATH Allan (UG),MCGRATH Allan (UG),MCGRATH Allan (UG),MCGRATH Allan (UG),MCGRATH Allan (UG),MCGRATH Allan (UG),MCGRATH Allan (UG),JONES Jasmin (UG),MCGRATH Allan (UG),MCGRATH Allan (UG)
NSW_Local_Government_2021_Yass_Valley 9 seats.csv__hit146,JONES Jasmin (UG),JONES Jasmin (UG),MCGRATH Allan (UG),MCGRATH Allan (UG),MCGRATH Allan (UG),MCGRATH Allan (UG),JONES Jasmin (UG),JONES Jasmin (UG),JONES Jasmin (UG),MCGRATH Allan (UG)
NSW_Local_Government_2021_Yass_Valley 9 seats.csv__hit147,JONES Jasmin (UG),JONES Jasmin (UG),JONES Jasmin (UG),JONES Jasmin (UG),MCGRATH Allan (UG),MCGRATH Allan (UG),JONES Jasmin (UG),JONES Jasmin (UG),JONES Jasmin (UG),MCGRATH Allan (UG)
NSW_Local_Government_2021_Yass_Valley 9 seats.csv__hit148,JONES Jasmin (UG),JONES Jasmin (UG),JONES Jasmin (UG),JONES Jasmin (UG),MCGRATH Allan (UG),MCGRATH Allan (UG),JONES Jasmin (UG),JONES Jasmin (UG),JONES Jasmin (UG),MCGRATH Allan (UG)
NSW_Local_Government_2021_Yass_Valley 9 seats.csv__hit149,JONES Jasmin (UG),JONES Jasmin (UG),MCGRATH Allan (UG),JONES Jasmin (UG),MCGRATH Allan (UG),MCGRATH Allan (UG),TURNER Kim (UG),TURNER Kim (UG),MCGRATH Allan (UG),MCGRATH Allan (UG)
NSW_Local_Government_2021_Yass_Valley 9 seats.csv__hit150,MCGRATH Allan (UG),MCGRATH Allan (UG),MCGRATH Allan (UG),MCGRATH Allan (UG),MCGRATH Allan (UG),JONES Jasmin (UG),TURNER Kim (UG),MCGRATH Allan (UG),MCGRATH Allan (UG),MCGRATH Allan (UG)
NSW_Local_Government_2021_Yass_Valley 9 seats.csv__hit151,MCGRATH Allan (UG),MCGRATH Allan (UG),MCGRATH Allan (UG),MCGRATH Allan (UG),MCGRATH Allan (UG),MCGRATH Allan (UG),TURNER Kim (UG),MCGRATH Allan (UG),MCGRATH Allan (UG),MCGRATH Allan (UG)
NSW_Local_Government_2021_Yass_Valley 9 seats.csv__hit152,JONES Jasmin (UG),JONES Jasmin (UG),JONES Jasmin (UG),JONES Jasmin (UG),MCGRATH Allan (UG),MCGRATH Allan (UG),MCGRATH Allan (UG),JONES Jasmin (UG),MCGRATH Allan (UG),MCGRATH Allan (UG)
NSW_Local_Government_2021_Yass_Valley 9 seats.csv__hit153,MCGRATH Allan (UG),MCGRATH Allan (UG),MCGRATH Allan (UG),MCGRATH Allan (UG),TURNER Kim (UG),MCGRATH Allan (UG),JONES Jasmin (UG),JONES Jasmin (UG),MCGRATH Allan (UG),MCGRATH Allan (UG)
NSW_Local_Government_2021_Yass_Valley 9 seats.csv__hit154,JONES Jasmin (UG),JONES Jasmin (UG),JONES Jasmin (UG),JONES Jasmin (UG),MCGRATH Allan (UG),MCGRATH Allan (UG),JONES Jasmin (UG),JONES Jasmin (UG),MCGRATH Allan (UG),MCGRATH Allan (UG)
NSW_Local_Government_2021_Yass_Valley 9 seats.csv__hit155,JONES Jasmin (UG),MCGRATH Allan (UG),JONES Jasmin (UG),JONES Jasmin (UG),MCGRATH Allan (UG),MCGRATH Allan (UG),JONES Jasmin (UG),JONES Jasmin (UG),JONES Jasmin (UG),MCGRATH Allan (UG)
NSW_Local_Government_2021_Yass_Valley 9 seats.csv__hit156,JONES Jasmin (UG),JONES Jasmin (UG),JONES Jasmin (UG),JONES Jasmin (UG),MCGRATH Allan (UG),MCGRATH Allan (UG),JONES Jasmin (UG),JONES Jasmin (UG),MCGRATH Allan (UG),MCGRATH Allan (UG)
NSW_Local_Government_2021_Yass_Valley 9 seats.csv__hit157,JONES Jasmin (UG),JONES Jasmin (UG),JONES Jasmin (UG),MCGRATH Allan (UG),JONES Jasmin (UG),MCGRATH Allan (UG),MCGRATH Allan (UG),JONES Jasmin (UG),MCGRATH Allan (UG),MCGRATH Allan (UG)
NSW_Local_Government_2021_Yass_Valley 9 seats.csv__hit158,MCGRATH Allan (UG),MCGRATH Allan (UG),MCGRATH Allan (UG),MCGRATH Allan (UG),MCGRATH Allan (UG),MCGRATH Allan (UG),TURNER Kim (UG),MCGRATH Allan (UG),MCGRATH Allan (UG),MCGRATH Allan (UG)
NSW_Local_Government_2021_Yass_Valley 9 seats.csv__hit159,MCGRATH Allan (UG),JONES Jasmin (UG),MCGRATH Allan (UG),MCGRATH Allan (UG),MCGRATH Allan (UG),MCGRATH Allan (UG),MCGRATH Allan (UG),JONES Jasmin (UG),MCGRATH Allan (UG),MCGRATH Allan (UG)
NSW_Local_Government_2021_Yass_Valley 9 seats.csv__hit160,MCGRATH Allan (UG),MCGRATH Allan (UG),MCGRATH Allan (UG),MCGRATH Allan (UG),MCGRATH Allan (UG),MCGRATH Allan (UG),TURNER Kim (UG),JONES Jasmin (UG),MCGRATH Allan (UG),MCGRATH Allan (UG)
NSW_Local_Government_2021_Yass_Valley 9 seats.csv__hit161,JONES Jasmin (UG),TURNER Kim (UG),MCGRATH Allan (UG),JONES Jasmin (UG),MCGRATH Allan (UG),TURNER Kim (UG),JONES Jasmin (UG),JONES Jasmin (UG),JONES Jasmin (UG),JONES Jasmin (UG)
NSW_Local_Government_2021_Yass_Valley 9 seats.csv__hit162,MCGRATH Allan (UG),MCGRATH Allan (UG),MCGRATH Allan (UG),MCGRATH Allan (UG),MCGRATH Allan (UG),MCGRATH Allan (UG),MCGRATH Allan (UG),JONES Jasmin (UG),MCGRATH Allan (UG),MCGRATH Allan (UG)
NSW_Local_Government_2021_Yass_Valley 9 seats.csv__hit163,MCGRATH Allan (UG),MCGRATH Allan (UG),MCGRATH Allan (UG),MCGRATH Allan (UG),MCGRATH Allan (UG),MCGRATH Allan (UG),TURNER Kim (UG),TURNER Kim (UG),MCGRATH Allan (UG),MCGRATH Allan (UG)
NSW_Local_Government_2021_Yass_Valley 9 seats.csv__hit164,MCGRATH Allan (UG),MCGRATH Allan (UG),JONES Jasmin (UG),MCGRATH Allan (UG),MCGRATH Allan (UG),MCGRATH Allan (UG),MCGRATH Allan (UG),JONES Jasmin (UG),MCGRATH Allan (UG),MCGRATH Allan (UG)
NSW_Local_Government_2021_Yass_Valley 9 seats.csv__hit165,MCGRATH Allan (UG),MCGRATH Allan (UG),MCGRATH Allan (UG),MCGRATH Allan (UG),MCGRATH Allan (UG),TURNER Kim (UG),TURNER Kim (UG),TURNER Kim (UG),MCGRATH Allan (UG),MCGRATH Allan (UG)
NSW_Local_Government_2021_Yass_Valley 9 seats.csv__hit166,MCGRATH Allan (UG),MCGRATH Allan (UG),JONES Jasmin (UG),MCGRATH Allan (UG),MCGRATH Allan (UG),MCGRATH Allan (UG),JONES Jasmin (UG),JONES Jasmin (UG),MCGRATH Allan (UG),MCGRATH Allan (UG)
NSW_Local_Government_2021_Yass_Valley 9 seats.csv__hit167,JONES Jasmin (UG),JONES Jasmin (UG),MCGRATH Allan (UG),TURNER Kim (UG),TURNER Kim (UG),MCGRATH Allan (UG),TURNER Kim (UG),JONES Jasmin (UG),JONES Jasmin (UG),JONES Jasmin (UG)
NSW_Local_Government_2021_Yass_Valley 9 seats.csv__hit168,MCGRATH Allan (UG),MCGRATH Allan (UG),MCGRATH Allan (UG),MCGRATH Allan (UG),MCGRATH Allan (UG),MCGRATH Allan (UG),MCGRATH Allan (UG),JONES Jasmin (UG),MCGRATH Allan (UG),MCGRATH Allan (UG)
NSW_Local_Government_2021_Yass_Valley 9 seats.csv__hit169,JONES Jasmin (UG),JONES Jasmin (UG),JONES Jasmin (UG),JONES Jasmin (UG),MCGRATH Allan (UG),MCGRATH Allan (UG),MCGRATH Allan (UG),JONES Jasmin (UG),JONES Jasmin (UG),MCGRATH Allan (UG)
NSW_Local_Government_2021_Yass_Valley 9 seats.csv__hit170,JONES Jasmin (UG),JONES Jasmin (UG),MCGRATH Allan (UG),JONES Jasmin (UG),MCGRATH Allan (UG),MCGRATH Allan (UG),TURNER Kim (UG),JONES Jasmin (UG),JONES Jasmin (UG),MCGRATH Allan (UG)
NSW_Local_Government_2021_Yass_Valley 9 seats.csv__hit171,MCGRATH Allan (UG),TURNER Kim (UG),MCGRATH Allan (UG),MCGRATH Allan (UG),TURNER Kim (UG),MCGRATH Allan (UG),JONES Jasmin (UG),JONES Jasmin (UG),MCGRATH Allan (UG),MCGRATH Allan (UG)
NSW_Local_Government_2021_Yass_Valley 9 seats.csv__hit172,JONES Jasmin (UG),TURNER Kim (UG),MCGRATH Allan (UG),JONES Jasmin (UG),MCGRATH Allan (UG),MCGRATH Allan (UG),JONES Jasmin (UG),JONES Jasmin (UG),JONES Jasmin (UG),MCGRATH Allan (UG)
NSW_Local_Government_2021_Yass_Valley 9 seats.csv__hit173,JONES Jasmin (UG),JONES Jasmin (UG),JONES Jasmin (UG),TURNER Kim (UG),MCGRATH Allan (UG),MCGRATH Allan (UG),MCGRATH Allan (UG),JONES Jasmin (UG),JONES Jasmin (UG),MCGRATH Allan (UG)
NSW_Local_Government_2021_Yass_Valley 9 seats.csv__hit174,JONES Jasmin (UG),JONES Jasmin (UG),MCGRATH Allan (UG),JONES Jasmin (UG),MCGRATH Allan (UG),MCGRATH Allan (UG),TURNER Kim (UG),JONES Jasmin (UG),JONES Jasmin (UG),JONES Jasmin (UG)
NSW_Local_Government_2021_Yass_Valley 9 seats.csv__hit175,JONES Jasmin (UG),JONES Jasmin (UG),MCGRATH Allan (UG),JONES Jasmin (UG),MCGRATH Allan (UG),MCGRATH Allan (UG),JONES Jasmin (UG),JONES Jasmin (UG),JONES Jasmin (UG),MCGRATH Allan (UG)
NSW_Local_Government_2021_Yass_Valley 9 seats.csv__hit176,TURNER Kim (UG),MCGRATH Allan (UG),MCGRATH Allan (UG),MCGRATH Allan (UG),TURNER Kim (UG),MCGRATH Allan (UG),JONES Jasmin (UG),JONES Jasmin (UG),MCGRATH Allan (UG),MCGRATH Allan (UG)
NSW_Local_Government_2021_Yass_Valley 9 seats.csv__hit177,MCGRATH Allan (UG),MCGRATH Allan (UG),MCGRATH Allan (UG),TURNER Kim (UG),TURNER Kim (UG),MCGRATH Allan (UG),JONES Jasmin (UG),JONES Jasmin (UG),MCGRATH Allan (UG),MCGRATH Allan (UG)
NSW_Local_Government_2021_Yass_Valley 9 seats.csv__hit178,MCGRATH Allan (UG),MCGRATH Allan (UG),MCGRATH Allan (UG),MCGRATH Allan (UG),TURNER Kim (UG),MCGRATH Allan (UG),TURNER Kim (UG),MCGRATH Allan (UG),MCGRATH Allan (UG),MCGRATH Allan (UG)
NSW_Local_Government_2021_Yass_Valley 9 seats.csv__hit179,MCGRATH Allan (UG),MCGRATH Allan (UG),MCGRATH Allan (UG),MCGRATH Allan (UG),TURNER Kim (UG),MCGRATH Allan (UG),MCGRATH Allan (UG),JONES Jasmin (UG),MCGRATH Allan (UG),MCGRATH Allan (UG)
NSW_Local_Government_2021_Yass_Valley 9 seats.csv__hit180,MCGRATH Allan (UG),MCGRATH Allan (UG),MCGRATH Allan (UG),MCGRATH Allan (UG),MCGRATH Allan (UG),MCGRATH Allan (UG),MCGRATH Allan (UG),MCGRATH Allan (UG),MCGRATH Allan (UG),MCGRATH Allan (UG)
NSW_Local_Government_2021_Yass_Valley 9 seats.csv__hit181,MCGRATH Allan (UG),MCGRATH Allan (UG),MCGRATH Allan (UG),MCGRATH Allan (UG),MCGRATH Allan (UG),TURNER Kim (UG),JONES Jasmin (UG),MCGRATH Allan (UG),MCGRATH Allan (UG),MCGRATH Allan (UG)
NSW_Local_Government_2021_Yass_Valley 9 seats.csv__hit182,MCGRATH Allan (UG),MCGRATH Allan (UG),MCGRATH Allan (UG),MCGRATH Allan (UG),MCGRATH Allan (UG),MCGRATH Allan (UG),TURNER Kim (UG),JONES Jasmin (UG),MCGRATH Allan (UG),MCGRATH Allan (UG)
NSW_Local_Government_2021_Yass_Valley 9 seats.csv__hit183,JONES Jasmin (UG),JONES Jasmin (UG),JONES Jasmin (UG),JONES Jasmin (UG),MCGRATH Allan (UG),MCGRATH Allan (UG),JONES Jasmin (UG),JONES Jasmin (UG),MCGRATH Allan (UG),MCGRATH Allan (UG)
NSW_Local_Government_2021_Yass_Valley 9 seats.csv__hit184,JONES Jasmin (UG),JONES Jasmin (UG),MCGRATH Allan (UG),JONES Jasmin (UG),MCGRATH Allan (UG),MCGRATH Allan (UG),TURNER Kim (UG),JONES Jasmin (UG),JONES Jasmin (UG),MCGRATH Allan (UG)
NSW_Local_Government_2021_Yass_Valley 9 seats.csv__hit185,MCGRATH Allan (UG),TURNER Kim (UG),MCGRATH Allan (UG),MCGRATH Allan (UG),MCGRATH Allan (UG),JONES Jasmin (UG),TURNER Kim (UG),JONES Jasmin (UG),MCGRATH Allan (UG),MCGRATH Allan (UG)
NSW_Local_Government_2021_Yass_Valley 9 seats.csv__hit186,JONES Jasmin (UG),JONES Jasmin (UG),MCGRATH Allan (UG),MCGRATH Allan (UG),MCGRATH Allan (UG),MCGRATH Allan (UG),MCGRATH Allan (UG),JONES Jasmin (UG),JONES Jasmin (UG),MCGRATH Allan (UG)
NSW_Local_Government_2021_Yass_Valley 9 seats.csv__hit187,MCGRATH Allan (UG),MCGRATH Allan (UG),MCGRATH Allan (UG),MCGRATH Allan (UG),MCGRATH Allan (UG),MCGRATH Allan (UG),JONES Jasmin (UG),JONES Jasmin (UG),MCGRATH Allan (UG),MCGRATH Allan (UG)
NSW_Local_Government_2021_Yass_Valley 9 seats.csv__hit188,JONES Jasmin (UG),TURNER Kim (UG),MCGRATH Allan (UG),MCGRATH Allan (UG),MCGRATH Allan (UG),MCGRATH Allan (UG),JONES Jasmin (UG),JONES Jasmin (UG),JONES Jasmin (UG),MCGRATH Allan (UG)
NSW_Local_Government_2021_Yass_Valley 9 seats.csv__hit189,MCGRATH Allan (UG),MCGRATH Allan (UG),MCGRATH Allan (UG),MCGRATH Allan (UG),MCGRATH Allan (UG),MCGRATH Allan (UG),JONES Jasmin (UG),JONES Jasmin (UG),MCGRATH Allan (UG),MCGRATH Allan (UG)
NSW_Local_Government_2021_Yass_Valley 9 seats.csv__hit190,JONES Jasmin (UG),JONES Jasmin (UG),MCGRATH Allan (UG),TURNER Kim (UG),MCGRATH Allan (UG),MCGRATH Allan (UG),TURNER Kim (UG),JONES Jasmin (UG),JONES Jasmin (UG),MCGRATH Allan (UG)
NSW_Local_Government_2021_Yass_Valley 9 seats.csv__hit191,TURNER Kim (UG),MCGRATH Allan (UG),MCGRATH Allan (UG),MCGRATH Allan (UG),MCGRATH Allan (UG),MCGRATH Allan (UG),JONES Jasmin (UG),JONES Jasmin (UG),MCGRATH Allan (UG),MCGRATH Allan (UG)
NSW_Local_Government_2021_Yass_Valley 9 seats.csv__hit192,MCGRATH Allan (UG),MCGRATH Allan (UG),MCGRATH Allan (UG),MCGRATH Allan (UG),TURNER Kim (UG),MCGRATH Allan (UG),JONES Jasmin (UG),JONES Jasmin (UG),MCGRATH Allan (UG),MCGRATH Allan (UG)
NSW_Local_Government_2021_Yass_Valley 9 seats.csv__hit193,JONES Jasmin (UG),TURNER Kim (UG),JONES Jasmin (UG),JONES Jasmin (UG),MCGRATH Allan (UG),MCGRATH Allan (UG),JONES Jasmin (UG),JONES Jasmin (UG),JONES Jasmin (UG),MCGRATH Allan (UG)
NSW_Local_Government_2021_Yass_Valley 9 seats.csv__hit194,MCGRATH Allan (UG),MCGRATH Allan (UG),MCGRATH Allan (UG),MCGRATH Allan (UG),MCGRATH Allan (UG),MCGRATH Allan (UG),TURNER Kim (UG),JONES Jasmin (UG),MCGRATH Allan (UG),MCGRATH Allan (UG)
NSW_Local_Government_2021_Yass_Valley 9 seats.csv__hit195,MCGRATH Allan (UG),MCGRATH Allan (UG),MCGRATH Allan (UG),MCGRATH Allan (UG),MCGRATH Allan (UG),MCGRATH Allan (UG),MCGRATH Allan (UG),JONES Jasmin (UG),MCGRATH Allan (UG),MCGRATH Allan (UG)
NSW_Local_Government_2021_Yass_Valley 9 seats.csv__hit196,MCGRATH Allan (UG),MCGRATH Allan (UG),MCGRATH Allan (UG),MCGRATH Allan (UG),MCGRATH Allan (UG),MCGRATH Allan (UG),TURNER Kim (UG),TURNER Kim (UG),MCGRATH Allan (UG),MCGRATH Allan (UG)
NSW_Local_Government_2021_Yass_Valley 9 seats.csv__hit197,TURNER Kim (UG),JONES Jasmin (UG),MCGRATH Allan (UG),JONES Jasmin (UG),MCGRATH Allan (UG),MCGRATH Allan (UG),TURNER Kim (UG),JONES Jasmin (UG),JONES Jasmin (UG),MCGRATH Allan (UG)
NSW_Local_Government_2021_Yass_Valley 9 seats.csv__hit198,JONES Jasmin (UG),JONES Jasmin (UG),JONES Jasmin (UG),JONES Jasmin (UG),MCGRATH Allan (UG),MCGRATH Allan (UG),JONES Jasmin (UG),JONES Jasmin (UG),JONES Jasmin (UG),MCGRATH Allan (UG)
NSW_Local_Government_2021_Yass_Valley 9 seats.csv__hit199,MCGRATH Allan (UG),TURNER Kim (UG),MCGRATH Allan (UG),TURNER Kim (UG),MCGRATH Allan (UG),TURNER Kim (UG),JONES Jasmin (UG),MCGRATH Allan (UG),MCGRATH Allan (UG),MCGRATH Allan (UG)
NSW_Local_Government_2024_Cootamundra-Gundagai_Regional 9 seats.csv__hit0,KELLY Gil,KELLY Gil,KELLY Gil,KELLY Gil,KELLY Gil,KELLY Gil,KELLY Gil,KELLY Gil,KELLY Gil,KELLY Gil
NSW_Local_Government_2024_Cootamundra-Gundagai_Regional 9 seats.csv__hit1,KELLY Gil,KELLY Gil,KELLY Gil,KELLY Gil,KELLY Gil,KELLY Gil,KELLY Gil,KELLY Gil,KELLY Gil,KELLY Gil
NSW_Local_Government_2024_Cootamundra-Gundagai_Regional 9 seats.csv__hit2,KELLY Gil,KELLY Gil,KELLY Gil,KELLY Gil,KELLY Gil,KELLY Gil,KELLY Gil,KELLY Gil,KELLY Gil,KELLY Gil
NSW_Local_Government_2024_Cootamundra-Gundagai_Regional 9 seats.csv__hit3,NICHOLSON Penny,KELLY Gil,KELLY Gil,KELLY Gil,KELLY Gil,KELLY Gil,KELLY Gil,KELLY Gil,KELLY Gil,KELLY Gil
NSW_Local_Government_2024_Cootamundra-Gundagai_Regional 9 seats.csv__hit4,KELLY Gil,KELLY Gil,KELLY Gil,KELLY Gil,KELLY Gil,KELLY Gil,KELLY Gil,KELLY Gil,KELLY Gil,KELLY Gil
NSW_Local_Government_2024_Cootamundra-Gundagai_Regional 9 seats.csv__hit5,KELLY Gil,KELLY Gil,KELLY Gil,KELLY Gil,KELLY Gil,KELLY Gil,KELLY Gil,KELLY Gil,KELLY Gil,KELLY Gil
NSW_Local_Government_2024_Cootamundra-Gundagai_Regional 9 seats.csv__hit6,KELLY Gil,NICHOLSON Penny,KELLY Gil,KELLY Gil,KELLY Gil,KELLY Gil,KELLY Gil,KELLY Gil,KELLY Gil,KELLY Gil
NSW_Local_Government_2024_Cootamundra-Gundagai_Regional 9 seats.csv__hit7,NICHOLSON Penny,KELLY Gil,KELLY Gil,KELLY Gil,KELLY Gil,KELLY Gil,KELLY Gil,KELLY Gil,KELLY Gil,KELLY Gil
NSW_Local_Government_2024_Cootamundra-Gundagai_Regional 9 seats.csv__hit8,KELLY Gil,KELLY Gil,NICHOLSON Penny,KELLY Gil,KELLY Gil,KELLY Gil,KELLY Gil,KELLY Gil,KELLY Gil,KELLY Gil
NSW_Local_Government_2024_Cootamundra-Gundagai_Regional 9 seats.csv__hit9,KELLY Gil,KELLY Gil,KELLY Gil,KELLY Gil,KELLY Gil,KELLY Gil,KELLY Gil,KELLY Gil,KELLY Gil,KELLY Gil
NSW_Local_Government_2024_Cootamundra-Gundagai_Regional 9 seats.csv__hit10,KELLY Gil,KELLY Gil,KELLY Gil,KELLY Gil,KELLY Gil,KELLY Gil,KELLY Gil,KELLY Gil,KELLY Gil,KELLY Gil
NSW_Local_Government_2024_Cootamundra-Gundagai_Regional 9 seats.csv__hit11,KELLY Gil,KELLY Gil,KELLY Gil,KELLY Gil,KELLY Gil,KELLY Gil,KELLY Gil,KELLY Gil,KELLY Gil,KELLY Gil
NSW_Local_Government_2024_Cootamundra-Gundagai_Regional 9 seats.csv__hit12,KELLY Gil,KELLY Gil,KELLY Gil,KELLY Gil,KELLY Gil,KELLY Gil,KELLY Gil,KELLY Gil,KELLY Gil,KELLY Gil
NSW_Local_Government_2024_Cootamundra-Gundagai_Regional 9 seats.csv__hit13,NICHOLSON Penny,KELLY Gil,KELLY Gil,KELLY Gil,KELLY Gil,KELLY Gil,KELLY Gil,KELLY Gil,KELLY Gil,KELLY Gil
NSW_Local_Government_2024_Cootamundra-Gundagai_Regional 9 seats.csv__hit14,KELLY Gil,KELLY Gil,KELLY Gil,KELLY Gil,KELLY Gil,KELLY Gil,KELLY Gil,KELLY Gil,KELLY Gil,KELLY Gil
NSW_Local_Government_2024_Cootamundra-Gundagai_Regional 9 seats.csv__hit15,KELLY Gil,KELLY Gil,KELLY Gil,KELLY Gil,KELLY Gil,KELLY Gil,KELLY Gil,KELLY Gil,KELLY Gil,KELLY Gil
NSW_Local_Government_2024_Cootamundra-Gundagai_Regional 9 seats.csv__hit16,KELLY Gil,KELLY Gil,KELLY Gil,KELLY Gil,KELLY Gil,KELLY Gil,KELLY Gil,KELLY Gil,KELLY Gil,KELLY Gil
NSW_Local_Government_2024_Cootamundra-Gundagai_Regional 9 seats.csv__hit17,KELLY Gil,KELLY Gil,KELLY Gil,KELLY Gil,KELLY Gil,KELLY Gil,KELLY Gil,KELLY Gil,KELLY Gil,KELLY Gil
NSW_Local_Government_2024_Cootamundra-Gundagai_Regional 9 seats.csv__hit18,NICHOLSON Penny,KELLY Gil,KELLY Gil,KELLY Gil,KELLY Gil,KELLY Gil,KELLY Gil,KELLY Gil,KELLY Gil,KELLY Gil
NSW_Local_Government_2024_Cootamundra-Gundagai_Regional 9 seats.csv__hit19,KELLY Gil,KELLY Gil,KELLY Gil,KELLY Gil,KELLY Gil,KELLY Gil,KELLY Gil,KELLY Gil,KELLY Gil,KELLY Gil
NSW_Local_Government_2024_Cootamundra-Gundagai_Regional 9 seats.csv__hit20,NICHOLSON Penny,KELLY Gil,KELLY Gil,KELLY Gil,KELLY Gil,KELLY Gil,KELLY Gil,KELLY Gil,KELLY Gil,KELLY Gil
NSW_Local_Government_2024_Cootamundra-Gundagai_Regional 9 seats.csv__hit21,KELLY Gil,KELLY Gil,KELLY Gil,KELLY Gil,KELLY Gil,KELLY Gil,KELLY Gil,KELLY Gil,KELLY Gil,KELLY Gil
NSW_Local_Government_2024_Cootamundra-Gundagai_Regional 9 seats.csv__hit22,KELLY Gil,KELLY Gil,KELLY Gil,KELLY Gil,KELLY Gil,KELLY Gil,KELLY Gil,KELLY Gil,KELLY Gil,KELLY Gil
NSW_Local_Government_2024_Cootamundra-Gundagai_Regional 9 seats.csv__hit23,NICHOLSON Penny,KELLY Gil,KELLY Gil,KELLY Gil,KELLY Gil,KELLY Gil,KELLY Gil,KELLY Gil,KELLY Gil,KELLY Gil
NSW_Local_Government_2024_Cootamundra-Gundagai_Regional 9 seats.csv__hit24,KELLY Gil,KELLY Gil,KELLY Gil,KELLY Gil,KELLY Gil,KELLY Gil,KELLY Gil,KELLY Gil,KELLY Gil,KELLY Gil
NSW_Local_Government_2024_Cootamundra-Gundagai_Regional 9 seats.csv__hit25,NICHOLSON Penny,KELLY Gil,KELLY Gil,KELLY Gil,KELLY Gil,KELLY Gil,KELLY Gil,KELLY Gil,KELLY Gil,KELLY Gil
NSW_Local_Government_2024_Cootamundra-Gundagai_Regional 9 seats.csv__hit26,NICHOLSON Penny,KELLY Gil,KELLY Gil,KELLY Gil,KELLY Gil,KELLY Gil,KELLY Gil,KELLY Gil,KELLY Gil,KELLY Gil
NSW_Local_Government_2024_Cootamundra-Gundagai_Regional 9 seats.csv__hit27,NICHOLSON Penny,KELLY Gil,KELLY Gil,KELLY Gil,KELLY Gil,KELLY Gil,KELLY Gil,KELLY Gil,KELLY Gil,KELLY Gil
NSW_Local_Government_2024_Cootamundra-Gundagai_Regional 9 seats.csv__hit28,KELLY Gil,KELLY Gil,KELLY Gil,KELLY Gil,KELLY Gil,KELLY Gil,KELLY Gil,KELLY Gil,KELLY Gil,KELLY Gil
NSW_Local_Government_2024_Cootamundra-Gundagai_Regional 9 seats.csv__hit29,KELLY Gil,KELLY Gil,KELLY Gil,KELLY Gil,KELLY Gil,KELLY Gil,KELLY Gil,KELLY Gil,KELLY Gil,KELLY Gil
NSW_Local_Government_2024_Cootamundra-Gundagai_Regional 9 seats.csv__hit30,KELLY Gil,KELLY Gil,KELLY Gil,KELLY Gil,KELLY Gil,KELLY Gil,KELLY Gil,KELLY Gil,KELLY Gil,KELLY Gil
NSW_Local_Government_2024_Cootamundra-Gundagai_Regional 9 seats.csv__hit31,KELLY Gil,KELLY Gil,KELLY Gil,KELLY Gil,KELLY Gil,KELLY Gil,KELLY Gil,KELLY Gil,KELLY Gil,KELLY Gil
NSW_Local_Government_2024_Cootamundra-Gundagai_Regional 9 seats.csv__hit32,KELLY Gil,KELLY Gil,KELLY Gil,KELLY Gil,KELLY Gil,KELLY Gil,KELLY Gil,KELLY Gil,KELLY Gil,KELLY Gil
NSW_Local_Government_2024_Cootamundra-Gundagai_Regional 9 seats.csv__hit33,NICHOLSON Penny,KELLY Gil,KELLY Gil,KELLY Gil,KELLY Gil,KELLY Gil,KELLY Gil,KELLY Gil,KELLY Gil,KELLY Gil
NSW_Local_Government_2024_Cootamundra-Gundagai_Regional 9 seats.csv__hit34,KELLY Gil,KELLY Gil,KELLY Gil,KELLY Gil,KELLY Gil,KELLY Gil,KELLY Gil,KELLY Gil,KELLY Gil,KELLY Gil
NSW_Local_Government_2024_Cootamundra-Gundagai_Regional 9 seats.csv__hit35,KELLY Gil,KELLY Gil,KELLY Gil,KELLY Gil,KELLY Gil,KELLY Gil,KELLY Gil,KELLY Gil,KELLY Gil,KELLY Gil
NSW_Local_Government_2024_Cootamundra-Gundagai_Regional 9 seats.csv__hit36,KELLY Gil,KELLY Gil,KELLY Gil,KELLY Gil,KELLY Gil,KELLY Gil,KELLY Gil,KELLY Gil,KELLY Gil,KELLY Gil
NSW_Local_Government_2024_Cootamundra-Gundagai_Regional 9 seats.csv__hit37,KELLY Gil,KELLY Gil,KELLY Gil,KELLY Gil,KELLY Gil,KELLY Gil,KELLY Gil,KELLY Gil,KELLY Gil,KELLY Gil
NSW_Local_Government_2024_Cootamundra-Gundagai_Regional 9 seats.csv__hit38,KELLY Gil,KELLY Gil,KELLY Gil,KELLY Gil,KELLY Gil,KELLY Gil,KELLY Gil,KELLY Gil,KELLY Gil,KELLY Gil
NSW_Local_Government_2024_Cootamundra-Gundagai_Regional 9 seats.csv__hit39,KELLY Gil,KELLY Gil,KELLY Gil,KELLY Gil,KELLY Gil,KELLY Gil,KELLY Gil,KELLY Gil,KELLY Gil,KELLY Gil
NSW_Local_Government_2024_Cootamundra-Gundagai_Regional 9 seats.csv__hit40,NICHOLSON Penny,KELLY Gil,KELLY Gil,KELLY Gil,KELLY Gil,KELLY Gil,KELLY Gil,KELLY Gil,KELLY Gil,KELLY Gil
NSW_Local_Government_2024_Cootamundra-Gundagai_Regional 9 seats.csv__hit41,KELLY Gil,KELLY Gil,KELLY Gil,KELLY Gil,KELLY Gil,KELLY Gil,KELLY Gil,KELLY Gil,KELLY Gil,KELLY Gil
NSW_Local_Government_2024_Cootamundra-Gundagai_Regional 9 seats.csv__hit42,KELLY Gil,KELLY Gil,KELLY Gil,KELLY Gil,KELLY Gil,KELLY Gil,KELLY Gil,KELLY Gil,KELLY Gil,KELLY Gil
NSW_Local_Government_2024_Cootamundra-Gundagai_Regional 9 seats.csv__hit43,KELLY Gil,KELLY Gil,NICHOLSON Penny,KELLY Gil,KELLY Gil,KELLY Gil,KELLY Gil,KELLY Gil,KELLY Gil,KELLY Gil
NSW_Local_Government_2024_Cootamundra-Gundagai_Regional 9 seats.csv__hit44,KELLY Gil,KELLY Gil,KELLY Gil,KELLY Gil,KELLY Gil,KELLY Gil,KELLY Gil,KELLY Gil,KELLY Gil,KELLY Gil
NSW_Local_Government_2024_Cootamundra-Gundagai_Regional 9 seats.csv__hit45,KELLY Gil,KELLY Gil,KELLY Gil,KELLY Gil,KELLY Gil,KELLY Gil,KELLY Gil,KELLY Gil,KELLY Gil,KELLY Gil
NSW_Local_Government_2024_Cootamundra-Gundagai_Regional 9 seats.csv__hit46,KELLY Gil,KELLY Gil,KELLY Gil,KELLY Gil,KELLY Gil,KELLY Gil,KELLY Gil,KELLY Gil,KELLY Gil,KELLY Gil
NSW_Local_Government_2024_Cootamundra-Gundagai_Regional 9 seats.csv__hit47,KELLY Gil,KELLY Gil,KELLY Gil,KELLY Gil,KELLY Gil,KELLY Gil,KELLY Gil,KELLY Gil,KELLY Gil,KELLY Gil
NSW_Local_Government_2024_Cootamundra-Gundagai_Regional 9 seats.csv__hit48,KELLY Gil,KELLY Gil,KELLY Gil,KELLY Gil,KELLY Gil,KELLY Gil,KELLY Gil,KELLY Gil,KELLY Gil,KELLY Gil
NSW_Local_Government_2024_Cootamundra-Gundagai_Regional 9 seats.csv__hit49,KELLY Gil,KELLY Gil,NICHOLSON Penny,KELLY Gil,KELLY Gil,KELLY Gil,KELLY Gil,KELLY Gil,KELLY Gil,KELLY Gil
NSW_Local_Government_2024_Cootamundra-Gundagai_Regional 9 seats.csv__hit50,KELLY Gil,KELLY Gil,KELLY Gil,KELLY Gil,KELLY Gil,KELLY Gil,KELLY Gil,KELLY Gil,KELLY Gil,KELLY Gil
NSW_Local_Government_2024_Cootamundra-Gundagai_Regional 9 seats.csv__hit51,KELLY Gil,KELLY Gil,KELLY Gil,KELLY Gil,KELLY Gil,KELLY Gil,KELLY Gil,KELLY Gil,KELLY Gil,KELLY Gil
NSW_Local_Government_2024_Cootamundra-Gundagai_Regional 9 seats.csv__hit52,KELLY Gil,KELLY Gil,KELLY Gil,KELLY Gil,KELLY Gil,KELLY Gil,KELLY Gil,KELLY Gil,KELLY Gil,KELLY Gil
NSW_Local_Government_2024_Cootamundra-Gundagai_Regional 9 seats.csv__hit53,KELLY Gil,KELLY Gil,KELLY Gil,KELLY Gil,KELLY Gil,KELLY Gil,KELLY Gil,KELLY Gil,KELLY Gil,KELLY Gil
NSW_Local_Government_2024_Cootamundra-Gundagai_Regional 9 seats.csv__hit54,KELLY Gil,KELLY Gil,KELLY Gil,KELLY Gil,KELLY Gil,KELLY Gil,KELLY Gil,KELLY Gil,KELLY Gil,KELLY Gil
NSW_Local_Government_2024_Cootamundra-Gundagai_Regional 9 seats.csv__hit55,KELLY Gil,KELLY Gil,KELLY Gil,KELLY Gil,KELLY Gil,KELLY Gil,KELLY Gil,KELLY Gil,KELLY Gil,KELLY Gil
NSW_Local_Government_2024_Cootamundra-Gundagai_Regional 9 seats.csv__hit56,KELLY Gil,KELLY Gil,KELLY Gil,KELLY Gil,KELLY Gil,KELLY Gil,KELLY Gil,KELLY Gil,KELLY Gil,KELLY Gil
NSW_Local_Government_2024_Cootamundra-Gundagai_Regional 9 seats.csv__hit57,KELLY Gil,KELLY Gil,KELLY Gil,KELLY Gil,KELLY Gil,KELLY Gil,KELLY Gil,KELLY Gil,KELLY Gil,KELLY Gil
NSW_Local_Government_2024_Cootamundra-Gundagai_Regional 9 seats.csv__hit58,KELLY Gil,KELLY Gil,KELLY Gil,KELLY Gil,KELLY Gil,KELLY Gil,KELLY Gil,KELLY Gil,KELLY Gil,KELLY Gil
NSW_Local_Government_2024_Cootamundra-Gundagai_Regional 9 seats.csv__hit59,KELLY Gil,KELLY Gil,KELLY Gil,KELLY Gil,KELLY Gil,KELLY Gil,KELLY Gil,KELLY Gil,KELLY Gil,KELLY Gil
NSW_Local_Government_2024_Cootamundra-Gundagai_Regional 9 seats.csv__hit60,KELLY Gil,KELLY Gil,KELLY Gil,KELLY Gil,KELLY Gil,KELLY Gil,KELLY Gil,KELLY Gil,KELLY Gil,KELLY Gil
NSW_Local_Government_2024_Cootamundra-Gundagai_Regional 9 seats.csv__hit61,NICHOLSON Penny,KELLY Gil,KELLY Gil,KELLY Gil,KELLY Gil,KELLY Gil,KELLY Gil,KELLY Gil,KELLY Gil,KELLY Gil
NSW_Local_Government_2024_Cootamundra-Gundagai_Regional 9 seats.csv__hit62,KELLY Gil,KELLY Gil,KELLY Gil,KELLY Gil,KELLY Gil,KELLY Gil,KELLY Gil,KELLY Gil,KELLY Gil,KELLY Gil
NSW_Local_Government_2024_Cootamundra-Gundagai_Regional 9 seats.csv__hit63,KELLY Gil,KELLY Gil,KELLY Gil,KELLY Gil,KELLY Gil,KELLY Gil,KELLY Gil,KELLY Gil,KELLY Gil,KELLY Gil
NSW_Local_Government_2024_Cootamundra-Gundagai_Regional 9 seats.csv__hit64,KELLY Gil,KELLY Gil,KELLY Gil,KELLY Gil,KELLY Gil,KELLY Gil,KELLY Gil,KELLY Gil,KELLY Gil,KELLY Gil
NSW_Local_Government_2024_Cootamundra-Gundagai_Regional 9 seats.csv__hit65,NICHOLSON Penny,KELLY Gil,KELLY Gil,KELLY Gil,KELLY Gil,KELLY Gil,KELLY Gil,KELLY Gil,KELLY Gil,KELLY Gil
NSW_Local_Government_2024_Cootamundra-Gundagai_Regional 9 seats.csv__hit66,KELLY Gil,NICHOLSON Penny,KELLY Gil,KELLY Gil,KELLY Gil,KELLY Gil,KELLY Gil,KELLY Gil,KELLY Gil,KELLY Gil
NSW_Local_Government_2024_Cootamundra-Gundagai_Regional 9 seats.csv__hit67,KELLY Gil,KELLY Gil,KELLY Gil,KELLY Gil,KELLY Gil,KELLY Gil,KELLY Gil,KELLY Gil,KELLY Gil,KELLY Gil
NSW_Local_Government_2024_Cootamundra-Gundagai_Regional 9 seats.csv__hit68,KELLY Gil,KELLY Gil,KELLY Gil,KELLY Gil,KELLY Gil,KELLY Gil,KELLY Gil,KELLY Gil,KELLY Gil,KELLY Gil
NSW_Local_Government_2024_Cootamundra-Gundagai_Regional 9 seats.csv__hit69,NICHOLSON Penny,KELLY Gil,KELLY Gil,KELLY Gil,KELLY Gil,KELLY Gil,KELLY Gil,KELLY Gil,KELLY Gil,KELLY Gil
NSW_Local_Government_2024_Cootamundra-Gundagai_Regional 9 seats.csv__hit70,KELLY Gil,KELLY Gil,KELLY Gil,KELLY Gil,KELLY Gil,KELLY Gil,KELLY Gil,KELLY Gil,KELLY Gil,KELLY Gil
NSW_Local_Government_2024_Cootamundra-Gundagai_Regional 9 seats.csv__hit71,KELLY Gil,KELLY Gil,KELLY Gil,KELLY Gil,KELLY Gil,KELLY Gil,KELLY Gil,KELLY Gil,KELLY Gil,KELLY Gil
NSW_Local_Government_2024_Cootamundra-Gundagai_Regional 9 seats.csv__hit72,KELLY Gil,KELLY Gil,KELLY Gil,KELLY Gil,KELLY Gil,KELLY Gil,KELLY Gil,KELLY Gil,KELLY Gil,KELLY Gil
NSW_Local_Government_2024_Cootamundra-Gundagai_Regional 9 seats.csv__hit73,KELLY Gil,KELLY Gil,KELLY Gil,KELLY Gil,KELLY Gil,KELLY Gil,KELLY Gil,KELLY Gil,KELLY Gil,KELLY Gil
NSW_Local_Government_2024_Cootamundra-Gundagai_Regional 9 seats.csv__hit74,KELLY Gil,KELLY Gil,KELLY Gil,KELLY Gil,KELLY Gil,KELLY Gil,KELLY Gil,KELLY Gil,KELLY Gil,KELLY Gil
NSW_Local_Government_2024_Cootamundra-Gundagai_Regional 9 seats.csv__hit75,KELLY Gil,KELLY Gil,KELLY Gil,KELLY Gil,KELLY Gil,KELLY Gil,KELLY Gil,KELLY Gil,KELLY Gil,KELLY Gil
NSW_Local_Government_2024_Cootamundra-Gundagai_Regional 9 seats.csv__hit76,KELLY Gil,KELLY Gil,KELLY Gil,KELLY Gil,KELLY Gil,KELLY Gil,KELLY Gil,KELLY Gil,KELLY Gil,KELLY Gil
NSW_Local_Government_2024_Cootamundra-Gundagai_Regional 9 seats.csv__hit77,KELLY Gil,KELLY Gil,KELLY Gil,KELLY Gil,KELLY Gil,KELLY Gil,KELLY Gil,KELLY Gil,KELLY Gil,KELLY Gil
NSW_Local_Government_2024_Cootamundra-Gundagai_Regional 9 seats.csv__hit78,KELLY Gil,KELLY Gil,NICHOLSON Penny,KELLY Gil,KELLY Gil,KELLY Gil,KELLY Gil,KELLY Gil,KELLY Gil,KELLY Gil
NSW_Local_Government_2024_Cootamundra-Gundagai_Regional 9 seats.csv__hit79,KELLY Gil,KELLY Gil,KELLY Gil,KELLY Gil,KELLY Gil,KELLY Gil,KELLY Gil,KELLY Gil,KELLY Gil,KELLY Gil
NSW_Local_Government_2024_Cootamundra-Gundagai_Regional 9 seats.csv__hit80,KELLY Gil,KELLY Gil,KELLY Gil,KELLY Gil,KELLY Gil,KELLY Gil,KELLY Gil,KELLY Gil,KELLY Gil,KELLY Gil
NSW_Local_Government_2024_Cootamundra-Gundagai_Regional 9 seats.csv__hit81,KELLY Gil,KELLY Gil,KELLY Gil,KELLY Gil,KELLY Gil,KELLY Gil,KELLY Gil,KELLY Gil,KELLY Gil,KELLY Gil
NSW_Local_Government_2024_Cootamundra-Gundagai_Regional 9 seats.csv__hit82,KELLY Gil,KELLY Gil,KELLY Gil,KELLY Gil,KELLY Gil,KELLY Gil,KELLY Gil,KELLY Gil,KELLY Gil,KELLY Gil
NSW_Local_Government_2024_Cootamundra-Gundagai_Regional 9 seats.csv__hit83,KELLY Gil,KELLY Gil,KELLY Gil,KELLY Gil,KELLY Gil,KELLY Gil,KELLY Gil,KELLY Gil,KELLY Gil,KELLY Gil
NSW_Local_Government_2024_Cootamundra-Gundagai_Regional 9 seats.csv__hit84,KELLY Gil,KELLY Gil,KELLY Gil,KELLY Gil,KELLY Gil,KELLY Gil,KELLY Gil,KELLY Gil,KELLY Gil,KELLY Gil
NSW_Local_Government_2024_Cootamundra-Gundagai_Regional 9 seats.csv__hit85,KELLY Gil,KELLY Gil,KELLY Gil,KELLY Gil,KELLY Gil,KELLY Gil,KELLY Gil,KELLY Gil,KELLY Gil,KELLY Gil
NSW_Local_Government_2024_Cootamundra-Gundagai_Regional 9 seats.csv__hit86,NICHOLSON Penny,KELLY Gil,KELLY Gil,KELLY Gil,KELLY Gil,KELLY Gil,KELLY Gil,KELLY Gil,KELLY Gil,KELLY Gil
NSW_Local_Government_2024_Cootamundra-Gundagai_Regional 9 seats.csv__hit87,KELLY Gil,KELLY Gil,KELLY Gil,KELLY Gil,KELLY Gil,KELLY Gil,KELLY Gil,KELLY Gil,KELLY Gil,KELLY Gil
NSW_Local_Government_2024_Cootamundra-Gundagai_Regional 9 seats.csv__hit88,NICHOLSON Penny,KELLY Gil,KELLY Gil,KELLY Gil,KELLY Gil,KELLY Gil,KELLY Gil,KELLY Gil,KELLY Gil,KELLY Gil
NSW_Local_Government_2024_Cootamundra-Gundagai_Regional 9 seats.csv__hit89,KELLY Gil,KELLY Gil,KELLY Gil,KELLY Gil,KELLY Gil,KELLY Gil,KELLY Gil,KELLY Gil,KELLY Gil,KELLY Gil
NSW_Local_Government_2024_Cootamundra-Gundagai_Regional 9 seats.csv__hit90,KELLY Gil,KELLY Gil,KELLY Gil,KELLY Gil,KELLY Gil,KELLY Gil,KELLY Gil,KELLY Gil,KELLY Gil,KELLY Gil
NSW_Local_Government_2024_Cootamundra-Gundagai_Regional 9 seats.csv__hit91,KELLY Gil,KELLY Gil,KELLY Gil,KELLY Gil,KELLY Gil,KELLY Gil,KELLY Gil,KELLY Gil,KELLY Gil,KELLY Gil
NSW_Local_Government_2024_Cootamundra-Gundagai_Regional 9 seats.csv__hit92,KELLY Gil,KELLY Gil,KELLY Gil,KELLY Gil,KELLY Gil,KELLY Gil,KELLY Gil,KELLY Gil,KELLY Gil,KELLY Gil
NSW_Local_Government_2024_Cootamundra-Gundagai_Regional 9 seats.csv__hit93,NICHOLSON Penny,KELLY Gil,KELLY Gil,KELLY Gil,KELLY Gil,KELLY Gil,KELLY Gil,KELLY Gil,KELLY Gil,KELLY Gil
NSW_Local_Government_2024_Cootamundra-Gundagai_Regional 9 seats.csv__hit94,KELLY Gil,KELLY Gil,NICHOLSON Penny,KELLY Gil,KELLY Gil,KELLY Gil,KELLY Gil,KELLY Gil,KELLY Gil,KELLY Gil
NSW_Local_Government_2024_Cootamundra-Gundagai_Regional 9 seats.csv__hit95,KELLY Gil,KELLY Gil,KELLY Gil,KELLY Gil,KELLY Gil,KELLY Gil,KELLY Gil,KELLY Gil,KELLY Gil,KELLY Gil
NSW_Local_Government_2024_Cootamundra-Gundagai_Regional 9 seats.csv__hit96,NICHOLSON Penny,KELLY Gil,KELLY Gil,KELLY Gil,KELLY Gil,KELLY Gil,KELLY Gil,KELLY Gil,KELLY Gil,KELLY Gil
NSW_Local_Government_2024_Cootamundra-Gundagai_Regional 9 seats.csv__hit97,KELLY Gil,KELLY Gil,KELLY Gil,KELLY Gil,KELLY Gil,KELLY Gil,KELLY Gil,KELLY Gil,KELLY Gil,KELLY Gil
NSW_Local_Government_2024_Cootamundra-Gundagai_Regional 9 seats.csv__hit98,KELLY Gil,KELLY Gil,KELLY Gil,KELLY Gil,KELLY Gil,KELLY Gil,KELLY Gil,KELLY Gil,KELLY Gil,KELLY Gil
NSW_Local_Government_2024_Cootamundra-Gundagai_Regional 9 seats.csv__hit99,KELLY Gil,KELLY Gil,KELLY Gil,KELLY Gil,KELLY Gil,KELLY Gil,KELLY Gil,KELLY Gil,KELLY Gil,KELLY Gil
NSW_Local_Government_2024_Cootamundra-Gundagai_Regional 9 seats.csv__hit100,NICHOLSON Penny,KELLY Gil,KELLY Gil,KELLY Gil,KELLY Gil,KELLY Gil,KELLY Gil,KELLY Gil,KELLY Gil,KELLY Gil
NSW_Local_Government_2024_Cootamundra-Gundagai_Regional 9 seats.csv__hit101,KELLY Gil,KELLY Gil,KELLY Gil,KELLY Gil,KELLY Gil,KELLY Gil,KELLY Gil,KELLY Gil,KELLY Gil,KELLY Gil
NSW_Local_Government_2024_Cootamundra-Gundagai_Regional 9 seats.csv__hit102,KELLY Gil,KELLY Gil,NICHOLSON Penny,KELLY Gil,KELLY Gil,KELLY Gil,KELLY Gil,KELLY Gil,KELLY Gil,KELLY Gil
NSW_Local_Government_2024_Cootamundra-Gundagai_Regional 9 seats.csv__hit103,KELLY Gil,KELLY Gil,KELLY Gil,KELLY Gil,KELLY Gil,KELLY Gil,KELLY Gil,KELLY Gil,KELLY Gil,KELLY Gil
NSW_Local_Government_2024_Cootamundra-Gundagai_Regional 9 seats.csv__hit104,KELLY Gil,KELLY Gil,KELLY Gil,KELLY Gil,KELLY Gil,KELLY Gil,KELLY Gil,KELLY Gil,KELLY Gil,KELLY Gil
NSW_Local_Government_2024_Cootamundra-Gundagai_Regional 9 seats.csv__hit105,KELLY Gil,KELLY Gil,KELLY Gil,KELLY Gil,KELLY Gil,KELLY Gil,KELLY Gil,KELLY Gil,KELLY Gil,KELLY Gil
NSW_Local_Government_2024_Cootamundra-Gundagai_Regional 9 seats.csv__hit106,KELLY Gil,KELLY Gil,KELLY Gil,KELLY Gil,KELLY Gil,KELLY Gil,KELLY Gil,KELLY Gil,KELLY Gil,KELLY Gil
NSW_Local_Government_2024_Cootamundra-Gundagai_Regional 9 seats.csv__hit107,KELLY Gil,KELLY Gil,KELLY Gil,KELLY Gil,KELLY Gil,KELLY Gil,KELLY Gil,KELLY Gil,KELLY Gil,KELLY Gil
NSW_Local_Government_2024_Cootamundra-Gundagai_Regional 9 seats.csv__hit108,KELLY Gil,KELLY Gil,KELLY Gil,KELLY Gil,KELLY Gil,KELLY Gil,KELLY Gil,KELLY Gil,KELLY Gil,KELLY Gil
NSW_Local_Government_2024_Cootamundra-Gundagai_Regional 9 seats.csv__hit109,KELLY Gil,KELLY Gil,NICHOLSON Penny,KELLY Gil,KELLY Gil,KELLY Gil,KELLY Gil,KELLY Gil,KELLY Gil,KELLY Gil
NSW_Local_Government_2024_Cootamundra-Gundagai_Regional 9 seats.csv__hit110,KELLY Gil,KELLY Gil,KELLY Gil,KELLY Gil,KELLY Gil,KELLY Gil,KELLY Gil,KELLY Gil,KELLY Gil,KELLY Gil
NSW_Local_Government_2024_Cootamundra-Gundagai_Regional 9 seats.csv__hit111,KELLY Gil,KELLY Gil,KELLY Gil,KELLY Gil,KELLY Gil,KELLY Gil,KELLY Gil,KELLY Gil,KELLY Gil,KELLY Gil
NSW_Local_Government_2024_Cootamundra-Gundagai_Regional 9 seats.csv__hit112,KELLY Gil,KELLY Gil,KELLY Gil,KELLY Gil,KELLY Gil,KELLY Gil,KELLY Gil,KELLY Gil,KELLY Gil,KELLY Gil
NSW_Local_Government_2024_Cootamundra-Gundagai_Regional 9 seats.csv__hit113,KELLY Gil,KELLY Gil,KELLY Gil,KELLY Gil,KELLY Gil,KELLY Gil,KELLY Gil,KELLY Gil,KELLY Gil,KELLY Gil
NSW_Local_Government_2024_Cootamundra-Gundagai_Regional 9 seats.csv__hit114,KELLY Gil,KELLY Gil,KELLY Gil,KELLY Gil,KELLY Gil,KELLY Gil,KELLY Gil,KELLY Gil,KELLY Gil,KELLY Gil
NSW_Local_Government_2024_Cootamundra-Gundagai_Regional 9 seats.csv__hit115,KELLY Gil,KELLY Gil,NICHOLSON Penny,KELLY Gil,KELLY Gil,KELLY Gil,KELLY Gil,KELLY Gil,KELLY Gil,KELLY Gil
NSW_Local_Government_2024_Cootamundra-Gundagai_Regional 9 seats.csv__hit116,NICHOLSON Penny,KELLY Gil,KELLY Gil,KELLY Gil,KELLY Gil,KELLY Gil,KELLY Gil,KELLY Gil,KELLY Gil,KELLY Gil
NSW_Local_Government_2024_Cootamundra-Gundagai_Regional 9 seats.csv__hit117,NICHOLSON Penny,KELLY Gil,KELLY Gil,KELLY Gil,KELLY Gil,KELLY Gil,KELLY Gil,KELLY Gil,KELLY Gil,KELLY Gil
NSW_Local_Government_2024_Cootamundra-Gundagai_Regional 9 seats.csv__hit118,KELLY Gil,KELLY Gil,KELLY Gil,KELLY Gil,KELLY Gil,KELLY Gil,KELLY Gil,KELLY Gil,KELLY Gil,KELLY Gil
NSW_Local_Government_2024_Cootamundra-Gundagai_Regional 9 seats.csv__hit119,KELLY Gil,KELLY Gil,KELLY Gil,KELLY Gil,KELLY Gil,KELLY Gil,KELLY Gil,KELLY Gil,KELLY Gil,KELLY Gil
NSW_Local_Government_2024_Cootamundra-Gundagai_Regional 9 seats.csv__hit120,KELLY Gil,KELLY Gil,KELLY Gil,KELLY Gil,KELLY Gil,KELLY Gil,KELLY Gil,KELLY Gil,KELLY Gil,KELLY Gil
NSW_Local_Government_2024_Cootamundra-Gundagai_Regional 9 seats.csv__hit121,KELLY Gil,KELLY Gil,KELLY Gil,KELLY Gil,KELLY Gil,KELLY Gil,KELLY Gil,KELLY Gil,KELLY Gil,KELLY Gil
NSW_Local_Government_2024_Cootamundra-Gundagai_Regional 9 seats.csv__hit122,KELLY Gil,KELLY Gil,KELLY Gil,KELLY Gil,KELLY Gil,KELLY Gil,KELLY Gil,KELLY Gil,KELLY Gil,KELLY Gil
NSW_Local_Government_2024_Cootamundra-Gundagai_Regional 9 seats.csv__hit123,KELLY Gil,KELLY Gil,KELLY Gil,KELLY Gil,KELLY Gil,KELLY Gil,KELLY Gil,KELLY Gil,KELLY Gil,KELLY Gil
NSW_Local_Government_2024_Cootamundra-Gundagai_Regional 9 seats.csv__hit124,NICHOLSON Penny,KELLY Gil,KELLY Gil,KELLY Gil,KELLY Gil,KELLY Gil,KELLY Gil,KELLY Gil,KELLY Gil,KELLY Gil
NSW_Local_Government_2024_Cootamundra-Gundagai_Regional 9 seats.csv__hit125,KELLY Gil,KELLY Gil,KELLY Gil,KELLY Gil,KELLY Gil,KELLY Gil,KELLY Gil,KELLY Gil,KELLY Gil,KELLY Gil
NSW_Local_Government_2024_Cootamundra-Gundagai_Regional 9 seats.csv__hit126,KELLY Gil,KELLY Gil,KELLY Gil,KELLY Gil,KELLY Gil,KELLY Gil,KELLY Gil,KELLY Gil,KELLY Gil,KELLY Gil
NSW_Local_Government_2024_Cootamundra-Gundagai_Regional 9 seats.csv__hit127,KELLY Gil,KELLY Gil,KELLY Gil,KELLY Gil,KELLY Gil,KELLY Gil,KELLY Gil,KELLY Gil,KELLY Gil,KELLY Gil
NSW_Local_Government_2024_Cootamundra-Gundagai_Regional 9 seats.csv__hit128,KELLY Gil,KELLY Gil,KELLY Gil,KELLY Gil,KELLY Gil,KELLY Gil,KELLY Gil,KELLY Gil,KELLY Gil,KELLY Gil
NSW_Local_Government_2024_Cootamundra-Gundagai_Regional 9 seats.csv__hit129,KELLY Gil,KELLY Gil,KELLY Gil,KELLY Gil,KELLY Gil,KELLY Gil,KELLY Gil,KELLY Gil,KELLY Gil,KELLY Gil
NSW_Local_Government_2024_Cootamundra-Gundagai_Regional 9 seats.csv__hit130,NICHOLSON Penny,KELLY Gil,KELLY Gil,KELLY Gil,KELLY Gil,KELLY Gil,KELLY Gil,KELLY Gil,KELLY Gil,KELLY Gil
NSW_Local_Government_2024_Cootamundra-Gundagai_Regional 9 seats.csv__hit131,KELLY Gil,KELLY Gil,KELLY Gil,KELLY Gil,KELLY Gil,KELLY Gil,KELLY Gil,KELLY Gil,KELLY Gil,KELLY Gil
NSW_Local_Government_2024_Cootamundra-Gundagai_Regional 9 seats.csv__hit132,NICHOLSON Penny,KELLY Gil,KELLY Gil,KELLY Gil,KELLY Gil,KELLY Gil,KELLY Gil,KELLY Gil,KELLY Gil,KELLY Gil
NSW_Local_Government_2024_Cootamundra-Gundagai_Regional 9 seats.csv__hit133,KELLY Gil,KELLY Gil,KELLY Gil,KELLY Gil,KELLY Gil,KELLY Gil,KELLY Gil,KELLY Gil,KELLY Gil,KELLY Gil
NSW_Local_Government_2024_Cootamundra-Gundagai_Regional 9 seats.csv__hit134,KELLY Gil,KELLY Gil,NICHOLSON Penny,KELLY Gil,KELLY Gil,KELLY Gil,KELLY Gil,KELLY Gil,KELLY Gil,KELLY Gil
NSW_Local_Government_2024_Cootamundra-Gundagai_Regional 9 seats.csv__hit135,KELLY Gil,KELLY Gil,KELLY Gil,KELLY Gil,KELLY Gil,KELLY Gil,KELLY Gil,KELLY Gil,KELLY Gil,KELLY Gil
NSW_Local_Government_2024_Cootamundra-Gundagai_Regional 9 seats.csv__hit136,NICHOLSON Penny,KELLY Gil,KELLY Gil,KELLY Gil,KELLY Gil,KELLY Gil,KELLY Gil,KELLY Gil,KELLY Gil,KELLY Gil
NSW_Local_Government_2024_Cootamundra-Gundagai_Regional 9 seats.csv__hit137,KELLY Gil,KELLY Gil,KELLY Gil,KELLY Gil,KELLY Gil,KELLY Gil,KELLY Gil,KELLY Gil,KELLY Gil,KELLY Gil
NSW_Local_Government_2024_Cootamundra-Gundagai_Regional 9 seats.csv__hit138,NICHOLSON Penny,KELLY Gil,KELLY Gil,KELLY Gil,KELLY Gil,KELLY Gil,KELLY Gil,KELLY Gil,KELLY Gil,KELLY Gil
NSW_Local_Government_2024_Cootamundra-Gundagai_Regional 9 seats.csv__hit139,KELLY Gil,KELLY Gil,KELLY Gil,KELLY Gil,KELLY Gil,KELLY Gil,KELLY Gil,KELLY Gil,KELLY Gil,KELLY Gil
NSW_Local_Government_2024_Cootamundra-Gundagai_Regional 9 seats.csv__hit140,KELLY Gil,KELLY Gil,KELLY Gil,KELLY Gil,KELLY Gil,KELLY Gil,KELLY Gil,KELLY Gil,KELLY Gil,KELLY Gil
NSW_Local_Government_2024_Cootamundra-Gundagai_Regional 9 seats.csv__hit141,KELLY Gil,KELLY Gil,KELLY Gil,KELLY Gil,KELLY Gil,KELLY Gil,KELLY Gil,KELLY Gil,KELLY Gil,KELLY Gil
NSW_Local_Government_2024_Cootamundra-Gundagai_Regional 9 seats.csv__hit142,NICHOLSON Penny,KELLY Gil,KELLY Gil,KELLY Gil,KELLY Gil,KELLY Gil,KELLY Gil,KELLY Gil,KELLY Gil,KELLY Gil
NSW_Local_Government_2024_Cootamundra-Gundagai_Regional 9 seats.csv__hit143,KELLY Gil,NICHOLSON Penny,KELLY Gil,KELLY Gil,KELLY Gil,KELLY Gil,KELLY Gil,KELLY Gil,KELLY Gil,KELLY Gil
NSW_Local_Government_2024_Cootamundra-Gundagai_Regional 9 seats.csv__hit144,NICHOLSON Penny,KELLY Gil,KELLY Gil,KELLY Gil,KELLY Gil,KELLY Gil,KELLY Gil,KELLY Gil,KELLY Gil,KELLY Gil
NSW_Local_Government_2024_Cootamundra-Gundagai_Regional 9 seats.csv__hit145,KELLY Gil,KELLY Gil,KELLY Gil,KELLY Gil,KELLY Gil,KELLY Gil,KELLY Gil,KELLY Gil,KELLY Gil,KELLY Gil
NSW_Local_Government_2024_Cootamundra-Gundagai_Regional 9 seats.csv__hit146,KELLY Gil,KELLY Gil,KELLY Gil,KELLY Gil,KELLY Gil,KELLY Gil,KELLY Gil,KELLY Gil,KELLY Gil,KELLY Gil
NSW_Local_Government_2024_Cootamundra-Gundagai_Regional 9 seats.csv__hit147,KELLY Gil,KELLY Gil,KELLY Gil,KELLY Gil,KELLY Gil,KELLY Gil,KELLY Gil,KELLY Gil,KELLY Gil,KELLY Gil
NSW_Local_Government_2024_Cootamundra-Gundagai_Regional 9 seats.csv__hit148,NICHOLSON Penny,KELLY Gil,KELLY Gil,KELLY Gil,KELLY Gil,KELLY Gil,KELLY Gil,KELLY Gil,KELLY Gil,KELLY Gil
NSW_Local_Government_2024_Cootamundra-Gundagai_Regional 9 seats.csv__hit149,KELLY Gil,KELLY Gil,KELLY Gil,KELLY Gil,KELLY Gil,KELLY Gil,KELLY Gil,KELLY Gil,KELLY Gil,KELLY Gil
NSW_Local_Government_2024_Cootamundra-Gundagai_Regional 9 seats.csv__hit150,KELLY Gil,KELLY Gil,KELLY Gil,KELLY Gil,KELLY Gil,KELLY Gil,KELLY Gil,KELLY Gil,KELLY Gil,KELLY Gil
NSW_Local_Government_2024_Cootamundra-Gundagai_Regional 9 seats.csv__hit151,KELLY Gil,KELLY Gil,NICHOLSON Penny,KELLY Gil,KELLY Gil,KELLY Gil,KELLY Gil,KELLY Gil,KELLY Gil,KELLY Gil
NSW_Local_Government_2024_Cootamundra-Gundagai_Regional 9 seats.csv__hit152,KELLY Gil,KELLY Gil,KELLY Gil,KELLY Gil,KELLY Gil,KELLY Gil,KELLY Gil,KELLY Gil,KELLY Gil,KELLY Gil
NSW_Local_Government_2024_Cootamundra-Gundagai_Regional 9 seats.csv__hit153,KELLY Gil,KELLY Gil,KELLY Gil,KELLY Gil,KELLY Gil,KELLY Gil,KELLY Gil,KELLY Gil,KELLY Gil,KELLY Gil
NSW_Local_Government_2024_Cootamundra-Gundagai_Regional 9 seats.csv__hit154,KELLY Gil,KELLY Gil,NICHOLSON Penny,KELLY Gil,KELLY Gil,KELLY Gil,KELLY Gil,KELLY Gil,KELLY Gil,KELLY Gil
NSW_Local_Government_2024_Cootamundra-Gundagai_Regional 9 seats.csv__hit155,NICHOLSON Penny,KELLY Gil,KELLY Gil,KELLY Gil,KELLY Gil,KELLY Gil,KELLY Gil,KELLY Gil,KELLY Gil,KELLY Gil
NSW_Local_Government_2024_Cootamundra-Gundagai_Regional 9 seats.csv__hit156,NICHOLSON Penny,KELLY Gil,KELLY Gil,KELLY Gil,KELLY Gil,KELLY Gil,KELLY Gil,KELLY Gil,KELLY Gil,KELLY Gil
NSW_Local_Government_2024_Cootamundra-Gundagai_Regional 9 seats.csv__hit157,KELLY Gil,KELLY Gil,KELLY Gil,KELLY Gil,KELLY Gil,KELLY Gil,KELLY Gil,KELLY Gil,KELLY Gil,KELLY Gil
NSW_Local_Government_2024_Cootamundra-Gundagai_Regional 9 seats.csv__hit158,KELLY Gil,KELLY Gil,KELLY Gil,KELLY Gil,KELLY Gil,KELLY Gil,KELLY Gil,KELLY Gil,KELLY Gil,KELLY Gil
NSW_Local_Government_2024_Cootamundra-Gundagai_Regional 9 seats.csv__hit159,KELLY Gil,KELLY Gil,KELLY Gil,KELLY Gil,KELLY Gil,KELLY Gil,KELLY Gil,KELLY Gil,KELLY Gil,KELLY Gil
NSW_Local_Government_2024_Cootamundra-Gundagai_Regional 9 seats.csv__hit160,KELLY Gil,KELLY Gil,KELLY Gil,KELLY Gil,KELLY Gil,KELLY Gil,KELLY Gil,KELLY Gil,KELLY Gil,KELLY Gil
NSW_Local_Government_2024_Cootamundra-Gundagai_Regional 9 seats.csv__hit161,KELLY Gil,KELLY Gil,KELLY Gil,KELLY Gil,KELLY Gil,KELLY Gil,KELLY Gil,KELLY Gil,KELLY Gil,KELLY Gil
NSW_Local_Government_2024_Cootamundra-Gundagai_Regional 9 seats.csv__hit162,KELLY Gil,KELLY Gil,KELLY Gil,KELLY Gil,KELLY Gil,KELLY Gil,KELLY Gil,KELLY Gil,KELLY Gil,KELLY Gil
NSW_Local_Government_2024_Cootamundra-Gundagai_Regional 9 seats.csv__hit163,KELLY Gil,KELLY Gil,KELLY Gil,KELLY Gil,KELLY Gil,KELLY Gil,KELLY Gil,KELLY Gil,KELLY Gil,KELLY Gil
NSW_Local_Government_2024_Cootamundra-Gundagai_Regional 9 seats.csv__hit164,KELLY Gil,KELLY Gil,KELLY Gil,KELLY Gil,KELLY Gil,KELLY Gil,KELLY Gil,KELLY Gil,KELLY Gil,KELLY Gil
NSW_Local_Government_2024_Cootamundra-Gundagai_Regional 9 seats.csv__hit165,KELLY Gil,KELLY Gil,KELLY Gil,KELLY Gil,KELLY Gil,KELLY Gil,KELLY Gil,KELLY Gil,KELLY Gil,KELLY Gil
NSW_Local_Government_2024_Cootamundra-Gundagai_Regional 9 seats.csv__hit166,KELLY Gil,KELLY Gil,KELLY Gil,KELLY Gil,KELLY Gil,KELLY Gil,KELLY Gil,KELLY Gil,KELLY Gil,KELLY Gil
NSW_Local_Government_2024_Cootamundra-Gundagai_Regional 9 seats.csv__hit167,KELLY Gil,KELLY Gil,KELLY Gil,KELLY Gil,KELLY Gil,KELLY Gil,KELLY Gil,KELLY Gil,KELLY Gil,KELLY Gil
NSW_Local_Government_2024_Cootamundra-Gundagai_Regional 9 seats.csv__hit168,NICHOLSON Penny,KELLY Gil,KELLY Gil,KELLY Gil,KELLY Gil,KELLY Gil,KELLY Gil,KELLY Gil,KELLY Gil,KELLY Gil
NSW_Local_Government_2024_Cootamundra-Gundagai_Regional 9 seats.csv__hit169,KELLY Gil,KELLY Gil,KELLY Gil,KELLY Gil,KELLY Gil,KELLY Gil,KELLY Gil,KELLY Gil,KELLY Gil,KELLY Gil
NSW_Local_Government_2024_Cootamundra-Gundagai_Regional 9 seats.csv__hit170,KELLY Gil,KELLY Gil,KELLY Gil,KELLY Gil,KELLY Gil,KELLY Gil,KELLY Gil,KELLY Gil,KELLY Gil,KELLY Gil
NSW_Local_Government_2024_Cootamundra-Gundagai_Regional 9 seats.csv__hit171,KELLY Gil,KELLY Gil,KELLY Gil,KELLY Gil,KELLY Gil,KELLY Gil,KELLY Gil,KELLY Gil,KELLY Gil,KELLY Gil
NSW_Local_Government_2024_Cootamundra-Gundagai_Regional 9 seats.csv__hit172,KELLY Gil,KELLY Gil,KELLY Gil,KELLY Gil,KELLY Gil,KELLY Gil,KELLY Gil,KELLY Gil,KELLY Gil,KELLY Gil
NSW_Local_Government_2024_Cootamundra-Gundagai_Regional 9 seats.csv__hit173,KELLY Gil,KELLY Gil,KELLY Gil,KELLY Gil,KELLY Gil,KELLY Gil,KELLY Gil,KELLY Gil,KELLY Gil,KELLY Gil
NSW_Local_Government_2024_Cootamundra-Gundagai_Regional 9 seats.csv__hit174,KELLY Gil,KELLY Gil,KELLY Gil,KELLY Gil,KELLY Gil,KELLY Gil,KELLY Gil,KELLY Gil,KELLY Gil,KELLY Gil
NSW_Local_Government_2024_Cootamundra-Gundagai_Regional 9 seats.csv__hit175,KELLY Gil,KELLY Gil,KELLY Gil,KELLY Gil,KELLY Gil,KELLY Gil,KELLY Gil,KELLY Gil,KELLY Gil,KELLY Gil
NSW_Local_Government_2024_Cootamundra-Gundagai_Regional 9 seats.csv__hit176,KELLY Gil,KELLY Gil,KELLY Gil,KELLY Gil,KELLY Gil,KELLY Gil,KELLY Gil,KELLY Gil,KELLY Gil,KELLY Gil
NSW_Local_Government_2024_Cootamundra-Gundagai_Regional 9 seats.csv__hit177,KELLY Gil,KELLY Gil,KELLY Gil,KELLY Gil,KELLY Gil,KELLY Gil,KELLY Gil,KELLY Gil,KELLY Gil,KELLY Gil
NSW_Local_Government_2024_Cootamundra-Gundagai_Regional 9 seats.csv__hit178,NICHOLSON Penny,KELLY Gil,KELLY Gil,KELLY Gil,KELLY Gil,KELLY Gil,KELLY Gil,KELLY Gil,KELLY Gil,KELLY Gil
NSW_Local_Government_2024_Cootamundra-Gundagai_Regional 9 seats.csv__hit179,NICHOLSON Penny,KELLY Gil,KELLY Gil,KELLY Gil,KELLY Gil,KELLY Gil,KELLY Gil,KELLY Gil,KELLY Gil,KELLY Gil
NSW_Local_Government_2024_Cootamundra-Gundagai_Regional 9 seats.csv__hit180,KELLY Gil,KELLY Gil,KELLY Gil,KELLY Gil,KELLY Gil,KELLY Gil,KELLY Gil,KELLY Gil,KELLY Gil,KELLY Gil
NSW_Local_Government_2024_Cootamundra-Gundagai_Regional 9 seats.csv__hit181,KELLY Gil,KELLY Gil,KELLY Gil,KELLY Gil,KELLY Gil,KELLY Gil,KELLY Gil,KELLY Gil,KELLY Gil,KELLY Gil
NSW_Local_Government_2024_Cootamundra-Gundagai_Regional 9 seats.csv__hit182,KELLY Gil,KELLY Gil,KELLY Gil,KELLY Gil,KELLY Gil,KELLY Gil,KELLY Gil,KELLY Gil,KELLY Gil,KELLY Gil
NSW_Local_Government_2024_Cootamundra-Gundagai_Regional 9 seats.csv__hit183,NICHOLSON Penny,KELLY Gil,KELLY Gil,KELLY Gil,KELLY Gil,KELLY Gil,KELLY Gil,KELLY Gil,KELLY Gil,KELLY Gil
NSW_Local_Government_2024_Cootamundra-Gundagai_Regional 9 seats.csv__hit184,KELLY Gil,KELLY Gil,KELLY Gil,KELLY Gil,KELLY Gil,KELLY Gil,KELLY Gil,KELLY Gil,KELLY Gil,KELLY Gil
NSW_Local_Government_2024_Cootamundra-Gundagai_Regional 9 seats.csv__hit185,KELLY Gil,KELLY Gil,KELLY Gil,KELLY Gil,KELLY Gil,KELLY Gil,KELLY Gil,KELLY Gil,KELLY Gil,KELLY Gil
NSW_Local_Government_2024_Cootamundra-Gundagai_Regional 9 seats.csv__hit186,KELLY Gil,KELLY Gil,KELLY Gil,KELLY Gil,KELLY Gil,KELLY Gil,KELLY Gil,KELLY Gil,KELLY Gil,KELLY Gil
NSW_Local_Government_2024_Cootamundra-Gundagai_Regional 9 seats.csv__hit187,KELLY Gil,KELLY Gil,KELLY Gil,KELLY Gil,KELLY Gil,KELLY Gil,KELLY Gil,KELLY Gil,KELLY Gil,KELLY Gil
NSW_Local_Government_2024_Cootamundra-Gundagai_Regional 9 seats.csv__hit188,KELLY Gil,KELLY Gil,KELLY Gil,KELLY Gil,KELLY Gil,KELLY Gil,KELLY Gil,KELLY Gil,KELLY Gil,KELLY Gil
NSW_Local_Government_2024_Cootamundra-Gundagai_Regional 9 seats.csv__hit189,KELLY Gil,KELLY Gil,KELLY Gil,KELLY Gil,KELLY Gil,KELLY Gil,KELLY Gil,KELLY Gil,KELLY Gil,KELLY Gil
NSW_Local_Government_2024_Cootamundra-Gundagai_Regional 9 seats.csv__hit190,KELLY Gil,KELLY Gil,KELLY Gil,KELLY Gil,KELLY Gil,KELLY Gil,KELLY Gil,KELLY Gil,KELLY Gil,KELLY Gil
NSW_Local_Government_2024_Cootamundra-Gundagai_Regional 9 seats.csv__hit191,KELLY Gil,KELLY Gil,KELLY Gil,KELLY Gil,KELLY Gil,KELLY Gil,KELLY Gil,KELLY Gil,KELLY Gil,KELLY Gil
NSW_Local_Government_2024_Cootamundra-Gundagai_Regional 9 seats.csv__hit192,KELLY Gil,KELLY Gil,KELLY Gil,KELLY Gil,KELLY Gil,KELLY Gil,KELLY Gil,KELLY Gil,KELLY Gil,KELLY Gil
NSW_Local_Government_2024_Cootamundra-Gundagai_Regional 9 seats.csv__hit193,NICHOLSON Penny,KELLY Gil,KELLY Gil,KELLY Gil,KELLY Gil,KELLY Gil,KELLY Gil,KELLY Gil,KELLY Gil,KELLY Gil
NSW_Local_Government_2024_Cootamundra-Gundagai_Regional 9 seats.csv__hit194,KELLY Gil,KELLY Gil,KELLY Gil,KELLY Gil,KELLY Gil,KELLY Gil,KELLY Gil,KELLY Gil,KELLY Gil,KELLY Gil
NSW_Local_Government_2024_Cootamundra-Gundagai_Regional 9 seats.csv__hit195,NICHOLSON Penny,KELLY Gil,KELLY Gil,KELLY Gil,KELLY Gil,KELLY Gil,KELLY Gil,KELLY Gil,KELLY Gil,KELLY Gil
NSW_Local_Government_2024_Cootamundra-Gundagai_Regional 9 seats.csv__hit196,KELLY Gil,KELLY Gil,KELLY Gil,KELLY Gil,KELLY Gil,KELLY Gil,KELLY Gil,KELLY Gil,KELLY Gil,KELLY Gil
NSW_Local_Government_2024_Cootamundra-Gundagai_Regional 9 seats.csv__hit197,KELLY Gil,KELLY Gil,KELLY Gil,KELLY Gil,KELLY Gil,KELLY Gil,KELLY Gil,KELLY Gil,KELLY Gil,KELLY Gil
NSW_Local_Government_2024_Cootamundra-Gundagai_Regional 9 seats.csv__hit198,KELLY Gil,KELLY Gil,KELLY Gil,KELLY Gil,KELLY Gil,KELLY Gil,KELLY Gil,KELLY Gil,KELLY Gil,KELLY Gil
NSW_Local_Government_2024_Cootamundra-Gundagai_Regional 9 seats.csv__hit199,KELLY Gil,KELLY Gil,KELLY Gil,KELLY Gil,KELLY Gil,KELLY Gil,KELLY Gil,KELLY Gil,KELLY Gil,KELLY Gil
NSW_Local_Government_2017_City_of_Randwick_-_Central_Ward 3 seats.csv__hit0,SENG Ted (C),SENG Ted (C),PARKER Dylan (A),SENG Ted (C),SENG Ted (C),SENG Ted (C),ANDREWS Anthony (B),ANDREWS Anthony (B),ANDREWS Anthony (B),SENG Ted (C)
NSW_Local_Government_2017_City_of_Randwick_-_Central_Ward 3 seats.csv__hit1,SENG Ted (C),SENG Ted (C),SENG Ted (C),PARKER Dylan (A),SENG Ted (C),SENG Ted (C),ANDREWS Anthony (B),ANDREWS Anthony (B),PARKER Dylan (A),PARKER Dylan (A)
NSW_Local_Government_2017_City_of_Randwick_-_Central_Ward 3 seats.csv__hit2,SENG Ted (C),SENG Ted (C),PARKER Dylan (A),SENG Ted (C),SENG Ted (C),SENG Ted (C),ANDREWS Anthony (B),ANDREWS Anthony (B),PARKER Dylan (A),PARKER Dylan (A)
NSW_Local_Government_2017_City_of_Randwick_-_Central_Ward 3 seats.csv__hit3,SENG Ted (C),SENG Ted (C),PARKER Dylan (A),PARKER Dylan (A),SENG Ted (C),ANDREWS Anthony (B),ANDREWS Anthony (B),PARKER Dylan (A),PARKER Dylan (A),PARKER Dylan (A)
NSW_Local_Government_2017_City_of_Randwick_-_Central_Ward 3 seats.csv__hit4,SENG Ted (C),SENG Ted (C),PARKER Dylan (A),SENG Ted (C),SENG Ted (C),SENG Ted (C),ANDREWS Anthony (B),ANDREWS Anthony (B),PARKER Dylan (A),PARKER Dylan (A)
NSW_Local_Government_2017_City_of_Randwick_-_Central_Ward 3 seats.csv__hit5,SENG Ted (C),PARKER Dylan (A),PARKER Dylan (A),SENG Ted (C),SENG Ted (C),SENG Ted (C),ANDREWS Anthony (B),ANDREWS Anthony (B),ANDREWS Anthony (B),PARKER Dylan (A)
NSW_Local_Government_2017_City_of_Randwick_-_Central_Ward 3 seats.csv__hit6,SENG Ted (C),PARKER Dylan (A),PARKER Dylan (A),SENG Ted (C),SENG Ted (C),ANDREWS Anthony (B),ANDREWS Anthony (B),ANDREWS Anthony (B),PARKER Dylan (A),PARKER Dylan (A)
NSW_Local_Government_2017_City_of_Randwick_-_Central_Ward 3 seats.csv__hit7,SENG Ted (C),SENG Ted (C),PARKER Dylan (A),SENG Ted (C),SENG Ted (C),ANDREWS Anthony (B),ANDREWS Anthony (B),ANDREWS Anthony (B),PARKER Dylan (A),PARKER Dylan (A)
NSW_Local_Government_2017_City_of_Randwick_-_Central_Ward 3 seats.csv__hit8,SENG Ted (C),SENG Ted (C),SENG Ted (C),SENG Ted (C),SENG Ted (C),ANDREWS Anthony (B),ANDREWS Anthony (B),PARKER Dylan (A),PARKER Dylan (A),PARKER Dylan (A)
NSW_Local_Government_2017_City_of_Randwick_-_Central_Ward 3 seats.csv__hit9,SENG Ted (C),SENG Ted (C),PARKER Dylan (A),SENG Ted (C),SENG Ted (C),SENG Ted (C),ANDREWS Anthony (B),ANDREWS Anthony (B),PARKER Dylan (A),SENG Ted (C)
NSW_Local_Government_2017_City_of_Randwick_-_Central_Ward 3 seats.csv__hit10,SENG Ted (C),SENG Ted (C),PARKER Dylan (A),PARKER Dylan (A),SENG Ted (C),SENG Ted (C),ANDREWS Anthony (B),ANDREWS Anthony (B),ANDREWS Anthony (B),PARKER Dylan (A)
NSW_Local_Government_2017_City_of_Randwick_-_Central_Ward 3 seats.csv__hit11,SENG Ted (C),SENG Ted (C),PARKER Dylan (A),SENG Ted (C),SENG Ted (C),SENG Ted (C),ANDREWS Anthony (B),ANDREWS Anthony (B),PARKER Dylan (A),PARKER Dylan (A)
NSW_Local_Government_2017_City_of_Randwick_-_Central_Ward 3 seats.csv__hit12,SENG Ted (C),SENG Ted (C),PARKER Dylan (A),SENG Ted (C),SENG Ted (C),SENG Ted (C),ANDREWS Anthony (B),ANDREWS Anthony (B),ANDREWS Anthony (B),PARKER Dylan (A)
NSW_Local_Government_2017_City_of_Randwick_-_Central_Ward 3 seats.csv__hit13,SENG Ted (C),SENG Ted (C),PARKER Dylan (A),SENG Ted (C),SENG Ted (C),SENG Ted (C),ANDREWS Anthony (B),ANDREWS Anthony (B),PARKER Dylan (A),PARKER Dylan (A)
NSW_Local_Government_2017_City_of_Randwick_-_Central_Ward 3 seats.csv__hit14,SENG Ted (C),SENG Ted (C),SENG Ted (C),SENG Ted (C),SENG Ted (C),SENG Ted (C),ANDREWS Anthony (B),ANDREWS Anthony (B),PARKER Dylan (A),PARKER Dylan (A)
NSW_Local_Government_2017_City_of_Randwick_-_Central_Ward 3 seats.csv__hit15,SENG Ted (C),PARKER Dylan (A),PARKER Dylan (A),PARKER Dylan (A),SENG Ted (C),ANDREWS Anthony (B),ANDREWS Anthony (B),ANDREWS Anthony (B),PARKER Dylan (A),PARKER Dylan (A)
NSW_Local_Government_2017_City_of_Randwick_-_Central_Ward 3 seats.csv__hit16,SENG Ted (C),SENG Ted (C),PARKER Dylan (A),SENG Ted (C),SENG Ted (C),SENG Ted (C),ANDREWS Anthony (B),ANDREWS Anthony (B),PARKER Dylan (A),PARKER Dylan (A)
NSW_Local_Government_2017_City_of_Randwick_-_Central_Ward 3 seats.csv__hit17,SENG Ted (C),PARKER Dylan (A),PARKER Dylan (A),SENG Ted (C),SENG Ted (C),SENG Ted (C),ANDREWS Anthony (B),ANDREWS Anthony (B),PARKER Dylan (A),PARKER Dylan (A)
NSW_Local_Government_2017_City_of_Randwick_-_Central_Ward 3 seats.csv__hit18,SENG Ted (C),SENG Ted (C),SENG Ted (C),SENG Ted (C),SENG Ted (C),ANDREWS Anthony (B),ANDREWS Anthony (B),ANDREWS Anthony (B),PARKER Dylan (A),PARKER Dylan (A)
NSW_Local_Government_2017_City_of_Randwick_-_Central_Ward 3 seats.csv__hit19,SENG Ted (C),PARKER Dylan (A),PARKER Dylan (A),SENG Ted (C),SENG Ted (C),SENG Ted (C),ANDREWS Anthony (B),ANDREWS Anthony (B),PARKER Dylan (A),PARKER Dylan (A)
NSW_Local_Government_2017_City_of_Randwick_-_Central_Ward 3 seats.csv__hit20,SENG Ted (C),PARKER Dylan (A),PARKER Dylan (A),SENG Ted (C),SENG Ted (C),SENG Ted (C),ANDREWS Anthony (B),ANDREWS Anthony (B),PARKER Dylan (A),PARKER Dylan (A)
NSW_Local_Government_2017_City_of_Randwick_-_Central_Ward 3 seats.csv__hit21,PARKER Dylan (A),PARKER Dylan (A),PARKER Dylan (A),PARKER Dylan (A),PARKER Dylan (A),ANDREWS Anthony (B),ANDREWS Anthony (B),PARKER Dylan (A),PARKER Dylan (A),PARKER Dylan (A)
NSW_Local_Government_2017_City_of_Randwick_-_Central_Ward 3 seats.csv__hit22,SENG Ted (C),SENG Ted (C),SENG Ted (C),SENG Ted (C),SENG Ted (C),SENG Ted (C),ANDREWS Anthony (B),ANDREWS Anthony (B),PARKER Dylan (A),SENG Ted (C)
NSW_Local_Government_2017_City_of_Randwick_-_Central_Ward 3 seats.csv__hit23,SENG Ted (C),SENG Ted (C),PARKER Dylan (A),PARKER Dylan (A),SENG Ted (C),SENG Ted (C),ANDREWS Anthony (B),ANDREWS Anthony (B),PARKER Dylan (A),PARKER Dylan (A)
NSW_Local_Government_2017_City_of_Randwick_-_Central_Ward 3 seats.csv__hit24,PARKER Dylan (A),PARKER Dylan (A),PARKER Dylan (A),PARKER Dylan (A),PARKER Dylan (A),ANDREWS Anthony (B),ANDREWS Anthony (B),PARKER Dylan (A),PARKER Dylan (A),PARKER Dylan (A)
NSW_Local_Government_2017_City_of_Randwick_-_Central_Ward 3 seats.csv__hit25,SENG Ted (C),SENG Ted (C),PARKER Dylan (A),SENG Ted (C),SENG Ted (C),SENG Ted (C),ANDREWS Anthony (B),PARKER Dylan (A),PARKER Dylan (A),PARKER Dylan (A)
NSW_Local_Government_2017_City_of_Randwick_-_Central_Ward 3 seats.csv__hit26,SENG Ted (C),PARKER Dylan (A),PARKER Dylan (A),SENG Ted (C),SENG Ted (C),SENG Ted (C),ANDREWS Anthony (B),PARKER Dylan (A),PARKER Dylan (A),PARKER Dylan (A)
NSW_Local_Government_2017_City_of_Randwick_-_Central_Ward 3 seats.csv__hit27,SENG Ted (C),SENG Ted (C),SENG Ted (C),SENG Ted (C),SENG Ted (C),ANDREWS Anthony (B),ANDREWS Anthony (B),ANDREWS Anthony (B),ANDREWS Anthony (B),PARKER Dylan (A)
NSW_Local_Government_2017_City_of_Randwick_-_Central_Ward 3 seats.csv__hit28,SENG Ted (C),SENG Ted (C),SENG Ted (C),SENG Ted (C),SENG Ted (C),ANDREWS Anthony (B),ANDREWS Anthony (B),ANDREWS Anthony (B),PARKER Dylan (A),SENG Ted (C)
NSW_Local_Government_2017_City_of_Randwick_-_Central_Ward 3 seats.csv__hit29,SENG Ted (C),SENG Ted (C),SENG Ted (C),SENG Ted (C),SENG Ted (C),SENG Ted (C),ANDREWS Anthony (B),ANDREWS Anthony (B),PARKER Dylan (A),PARKER Dylan (A)
NSW_Local_Government_2017_City_of_Randwick_-_Central_Ward 3 seats.csv__hit30,SENG Ted (C),PARKER Dylan (A),PARKER Dylan (A),SENG Ted (C),SENG Ted (C),SENG Ted (C),ANDREWS Anthony (B),PARKER Dylan (A),PARKER Dylan (A),PARKER Dylan (A)
NSW_Local_Government_2017_City_of_Randwick_-_Central_Ward 3 seats.csv__hit31,SENG Ted (C),SENG Ted (C),SENG Ted (C),PARKER Dylan (A),SENG Ted (C),SENG Ted (C),ANDREWS Anthony (B),PARKER Dylan (A),PARKER Dylan (A),PARKER Dylan (A)
NSW_Local_Government_2017_City_of_Randwick_-_Central_Ward 3 seats.csv__hit32,SENG Ted (C),SENG Ted (C),SENG Ted (C),SENG Ted (C),SENG Ted (C),ANDREWS Anthony (B),ANDREWS Anthony (B),ANDREWS Anthony (B),PARKER Dylan (A),PARKER Dylan (A)
NSW_Local_Government_2017_City_of_Randwick_-_Central_Ward 3 seats.csv__hit33,SENG Ted (C),SENG Ted (C),PARKER Dylan (A),PARKER Dylan (A),SENG Ted (C),SENG Ted (C),ANDREWS Anthony (B),ANDREWS Anthony (B),PARKER Dylan (A),SENG Ted (C)
NSW_Local_Government_2017_City_of_Randwick_-_Central_Ward 3 seats.csv__hit34,SENG Ted (C),SENG Ted (C),PARKER Dylan (A),SENG Ted (C),SENG Ted (C),ANDREWS Anthony (B),ANDREWS Anthony (B),PARKER Dylan (A),PARKER Dylan (A),PARKER Dylan (A)
NSW_Local_Government_2017_City_of_Randwick_-_Central_Ward 3 seats.csv__hit35,SENG Ted (C),SENG Ted (C),PARKER Dylan (A),SENG Ted (C),SENG Ted (C),SENG Ted (C),ANDREWS Anthony (B),ANDREWS Anthony (B),PARKER Dylan (A),PARKER Dylan (A)
NSW_Local_Government_2017_City_of_Randwick_-_Central_Ward 3 seats.csv__hit36,SENG Ted (C),SENG Ted (C),ANDREWS Anthony (B),PARKER Dylan (A),SENG Ted (C),SENG Ted (C),ANDREWS Anthony (B),ANDREWS Anthony (B),PARKER Dylan (A),PARKER Dylan (A)
NSW_Local_Government_2017_City_of_Randwick_-_Central_Ward 3 seats.csv__hit37,SENG Ted (C),SENG Ted (C),PARKER Dylan (A),PARKER Dylan (A),SENG Ted (C),ANDREWS Anthony (B),ANDREWS Anthony (B),ANDREWS Anthony (B),PARKER Dylan (A),PARKER Dylan (A)
NSW_Local_Government_2017_City_of_Randwick_-_Central_Ward 3 seats.csv__hit38,SENG Ted (C),SENG Ted (C),PARKER Dylan (A),PARKER Dylan (A),SENG Ted (C),ANDREWS Anthony (B),ANDREWS Anthony (B),PARKER Dylan (A),PARKER Dylan (A),PARKER Dylan (A)
NSW_Local_Government_2017_City_of_Randwick_-_Central_Ward 3 seats.csv__hit39,SENG Ted (C),PARKER Dylan (A),PARKER Dylan (A),SENG Ted (C),SENG Ted (C),SENG Ted (C),ANDREWS Anthony (B),ANDREWS Anthony (B),PARKER Dylan (A),PARKER Dylan (A)
NSW_Local_Government_2017_City_of_Randwick_-_Central_Ward 3 seats.csv__hit40,SENG Ted (C),SENG Ted (C),PARKER Dylan (A),PARKER Dylan (A),SENG Ted (C),SENG Ted (C),ANDREWS Anthony (B),ANDREWS Anthony (B),PARKER Dylan (A),PARKER Dylan (A)
NSW_Local_Government_2017_City_of_Randwick_-_Central_Ward 3 seats.csv__hit41,SENG Ted (C),SENG Ted (C),PARKER Dylan (A),PARKER Dylan (A),SENG Ted (C),SENG Ted (C),ANDREWS Anthony (B),PARKER Dylan (A),PARKER Dylan (A),SENG Ted (C)
NSW_Local_Government_2017_City_of_Randwick_-_Central_Ward 3 seats.csv__hit42,PARKER Dylan (A),PARKER Dylan (A),PARKER Dylan (A),PARKER Dylan (A),PARKER Dylan (A),ANDREWS Anthony (B),ANDREWS Anthony (B),PARKER Dylan (A),PARKER Dylan (A),PARKER Dylan (A)
NSW_Local_Government_2017_City_of_Randwick_-_Central_Ward 3 seats.csv__hit43,SENG Ted (C),SENG Ted (C),PARKER Dylan (A),SENG Ted (C),SENG Ted (C),SENG Ted (C),ANDREWS Anthony (B),ANDREWS Anthony (B),PARKER Dylan (A),SENG Ted (C)
NSW_Local_Government_2017_City_of_Randwick_-_Central_Ward 3 seats.csv__hit44,SENG Ted (C),PARKER Dylan (A),PARKER Dylan (A),PARKER Dylan (A),SENG Ted (C),ANDREWS Anthony (B),ANDREWS Anthony (B),ANDREWS Anthony (B),ANDREWS Anthony (B),SENG Ted (C)
NSW_Local_Government_2017_City_of_Randwick_-_Central_Ward 3 seats.csv__hit45,SENG Ted (C),SENG Ted (C),PARKER Dylan (A),SENG Ted (C),SENG Ted (C),SENG Ted (C),ANDREWS Anthony (B),ANDREWS Anthony (B),PARKER Dylan (A),SENG Ted (C)
NSW_Local_Government_2017_City_of_Randwick_-_Central_Ward 3 seats.csv__hit46,SENG Ted (C),SENG Ted (C),PARKER Dylan (A),SENG Ted (C),SENG Ted (C),ANDREWS Anthony (B),ANDREWS Anthony (B),PARKER Dylan (A),PARKER Dylan (A),PARKER Dylan (A)
NSW_Local_Government_2017_City_of_Randwick_-_Central_Ward 3 seats.csv__hit47,SENG Ted (C),SENG Ted (C),PARKER Dylan (A),SENG Ted (C),SENG Ted (C),SENG Ted (C),ANDREWS Anthony (B),ANDREWS Anthony (B),PARKER Dylan (A),PARKER Dylan (A)
NSW_Local_Government_2017_City_of_Randwick_-_Central_Ward 3 seats.csv__hit48,SENG Ted (C),SENG Ted (C),PARKER Dylan (A),PARKER Dylan (A),SENG Ted (C),SENG Ted (C),ANDREWS Anthony (B),ANDREWS Anthony (B),PARKER Dylan (A),PARKER Dylan (A)
NSW_Local_Government_2017_City_of_Randwick_-_Central_Ward 3 seats.csv__hit49,SENG Ted (C),SENG Ted (C),PARKER Dylan (A),SENG Ted (C),SENG Ted (C),ANDREWS Anthony (B),ANDREWS Anthony (B),ANDREWS Anthony (B),PARKER Dylan (A),PARKER Dylan (A)
NSW_Local_Government_2017_City_of_Randwick_-_Central_Ward 3 seats.csv__hit50,SENG Ted (C),SENG Ted (C),PARKER Dylan (A),PARKER Dylan (A),SENG Ted (C),SENG Ted (C),ANDREWS Anthony (B),ANDREWS Anthony (B),PARKER Dylan (A),PARKER Dylan (A)
NSW_Local_Government_2017_City_of_Randwick_-_Central_Ward 3 seats.csv__hit51,PARKER Dylan (A),PARKER Dylan (A),PARKER Dylan (A),PARKER Dylan (A),PARKER Dylan (A),PARKER Dylan (A),ANDREWS Anthony (B),PARKER Dylan (A),PARKER Dylan (A),PARKER Dylan (A)
NSW_Local_Government_2017_City_of_Randwick_-_Central_Ward 3 seats.csv__hit52,PARKER Dylan (A),PARKER Dylan (A),PARKER Dylan (A),PARKER Dylan (A),PARKER Dylan (A),ANDREWS Anthony (B),ANDREWS Anthony (B),PARKER Dylan (A),PARKER Dylan (A),PARKER Dylan (A)
NSW_Local_Government_2017_City_of_Randwick_-_Central_Ward 3 seats.csv__hit53,SENG Ted (C),SENG Ted (C),SENG Ted (C),SENG Ted (C),SENG Ted (C),ANDREWS Anthony (B),ANDREWS Anthony (B),ANDREWS Anthony (B),PARKER Dylan (A),PARKER Dylan (A)
NSW_Local_Government_2017_City_of_Randwick_-_Central_Ward 3 seats.csv__hit54,SENG Ted (C),PARKER Dylan (A),SENG Ted (C),SENG Ted (C),SENG Ted (C),ANDREWS Anthony (B),ANDREWS Anthony (B),ANDREWS Anthony (B),PARKER Dylan (A),PARKER Dylan (A)
NSW_Local_Government_2017_City_of_Randwick_-_Central_Ward 3 seats.csv__hit55,SENG Ted (C),SENG Ted (C),PARKER Dylan (A),PARKER Dylan (A),SENG Ted (C),ANDREWS Anthony (B),ANDREWS Anthony (B),ANDREWS Anthony (B),PARKER Dylan (A),PARKER Dylan (A)
NSW_Local_Government_2017_City_of_Randwick_-_Central_Ward 3 seats.csv__hit56,SENG Ted (C),PARKER Dylan (A),SENG Ted (C),SENG Ted (C),SENG Ted (C),SENG Ted (C),ANDREWS Anthony (B),ANDREWS Anthony (B),PARKER Dylan (A),PARKER Dylan (A)
NSW_Local_Government_2017_City_of_Randwick_-_Central_Ward 3 seats.csv__hit57,SENG Ted (C),SENG Ted (C),PARKER Dylan (A),SENG Ted (C),SENG Ted (C),SENG Ted (C),ANDREWS Anthony (B),ANDREWS Anthony (B),PARKER Dylan (A),SENG Ted (C)
NSW_Local_Government_2017_City_of_Randwick_-_Central_Ward 3 seats.csv__hit58,SENG Ted (C),SENG Ted (C),SENG Ted (C),SENG Ted (C),SENG Ted (C),SENG Ted (C),ANDREWS Anthony (B),ANDREWS Anthony (B),PARKER Dylan (A),PARKER Dylan (A)
NSW_Local_Government_2017_City_of_Randwick_-_Central_Ward 3 seats.csv__hit59,PARKER Dylan (A),ANDREWS Anthony (B),ANDREWS Anthony (B),PARKER Dylan (A),PARKER Dylan (A),SENG Ted (C),SENG Ted (C),SENG Ted (C),PARKER Dylan (A),PARKER Dylan (A)
NSW_Local_Government_2017_City_of_Randwick_-_Central_Ward 3 seats.csv__hit60,SENG Ted (C),SENG Ted (C),PARKER Dylan (A),PARKER Dylan (A),SENG Ted (C),SENG Ted (C),ANDREWS Anthony (B),ANDREWS Anthony (B),ANDREWS Anthony (B),PARKER Dylan (A)
NSW_Local_Government_2017_City_of_Randwick_-_Central_Ward 3 seats.csv__hit61,SENG Ted (C),SENG Ted (C),PARKER Dylan (A),PARKER Dylan (A),SENG Ted (C),ANDREWS Anthony (B),ANDREWS Anthony (B),ANDREWS Anthony (B),PARKER Dylan (A),PARKER Dylan (A)
NSW_Local_Government_2017_City_of_Randwick_-_Central_Ward 3 seats.csv__hit62,SENG Ted (C),PARKER Dylan (A),PARKER Dylan (A),SENG Ted (C),SENG Ted (C),ANDREWS Anthony (B),ANDREWS Anthony (B),ANDREWS Anthony (B),PARKER Dylan (A),PARKER Dylan (A)
NSW_Local_Government_2017_City_of_Randwick_-_Central_Ward 3 seats.csv__hit63,SENG Ted (C),SENG Ted (C),PARKER Dylan (A),SENG Ted (C),SENG Ted (C),SENG Ted (C),SENG Ted (C),ANDREWS Anthony (B),PARKER Dylan (A),PARKER Dylan (A)
NSW_Local_Government_2017_City_of_Randwick_-_Central_Ward 3 seats.csv__hit64,SENG Ted (C),SENG Ted (C),PARKER Dylan (A),SENG Ted (C),SENG Ted (C),SENG Ted (C),ANDREWS Anthony (B),ANDREWS Anthony (B),PARKER Dylan (A),PARKER Dylan (A)
NSW_Local_Government_2017_City_of_Randwick_-_Central_Ward 3 seats.csv__hit65,SENG Ted (C),SENG Ted (C),PARKER Dylan (A),SENG Ted (C),SENG Ted (C),ANDREWS Anthony (B),ANDREWS Anthony (B),ANDREWS Anthony (B),PARKER Dylan (A),PARKER Dylan (A)
NSW_Local_Government_2017_City_of_Randwick_-_Central_Ward 3 seats.csv__hit66,SENG Ted (C),SENG Ted (C),SENG Ted (C),SENG Ted (C),SENG Ted (C),SENG Ted (C),ANDREWS Anthony (B),PARKER Dylan (A),PARKER Dylan (A),PARKER Dylan (A)
NSW_Local_Government_2017_City_of_Randwick_-_Central_Ward 3 seats.csv__hit67,SENG Ted (C),SENG Ted (C),PARKER Dylan (A),SENG Ted (C),SENG Ted (C),ANDREWS Anthony (B),ANDREWS Anthony (B),ANDREWS Anthony (B),PARKER Dylan (A),PARKER Dylan (A)
NSW_Local_Government_2017_City_of_Randwick_-_Central_Ward 3 seats.csv__hit68,SENG Ted (C),SENG Ted (C),SENG Ted (C),SENG Ted (C),SENG Ted (C),SENG Ted (C),ANDREWS Anthony (B),ANDREWS Anthony (B),PARKER Dylan (A),PARKER Dylan (A)
NSW_Local_Government_2017_City_of_Randwick_-_Central_Ward 3 seats.csv__hit69,SENG Ted (C),SENG Ted (C),PARKER Dylan (A),SENG Ted (C),SENG Ted (C),SENG Ted (C),ANDREWS Anthony (B),ANDREWS Anthony (B),PARKER Dylan (A),PARKER Dylan (A)
NSW_Local_Government_2017_City_of_Randwick_-_Central_Ward 3 seats.csv__hit70,SENG Ted (C),SENG Ted (C),PARKER Dylan (A),SENG Ted (C),SENG Ted (C),SENG Ted (C),ANDREWS Anthony (B),ANDREWS Anthony (B),SENG Ted (C),SENG Ted (C)
NSW_Local_Government_2017_City_of_Randwick_-_Central_Ward 3 seats.csv__hit71,SENG Ted (C),SENG Ted (C),PARKER Dylan (A),PARKER Dylan (A),SENG Ted (C),ANDREWS Anthony (B),ANDREWS Anthony (B),ANDREWS Anthony (B),ANDREWS Anthony (B),PARKER Dylan (A)
NSW_Local_Government_2017_City_of_Randwick_-_Central_Ward 3 seats.csv__hit72,SENG Ted (C),SENG Ted (C),PARKER Dylan (A),PARKER Dylan (A),SENG Ted (C),SENG Ted (C),ANDREWS Anthony (B),ANDREWS Anthony (B),PARKER Dylan (A),SENG Ted (C)
NSW_Local_Government_2017_City_of_Randwick_-_Central_Ward 3 seats.csv__hit73,SENG Ted (C),SENG Ted (C),PARKER Dylan (A),PARKER Dylan (A),SENG Ted (C),ANDREWS Anthony (B),ANDREWS Anthony (B),ANDREWS Anthony (B),PARKER Dylan (A),PARKER Dylan (A)
NSW_Local_Government_2017_City_of_Randwick_-_Central_Ward 3 seats.csv__hit74,SENG Ted (C),SENG Ted (C),PARKER Dylan (A),SENG Ted (C),SENG Ted (C),ANDREWS Anthony (B),ANDREWS Anthony (B),ANDREWS Anthony (B),PARKER Dylan (A),PARKER Dylan (A)
NSW_Local_Government_2017_City_of_Randwick_-_Central_Ward 3 seats.csv__hit75,SENG Ted (C),PARKER Dylan (A),PARKER Dylan (A),SENG Ted (C),SENG Ted (C),SENG Ted (C),ANDREWS Anthony (B),ANDREWS Anthony (B),PARKER Dylan (A),PARKER Dylan (A)
NSW_Local_Government_2017_City_of_Randwick_-_Central_Ward 3 seats.csv__hit76,SENG Ted (C),SENG Ted (C),PARKER Dylan (A),PARKER Dylan (A),SENG Ted (C),ANDREWS Anthony (B),ANDREWS Anthony (B),ANDREWS Anthony (B),PARKER Dylan (A),SENG Ted (C)
NSW_Local_Government_2017_City_of_Randwick_-_Central_Ward 3 seats.csv__hit77,SENG Ted (C),PARKER Dylan (A),SENG Ted (C),PARKER Dylan (A),SENG Ted (C),ANDREWS Anthony (B),ANDREWS Anthony (B),PARKER Dylan (A),PARKER Dylan (A),PARKER Dylan (A)
NSW_Local_Government_2017_City_of_Randwick_-_Central_Ward 3 seats.csv__hit78,SENG Ted (C),SENG Ted (C),SENG Ted (C),SENG Ted (C),SENG Ted (C),ANDREWS Anthony (B),ANDREWS Anthony (B),PARKER Dylan (A),PARKER Dylan (A),PARKER Dylan (A)
NSW_Local_Government_2017_City_of_Randwick_-_Central_Ward 3 seats.csv__hit79,SENG Ted (C),PARKER Dylan (A),PARKER Dylan (A),PARKER Dylan (A),SENG Ted (C),SENG Ted (C),ANDREWS Anthony (B),PARKER Dylan (A),PARKER Dylan (A),PARKER Dylan (A)
NSW_Local_Government_2017_City_of_Randwick_-_Central_Ward 3 seats.csv__hit80,SENG Ted (C),SENG Ted (C),SENG Ted (C),SENG Ted (C),SENG Ted (C),SENG Ted (C),ANDREWS Anthony (B),ANDREWS Anthony (B),PARKER Dylan (A),PARKER Dylan (A)
NSW_Local_Government_2017_City_of_Randwick_-_Central_Ward 3 seats.csv__hit81,SENG Ted (C),SENG Ted (C),PARKER Dylan (A),SENG Ted (C),SENG Ted (C),ANDREWS Anthony (B),ANDREWS Anthony (B),PARKER Dylan (A),PARKER Dylan (A),PARKER Dylan (A)
NSW_Local_Government_2017_City_of_Randwick_-_Central_Ward 3 seats.csv__hit82,SENG Ted (C),SENG Ted (C),PARKER Dylan (A),PARKER Dylan (A),SENG Ted (C),SENG Ted (C),ANDREWS Anthony (B),ANDREWS Anthony (B),PARKER Dylan (A),SENG Ted (C)
NSW_Local_Government_2017_City_of_Randwick_-_Central_Ward 3 seats.csv__hit83,SENG Ted (C),SENG Ted (C),SENG Ted (C),SENG Ted (C),SENG Ted (C),ANDREWS Anthony (B),ANDREWS Anthony (B),ANDREWS Anthony (B),PARKER Dylan (A),PARKER Dylan (A)
NSW_Local_Government_2017_City_of_Randwick_-_Central_Ward 3 seats.csv__hit84,PARKER Dylan (A),PARKER Dylan (A),PARKER Dylan (A),PARKER Dylan (A),PARKER Dylan (A),ANDREWS Anthony (B),ANDREWS Anthony (B),PARKER Dylan (A),PARKER Dylan (A),PARKER Dylan (A)
NSW_Local_Government_2017_City_of_Randwick_-_Central_Ward 3 seats.csv__hit85,PARKER Dylan (A),PARKER Dylan (A),PARKER Dylan (A),PARKER Dylan (A),PARKER Dylan (A),ANDREWS Anthony (B),ANDREWS Anthony (B),ANDREWS Anthony (B),PARKER Dylan (A),PARKER Dylan (A)
NSW_Local_Government_2017_City_of_Randwick_-_Central_Ward 3 seats.csv__hit86,SENG Ted (C),SENG Ted (C),PARKER Dylan (A),PARKER Dylan (A),SENG Ted (C),ANDREWS Anthony (B),ANDREWS Anthony (B),ANDREWS Anthony (B),PARKER Dylan (A),PARKER Dylan (A)
NSW_Local_Government_2017_City_of_Randwick_-_Central_Ward 3 seats.csv__hit87,SENG Ted (C),PARKER Dylan (A),PARKER Dylan (A),PARKER Dylan (A),SENG Ted (C),SENG Ted (C),ANDREWS Anthony (B),ANDREWS Anthony (B),PARKER Dylan (A),PARKER Dylan (A)
NSW_Local_Government_2017_City_of_Randwick_-_Central_Ward 3 seats.csv__hit88,SENG Ted (C),SENG Ted (C),PARKER Dylan (A),PARKER Dylan (A),SENG Ted (C),ANDREWS Anthony (B),ANDREWS Anthony (B),ANDREWS Anthony (B),PARKER Dylan (A),PARKER Dylan (A)
NSW_Local_Government_2017_City_of_Randwick_-_Central_Ward 3 seats.csv__hit89,SENG Ted (C),SENG Ted (C),PARKER Dylan (A),SENG Ted (C),SENG Ted (C),SENG Ted (C),ANDREWS Anthony (B),ANDREWS Anthony (B),ANDREWS Anthony (B),SENG Ted (C)
NSW_Local_Government_2017_City_of_Randwick_-_Central_Ward 3 seats.csv__hit90,SENG Ted (C),SENG Ted (C),PARKER Dylan (A),SENG Ted (C),SENG Ted (C),ANDREWS Anthony (B),ANDREWS Anthony (B),ANDREWS Anthony (B),PARKER Dylan (A),PARKER Dylan (A)
NSW_Local_Government_2017_City_of_Randwick_-_Central_Ward 3 seats.csv__hit91,SENG Ted (C),PARKER Dylan (A),PARKER Dylan (A),SENG Ted (C),SENG Ted (C),SENG Ted (C),ANDREWS Anthony (B),ANDREWS Anthony (B),PARKER Dylan (A),SENG Ted (C)
NSW_Local_Government_2017_City_of_Randwick_-_Central_Ward 3 seats.csv__hit92,SENG Ted (C),SENG Ted (C),PARKER Dylan (A),PARKER Dylan (A),SENG Ted (C),ANDREWS Anthony (B),ANDREWS Anthony (B),ANDREWS Anthony (B),PARKER Dylan (A),SENG Ted (C)
NSW_Local_Government_2017_City_of_Randwick_-_Central_Ward 3 seats.csv__hit93,SENG Ted (C),SENG Ted (C),PARKER Dylan (A),SENG Ted (C),SENG Ted (C),SENG Ted (C),ANDREWS Anthony (B),ANDREWS Anthony (B),PARKER Dylan (A),SENG Ted (C)
NSW_Local_Government_2017_City_of_Randwick_-_Central_Ward 3 seats.csv__hit94,SENG Ted (C),SENG Ted (C),SENG Ted (C),SENG Ted (C),SENG Ted (C),ANDREWS Anthony (B),PARKER Dylan (A),PARKER Dylan (A),PARKER Dylan (A),PARKER Dylan (A)
NSW_Local_Government_2017_City_of_Randwick_-_Central_Ward 3 seats.csv__hit95,SENG Ted (C),SENG Ted (C),PARKER Dylan (A),SENG Ted (C),SENG Ted (C),ANDREWS Anthony (B),ANDREWS Anthony (B),ANDREWS Anthony (B),PARKER Dylan (A),PARKER Dylan (A)
NSW_Local_Government_2017_City_of_Randwick_-_Central_Ward 3 seats.csv__hit96,PARKER Dylan (A),PARKER Dylan (A),PARKER Dylan (A),PARKER Dylan (A),PARKER Dylan (A),ANDREWS Anthony (B),ANDREWS Anthony (B),ANDREWS Anthony (B),PARKER Dylan (A),PARKER Dylan (A)
NSW_Local_Government_2017_City_of_Randwick_-_Central_Ward 3 seats.csv__hit97,SENG Ted (C),SENG Ted (C),PARKER Dylan (A),PARKER Dylan (A),SENG Ted (C),SENG Ted (C),ANDREWS Anthony (B),ANDREWS Anthony (B),PARKER Dylan (A),SENG Ted (C)
NSW_Local_Government_2017_City_of_Randwick_-_Central_Ward 3 seats.csv__hit98,PARKER Dylan (A),PARKER Dylan (A),PARKER Dylan (A),PARKER Dylan (A),PARKER Dylan (A),PARKER Dylan (A),ANDREWS Anthony (B),PARKER Dylan (A),PARKER Dylan (A),PARKER Dylan (A)
NSW_Local_Government_2017_City_of_Randwick_-_Central_Ward 3 seats.csv__hit99,SENG Ted (C),SENG Ted (C),PARKER Dylan (A),PARKER Dylan (A),SENG Ted (C),ANDREWS Anthony (B),ANDREWS Anthony (B),ANDREWS Anthony (B),PARKER Dylan (A),PARKER Dylan (A)
NSW_Local_Government_2017_City_of_Randwick_-_Central_Ward 3 seats.csv__hit100,SENG Ted (C),PARKER Dylan (A),SENG Ted (C),SENG Ted (C),SENG Ted (C),ANDREWS Anthony (B),ANDREWS Anthony (B),PARKER Dylan (A),PARKER Dylan (A),PARKER Dylan (A)
NSW_Local_Government_2017_City_of_Randwick_-_Central_Ward 3 seats.csv__hit101,SENG Ted (C),SENG Ted (C),SENG Ted (C),PARKER Dylan (A),SENG Ted (C),SENG Ted (C),ANDREWS Anthony (B),ANDREWS Anthony (B),PARKER Dylan (A),PARKER Dylan (A)
NSW_Local_Government_2017_City_of_Randwick_-_Central_Ward 3 seats.csv__hit102,SENG Ted (C),SENG Ted (C),PARKER Dylan (A),SENG Ted (C),SENG Ted (C),ANDREWS Anthony (B),ANDREWS Anthony (B),PARKER Dylan (A),PARKER Dylan (A),SENG Ted (C)
NSW_Local_Government_2017_City_of_Randwick_-_Central_Ward 3 seats.csv__hit103,PARKER Dylan (A),PARKER Dylan (A),PARKER Dylan (A),PARKER Dylan (A),PARKER Dylan (A),ANDREWS Anthony (B),ANDREWS Anthony (B),ANDREWS Anthony (B),PARKER Dylan (A),PARKER Dylan (A)
NSW_Local_Government_2017_City_of_Randwick_-_Central_Ward 3 seats.csv__hit104,SENG Ted (C),SENG Ted (C),SENG Ted (C),SENG Ted (C),SENG Ted (C),ANDREWS Anthony (B),ANDREWS Anthony (B),ANDREWS Anthony (B),PARKER Dylan (A),PARKER Dylan (A)
NSW_Local_Government_2017_City_of_Randwick_-_Central_Ward 3 seats.csv__hit105,SENG Ted (C),SENG Ted (C),PARKER Dylan (A),SENG Ted (C),SENG Ted (C),ANDREWS Anthony (B),ANDREWS Anthony (B),ANDREWS Anthony (B),PARKER Dylan (A),PARKER Dylan (A)
NSW_Local_Government_2017_City_of_Randwick_-_Central_Ward 3 seats.csv__hit106,SENG Ted (C),PARKER Dylan (A),PARKER Dylan (A),SENG Ted (C),SENG Ted (C),ANDREWS Anthony (B),ANDREWS Anthony (B),PARKER Dylan (A),PARKER Dylan (A),PARKER Dylan (A)
NSW_Local_Government_2017_City_of_Randwick_-_Central_Ward 3 seats.csv__hit107,SENG Ted (C),SENG Ted (C),PARKER Dylan (A),SENG Ted (C),SENG Ted (C),ANDREWS Anthony (B),ANDREWS Anthony (B),ANDREWS Anthony (B),PARKER Dylan (A),PARKER Dylan (A)
NSW_Local_Government_2017_City_of_Randwick_-_Central_Ward 3 seats.csv__hit108,SENG Ted (C),SENG Ted (C),PARKER Dylan (A),SENG Ted (C),SENG Ted (C),SENG Ted (C),PARKER Dylan (A),PARKER Dylan (A),PARKER Dylan (A),PARKER Dylan (A)
NSW_Local_Government_2017_City_of_Randwick_-_Central_Ward 3 seats.csv__hit109,SENG Ted (C),SENG Ted (C),SENG Ted (C),SENG Ted (C),SENG Ted (C),SENG Ted (C),ANDREWS Anthony (B),ANDREWS Anthony (B),PARKER Dylan (A),PARKER Dylan (A)
NSW_Local_Government_2017_City_of_Randwick_-_Central_Ward 3 seats.csv__hit110,SENG Ted (C),SENG Ted (C),SENG Ted (C),PARKER Dylan (A),SENG Ted (C),SENG Ted (C),ANDREWS Anthony (B),ANDREWS Anthony (B),PARKER Dylan (A),PARKER Dylan (A)
NSW_Local_Government_2017_City_of_Randwick_-_Central_Ward 3 seats.csv__hit111,SENG Ted (C),SENG Ted (C),SENG Ted (C),PARKER Dylan (A),SENG Ted (C),ANDREWS Anthony (B),ANDREWS Anthony (B),ANDREWS Anthony (B),PARKER Dylan (A),PARKER Dylan (A)
NSW_Local_Government_2017_City_of_Randwick_-_Central_Ward 3 seats.csv__hit112,SENG Ted (C),SENG Ted (C),SENG Ted (C),SENG Ted (C),SENG Ted (C),ANDREWS Anthony (B),ANDREWS Anthony (B),ANDREWS Anthony (B),PARKER Dylan (A),PARKER Dylan (A)
NSW_Local_Government_2017_City_of_Randwick_-_Central_Ward 3 seats.csv__hit113,PARKER Dylan (A),SENG Ted (C),PARKER Dylan (A),SENG Ted (C),SENG Ted (C),SENG Ted (C),ANDREWS Anthony (B),ANDREWS Anthony (B),PARKER Dylan (A),PARKER Dylan (A)
NSW_Local_Government_2017_City_of_Randwick_-_Central_Ward 3 seats.csv__hit114,SENG Ted (C),PARKER Dylan (A),PARKER Dylan (A),SENG Ted (C),SENG Ted (C),SENG Ted (C),ANDREWS Anthony (B),ANDREWS Anthony (B),PARKER Dylan (A),PARKER Dylan (A)
NSW_Local_Government_2017_City_of_Randwick_-_Central_Ward 3 seats.csv__hit115,SENG Ted (C),SENG Ted (C),PARKER Dylan (A),SENG Ted (C),SENG Ted (C),ANDREWS Anthony (B),ANDREWS Anthony (B),ANDREWS Anthony (B),PARKER Dylan (A),SENG Ted (C)
NSW_Local_Government_2017_City_of_Randwick_-_Central_Ward 3 seats.csv__hit116,SENG Ted (C),SENG Ted (C),PARKER Dylan (A),SENG Ted (C),SENG Ted (C),ANDREWS Anthony (B),ANDREWS Anthony (B),PARKER Dylan (A),PARKER Dylan (A),PARKER Dylan (A)
NSW_Local_Government_2017_City_of_Randwick_-_Central_Ward 3 seats.csv__hit117,SENG Ted (C),SENG Ted (C),PARKER Dylan (A),PARKER Dylan (A),SENG Ted (C),ANDREWS Anthony (B),ANDREWS Anthony (B),ANDREWS Anthony (B),ANDREWS Anthony (B),PARKER Dylan (A)
NSW_Local_Government_2017_City_of_Randwick_-_Central_Ward 3 seats.csv__hit118,SENG Ted (C),PARKER Dylan (A),PARKER Dylan (A),SENG Ted (C),SENG Ted (C),SENG Ted (C),ANDREWS Anthony (B),ANDREWS Anthony (B),PARKER Dylan (A),PARKER Dylan (A)
NSW_Local_Government_2017_City_of_Randwick_-_Central_Ward 3 seats.csv__hit119,SENG Ted (C),SENG Ted (C),PARKER Dylan (A),SENG Ted (C),SENG Ted (C),SENG Ted (C),ANDREWS Anthony (B),PARKER Dylan (A),PARKER Dylan (A),PARKER Dylan (A)
NSW_Local_Government_2017_City_of_Randwick_-_Central_Ward 3 seats.csv__hit120,SENG Ted (C),SENG Ted (C),PARKER Dylan (A),SENG Ted (C),SENG Ted (C),SENG Ted (C),ANDREWS Anthony (B),ANDREWS Anthony (B),PARKER Dylan (A),PARKER Dylan (A)
NSW_Local_Government_2017_City_of_Randwick_-_Central_Ward 3 seats.csv__hit121,SENG Ted (C),SENG Ted (C),PARKER Dylan (A),SENG Ted (C),SENG Ted (C),SENG Ted (C),ANDREWS Anthony (B),ANDREWS Anthony (B),PARKER Dylan (A),SENG Ted (C)
NSW_Local_Government_2017_City_of_Randwick_-_Central_Ward 3 seats.csv__hit122,SENG Ted (C),SENG Ted (C),SENG Ted (C),SENG Ted (C),SENG Ted (C),ANDREWS Anthony (B),ANDREWS Anthony (B),ANDREWS Anthony (B),ANDREWS Anthony (B),SENG Ted (C)
NSW_Local_Government_2017_City_of_Randwick_-_Central_Ward 3 seats.csv__hit123,PARKER Dylan (A),PARKER Dylan (A),PARKER Dylan (A),PARKER Dylan (A),PARKER Dylan (A),ANDREWS Anthony (B),ANDREWS Anthony (B),ANDREWS Anthony (B),PARKER Dylan (A),PARKER Dylan (A)
NSW_Local_Government_2017_City_of_Randwick_-_Central_Ward 3 seats.csv__hit124,SENG Ted (C),SENG Ted (C),SENG Ted (C),SENG Ted (C),SENG Ted (C),SENG Ted (C),SENG Ted (C),ANDREWS Anthony (B),ANDREWS Anthony (B),PARKER Dylan (A)
NSW_Local_Government_2017_City_of_Randwick_-_Central_Ward 3 seats.csv__hit125,SENG Ted (C),SENG Ted (C),SENG Ted (C),SENG Ted (C),SENG Ted (C),SENG Ted (C),ANDREWS Anthony (B),ANDREWS Anthony (B),ANDREWS Anthony (B),PARKER Dylan (A)
NSW_Local_Government_2017_City_of_Randwick_-_Central_Ward 3 seats.csv__hit126,SENG Ted (C),PARKER Dylan (A),PARKER Dylan (A),SENG Ted (C),SENG Ted (C),ANDREWS Anthony (B),ANDREWS Anthony (B),ANDREWS Anthony (B),PARKER Dylan (A),SENG Ted (C)
NSW_Local_Government_2017_City_of_Randwick_-_Central_Ward 3 seats.csv__hit127,SENG Ted (C),PARKER Dylan (A),PARKER Dylan (A),SENG Ted (C),SENG Ted (C),SENG Ted (C),ANDREWS Anthony (B),PARKER Dylan (A),PARKER Dylan (A),PARKER Dylan (A)
NSW_Local_Government_2017_City_of_Randwick_-_Central_Ward 3 seats.csv__hit128,SENG Ted (C),SENG Ted (C),PARKER Dylan (A),SENG Ted (C),SENG Ted (C),ANDREWS Anthony (B),ANDREWS Anthony (B),ANDREWS Anthony (B),PARKER Dylan (A),PARKER Dylan (A)
NSW_Local_Government_2017_City_of_Randwick_-_Central_Ward 3 seats.csv__hit129,SENG Ted (C),SENG Ted (C),SENG Ted (C),SENG Ted (C),SENG Ted (C),ANDREWS Anthony (B),ANDREWS Anthony (B),ANDREWS Anthony (B),PARKER Dylan (A),PARKER Dylan (A)
NSW_Local_Government_2017_City_of_Randwick_-_Central_Ward 3 seats.csv__hit130,SENG Ted (C),SENG Ted (C),PARKER Dylan (A),PARKER Dylan (A),SENG Ted (C),SENG Ted (C),ANDREWS Anthony (B),ANDREWS Anthony (B),PARKER Dylan (A),PARKER Dylan (A)
NSW_Local_Government_2017_City_of_Randwick_-_Central_Ward 3 seats.csv__hit131,SENG Ted (C),SENG Ted (C),PARKER Dylan (A),PARKER Dylan (A),SENG Ted (C),SENG Ted (C),ANDREWS Anthony (B),ANDREWS Anthony (B),PARKER Dylan (A),PARKER Dylan (A)
NSW_Local_Government_2017_City_of_Randwick_-_Central_Ward 3 seats.csv__hit132,SENG Ted (C),SENG Ted (C),SENG Ted (C),SENG Ted (C),SENG Ted (C),ANDREWS Anthony (B),ANDREWS Anthony (B),ANDREWS Anthony (B),PARKER Dylan (A),PARKER Dylan (A)
NSW_Local_Government_2017_City_of_Randwick_-_Central_Ward 3 seats.csv__hit133,SENG Ted (C),SENG Ted (C),PARKER Dylan (A),SENG Ted (C),SENG Ted (C),SENG Ted (C),ANDREWS Anthony (B),ANDREWS Anthony (B),PARKER Dylan (A),PARKER Dylan (A)
NSW_Local_Government_2017_City_of_Randwick_-_Central_Ward 3 seats.csv__hit134,SENG Ted (C),SENG Ted (C),PARKER Dylan (A),SENG Ted (C),SENG Ted (C),SENG Ted (C),ANDREWS Anthony (B),ANDREWS Anthony (B),PARKER Dylan (A),PARKER Dylan (A)
NSW_Local_Government_2017_City_of_Randwick_-_Central_Ward 3 seats.csv__hit135,SENG Ted (C),SENG Ted (C),PARKER Dylan (A),SENG Ted (C),SENG Ted (C),SENG Ted (C),SENG Ted (C),ANDREWS Anthony (B),PARKER Dylan (A),SENG Ted (C)
NSW_Local_Government_2017_City_of_Randwick_-_Central_Ward 3 seats.csv__hit136,SENG Ted (C),SENG Ted (C),PARKER Dylan (A),SENG Ted (C),SENG Ted (C),SENG Ted (C),ANDREWS Anthony (B),ANDREWS Anthony (B),PARKER Dylan (A),SENG Ted (C)
NSW_Local_Government_2017_City_of_Randwick_-_Central_Ward 3 seats.csv__hit137,SENG Ted (C),SENG Ted (C),PARKER Dylan (A),SENG Ted (C),SENG Ted (C),ANDREWS Anthony (B),ANDREWS Anthony (B),ANDREWS Anthony (B),PARKER Dylan (A),PARKER Dylan (A)
NSW_Local_Government_2017_City_of_Randwick_-_Central_Ward 3 seats.csv__hit138,SENG Ted (C),SENG Ted (C),PARKER Dylan (A),PARKER Dylan (A),SENG Ted (C),SENG Ted (C),ANDREWS Anthony (B),ANDREWS Anthony (B),PARKER Dylan (A),SENG Ted (C)
NSW_Local_Government_2017_City_of_Randwick_-_Central_Ward 3 seats.csv__hit139,SENG Ted (C),SENG Ted (C),PARKER Dylan (A),SENG Ted (C),SENG Ted (C),ANDREWS Anthony (B),ANDREWS Anthony (B),ANDREWS Anthony (B),PARKER Dylan (A),PARKER Dylan (A)
NSW_Local_Government_2017_City_of_Randwick_-_Central_Ward 3 seats.csv__hit140,SENG Ted (C),SENG Ted (C),PARKER Dylan (A),SENG Ted (C),SENG Ted (C),ANDREWS Anthony (B),ANDREWS Anthony (B),ANDREWS Anthony (B),ANDREWS Anthony (B),PARKER Dylan (A)
NSW_Local_Government_2017_City_of_Randwick_-_Central_Ward 3 seats.csv__hit141,PARKER Dylan (A),PARKER Dylan (A),PARKER Dylan (A),PARKER Dylan (A),PARKER Dylan (A),PARKER Dylan (A),PARKER Dylan (A),PARKER Dylan (A),PARKER Dylan (A),PARKER Dylan (A)
NSW_Local_Government_2017_City_of_Randwick_-_Central_Ward 3 seats.csv__hit142,SENG Ted (C),SENG Ted (C),SENG Ted (C),SENG Ted (C),SENG Ted (C),SENG Ted (C),ANDREWS Anthony (B),ANDREWS Anthony (B),PARKER Dylan (A),PARKER Dylan (A)
NSW_Local_Government_2017_City_of_Randwick_-_Central_Ward 3 seats.csv__hit143,SENG Ted (C),SENG Ted (C),PARKER Dylan (A),SENG Ted (C),SENG Ted (C),SENG Ted (C),ANDREWS Anthony (B),PARKER Dylan (A),PARKER Dylan (A),PARKER Dylan (A)
NSW_Local_Government_2017_City_of_Randwick_-_Central_Ward 3 seats.csv__hit144,SENG Ted (C),SENG Ted (C),PARKER Dylan (A),SENG Ted (C),SENG Ted (C),ANDREWS Anthony (B),ANDREWS Anthony (B),ANDREWS Anthony (B),PARKER Dylan (A),PARKER Dylan (A)
NSW_Local_Government_2017_City_of_Randwick_-_Central_Ward 3 seats.csv__hit145,SENG Ted (C),SENG Ted (C),PARKER Dylan (A),SENG Ted (C),SENG Ted (C),ANDREWS Anthony (B),ANDREWS Anthony (B),ANDREWS Anthony (B),ANDREWS Anthony (B),PARKER Dylan (A)
NSW_Local_Government_2017_City_of_Randwick_-_Central_Ward 3 seats.csv__hit146,SENG Ted (C),PARKER Dylan (A),PARKER Dylan (A),SENG Ted (C),SENG Ted (C),ANDREWS Anthony (B),ANDREWS Anthony (B),ANDREWS Anthony (B),PARKER Dylan (A),PARKER Dylan (A)
NSW_Local_Government_2017_City_of_Randwick_-_Central_Ward 3 seats.csv__hit147,SENG Ted (C),PARKER Dylan (A),PARKER Dylan (A),SENG Ted (C),SENG Ted (C),ANDREWS Anthony (B),ANDREWS Anthony (B),ANDREWS Anthony (B),PARKER Dylan (A),PARKER Dylan (A)
NSW_Local_Government_2017_City_of_Randwick_-_Central_Ward 3 seats.csv__hit148,PARKER Dylan (A),PARKER Dylan (A),PARKER Dylan (A),PARKER Dylan (A),PARKER Dylan (A),PARKER Dylan (A),ANDREWS Anthony (B),ANDREWS Anthony (B),PARKER Dylan (A),PARKER Dylan (A)
NSW_Local_Government_2017_City_of_Randwick_-_Central_Ward 3 seats.csv__hit149,SENG Ted (C),PARKER Dylan (A),PARKER Dylan (A),SENG Ted (C),SENG Ted (C),ANDREWS Anthony (B),ANDREWS Anthony (B),PARKER Dylan (A),PARKER Dylan (A),PARKER Dylan (A)
NSW_Local_Government_2017_City_of_Randwick_-_Central_Ward 3 seats.csv__hit150,SENG Ted (C),SENG Ted (C),PARKER Dylan (A),SENG Ted (C),SENG Ted (C),SENG Ted (C),ANDREWS Anthony (B),ANDREWS Anthony (B),PARKER Dylan (A),PARKER Dylan (A)
NSW_Local_Government_2017_City_of_Randwick_-_Central_Ward 3 seats.csv__hit151,SENG Ted (C),SENG Ted (C),SENG Ted (C),SENG Ted (C),SENG Ted (C),SENG Ted (C),ANDREWS Anthony (B),ANDREWS Anthony (B),PARKER Dylan (A),PARKER Dylan (A)
NSW_Local_Government_2017_City_of_Randwick_-_Central_Ward 3 seats.csv__hit152,SENG Ted (C),SENG Ted (C),PARKER Dylan (A),SENG Ted (C),SENG Ted (C),ANDREWS Anthony (B),ANDREWS Anthony (B),ANDREWS Anthony (B),PARKER Dylan (A),PARKER Dylan (A)
NSW_Local_Government_2017_City_of_Randwick_-_Central_Ward 3 seats.csv__hit153,SENG Ted (C),SENG Ted (C),PARKER Dylan (A),SENG Ted (C),SENG Ted (C),ANDREWS Anthony (B),ANDREWS Anthony (B),ANDREWS Anthony (B),ANDREWS Anthony (B),PARKER Dylan (A)
NSW_Local_Government_2017_City_of_Randwick_-_Central_Ward 3 seats.csv__hit154,SENG Ted (C),SENG Ted (C),SENG Ted (C),SENG Ted (C),SENG Ted (C),SENG Ted (C),ANDREWS Anthony (B),ANDREWS Anthony (B),PARKER Dylan (A),PARKER Dylan (A)
NSW_Local_Government_2017_City_of_Randwick_-_Central_Ward 3 seats.csv__hit155,SENG Ted (C),SENG Ted (C),PARKER Dylan (A),SENG Ted (C),SENG Ted (C),SENG Ted (C),ANDREWS Anthony (B),PARKER Dylan (A),PARKER Dylan (A),PARKER Dylan (A)
NSW_Local_Government_2017_City_of_Randwick_-_Central_Ward 3 seats.csv__hit156,PARKER Dylan (A),SENG Ted (C),PARKER Dylan (A),SENG Ted (C),SENG Ted (C),ANDREWS Anthony (B),ANDREWS Anthony (B),ANDREWS Anthony (B),ANDREWS Anthony (B),SENG Ted (C)
NSW_Local_Government_2017_City_of_Randwick_-_Central_Ward 3 seats.csv__hit157,SENG Ted (C),SENG Ted (C),SENG Ted (C),SENG Ted (C),SENG Ted (C),SENG Ted (C),ANDREWS Anthony (B),PARKER Dylan (A),PARKER Dylan (A),PARKER Dylan (A)
NSW_Local_Government_2017_City_of_Randwick_-_Central_Ward 3 seats.csv__hit158,SENG Ted (C),PARKER Dylan (A),PARKER Dylan (A),PARKER Dylan (A),SENG Ted (C),SENG Ted (C),ANDREWS Anthony (B),ANDREWS Anthony (B),PARKER Dylan (A),PARKER Dylan (A)
NSW_Local_Government_2017_City_of_Randwick_-_Central_Ward 3 seats.csv__hit159,SENG Ted (C),SENG Ted (C),SENG Ted (C),SENG Ted (C),SENG Ted (C),SENG Ted (C),ANDREWS Anthony (B),ANDREWS Anthony (B),PARKER Dylan (A),SENG Ted (C)
NSW_Local_Government_2017_City_of_Randwick_-_Central_Ward 3 seats.csv__hit160,SENG Ted (C),PARKER Dylan (A),PARKER Dylan (A),PARKER Dylan (A),SENG Ted (C),SENG Ted (C),ANDREWS Anthony (B),ANDREWS Anthony (B),ANDREWS Anthony (B),PARKER Dylan (A)
NSW_Local_Government_2017_City_of_Randwick_-_Central_Ward 3 seats.csv__hit161,SENG Ted (C),SENG Ted (C),PARKER Dylan (A),SENG Ted (C),SENG Ted (C),SENG Ted (C),ANDREWS Anthony (B),PARKER Dylan (A),PARKER Dylan (A),PARKER Dylan (A)
NSW_Local_Government_2017_City_of_Randwick_-_Central_Ward 3 seats.csv__hit162,SENG Ted (C),PARKER Dylan (A),PARKER Dylan (A),SENG Ted (C),SENG Ted (C),SENG Ted (C),SENG Ted (C),ANDREWS Anthony (B),PARKER Dylan (A),PARKER Dylan (A)
NSW_Local_Government_2017_City_of_Randwick_-_Central_Ward 3 seats.csv__hit163,SENG Ted (C),SENG Ted (C),PARKER Dylan (A),SENG Ted (C),SENG Ted (C),SENG Ted (C),ANDREWS Anthony (B),ANDREWS Anthony (B),PARKER Dylan (A),PARKER Dylan (A)
NSW_Local_Government_2017_City_of_Randwick_-_Central_Ward 3 seats.csv__hit164,SENG Ted (C),SENG Ted (C),SENG Ted (C),SENG Ted (C),SENG Ted (C),SENG Ted (C),ANDREWS Anthony (B),ANDREWS Anthony (B),PARKER Dylan (A),PARKER Dylan (A)
NSW_Local_Government_2017_City_of_Randwick_-_Central_Ward 3 seats.csv__hit165,PARKER Dylan (A),PARKER Dylan (A),ANDREWS Anthony (B),ANDREWS Anthony (B),PARKER Dylan (A),SENG Ted (C),SENG Ted (C),SENG Ted (C),ANDREWS Anthony (B),PARKER Dylan (A)
NSW_Local_Government_2017_City_of_Randwick_-_Central_Ward 3 seats.csv__hit166,SENG Ted (C),SENG Ted (C),PARKER Dylan (A),SENG Ted (C),ANDREWS Anthony (B),ANDREWS Anthony (B),ANDREWS Anthony (B),ANDREWS Anthony (B),ANDREWS Anthony (B),PARKER Dylan (A)
NSW_Local_Government_2017_City_of_Randwick_-_Central_Ward 3 seats.csv__hit167,SENG Ted (C),SENG Ted (C),PARKER Dylan (A),PARKER Dylan (A),SENG Ted (C),SENG Ted (C),ANDREWS Anthony (B),ANDREWS Anthony (B),PARKER Dylan (A),SENG Ted (C)
NSW_Local_Government_2017_City_of_Randwick_-_Central_Ward 3 seats.csv__hit168,SENG Ted (C),SENG Ted (C),SENG Ted (C),SENG Ted (C),SENG Ted (C),SENG Ted (C),ANDREWS Anthony (B),PARKER Dylan (A),PARKER Dylan (A),PARKER Dylan (A)
NSW_Local_Government_2017_City_of_Randwick_-_Central_Ward 3 seats.csv__hit169,SENG Ted (C),SENG Ted (C),PARKER Dylan (A),SENG Ted (C),SENG Ted (C),SENG Ted (C),ANDREWS Anthony (B),PARKER Dylan (A),PARKER Dylan (A),PARKER Dylan (A)
NSW_Local_Government_2017_City_of_Randwick_-_Central_Ward 3 seats.csv__hit170,SENG Ted (C),SENG Ted (C),PARKER Dylan (A),PARKER Dylan (A),SENG Ted (C),ANDREWS Anthony (B),ANDREWS Anthony (B),PARKER Dylan (A),PARKER Dylan (A),PARKER Dylan (A)
NSW_Local_Government_2017_City_of_Randwick_-_Central_Ward 3 seats.csv__hit171,SENG Ted (C),SENG Ted (C),SENG Ted (C),SENG Ted (C),SENG Ted (C),SENG Ted (C),SENG Ted (C),ANDREWS Anthony (B),ANDREWS Anthony (B),PARKER Dylan (A)
NSW_Local_Government_2017_City_of_Randwick_-_Central_Ward 3 seats.csv__hit172,SENG Ted (C),SENG Ted (C),SENG Ted (C),SENG Ted (C),SENG Ted (C),SENG Ted (C),ANDREWS Anthony (B),PARKER Dylan (A),PARKER Dylan (A),PARKER Dylan (A)
NSW_Local_Government_2017_City_of_Randwick_-_Central_Ward 3 seats.csv__hit173,SENG Ted (C),PARKER Dylan (A),PARKER Dylan (A),SENG Ted (C),SENG Ted (C),SENG Ted (C),ANDREWS Anthony (B),ANDREWS Anthony (B),PARKER Dylan (A),PARKER Dylan (A)
NSW_Local_Government_2017_City_of_Randwick_-_Central_Ward 3 seats.csv__hit174,SENG Ted (C),PARKER Dylan (A),PARKER Dylan (A),SENG Ted (C),SENG Ted (C),SENG Ted (C),ANDREWS Anthony (B),ANDREWS Anthony (B),ANDREWS Anthony (B),PARKER Dylan (A)
NSW_Local_Government_2017_City_of_Randwick_-_Central_Ward 3 seats.csv__hit175,SENG Ted (C),SENG Ted (C),PARKER Dylan (A),SENG Ted (C),SENG Ted (C),ANDREWS Anthony (B),ANDREWS Anthony (B),ANDREWS Anthony (B),PARKER Dylan (A),PARKER Dylan (A)
NSW_Local_Government_2017_City_of_Randwick_-_Central_Ward 3 seats.csv__hit176,SENG Ted (C),SENG Ted (C),PARKER Dylan (A),SENG Ted (C),SENG Ted (C),SENG Ted (C),ANDREWS Anthony (B),ANDREWS Anthony (B),PARKER Dylan (A),PARKER Dylan (A)
NSW_Local_Government_2017_City_of_Randwick_-_Central_Ward 3 seats.csv__hit177,SENG Ted (C),PARKER Dylan (A),PARKER Dylan (A),SENG Ted (C),SENG Ted (C),ANDREWS Anthony (B),ANDREWS Anthony (B),PARKER Dylan (A),PARKER Dylan (A),PARKER Dylan (A)
NSW_Local_Government_2017_City_of_Randwick_-_Central_Ward 3 seats.csv__hit178,SENG Ted (C),SENG Ted (C),PARKER Dylan (A),SENG Ted (C),SENG Ted (C),ANDREWS Anthony (B),ANDREWS Anthony (B),ANDREWS Anthony (B),PARKER Dylan (A),PARKER Dylan (A)
NSW_Local_Government_2017_City_of_Randwick_-_Central_Ward 3 seats.csv__hit179,ANDREWS Anthony (B),SENG Ted (C),PARKER Dylan (A),SENG Ted (C),SENG Ted (C),SENG Ted (C),ANDREWS Anthony (B),PARKER Dylan (A),PARKER Dylan (A),SENG Ted (C)
NSW_Local_Government_2017_City_of_Randwick_-_Central_Ward 3 seats.csv__hit180,SENG Ted (C),SENG Ted (C),PARKER Dylan (A),SENG Ted (C),SENG Ted (C),ANDREWS Anthony (B),ANDREWS Anthony (B),ANDREWS Anthony (B),PARKER Dylan (A),PARKER Dylan (A)
NSW_Local_Government_2017_City_of_Randwick_-_Central_Ward 3 seats.csv__hit181,SENG Ted (C),SENG Ted (C),PARKER Dylan (A),SENG Ted (C),SENG Ted (C),SENG Ted (C),ANDREWS Anthony (B),ANDREWS Anthony (B),PARKER Dylan (A),SENG Ted (C)
NSW_Local_Government_2017_City_of_Randwick_-_Central_Ward 3 seats.csv__hit182,SENG Ted (C),SENG Ted (C),PARKER Dylan (A),PARKER Dylan (A),SENG Ted (C),SENG Ted (C),ANDREWS Anthony (B),PARKER Dylan (A),PARKER Dylan (A),PARKER Dylan (A)
NSW_Local_Government_2017_City_of_Randwick_-_Central_Ward 3 seats.csv__hit183,SENG Ted (C),SENG Ted (C),PARKER Dylan (A),SENG Ted (C),SENG Ted (C),ANDREWS Anthony (B),ANDREWS Anthony (B),ANDREWS Anthony (B),PARKER Dylan (A),PARKER Dylan (A)
NSW_Local_Government_2017_City_of_Randwick_-_Central_Ward 3 seats.csv__hit184,SENG Ted (C),SENG Ted (C),SENG Ted (C),SENG Ted (C),SENG Ted (C),ANDREWS Anthony (B),ANDREWS Anthony (B),ANDREWS Anthony (B),PARKER Dylan (A),PARKER Dylan (A)
NSW_Local_Government_2017_City_of_Randwick_-_Central_Ward 3 seats.csv__hit185,SENG Ted (C),PARKER Dylan (A),PARKER Dylan (A),SENG Ted (C),SENG Ted (C),SENG Ted (C),ANDREWS Anthony (B),ANDREWS Anthony (B),PARKER Dylan (A),SENG Ted (C)
NSW_Local_Government_2017_City_of_Randwick_-_Central_Ward 3 seats.csv__hit186,SENG Ted (C),PARKER Dylan (A),SENG Ted (C),SENG Ted (C),SENG Ted (C),SENG Ted (C),ANDREWS Anthony (B),ANDREWS Anthony (B),PARKER Dylan (A),PARKER Dylan (A)
NSW_Local_Government_2017_City_of_Randwick_-_Central_Ward 3 seats.csv__hit187,SENG Ted (C),SENG Ted (C),SENG Ted (C),PARKER Dylan (A),SENG Ted (C),SENG Ted (C),ANDREWS Anthony (B),PARKER Dylan (A),PARKER Dylan (A),PARKER Dylan (A)
NSW_Local_Government_2017_City_of_Randwick_-_Central_Ward 3 seats.csv__hit188,SENG Ted (C),SENG Ted (C),PARKER Dylan (A),PARKER Dylan (A),SENG Ted (C),SENG Ted (C),ANDREWS Anthony (B),ANDREWS Anthony (B),PARKER Dylan (A),PARKER Dylan (A)
NSW_Local_Government_2017_City_of_Randwick_-_Central_Ward 3 seats.csv__hit189,SENG Ted (C),SENG Ted (C),PARKER Dylan (A),SENG Ted (C),SENG Ted (C),SENG Ted (C),ANDREWS Anthony (B),ANDREWS Anthony (B),PARKER Dylan (A),PARKER Dylan (A)
NSW_Local_Government_2017_City_of_Randwick_-_Central_Ward 3 seats.csv__hit190,PARKER Dylan (A),PARKER Dylan (A),PARKER Dylan (A),PARKER Dylan (A),PARKER Dylan (A),ANDREWS Anthony (B),ANDREWS Anthony (B),PARKER Dylan (A),PARKER Dylan (A),PARKER Dylan (A)
NSW_Local_Government_2017_City_of_Randwick_-_Central_Ward 3 seats.csv__hit191,SENG Ted (C),SENG Ted (C),SENG Ted (C),PARKER Dylan (A),SENG Ted (C),SENG Ted (C),ANDREWS Anthony (B),ANDREWS Anthony (B),PARKER Dylan (A),PARKER Dylan (A)
NSW_Local_Government_2017_City_of_Randwick_-_Central_Ward 3 seats.csv__hit192,SENG Ted (C),SENG Ted (C),PARKER Dylan (A),SENG Ted (C),SENG Ted (C),SENG Ted (C),ANDREWS Anthony (B),ANDREWS Anthony (B),PARKER Dylan (A),SENG Ted (C)
NSW_Local_Government_2017_City_of_Randwick_-_Central_Ward 3 seats.csv__hit193,SENG Ted (C),SENG Ted (C),SENG Ted (C),SENG Ted (C),SENG Ted (C),SENG Ted (C),ANDREWS Anthony (B),PARKER Dylan (A),PARKER Dylan (A),SENG Ted (C)
NSW_Local_Government_2017_City_of_Randwick_-_Central_Ward 3 seats.csv__hit194,SENG Ted (C),SENG Ted (C),PARKER Dylan (A),SENG Ted (C),SENG Ted (C),SENG Ted (C),ANDREWS Anthony (B),ANDREWS Anthony (B),PARKER Dylan (A),SENG Ted (C)
NSW_Local_Government_2017_City_of_Randwick_-_Central_Ward 3 seats.csv__hit195,SENG Ted (C),SENG Ted (C),SENG Ted (C),PARKER Dylan (A),SENG Ted (C),SENG Ted (C),ANDREWS Anthony (B),ANDREWS Anthony (B),ANDREWS Anthony (B),PARKER Dylan (A)
NSW_Local_Government_2017_City_of_Randwick_-_Central_Ward 3 seats.csv__hit196,SENG Ted (C),SENG Ted (C),PARKER Dylan (A),PARKER Dylan (A),SENG Ted (C),SENG Ted (C),ANDREWS Anthony (B),ANDREWS Anthony (B),PARKER Dylan (A),PARKER Dylan (A)
NSW_Local_Government_2017_City_of_Randwick_-_Central_Ward 3 seats.csv__hit197,SENG Ted (C),SENG Ted (C),PARKER Dylan (A),SENG Ted (C),SENG Ted (C),ANDREWS Anthony (B),ANDREWS Anthony (B),ANDREWS Anthony (B),PARKER Dylan (A),PARKER Dylan (A)
NSW_Local_Government_2017_City_of_Randwick_-_Central_Ward 3 seats.csv__hit198,SENG Ted (C),SENG Ted (C),PARKER Dylan (A),PARKER Dylan (A),SENG Ted (C),SENG Ted (C),ANDREWS Anthony (B),ANDREWS Anthony (B),ANDREWS Anthony (B),PARKER Dylan (A)
NSW_Local_Government_2017_City_of_Randwick_-_Central_Ward 3 seats.csv__hit199,SENG Ted (C),SENG Ted (C),PARKER Dylan (A),SENG Ted (C),SENG Ted (C),SENG Ted (C),ANDREWS Anthony (B),ANDREWS Anthony (B),PARKER Dylan (A),PARKER Dylan (A)
NSW_Local_Government_2021_Parkes 10 seats.csv__hit0,JAYET Bill (UG),O'LEARY Louise (UG),JAYET Bill (UG),JAYET Bill (UG),JAYET Bill (UG),JAYET Bill (UG),JAYET Bill (UG),JAYET Bill (UG),JAYET Bill (UG),JAYET Bill (UG)
NSW_Local_Government_2021_Parkes 10 seats.csv__hit1,O'LEARY Louise (UG),O'LEARY Louise (UG),O'LEARY Louise (UG),O'LEARY Louise (UG),O'LEARY Louise (UG),O'LEARY Louise (UG),O'LEARY Louise (UG),O'LEARY Louise (UG),KEITH Ken (UG),KEITH Ken (UG)
NSW_Local_Government_2021_Parkes 10 seats.csv__hit2,O'LEARY Louise (UG),O'LEARY Louise (UG),O'LEARY Louise (UG),JAYET Bill (UG),O'LEARY Louise (UG),O'LEARY Louise (UG),O'LEARY Louise (UG),O'LEARY Louise (UG),KEITH Ken (UG),JAYET Bill (UG)
NSW_Local_Government_2021_Parkes 10 seats.csv__hit3,JAYET Bill (UG),O'LEARY Louise (UG),JAYET Bill (UG),JAYET Bill (UG),JAYET Bill (UG),JAYET Bill (UG),JAYET Bill (UG),JAYET Bill (UG),JAYET Bill (UG),JAYET Bill (UG)
NSW_Local_Government_2021_Parkes 10 seats.csv__hit4,O'LEARY Louise (UG),JAYET Bill (UG),JAYET Bill (UG),JAYET Bill (UG),JAYET Bill (UG),JAYET Bill (UG),JAYET Bill (UG),JAYET Bill (UG),JAYET Bill (UG),JAYET Bill (UG)
NSW_Local_Government_2021_Parkes 10 seats.csv__hit5,JAYET Bill (UG),O'LEARY Louise (UG),O'LEARY Louise (UG),O'LEARY Louise (UG),O'LEARY Louise (UG),JAYET Bill (UG),JAYET Bill (UG),JAYET Bill (UG),JAYET Bill (UG),JAYET Bill (UG)
NSW_Local_Government_2021_Parkes 10 seats.csv__hit6,JAYET Bill (UG),O'LEARY Louise (UG),JAYET Bill (UG),JAYET Bill (UG),JAYET Bill (UG),JAYET Bill (UG),JAYET Bill (UG),JAYET Bill (UG),JAYET Bill (UG),JAYET Bill (UG)
NSW_Local_Government_2021_Parkes 10 seats.csv__hit7,WESTCOTT Neil (UG),KEITH Ken (UG),O'LEARY Louise (UG),O'LEARY Louise (UG),O'LEARY Louise (UG),O'LEARY Louise (UG),O'LEARY Louise (UG),KEITH Ken (UG),KEITH Ken (UG),KEITH Ken (UG)
NSW_Local_Government_2021_Parkes 10 seats.csv__hit8,O'LEARY Louise (UG),O'LEARY Louise (UG),JAYET Bill (UG),JAYET Bill (UG),JAYET Bill (UG),JAYET Bill (UG),JAYET Bill (UG),JAYET Bill (UG),JAYET Bill (UG),JAYET Bill (UG)
NSW_Local_Government_2021_Parkes 10 seats.csv__hit9,JAYET Bill (UG),WESTCOTT Neil (UG),JAYET Bill (UG),JAYET Bill (UG),JAYET Bill (UG),JAYET Bill (UG),JAYET Bill (UG),JAYET Bill (UG),JAYET Bill (UG),JAYET Bill (UG)
NSW_Local_Government_2021_Parkes 10 seats.csv__hit10,O'LEARY Louise (UG),O'LEARY Louise (UG),O'LEARY Louise (UG),O'LEARY Louise (UG),WESTCOTT Neil (UG),O'LEARY Louise (UG),O'LEARY Louise (UG),O'LEARY Louise (UG),KEITH Ken (UG),JAYET Bill (UG)
NSW_Local_Government_2021_Parkes 10 seats.csv__hit11,WESTCOTT Neil (UG),O'LEARY Louise (UG),JAYET Bill (UG),JAYET Bill (UG),JAYET Bill (UG),JAYET Bill (UG),JAYET Bill (UG),JAYET Bill (UG),JAYET Bill (UG),JAYET Bill (UG)
NSW_Local_Government_2021_Parkes 10 seats.csv__hit12,O'LEARY Louise (UG),JAYET Bill (UG),JAYET Bill (UG),JAYET Bill (UG),JAYET Bill (UG),JAYET Bill (UG),JAYET Bill (UG),JAYET Bill (UG),JAYET Bill (UG),JAYET Bill (UG)
NSW_Local_Government_2021_Parkes 10 seats.csv__hit13,JAYET Bill (UG),JAYET Bill (UG),JAYET Bill (UG),JAYET Bill (UG),JAYET Bill (UG),JAYET Bill (UG),JAYET Bill (UG),JAYET Bill (UG),JAYET Bill (UG),JAYET Bill (UG)
NSW_Local_Government_2021_Parkes 10 seats.csv__hit14,O'LEARY Louise (UG),JAYET Bill (UG),JAYET Bill (UG),JAYET Bill (UG),JAYET Bill (UG),JAYET Bill (UG),JAYET Bill (UG),JAYET Bill (UG),JAYET Bill (UG),JAYET Bill (UG)
NSW_Local_Government_2021_Parkes 10 seats.csv__hit15,O'LEARY Louise (UG),O'LEARY Louise (UG),O'LEARY Louise (UG),O'LEARY Louise (UG),JAYET Bill (UG),O'LEARY Louise (UG),O'LEARY Louise (UG),KEITH Ken (UG),KEITH Ken (UG),JAYET Bill (UG)
NSW_Local_Government_2021_Parkes 10 seats.csv__hit16,O'LEARY Louise (UG),O'LEARY Louise (UG),JAYET Bill (UG),JAYET Bill (UG),JAYET Bill (UG),JAYET Bill (UG),JAYET Bill (UG),JAYET Bill (UG),JAYET Bill (UG),JAYET Bill (UG)
NSW_Local_Government_2021_Parkes 10 seats.csv__hit17,JAYET Bill (UG),JAYET Bill (UG),JAYET Bill (UG),JAYET Bill (UG),JAYET Bill (UG),JAYET Bill (UG),JAYET Bill (UG),JAYET Bill (UG),JAYET Bill (UG),JAYET Bill (UG)
NSW_Local_Government_2021_Parkes 10 seats.csv__hit18,WESTCOTT Neil (UG),WESTCOTT Neil (UG),JAYET Bill (UG),JAYET Bill (UG),JAYET Bill (UG),WESTCOTT Neil (UG),JAYET Bill (UG),JAYET Bill (UG),JAYET Bill (UG),JAYET Bill (UG)
NSW_Local_Government_2021_Parkes 10 seats.csv__hit19,O'LEARY Louise (UG),O'LEARY Louise (UG),O'LEARY Louise (UG),O'LEARY Louise (UG),JAYET Bill (UG),O'LEARY Louise (UG),O'LEARY Louise (UG),O'LEARY Louise (UG),KEITH Ken (UG),JAYET Bill (UG)
NSW_Local_Government_2021_Parkes 10 seats.csv__hit20,JAYET Bill (UG),O'LEARY Louise (UG),JAYET Bill (UG),JAYET Bill (UG),JAYET Bill (UG),JAYET Bill (UG),JAYET Bill (UG),JAYET Bill (UG),JAYET Bill (UG),JAYET Bill (UG)
NSW_Local_Government_2021_Parkes 10 seats.csv__hit21,JAYET Bill (UG),O'LEARY Louise (UG),JAYET Bill (UG),JAYET Bill (UG),JAYET Bill (UG),JAYET Bill (UG),JAYET Bill (UG),JAYET Bill (UG),JAYET Bill (UG),JAYET Bill (UG)
NSW_Local_Government_2021_Parkes 10 seats.csv__hit22,JAYET Bill (UG),JAYET Bill (UG),JAYET Bill (UG),JAYET Bill (UG),JAYET Bill (UG),JAYET Bill (UG),JAYET Bill (UG),JAYET Bill (UG),JAYET Bill (UG),JAYET Bill (UG)
NSW_Local_Government_2021_Parkes 10 seats.csv__hit23,JAYET Bill (UG),JAYET Bill (UG),JAYET Bill (UG),JAYET Bill (UG),JAYET Bill (UG),JAYET Bill (UG),JAYET Bill (UG),JAYET Bill (UG),JAYET Bill (UG),JAYET Bill (UG)
NSW_Local_Government_2021_Parkes 10 seats.csv__hit24,O'LEARY Louise (UG),JAYET Bill (UG),O'LEARY Louise (UG),JAYET Bill (UG),O'LEARY Louise (UG),WESTCOTT Neil (UG),JAYET Bill (UG),JAYET Bill (UG),JAYET Bill (UG),JAYET Bill (UG)
NSW_Local_Government_2021_Parkes 10 seats.csv__hit25,O'LEARY Louise (UG),O'LEARY Louise (UG),JAYET Bill (UG),JAYET Bill (UG),JAYET Bill (UG),JAYET Bill (UG),JAYET Bill (UG),JAYET Bill (UG),JAYET Bill (UG),JAYET Bill (UG)
NSW_Local_Government_2021_Parkes 10 seats.csv__hit26,JAYET Bill (UG),JAYET Bill (UG),JAYET Bill (UG),JAYET Bill (UG),JAYET Bill (UG),JAYET Bill (UG),JAYET Bill (UG),JAYET Bill (UG),JAYET Bill (UG),JAYET Bill (UG)
NSW_Local_Government_2021_Parkes 10 seats.csv__hit27,O'LEARY Louise (UG),O'LEARY Louise (UG),O'LEARY Louise (UG),O'LEARY Louise (UG),O'LEARY Louise (UG),O'LEARY Louise (UG),O'LEARY Louise (UG),O'LEARY Louise (UG),O'LEARY Louise (UG),JAYET Bill (UG)
NSW_Local_Government_2021_Parkes 10 seats.csv__hit28,JAYET Bill (UG),JAYET Bill (UG),JAYET Bill (UG),JAYET Bill (UG),JAYET Bill (UG),JAYET Bill (UG),JAYET Bill (UG),JAYET Bill (UG),JAYET Bill (UG),JAYET Bill (UG)
NSW_Local_Government_2021_Parkes 10 seats.csv__hit29,O'LEARY Louise (UG),JAYET Bill (UG),JAYET Bill (UG),JAYET Bill (UG),JAYET Bill (UG),JAYET Bill (UG),JAYET Bill (UG),JAYET Bill (UG),JAYET Bill (UG),JAYET Bill (UG)
NSW_Local_Government_2021_Parkes 10 seats.csv__hit30,JAYET Bill (UG),O'LEARY Louise (UG),O'LEARY Louise (UG),JAYET Bill (UG),JAYET Bill (UG),JAYET Bill (UG),JAYET Bill (UG),JAYET Bill (UG),JAYET Bill (UG),JAYET Bill (UG)
NSW_Local_Government_2021_Parkes 10 seats.csv__hit31,JAYET Bill (UG),JAYET Bill (UG),JAYET Bill (UG),JAYET Bill (UG),JAYET Bill (UG),JAYET Bill (UG),JAYET Bill (UG),JAYET Bill (UG),JAYET Bill (UG),JAYET Bill (UG)
NSW_Local_Government_2021_Parkes 10 seats.csv__hit32,JAYET Bill (UG),O'LEARY Louise (UG),O'LEARY Louise (UG),JAYET Bill (UG),JAYET Bill (UG),JAYET Bill (UG),JAYET Bill (UG),JAYET Bill (UG),JAYET Bill (UG),JAYET Bill (UG)
NSW_Local_Government_2021_Parkes 10 seats.csv__hit33,O'LEARY Louise (UG),JAYET Bill (UG),JAYET Bill (UG),JAYET Bill (UG),JAYET Bill (UG),JAYET Bill (UG),JAYET Bill (UG),JAYET Bill (UG),JAYET Bill (UG),JAYET Bill (UG)
NSW_Local_Government_2021_Parkes 10 seats.csv__hit34,JAYET Bill (UG),O'LEARY Louise (UG),O'LEARY Louise (UG),JAYET Bill (UG),JAYET Bill (UG),JAYET Bill (UG),JAYET Bill (UG),JAYET Bill (UG),JAYET Bill (UG),JAYET Bill (UG)
NSW_Local_Government_2021_Parkes 10 seats.csv__hit35,JAYET Bill (UG),JAYET Bill (UG),JAYET Bill (UG),O'LEARY Louise (UG),JAYET Bill (UG),JAYET Bill (UG),JAYET Bill (UG),JAYET Bill (UG),JAYET Bill (UG),JAYET Bill (UG)
NSW_Local_Government_2021_Parkes 10 seats.csv__hit36,WESTCOTT Neil (UG),O'LEARY Louise (UG),JAYET Bill (UG),JAYET Bill (UG),JAYET Bill (UG),JAYET Bill (UG),JAYET Bill (UG),JAYET Bill (UG),JAYET Bill (UG),JAYET Bill (UG)
NSW_Local_Government_2021_Parkes 10 seats.csv__hit37,JAYET Bill (UG),O'LEARY Louise (UG),JAYET Bill (UG),JAYET Bill (UG),JAYET Bill (UG),JAYET Bill (UG),JAYET Bill (UG),JAYET Bill (UG),JAYET Bill (UG),JAYET Bill (UG)
NSW_Local_Government_2021_Parkes 10 seats.csv__hit38,WESTCOTT Neil (UG),O'LEARY Louise (UG),JAYET Bill (UG),JAYET Bill (UG),JAYET Bill (UG),JAYET Bill (UG),JAYET Bill (UG),JAYET Bill (UG),JAYET Bill (UG),JAYET Bill (UG)
NSW_Local_Government_2021_Parkes 10 seats.csv__hit39,JAYET Bill (UG),JAYET Bill (UG),O'LEARY Louise (UG),JAYET Bill (UG),JAYET Bill (UG),JAYET Bill (UG),JAYET Bill (UG),JAYET Bill (UG),JAYET Bill (UG),JAYET Bill (UG)
NSW_Local_Government_2021_Parkes 10 seats.csv__hit40,JAYET Bill (UG),JAYET Bill (UG),JAYET Bill (UG),JAYET Bill (UG),JAYET Bill (UG),JAYET Bill (UG),JAYET Bill (UG),JAYET Bill (UG),JAYET Bill (UG),JAYET Bill (UG)
NSW_Local_Government_2021_Parkes 10 seats.csv__hit41,JAYET Bill (UG),O'LEARY Louise (UG),JAYET Bill (UG),JAYET Bill (UG),JAYET Bill (UG),JAYET Bill (UG),JAYET Bill (UG),JAYET Bill (UG),JAYET Bill (UG),JAYET Bill (UG)
NSW_Local_Government_2021_Parkes 10 seats.csv__hit42,O'LEARY Louise (UG),JAYET Bill (UG),JAYET Bill (UG),JAYET Bill (UG),JAYET Bill (UG),JAYET Bill (UG),JAYET Bill (UG),JAYET Bill (UG),JAYET Bill (UG),JAYET Bill (UG)
NSW_Local_Government_2021_Parkes 10 seats.csv__hit43,O'LEARY Louise (UG),O'LEARY Louise (UG),O'LEARY Louise (UG),O'LEARY Louise (UG),O'LEARY Louise (UG),O'LEARY Louise (UG),O'LEARY Louise (UG),KEITH Ken (UG),KEITH Ken (UG),JAYET Bill (UG)
NSW_Local_Government_2021_Parkes 10 seats.csv__hit44,O'LEARY Louise (UG),O'LEARY Louise (UG),O'LEARY Louise (UG),O'LEARY Louise (UG),O'LEARY Louise (UG),JAYET Bill (UG),O'LEARY Louise (UG),O'LEARY Louise (UG),KEITH Ken (UG),JAYET Bill (UG)
NSW_Local_Government_2021_Parkes 10 seats.csv__hit45,WESTCOTT Neil (UG),O'LEARY Louise (UG),O'LEARY Louise (UG),JAYET Bill (UG),JAYET Bill (UG),JAYET Bill (UG),JAYET Bill (UG),JAYET Bill (UG),JAYET Bill (UG),JAYET Bill (UG)
NSW_Local_Government_2021_Parkes 10 seats.csv__hit46,JAYET Bill (UG),JAYET Bill (UG),JAYET Bill (UG),JAYET Bill (UG),JAYET Bill (UG),JAYET Bill (UG),JAYET Bill (UG),JAYET Bill (UG),JAYET Bill (UG),JAYET Bill (UG)
NSW_Local_Government_2021_Parkes 10 seats.csv__hit47,O'LEARY Louise (UG),JAYET Bill (UG),JAYET Bill (UG),JAYET Bill (UG),JAYET Bill (UG),JAYET Bill (UG),JAYET Bill (UG),JAYET Bill (UG),JAYET Bill (UG),JAYET Bill (UG)
NSW_Local_Government_2021_Parkes 10 seats.csv__hit48,JAYET Bill (UG),JAYET Bill (UG),JAYET Bill (UG),JAYET Bill (UG),JAYET Bill (UG),JAYET Bill (UG),JAYET Bill (UG),JAYET Bill (UG),JAYET Bill (UG),JAYET Bill (UG)
NSW_Local_Government_2021_Parkes 10 seats.csv__hit49,O'LEARY Louise (UG),O'LEARY Louise (UG),JAYET Bill (UG),O'LEARY Louise (UG),WESTCOTT Neil (UG),JAYET Bill (UG),JAYET Bill (UG),O'LEARY Louise (UG),O'LEARY Louise (UG),O'LEARY Louise (UG)
NSW_Local_Government_2021_Parkes 10 seats.csv__hit50,WESTCOTT Neil (UG),JAYET Bill (UG),JAYET Bill (UG),JAYET Bill (UG),JAYET Bill (UG),JAYET Bill (UG),JAYET Bill (UG),JAYET Bill (UG),JAYET Bill (UG),JAYET Bill (UG)
NSW_Local_Government_2021_Parkes 10 seats.csv__hit51,O'LEARY Louise (UG),O'LEARY Louise (UG),O'LEARY Louise (UG),O'LEARY Louise (UG),O'LEARY Louise (UG),O'LEARY Louise (UG),O'LEARY Louise (UG),O'LEARY Louise (UG),KEITH Ken (UG),KEITH Ken (UG)
NSW_Local_Government_2021_Parkes 10 seats.csv__hit52,JAYET Bill (UG),O'LEARY Louise (UG),JAYET Bill (UG),JAYET Bill (UG),JAYET Bill (UG),JAYET Bill (UG),JAYET Bill (UG),JAYET Bill (UG),JAYET Bill (UG),JAYET Bill (UG)
NSW_Local_Government_2021_Parkes 10 seats.csv__hit53,JAYET Bill (UG),JAYET Bill (UG),JAYET Bill (UG),JAYET Bill (UG),JAYET Bill (UG),JAYET Bill (UG),JAYET Bill (UG),JAYET Bill (UG),JAYET Bill (UG),JAYET Bill (UG)
NSW_Local_Government_2021_Parkes 10 seats.csv__hit54,JAYET Bill (UG),JAYET Bill (UG),JAYET Bill (UG),JAYET Bill (UG),JAYET Bill (UG),JAYET Bill (UG),JAYET Bill (UG),JAYET Bill (UG),JAYET Bill (UG),JAYET Bill (UG)
NSW_Local_Government_2021_Parkes 10 seats.csv__hit55,O'LEARY Louise (UG),O'LEARY Louise (UG),JAYET Bill (UG),O'LEARY Louise (UG),O'LEARY Louise (UG),O'LEARY Louise (UG),O'LEARY Louise (UG),KEITH Ken (UG),JAYET Bill (UG),JAYET Bill (UG)
NSW_Local_Government_2021_Parkes 10 seats.csv__hit56,JAYET Bill (UG),O'LEARY Louise (UG),O'LEARY Louise (UG),JAYET Bill (UG),O'LEARY Louise (UG),JAYET Bill (UG),JAYET Bill (UG),JAYET Bill (UG),JAYET Bill (UG),JAYET Bill (UG)
NSW_Local_Government_2021_Parkes 10 seats.csv__hit57,JAYET Bill (UG),JAYET Bill (UG),JAYET Bill (UG),JAYET Bill (UG),JAYET Bill (UG),JAYET Bill (UG),JAYET Bill (UG),JAYET Bill (UG),JAYET Bill (UG),JAYET Bill (UG)
NSW_Local_Government_2021_Parkes 10 seats.csv__hit58,WESTCOTT Neil (UG),JAYET Bill (UG),JAYET Bill (UG),JAYET Bill (UG),JAYET Bill (UG),JAYET Bill (UG),JAYET Bill (UG),JAYET Bill (UG),JAYET Bill (UG),JAYET Bill (UG)
NSW_Local_Government_2021_Parkes 10 seats.csv__hit59,JAYET Bill (UG),WESTCOTT Neil (UG),JAYET Bill (UG),JAYET Bill (UG),JAYET Bill (UG),JAYET Bill (UG),JAYET Bill (UG),JAYET Bill (UG),JAYET Bill (UG),JAYET Bill (UG)
NSW_Local_Government_2021_Parkes 10 seats.csv__hit60,JAYET Bill (UG),JAYET Bill (UG),JAYET Bill (UG),JAYET Bill (UG),JAYET Bill (UG),JAYET Bill (UG),JAYET Bill (UG),JAYET Bill (UG),JAYET Bill (UG),JAYET Bill (UG)
NSW_Local_Government_2021_Parkes 10 seats.csv__hit61,WESTCOTT Neil (UG),JAYET Bill (UG),O'LEARY Louise (UG),JAYET Bill (UG),JAYET Bill (UG),JAYET Bill (UG),JAYET Bill (UG),JAYET Bill (UG),JAYET Bill (UG),JAYET Bill (UG)
NSW_Local_Government_2021_Parkes 10 seats.csv__hit62,JAYET Bill (UG),JAYET Bill (UG),JAYET Bill (UG),JAYET Bill (UG),JAYET Bill (UG),JAYET Bill (UG),JAYET Bill (UG),JAYET Bill (UG),JAYET Bill (UG),JAYET Bill (UG)
NSW_Local_Government_2021_Parkes 10 seats.csv__hit63,O'LEARY Louise (UG),O'LEARY Louise (UG),O'LEARY Louise (UG),O'LEARY Louise (UG),O'LEARY Louise (UG),O'LEARY Louise (UG),O'LEARY Louise (UG),O'LEARY Louise (UG),JAYET Bill (UG),JAYET Bill (UG)
NSW_Local_Government_2021_Parkes 10 seats.csv__hit64,JAYET Bill (UG),JAYET Bill (UG),JAYET Bill (UG),JAYET Bill (UG),JAYET Bill (UG),JAYET Bill (UG),JAYET Bill (UG),JAYET Bill (UG),JAYET Bill (UG),JAYET Bill (UG)
NSW_Local_Government_2021_Parkes 10 seats.csv__hit65,JAYET Bill (UG),JAYET Bill (UG),JAYET Bill (UG),JAYET Bill (UG),JAYET Bill (UG),JAYET Bill (UG),JAYET Bill (UG),JAYET Bill (UG),JAYET Bill (UG),JAYET Bill (UG)
NSW_Local_Government_2021_Parkes 10 seats.csv__hit66,JAYET Bill (UG),O'LEARY Louise (UG),JAYET Bill (UG),JAYET Bill (UG),JAYET Bill (UG),JAYET Bill (UG),JAYET Bill (UG),JAYET Bill (UG),JAYET Bill (UG),JAYET Bill (UG)
NSW_Local_Government_2021_Parkes 10 seats.csv__hit67,JAYET Bill (UG),JAYET Bill (UG),JAYET Bill (UG),JAYET Bill (UG),JAYET Bill (UG),JAYET Bill (UG),JAYET Bill (UG),JAYET Bill (UG),JAYET Bill (UG),JAYET Bill (UG)
NSW_Local_Government_2021_Parkes 10 seats.csv__hit68,JAYET Bill (UG),JAYET Bill (UG),JAYET Bill (UG),JAYET Bill (UG),JAYET Bill (UG),JAYET Bill (UG),JAYET Bill (UG),JAYET Bill (UG),JAYET Bill (UG),JAYET Bill (UG)
NSW_Local_Government_2021_Parkes 10 seats.csv__hit69,O'LEARY Louise (UG),JAYET Bill (UG),JAYET Bill (UG),JAYET Bill (UG),JAYET Bill (UG),JAYET Bill (UG),JAYET Bill (UG),JAYET Bill (UG),JAYET Bill (UG),JAYET Bill (UG)
NSW_Local_Government_2021_Parkes 10 seats.csv__hit70,WESTCOTT Neil (UG),JAYET Bill (UG),JAYET Bill (UG),JAYET Bill (UG),JAYET Bill (UG),JAYET Bill (UG),JAYET Bill (UG),JAYET Bill (UG),JAYET Bill (UG),JAYET Bill (UG)
NSW_Local_Government_2021_Parkes 10 seats.csv__hit71,JAYET Bill (UG),O'LEARY Louise (UG),JAYET Bill (UG),O'LEARY Louise (UG),JAYET Bill (UG),WESTCOTT Neil (UG),JAYET Bill (UG),JAYET Bill (UG),JAYET Bill (UG),JAYET Bill (UG)
NSW_Local_Government_2021_Parkes 10 seats.csv__hit72,O'LEARY Louise (UG),JAYET Bill (UG),JAYET Bill (UG),JAYET Bill (UG),JAYET Bill (UG),JAYET Bill (UG),JAYET Bill (UG),JAYET Bill (UG),JAYET Bill (UG),JAYET Bill (UG)
NSW_Local_Government_2021_Parkes 10 seats.csv__hit73,JAYET Bill (UG),JAYET Bill (UG),JAYET Bill (UG),JAYET Bill (UG),JAYET Bill (UG),JAYET Bill (UG),JAYET Bill (UG),JAYET Bill (UG),JAYET Bill (UG),JAYET Bill (UG)
NSW_Local_Government_2021_Parkes 10 seats.csv__hit74,JAYET Bill (UG),WESTCOTT Neil (UG),O'LEARY Louise (UG),JAYET Bill (UG),JAYET Bill (UG),JAYET Bill (UG),JAYET Bill (UG),JAYET Bill (UG),JAYET Bill (UG),JAYET Bill (UG)
NSW_Local_Government_2021_Parkes 10 seats.csv__hit75,O'LEARY Louise (UG),O'LEARY Louise (UG),O'LEARY Louise (UG),O'LEARY Louise (UG),O'LEARY Louise (UG),JAYET Bill (UG),O'LEARY Louise (UG),KEITH Ken (UG),KEITH Ken (UG),JAYET Bill (UG)
NSW_Local_Government_2021_Parkes 10 seats.csv__hit76,JAYET Bill (UG),O'LEARY Louise (UG),JAYET Bill (UG),JAYET Bill (UG),JAYET Bill (UG),JAYET Bill (UG),JAYET Bill (UG),JAYET Bill (UG),JAYET Bill (UG),JAYET Bill (UG)
NSW_Local_Government_2021_Parkes 10 seats.csv__hit77,JAYET Bill (UG),JAYET Bill (UG),O'LEARY Louise (UG),JAYET Bill (UG),JAYET Bill (UG),JAYET Bill (UG),JAYET Bill (UG),JAYET Bill (UG),JAYET Bill (UG),JAYET Bill (UG)
NSW_Local_Government_2021_Parkes 10 seats.csv__hit78,JAYET Bill (UG),O'LEARY Louise (UG),JAYET Bill (UG),JAYET Bill (UG),JAYET Bill (UG),JAYET Bill (UG),JAYET Bill (UG),JAYET Bill (UG),JAYET Bill (UG),JAYET Bill (UG)
NSW_Local_Government_2021_Parkes 10 seats.csv__hit79,WESTCOTT Neil (UG),JAYET Bill (UG),JAYET Bill (UG),JAYET Bill (UG),JAYET Bill (UG),JAYET Bill (UG),JAYET Bill (UG),JAYET Bill (UG),JAYET Bill (UG),JAYET Bill (UG)
NSW_Local_Government_2021_Parkes 10 seats.csv__hit80,JAYET Bill (UG),JAYET Bill (UG),JAYET Bill (UG),JAYET Bill (UG),JAYET Bill (UG),JAYET Bill (UG),JAYET Bill (UG),JAYET Bill (UG),JAYET Bill (UG),JAYET Bill (UG)
NSW_Local_Government_2021_Parkes 10 seats.csv__hit81,JAYET Bill (UG),JAYET Bill (UG),JAYET Bill (UG),JAYET Bill (UG),JAYET Bill (UG),JAYET Bill (UG),JAYET Bill (UG),JAYET Bill (UG),JAYET Bill (UG),JAYET Bill (UG)
NSW_Local_Government_2021_Parkes 10 seats.csv__hit82,JAYET Bill (UG),JAYET Bill (UG),JAYET Bill (UG),JAYET Bill (UG),JAYET Bill (UG),JAYET Bill (UG),JAYET Bill (UG),JAYET Bill (UG),JAYET Bill (UG),JAYET Bill (UG)
NSW_Local_Government_2021_Parkes 10 seats.csv__hit83,JAYET Bill (UG),JAYET Bill (UG),JAYET Bill (UG),JAYET Bill (UG),JAYET Bill (UG),JAYET Bill (UG),JAYET Bill (UG),JAYET Bill (UG),JAYET Bill (UG),JAYET Bill (UG)
NSW_Local_Government_2021_Parkes 10 seats.csv__hit84,WESTCOTT Neil (UG),JAYET Bill (UG),JAYET Bill (UG),JAYET Bill (UG),JAYET Bill (UG),JAYET Bill (UG),JAYET Bill (UG),JAYET Bill (UG),JAYET Bill (UG),JAYET Bill (UG)
NSW_Local_Government_2021_Parkes 10 seats.csv__hit85,O'LEARY Louise (UG),O'LEARY Louise (UG),JAYET Bill (UG),JAYET Bill (UG),JAYET Bill (UG),JAYET Bill (UG),JAYET Bill (UG),JAYET Bill (UG),JAYET Bill (UG),JAYET Bill (UG)
NSW_Local_Government_2021_Parkes 10 seats.csv__hit86,WESTCOTT Neil (UG),JAYET Bill (UG),JAYET Bill (UG),JAYET Bill (UG),JAYET Bill (UG),JAYET Bill (UG),JAYET Bill (UG),JAYET Bill (UG),JAYET Bill (UG),JAYET Bill (UG)
NSW_Local_Government_2021_Parkes 10 seats.csv__hit87,O'LEARY Louise (UG),O'LEARY Louise (UG),O'LEARY Louise (UG),O'LEARY Louise (UG),O'LEARY Louise (UG),O'LEARY Louise (UG),O'LEARY Louise (UG),KEITH Ken (UG),KEITH Ken (UG),JAYET Bill (UG)
NSW_Local_Government_2021_Parkes 10 seats.csv__hit88,O'LEARY Louise (UG),KEITH Ken (UG),O'LEARY Louise (UG),O'LEARY Louise (UG),O'LEARY Louise (UG),JAYET Bill (UG),O'LEARY Louise (UG),KEITH Ken (UG),KEITH Ken (UG),KEITH Ken (UG)
NSW_Local_Government_2021_Parkes 10 seats.csv__hit89,JAYET Bill (UG),JAYET Bill (UG),JAYET Bill (UG),JAYET Bill (UG),JAYET Bill (UG),JAYET Bill (UG),JAYET Bill (UG),JAYET Bill (UG),JAYET Bill (UG),JAYET Bill (UG)
NSW_Local_Government_2021_Parkes 10 seats.csv__hit90,O'LEARY Louise (UG),O'LEARY Louise (UG),O'LEARY Louise (UG),O'LEARY Louise (UG),O'LEARY Louise (UG),O'LEARY Louise (UG),O'LEARY Louise (UG),O'LEARY Louise (UG),KEITH Ken (UG),JAYET Bill (UG)
NSW_Local_Government_2021_Parkes 10 seats.csv__hit91,O'LEARY Louise (UG),JAYET Bill (UG),JAYET Bill (UG),JAYET Bill (UG),JAYET Bill (UG),JAYET Bill (UG),JAYET Bill (UG),JAYET Bill (UG),JAYET Bill (UG),JAYET Bill (UG)
NSW_Local_Government_2021_Parkes 10 seats.csv__hit92,O'LEARY Louise (UG),O'LEARY Louise (UG),O'LEARY Louise (UG),KEITH Ken (UG),O'LEARY Louise (UG),O'LEARY Louise (UG),O'LEARY Louise (UG),KEITH Ken (UG),KEITH Ken (UG),JAYET Bill (UG)
NSW_Local_Government_2021_Parkes 10 seats.csv__hit93,JAYET Bill (UG),O'LEARY Louise (UG),O'LEARY Louise (UG),JAYET Bill (UG),JAYET Bill (UG),JAYET Bill (UG),JAYET Bill (UG),JAYET Bill (UG),JAYET Bill (UG),JAYET Bill (UG)
NSW_Local_Government_2021_Parkes 10 seats.csv__hit94,JAYET Bill (UG),O'LEARY Louise (UG),JAYET Bill (UG),JAYET Bill (UG),JAYET Bill (UG),JAYET Bill (UG),JAYET Bill (UG),JAYET Bill (UG),JAYET Bill (UG),JAYET Bill (UG)
NSW_Local_Government_2021_Parkes 10 seats.csv__hit95,WESTCOTT Neil (UG),O'LEARY Louise (UG),O'LEARY Louise (UG),O'LEARY Louise (UG),JAYET Bill (UG),O'LEARY Louise (UG),O'LEARY Louise (UG),KEITH Ken (UG),KEITH Ken (UG),JAYET Bill (UG)
NSW_Local_Government_2021_Parkes 10 seats.csv__hit96,JAYET Bill (UG),JAYET Bill (UG),JAYET Bill (UG),JAYET Bill (UG),JAYET Bill (UG),JAYET Bill (UG),JAYET Bill (UG),JAYET Bill (UG),JAYET Bill (UG),JAYET Bill (UG)
NSW_Local_Government_2021_Parkes 10 seats.csv__hit97,JAYET Bill (UG),JAYET Bill (UG),JAYET Bill (UG),JAYET Bill (UG),JAYET Bill (UG),JAYET Bill (UG),JAYET Bill (UG),JAYET Bill (UG),JAYET Bill (UG),JAYET Bill (UG)
NSW_Local_Government_2021_Parkes 10 seats.csv__hit98,WESTCOTT Neil (UG),O'LEARY Louise (UG),JAYET Bill (UG),O'LEARY Louise (UG),KEITH Ken (UG),O'LEARY Louise (UG),O'LEARY Louise (UG),O'LEARY Louise (UG),KEITH Ken (UG),JAYET Bill (UG)
NSW_Local_Government_2021_Parkes 10 seats.csv__hit99,O'LEARY Louise (UG),JAYET Bill (UG),JAYET Bill (UG),JAYET Bill (UG),JAYET Bill (UG),JAYET Bill (UG),JAYET Bill (UG),JAYET Bill (UG),JAYET Bill (UG),JAYET Bill (UG)
NSW_Local_Government_2021_Parkes 10 seats.csv__hit100,O'LEARY Louise (UG),O'LEARY Louise (UG),O'LEARY Louise (UG),O'LEARY Louise (UG),JAYET Bill (UG),O'LEARY Louise (UG),O'LEARY Louise (UG),O'LEARY Louise (UG),KEITH Ken (UG),KEITH Ken (UG)
NSW_Local_Government_2021_Parkes 10 seats.csv__hit101,JAYET Bill (UG),O'LEARY Louise (UG),JAYET Bill (UG),JAYET Bill (UG),JAYET Bill (UG),JAYET Bill (UG),JAYET Bill (UG),JAYET Bill (UG),JAYET Bill (UG),JAYET Bill (UG)
NSW_Local_Government_2021_Parkes 10 seats.csv__hit102,O'LEARY Louise (UG),O'LEARY Louise (UG),O'LEARY Louise (UG),O'LEARY Louise (UG),JAYET Bill (UG),JAYET Bill (UG),JAYET Bill (UG),JAYET Bill (UG),JAYET Bill (UG),JAYET Bill (UG)
NSW_Local_Government_2021_Parkes 10 seats.csv__hit103,O'LEARY Louise (UG),JAYET Bill (UG),JAYET Bill (UG),JAYET Bill (UG),JAYET Bill (UG),JAYET Bill (UG),JAYET Bill (UG),JAYET Bill (UG),JAYET Bill (UG),JAYET Bill (UG)
NSW_Local_Government_2021_Parkes 10 seats.csv__hit104,JAYET Bill (UG),JAYET Bill (UG),JAYET Bill (UG),JAYET Bill (UG),JAYET Bill (UG),JAYET Bill (UG),JAYET Bill (UG),JAYET Bill (UG),JAYET Bill (UG),JAYET Bill (UG)
NSW_Local_Government_2021_Parkes 10 seats.csv__hit105,O'LEARY Louise (UG),O'LEARY Louise (UG),O'LEARY Louise (UG),KEITH Ken (UG),KEITH Ken (UG),O'LEARY Louise (UG),O'LEARY Louise (UG),O'LEARY Louise (UG),KEITH Ken (UG),KEITH Ken (UG)
NSW_Local_Government_2021_Parkes 10 seats.csv__hit106,O'LEARY Louise (UG),O'LEARY Louise (UG),O'LEARY Louise (UG),KEITH Ken (UG),KEITH Ken (UG),O'LEARY Louise (UG),O'LEARY Louise (UG),KEITH Ken (UG),KEITH Ken (UG),JAYET Bill (UG)
NSW_Local_Government_2021_Parkes 10 seats.csv__hit107,JAYET Bill (UG),JAYET Bill (UG),JAYET Bill (UG),JAYET Bill (UG),JAYET Bill (UG),JAYET Bill (UG),JAYET Bill (UG),JAYET Bill (UG),JAYET Bill (UG),JAYET Bill (UG)
NSW_Local_Government_2021_Parkes 10 seats.csv__hit108,O'LEARY Louise (UG),O'LEARY Louise (UG),O'LEARY Louise (UG),O'LEARY Louise (UG),O'LEARY Louise (UG),O'LEARY Louise (UG),O'LEARY Louise (UG),O'LEARY Louise (UG),O'LEARY Louise (UG),O'LEARY Louise (UG)
NSW_Local_Government_2021_Parkes 10 seats.csv__hit109,JAYET Bill (UG),JAYET Bill (UG),JAYET Bill (UG),JAYET Bill (UG),JAYET Bill (UG),JAYET Bill (UG),JAYET Bill (UG),JAYET Bill (UG),JAYET Bill (UG),JAYET Bill (UG)
NSW_Local_Government_2021_Parkes 10 seats.csv__hit110,O'LEARY Louise (UG),O'LEARY Louise (UG),JAYET Bill (UG),JAYET Bill (UG),JAYET Bill (UG),JAYET Bill (UG),JAYET Bill (UG),JAYET Bill (UG),JAYET Bill (UG),JAYET Bill (UG)
NSW_Local_Government_2021_Parkes 10 seats.csv__hit111,O'LEARY Louise (UG),O'LEARY Louise (UG),O'LEARY Louise (UG),O'LEARY Louise (UG),JAYET Bill (UG),JAYET Bill (UG),O'LEARY Louise (UG),O'LEARY Louise (UG),O'LEARY Louise (UG),O'LEARY Louise (UG)
NSW_Local_Government_2021_Parkes 10 seats.csv__hit112,JAYET Bill (UG),O'LEARY Louise (UG),JAYET Bill (UG),JAYET Bill (UG),JAYET Bill (UG),JAYET Bill (UG),JAYET Bill (UG),JAYET Bill (UG),JAYET Bill (UG),JAYET Bill (UG)
NSW_Local_Government_2021_Parkes 10 seats.csv__hit113,JAYET Bill (UG),JAYET Bill (UG),JAYET Bill (UG),JAYET Bill (UG),JAYET Bill (UG),JAYET Bill (UG),JAYET Bill (UG),JAYET Bill (UG),JAYET Bill (UG),JAYET Bill (UG)
NSW_Local_Government_2021_Parkes 10 seats.csv__hit114,O'LEARY Louise (UG),JAYET Bill (UG),JAYET Bill (UG),JAYET Bill (UG),JAYET Bill (UG),JAYET Bill (UG),JAYET Bill (UG),JAYET Bill (UG),JAYET Bill (UG),JAYET Bill (UG)
NSW_Local_Government_2021_Parkes 10 seats.csv__hit115,O'LEARY Louise (UG),JAYET Bill (UG),JAYET Bill (UG),JAYET Bill (UG),JAYET Bill (UG),JAYET Bill (UG),JAYET Bill (UG),JAYET Bill (UG),JAYET Bill (UG),JAYET Bill (UG)
NSW_Local_Government_2021_Parkes 10 seats.csv__hit116,JAYET Bill (UG),JAYET Bill (UG),JAYET Bill (UG),JAYET Bill (UG),JAYET Bill (UG),JAYET Bill (UG),JAYET Bill (UG),JAYET Bill (UG),JAYET Bill (UG),JAYET Bill (UG)
NSW_Local_Government_2021_Parkes 10 seats.csv__hit117,O'LEARY Louise (UG),O'LEARY Louise (UG),O'LEARY Louise (UG),O'LEARY Louise (UG),O'LEARY Louise (UG),O'LEARY Louise (UG),O'LEARY Louise (UG),O'LEARY Louise (UG),O'LEARY Louise (UG),O'LEARY Louise (UG)
NSW_Local_Government_2021_Parkes 10 seats.csv__hit118,O'LEARY Louise (UG),O'LEARY Louise (UG),JAYET Bill (UG),JAYET Bill (UG),JAYET Bill (UG),JAYET Bill (UG),JAYET Bill (UG),JAYET Bill (UG),JAYET Bill (UG),JAYET Bill (UG)
NSW_Local_Government_2021_Parkes 10 seats.csv__hit119,O'LEARY Louise (UG),O'LEARY Louise (UG),JAYET Bill (UG),JAYET Bill (UG),O'LEARY Louise (UG),O'LEARY Louise (UG),O'LEARY Louise (UG),KEITH Ken (UG),KEITH Ken (UG),JAYET Bill (UG)
NSW_Local_Government_2021_Parkes 10 seats.csv__hit120,JAYET Bill (UG),WESTCOTT Neil (UG),O'LEARY Louise (UG),JAYET Bill (UG),JAYET Bill (UG),JAYET Bill (UG),JAYET Bill (UG),JAYET Bill (UG),JAYET Bill (UG),JAYET Bill (UG)
NSW_Local_Government_2021_Parkes 10 seats.csv__hit121,KEITH Ken (UG),O'LEARY Louise (UG),O'LEARY Louise (UG),O'LEARY Louise (UG),KEITH Ken (UG),O'LEARY Louise (UG),O'LEARY Louise (UG),O'LEARY Louise (UG),KEITH Ken (UG),JAYET Bill (UG)
NSW_Local_Government_2021_Parkes 10 seats.csv__hit122,JAYET Bill (UG),JAYET Bill (UG),O'LEARY Louise (UG),JAYET Bill (UG),JAYET Bill (UG),WESTCOTT Neil (UG),JAYET Bill (UG),JAYET Bill (UG),JAYET Bill (UG),JAYET Bill (UG)
NSW_Local_Government_2021_Parkes 10 seats.csv__hit123,O'LEARY Louise (UG),O'LEARY Louise (UG),JAYET Bill (UG),JAYET Bill (UG),JAYET Bill (UG),JAYET Bill (UG),JAYET Bill (UG),JAYET Bill (UG),JAYET Bill (UG),JAYET Bill (UG)
NSW_Local_Government_2021_Parkes 10 seats.csv__hit124,WESTCOTT Neil (UG),O'LEARY Louise (UG),JAYET Bill (UG),JAYET Bill (UG),JAYET Bill (UG),JAYET Bill (UG),JAYET Bill (UG),JAYET Bill (UG),JAYET Bill (UG),JAYET Bill (UG)
NSW_Local_Government_2021_Parkes 10 seats.csv__hit125,O'LEARY Louise (UG),O'LEARY Louise (UG),KEITH Ken (UG),O'LEARY Louise (UG),O'LEARY Louise (UG),O'LEARY Louise (UG),O'LEARY Louise (UG),O'LEARY Louise (UG),KEITH Ken (UG),KEITH Ken (UG)
NSW_Local_Government_2021_Parkes 10 seats.csv__hit126,JAYET Bill (UG),O'LEARY Louise (UG),JAYET Bill (UG),JAYET Bill (UG),JAYET Bill (UG),JAYET Bill (UG),JAYET Bill (UG),JAYET Bill (UG),JAYET Bill (UG),JAYET Bill (UG)
NSW_Local_Government_2021_Parkes 10 seats.csv__hit127,JAYET Bill (UG),JAYET Bill (UG),JAYET Bill (UG),JAYET Bill (UG),JAYET Bill (UG),JAYET Bill (UG),JAYET Bill (UG),JAYET Bill (UG),JAYET Bill (UG),JAYET Bill (UG)
NSW_Local_Government_2021_Parkes 10 seats.csv__hit128,O'LEARY Louise (UG),O'LEARY Louise (UG),O'LEARY Louise (UG),O'LEARY Louise (UG),O'LEARY Louise (UG),O'LEARY Louise (UG),O'LEARY Louise (UG),KEITH Ken (UG),JAYET Bill (UG),JAYET Bill (UG)
NSW_Local_Government_2021_Parkes 10 seats.csv__hit129,WESTCOTT Neil (UG),JAYET Bill (UG),JAYET Bill (UG),JAYET Bill (UG),JAYET Bill (UG),JAYET Bill (UG),JAYET Bill (UG),JAYET Bill (UG),JAYET Bill (UG),JAYET Bill (UG)
NSW_Local_Government_2021_Parkes 10 seats.csv__hit130,JAYET Bill (UG),JAYET Bill (UG),JAYET Bill (UG),JAYET Bill (UG),JAYET Bill (UG),JAYET Bill (UG),JAYET Bill (UG),JAYET Bill (UG),JAYET Bill (UG),JAYET Bill (UG)
NSW_Local_Government_2021_Parkes 10 seats.csv__hit131,O'LEARY Louise (UG),O'LEARY Louise (UG),O'LEARY Louise (UG),O'LEARY Louise (UG),O'LEARY Louise (UG),O'LEARY Louise (UG),O'LEARY Louise (UG),KEITH Ken (UG),KEITH Ken (UG),JAYET Bill (UG)
NSW_Local_Government_2021_Parkes 10 seats.csv__hit132,JAYET Bill (UG),JAYET Bill (UG),JAYET Bill (UG),JAYET Bill (UG),JAYET Bill (UG),JAYET Bill (UG),JAYET Bill (UG),JAYET Bill (UG),JAYET Bill (UG),JAYET Bill (UG)
NSW_Local_Government_2021_Parkes 10 seats.csv__hit133,JAYET Bill (UG),O'LEARY Louise (UG),JAYET Bill (UG),JAYET Bill (UG),JAYET Bill (UG),JAYET Bill (UG),JAYET Bill (UG),JAYET Bill (UG),JAYET Bill (UG),JAYET Bill (UG)
NSW_Local_Government_2021_Parkes 10 seats.csv__hit134,WESTCOTT Neil (UG),JAYET Bill (UG),JAYET Bill (UG),JAYET Bill (UG),JAYET Bill (UG),JAYET Bill (UG),JAYET Bill (UG),JAYET Bill (UG),JAYET Bill (UG),JAYET Bill (UG)
NSW_Local_Government_2021_Parkes 10 seats.csv__hit135,O'LEARY Louise (UG),O'LEARY Louise (UG),O'LEARY Louise (UG),KEITH Ken (UG),O'LEARY Louise (UG),O'LEARY Louise (UG),O'LEARY Louise (UG),O'LEARY Louise (UG),O'LEARY Louise (UG),JAYET Bill (UG)
NSW_Local_Government_2021_Parkes 10 seats.csv__hit136,WESTCOTT Neil (UG),O'LEARY Louise (UG),JAYET Bill (UG),JAYET Bill (UG),JAYET Bill (UG),JAYET Bill (UG),JAYET Bill (UG),JAYET Bill (UG),JAYET Bill (UG),JAYET Bill (UG)
NSW_Local_Government_2021_Parkes 10 seats.csv__hit137,JAYET Bill (UG),JAYET Bill (UG),JAYET Bill (UG),JAYET Bill (UG),JAYET Bill (UG),JAYET Bill (UG),JAYET Bill (UG),JAYET Bill (UG),JAYET Bill (UG),JAYET Bill (UG)
NSW_Local_Government_2021_Parkes 10 seats.csv__hit138,WESTCOTT Neil (UG),JAYET Bill (UG),JAYET Bill (UG),JAYET Bill (UG),JAYET Bill (UG),JAYET Bill (UG),JAYET Bill (UG),JAYET Bill (UG),JAYET Bill (UG),JAYET Bill (UG)
NSW_Local_Government_2021_Parkes 10 seats.csv__hit139,WESTCOTT Neil (UG),O'LEARY Louise (UG),JAYET Bill (UG),WESTCOTT Neil (UG),JAYET Bill (UG),JAYET Bill (UG),JAYET Bill (UG),JAYET Bill (UG),JAYET Bill (UG),JAYET Bill (UG)
NSW_Local_Government_2021_Parkes 10 seats.csv__hit140,O'LEARY Louise (UG),JAYET Bill (UG),O'LEARY Louise (UG),JAYET Bill (UG),JAYET Bill (UG),JAYET Bill (UG),JAYET Bill (UG),JAYET Bill (UG),JAYET Bill (UG),JAYET Bill (UG)
NSW_Local_Government_2021_Parkes 10 seats.csv__hit141,JAYET Bill (UG),WESTCOTT Neil (UG),JAYET Bill (UG),WESTCOTT Neil (UG),WESTCOTT Neil (UG),JAYET Bill (UG),JAYET Bill (UG),JAYET Bill (UG),JAYET Bill (UG),JAYET Bill (UG)
NSW_Local_Government_2021_Parkes 10 seats.csv__hit142,JAYET Bill (UG),JAYET Bill (UG),O'LEARY Louise (UG),O'LEARY Louise (UG),JAYET Bill (UG),JAYET Bill (UG),JAYET Bill (UG),JAYET Bill (UG),JAYET Bill (UG),JAYET Bill (UG)
NSW_Local_Government_2021_Parkes 10 seats.csv__hit143,JAYET Bill (UG),JAYET Bill (UG),JAYET Bill (UG),JAYET Bill (UG),JAYET Bill (UG),JAYET Bill (UG),JAYET Bill (UG),JAYET Bill (UG),JAYET Bill (UG),JAYET Bill (UG)
NSW_Local_Government_2021_Parkes 10 seats.csv__hit144,JAYET Bill (UG),O'LEARY Louise (UG),JAYET Bill (UG),JAYET Bill (UG),JAYET Bill (UG),O'LEARY Louise (UG),JAYET Bill (UG),JAYET Bill (UG),JAYET Bill (UG),JAYET Bill (UG)
NSW_Local_Government_2021_Parkes 10 seats.csv__hit145,JAYET Bill (UG),JAYET Bill (UG),O'LEARY Louise (UG),O'LEARY Louise (UG),JAYET Bill (UG),JAYET Bill (UG),JAYET Bill (UG),JAYET Bill (UG),JAYET Bill (UG),JAYET Bill (UG)
NSW_Local_Government_2021_Parkes 10 seats.csv__hit146,O'LEARY Louise (UG),WESTCOTT Neil (UG),O'LEARY Louise (UG),JAYET Bill (UG),JAYET Bill (UG),O'LEARY Louise (UG),O'LEARY Louise (UG),O'LEARY Louise (UG),KEITH Ken (UG),KEITH Ken (UG)
NSW_Local_Government_2021_Parkes 10 seats.csv__hit147,O'LEARY Louise (UG),O'LEARY Louise (UG),O'LEARY Louise (UG),O'LEARY Louise (UG),O'LEARY Louise (UG),O'LEARY Louise (UG),O'LEARY Louise (UG),O'LEARY Louise (UG),O'LEARY Louise (UG),O'LEARY Louise (UG)
NSW_Local_Government_2021_Parkes 10 seats.csv__hit148,O'LEARY Louise (UG),O'LEARY Louise (UG),O'LEARY Louise (UG),O'LEARY Louise (UG),O'LEARY Louise (UG),JAYET Bill (UG),JAYET Bill (UG),O'LEARY Louise (UG),KEITH Ken (UG),JAYET Bill (UG)
NSW_Local_Government_2021_Parkes 10 seats.csv__hit149,JAYET Bill (UG),JAYET Bill (UG),JAYET Bill (UG),JAYET Bill (UG),JAYET Bill (UG),JAYET Bill (UG),JAYET Bill (UG),JAYET Bill (UG),JAYET Bill (UG),JAYET Bill (UG)
NSW_Local_Government_2021_Parkes 10 seats.csv__hit150,O'LEARY Louise (UG),JAYET Bill (UG),JAYET Bill (UG),JAYET Bill (UG),JAYET Bill (UG),JAYET Bill (UG),JAYET Bill (UG),JAYET Bill (UG),JAYET Bill (UG),JAYET Bill (UG)
NSW_Local_Government_2021_Parkes 10 seats.csv__hit151,O'LEARY Louise (UG),O'LEARY Louise (UG),JAYET Bill (UG),KEITH Ken (UG),WESTCOTT Neil (UG),O'LEARY Louise (UG),O'LEARY Louise (UG),KEITH Ken (UG),JAYET Bill (UG),JAYET Bill (UG)
NSW_Local_Government_2021_Parkes 10 seats.csv__hit152,JAYET Bill (UG),JAYET Bill (UG),JAYET Bill (UG),JAYET Bill (UG),JAYET Bill (UG),JAYET Bill (UG),JAYET Bill (UG),JAYET Bill (UG),JAYET Bill (UG),JAYET Bill (UG)
NSW_Local_Government_2021_Parkes 10 seats.csv__hit153,WESTCOTT Neil (UG),JAYET Bill (UG),O'LEARY Louise (UG),JAYET Bill (UG),JAYET Bill (UG),JAYET Bill (UG),JAYET Bill (UG),JAYET Bill (UG),JAYET Bill (UG),JAYET Bill (UG)
NSW_Local_Government_2021_Parkes 10 seats.csv__hit154,WESTCOTT Neil (UG),JAYET Bill (UG),JAYET Bill (UG),JAYET Bill (UG),JAYET Bill (UG),JAYET Bill (UG),JAYET Bill (UG),JAYET Bill (UG),JAYET Bill (UG),JAYET Bill (UG)
NSW_Local_Government_2021_Parkes 10 seats.csv__hit155,O'LEARY Louise (UG),JAYET Bill (UG),JAYET Bill (UG),JAYET Bill (UG),JAYET Bill (UG),JAYET Bill (UG),JAYET Bill (UG),JAYET Bill (UG),JAYET Bill (UG),JAYET Bill (UG)
NSW_Local_Government_2021_Parkes 10 seats.csv__hit156,WESTCOTT Neil (UG),JAYET Bill (UG),JAYET Bill (UG),JAYET Bill (UG),JAYET Bill (UG),JAYET Bill (UG),JAYET Bill (UG),JAYET Bill (UG),JAYET Bill (UG),JAYET Bill (UG)
NSW_Local_Government_2021_Parkes 10 seats.csv__hit157,O'LEARY Louise (UG),O'LEARY Louise (UG),O'LEARY Louise (UG),KEITH Ken (UG),O'LEARY Louise (UG),JAYET Bill (UG),O'LEARY Louise (UG),O'LEARY Louise (UG),JAYET Bill (UG),JAYET Bill (UG)
NSW_Local_Government_2021_Parkes 10 seats.csv__hit158,O'LEARY Louise (UG),JAYET Bill (UG),O'LEARY Louise (UG),O'LEARY Louise (UG),O'LEARY Louise (UG),O'LEARY Louise (UG),O'LEARY Louise (UG),O'LEARY Louise (UG),O'LEARY Louise (UG),O'LEARY Louise (UG)
NSW_Local_Government_2021_Parkes 10 seats.csv__hit159,O'LEARY Louise (UG),O'LEARY Louise (UG),O'LEARY Louise (UG),O'LEARY Louise (UG),O'LEARY Louise (UG),O'LEARY Louise (UG),O'LEARY Louise (UG),KEITH Ken (UG),KEITH Ken (UG),JAYET Bill (UG)
NSW_Local_Government_2021_Parkes 10 seats.csv__hit160,WESTCOTT Neil (UG),O'LEARY Louise (UG),JAYET Bill (UG),JAYET Bill (UG),JAYET Bill (UG),JAYET Bill (UG),JAYET Bill (UG),JAYET Bill (UG),JAYET Bill (UG),JAYET Bill (UG)
NSW_Local_Government_2021_Parkes 10 seats.csv__hit161,JAYET Bill (UG),O'LEARY Louise (UG),JAYET Bill (UG),JAYET Bill (UG),JAYET Bill (UG),JAYET Bill (UG),JAYET Bill (UG),JAYET Bill (UG),JAYET Bill (UG),JAYET Bill (UG)
NSW_Local_Government_2021_Parkes 10 seats.csv__hit162,WESTCOTT Neil (UG),JAYET Bill (UG),JAYET Bill (UG),JAYET Bill (UG),JAYET Bill (UG),JAYET Bill (UG),JAYET Bill (UG),JAYET Bill (UG),JAYET Bill (UG),JAYET Bill (UG)
NSW_Local_Government_2021_Parkes 10 seats.csv__hit163,O'LEARY Louise (UG),O'LEARY Louise (UG),O'LEARY Louise (UG),KEITH Ken (UG),WESTCOTT Neil (UG),O'LEARY Louise (UG),O'LEARY Louise (UG),KEITH Ken (UG),KEITH Ken (UG),O'LEARY Louise (UG)
NSW_Local_Government_2021_Parkes 10 seats.csv__hit164,O'LEARY Louise (UG),O'LEARY Louise (UG),JAYET Bill (UG),JAYET Bill (UG),JAYET Bill (UG),JAYET Bill (UG),JAYET Bill (UG),JAYET Bill (UG),JAYET Bill (UG),JAYET Bill (UG)
NSW_Local_Government_2021_Parkes 10 seats.csv__hit165,O'LEARY Louise (UG),WESTCOTT Neil (UG),JAYET Bill (UG),JAYET Bill (UG),JAYET Bill (UG),JAYET Bill (UG),JAYET Bill (UG),JAYET Bill (UG),JAYET Bill (UG),JAYET Bill (UG)
NSW_Local_Government_2021_Parkes 10 seats.csv__hit166,JAYET Bill (UG),JAYET Bill (UG),JAYET Bill (UG),JAYET Bill (UG),JAYET Bill (UG),JAYET Bill (UG),JAYET Bill (UG),JAYET Bill (UG),JAYET Bill (UG),JAYET Bill (UG)
NSW_Local_Government_2021_Parkes 10 seats.csv__hit167,JAYET Bill (UG),WESTCOTT Neil (UG),JAYET Bill (UG),JAYET Bill (UG),JAYET Bill (UG),JAYET Bill (UG),JAYET Bill (UG),JAYET Bill (UG),JAYET Bill (UG),JAYET Bill (UG)
NSW_Local_Government_2021_Parkes 10 seats.csv__hit168,O'LEARY Louise (UG),O'LEARY Louise (UG),O'LEARY Louise (UG),KEITH Ken (UG),JAYET Bill (UG),O'LEARY Louise (UG),O'LEARY Louise (UG),O'LEARY Louise (UG),KEITH Ken (UG),JAYET Bill (UG)
NSW_Local_Government_2021_Parkes 10 seats.csv__hit169,O'LEARY Louise (UG),O'LEARY Louise (UG),O'LEARY Louise (UG),O'LEARY Louise (UG),O'LEARY Louise (UG),O'LEARY Louise (UG),O'LEARY Louise (UG),O'LEARY Louise (UG),O'LEARY Louise (UG),O'LEARY Louise (UG)
NSW_Local_Government_2021_Parkes 10 seats.csv__hit170,JAYET Bill (UG),O'LEARY Louise (UG),WESTCOTT Neil (UG),JAYET Bill (UG),JAYET Bill (UG),JAYET Bill (UG),JAYET Bill (UG),JAYET Bill (UG),JAYET Bill (UG),JAYET Bill (UG)
NSW_Local_Government_2021_Parkes 10 seats.csv__hit171,O'LEARY Louise (UG),O'LEARY Louise (UG),O'LEARY Louise (UG),JAYET Bill (UG),O'LEARY Louise (UG),O'LEARY Louise (UG),O'LEARY Louise (UG),O'LEARY Louise (UG),KEITH Ken (UG),JAYET Bill (UG)
NSW_Local_Government_2021_Parkes 10 seats.csv__hit172,O'LEARY Louise (UG),O'LEARY Louise (UG),JAYET Bill (UG),JAYET Bill (UG),JAYET Bill (UG),JAYET Bill (UG),JAYET Bill (UG),JAYET Bill (UG),JAYET Bill (UG),JAYET Bill (UG)
NSW_Local_Government_2021_Parkes 10 seats.csv__hit173,JAYET Bill (UG),JAYET Bill (UG),JAYET Bill (UG),JAYET Bill (UG),JAYET Bill (UG),JAYET Bill (UG),JAYET Bill (UG),JAYET Bill (UG),JAYET Bill (UG),JAYET Bill (UG)
NSW_Local_Government_2021_Parkes 10 seats.csv__hit174,O'LEARY Louise (UG),JAYET Bill (UG),JAYET Bill (UG),JAYET Bill (UG),JAYET Bill (UG),JAYET Bill (UG),JAYET Bill (UG),JAYET Bill (UG),JAYET Bill (UG),JAYET Bill (UG)
NSW_Local_Government_2021_Parkes 10 seats.csv__hit175,JAYET Bill (UG),O'LEARY Louise (UG),JAYET Bill (UG),JAYET Bill (UG),O'LEARY Louise (UG),JAYET Bill (UG),JAYET Bill (UG),JAYET Bill (UG),JAYET Bill (UG),JAYET Bill (UG)
NSW_Local_Government_2021_Parkes 10 seats.csv__hit176,O'LEARY Louise (UG),O'LEARY Louise (UG),O'LEARY Louise (UG),O'LEARY Louise (UG),KEITH Ken (UG),O'LEARY Louise (UG),O'LEARY Louise (UG),KEITH Ken (UG),KEITH Ken (UG),O'LEARY Louise (UG)
NSW_Local_Government_2021_Parkes 10 seats.csv__hit177,JAYET Bill (UG),JAYET Bill (UG),JAYET Bill (UG),JAYET Bill (UG),JAYET Bill (UG),JAYET Bill (UG),JAYET Bill (UG),JAYET Bill (UG),JAYET Bill (UG),JAYET Bill (UG)
NSW_Local_Government_2021_Parkes 10 seats.csv__hit178,O'LEARY Louise (UG),JAYET Bill (UG),O'LEARY Louise (UG),JAYET Bill (UG),JAYET Bill (UG),JAYET Bill (UG),JAYET Bill (UG),JAYET Bill (UG),JAYET Bill (UG),JAYET Bill (UG)
NSW_Local_Government_2021_Parkes 10 seats.csv__hit179,JAYET Bill (UG),JAYET Bill (UG),JAYET Bill (UG),JAYET Bill (UG),JAYET Bill (UG),JAYET Bill (UG),JAYET Bill (UG),JAYET Bill (UG),JAYET Bill (UG),JAYET Bill (UG)
NSW_Local_Government_2021_Parkes 10 seats.csv__hit180,O'LEARY Louise (UG),JAYET Bill (UG),JAYET Bill (UG),JAYET Bill (UG),JAYET Bill (UG),JAYET Bill (UG),JAYET Bill (UG),JAYET Bill (UG),JAYET Bill (UG),JAYET Bill (UG)
NSW_Local_Government_2021_Parkes 10 seats.csv__hit181,WESTCOTT Neil (UG),O'LEARY Louise (UG),JAYET Bill (UG),JAYET Bill (UG),JAYET Bill (UG),JAYET Bill (UG),JAYET Bill (UG),JAYET Bill (UG),JAYET Bill (UG),JAYET Bill (UG)
NSW_Local_Government_2021_Parkes 10 seats.csv__hit182,JAYET Bill (UG),JAYET Bill (UG),JAYET Bill (UG),JAYET Bill (UG),JAYET Bill (UG),JAYET Bill (UG),JAYET Bill (UG),JAYET Bill (UG),JAYET Bill (UG),JAYET Bill (UG)
NSW_Local_Government_2021_Parkes 10 seats.csv__hit183,JAYET Bill (UG),JAYET Bill (UG),JAYET Bill (UG),JAYET Bill (UG),JAYET Bill (UG),JAYET Bill (UG),JAYET Bill (UG),JAYET Bill (UG),JAYET Bill (UG),JAYET Bill (UG)
NSW_Local_Government_2021_Parkes 10 seats.csv__hit184,JAYET Bill (UG),JAYET Bill (UG),JAYET Bill (UG),JAYET Bill (UG),JAYET Bill (UG),JAYET Bill (UG),JAYET Bill (UG),JAYET Bill (UG),JAYET Bill (UG),JAYET Bill (UG)
NSW_Local_Government_2021_Parkes 10 seats.csv__hit185,JAYET Bill (UG),JAYET Bill (UG),JAYET Bill (UG),JAYET Bill (UG),JAYET Bill (UG),JAYET Bill (UG),JAYET Bill (UG),JAYET Bill (UG),JAYET Bill (UG),JAYET Bill (UG)
NSW_Local_Government_2021_Parkes 10 seats.csv__hit186,JAYET Bill (UG),O'LEARY Louise (UG),JAYET Bill (UG),JAYET Bill (UG),JAYET Bill (UG),JAYET Bill (UG),JAYET Bill (UG),JAYET Bill (UG),JAYET Bill (UG),JAYET Bill (UG)
NSW_Local_Government_2021_Parkes 10 seats.csv__hit187,WESTCOTT Neil (UG),JAYET Bill (UG),JAYET Bill (UG),JAYET Bill (UG),JAYET Bill (UG),JAYET Bill (UG),JAYET Bill (UG),JAYET Bill (UG),JAYET Bill (UG),JAYET Bill (UG)
NSW_Local_Government_2021_Parkes 10 seats.csv__hit188,O'LEARY Louise (UG),O'LEARY Louise (UG),O'LEARY Louise (UG),O'LEARY Louise (UG),KEITH Ken (UG),O'LEARY Louise (UG),O'LEARY Louise (UG),KEITH Ken (UG),KEITH Ken (UG),KEITH Ken (UG)
NSW_Local_Government_2021_Parkes 10 seats.csv__hit189,WESTCOTT Neil (UG),O'LEARY Louise (UG),JAYET Bill (UG),JAYET Bill (UG),JAYET Bill (UG),JAYET Bill (UG),JAYET Bill (UG),JAYET Bill (UG),JAYET Bill (UG),JAYET Bill (UG)
NSW_Local_Government_2021_Parkes 10 seats.csv__hit190,O'LEARY Louise (UG),O'LEARY Louise (UG),O'LEARY Louise (UG),O'LEARY Louise (UG),O'LEARY Louise (UG),O'LEARY Louise (UG),O'LEARY Louise (UG),O'LEARY Louise (UG),KEITH Ken (UG),JAYET Bill (UG)
NSW_Local_Government_2021_Parkes 10 seats.csv__hit191,O'LEARY Louise (UG),O'LEARY Louise (UG),JAYET Bill (UG),JAYET Bill (UG),JAYET Bill (UG),JAYET Bill (UG),JAYET Bill (UG),JAYET Bill (UG),JAYET Bill (UG),JAYET Bill (UG)
NSW_Local_Government_2021_Parkes 10 seats.csv__hit192,WESTCOTT Neil (UG),O'LEARY Louise (UG),JAYET Bill (UG),JAYET Bill (UG),WESTCOTT Neil (UG),JAYET Bill (UG),JAYET Bill (UG),JAYET Bill (UG),JAYET Bill (UG),JAYET Bill (UG)
NSW_Local_Government_2021_Parkes 10 seats.csv__hit193,O'LEARY Louise (UG),O'LEARY Louise (UG),O'LEARY Louise (UG),O'LEARY Louise (UG),KEITH Ken (UG),O'LEARY Louise (UG),O'LEARY Louise (UG),KEITH Ken (UG),KEITH Ken (UG),JAYET Bill (UG)
NSW_Local_Government_2021_Parkes 10 seats.csv__hit194,O'LEARY Louise (UG),JAYET Bill (UG),JAYET Bill (UG),JAYET Bill (UG),JAYET Bill (UG),JAYET Bill (UG),JAYET Bill (UG),JAYET Bill (UG),JAYET Bill (UG),JAYET Bill (UG)
NSW_Local_Government_2021_Parkes 10 seats.csv__hit195,O'LEARY Louise (UG),O'LEARY Louise (UG),O'LEARY Louise (UG),O'LEARY Louise (UG),O'LEARY Louise (UG),O'LEARY Louise (UG),O'LEARY Louise (UG),O'LEARY Louise (UG),KEITH Ken (UG),JAYET Bill (UG)
NSW_Local_Government_2021_Parkes 10 seats.csv__hit196,JAYET Bill (UG),JAYET Bill (UG),JAYET Bill (UG),JAYET Bill (UG),JAYET Bill (UG),JAYET Bill (UG),JAYET Bill (UG),JAYET Bill (UG),JAYET Bill (UG),JAYET Bill (UG)
NSW_Local_Government_2021_Parkes 10 seats.csv__hit197,WESTCOTT Neil (UG),WESTCOTT Neil (UG),O'LEARY Louise (UG),JAYET Bill (UG),JAYET Bill (UG),JAYET Bill (UG),JAYET Bill (UG),JAYET Bill (UG),JAYET Bill (UG),JAYET Bill (UG)
NSW_Local_Government_2021_Parkes 10 seats.csv__hit198,JAYET Bill (UG),JAYET Bill (UG),O'LEARY Louise (UG),JAYET Bill (UG),JAYET Bill (UG),JAYET Bill (UG),JAYET Bill (UG),JAYET Bill (UG),JAYET Bill (UG),JAYET Bill (UG)
NSW_Local_Government_2021_Parkes 10 seats.csv__hit199,O'LEARY Louise (UG),O'LEARY Louise (UG),O'LEARY Louise (UG),O'LEARY Louise (UG),WESTCOTT Neil (UG),O'LEARY Louise (UG),O'LEARY Louise (UG),KEITH Ken (UG),KEITH Ken (UG),JAYET Bill (UG)
NSW_Local_Government_2017_Waverley_-_Lawson_Ward 3 seats.csv__hit0,CUSACK Andrew (A),MASSELOS Paula (C),MASSELOS Paula (C),MASSELOS Paula (C),MASSELOS Paula (C),MASSELOS Paula (C),MASSELOS Paula (C),MASSELOS Paula (C),MASSELOS Paula (C),MASSELOS Paula (C)
NSW_Local_Government_2017_Waverley_-_Lawson_Ward 3 seats.csv__hit1,MASSELOS Paula (C),MASSELOS Paula (C),MASSELOS Paula (C),MASSELOS Paula (C),MASSELOS Paula (C),MASSELOS Paula (C),MASSELOS Paula (C),MASSELOS Paula (C),MASSELOS Paula (C),MASSELOS Paula (C)
NSW_Local_Government_2017_Waverley_-_Lawson_Ward 3 seats.csv__hit2,MASSELOS Paula (C),MASSELOS Paula (C),MASSELOS Paula (C),MASSELOS Paula (C),MASSELOS Paula (C),MASSELOS Paula (C),MASSELOS Paula (C),MASSELOS Paula (C),MASSELOS Paula (C),MASSELOS Paula (C)
NSW_Local_Government_2017_Waverley_-_Lawson_Ward 3 seats.csv__hit3,MASSELOS Paula (C),MASSELOS Paula (C),MASSELOS Paula (C),MASSELOS Paula (C),MASSELOS Paula (C),MASSELOS Paula (C),MASSELOS Paula (C),MASSELOS Paula (C),MASSELOS Paula (C),MASSELOS Paula (C)
NSW_Local_Government_2017_Waverley_-_Lawson_Ward 3 seats.csv__hit4,MASSELOS Paula (C),MASSELOS Paula (C),MASSELOS Paula (C),MASSELOS Paula (C),MASSELOS Paula (C),MASSELOS Paula (C),MASSELOS Paula (C),MASSELOS Paula (C),MASSELOS Paula (C),MASSELOS Paula (C)
NSW_Local_Government_2017_Waverley_-_Lawson_Ward 3 seats.csv__hit5,CUSACK Andrew (A),MASSELOS Paula (C),MASSELOS Paula (C),MASSELOS Paula (C),MASSELOS Paula (C),MASSELOS Paula (C),MASSELOS Paula (C),MASSELOS Paula (C),MASSELOS Paula (C),MASSELOS Paula (C)
NSW_Local_Government_2017_Waverley_-_Lawson_Ward 3 seats.csv__hit6,CUSACK Andrew (A),MASSELOS Paula (C),MASSELOS Paula (C),MASSELOS Paula (C),MASSELOS Paula (C),MASSELOS Paula (C),MASSELOS Paula (C),MASSELOS Paula (C),MASSELOS Paula (C),MASSELOS Paula (C)
NSW_Local_Government_2017_Waverley_-_Lawson_Ward 3 seats.csv__hit7,MASSELOS Paula (C),MASSELOS Paula (C),MASSELOS Paula (C),MASSELOS Paula (C),MASSELOS Paula (C),MASSELOS Paula (C),MASSELOS Paula (C),MASSELOS Paula (C),MASSELOS Paula (C),MASSELOS Paula (C)
NSW_Local_Government_2017_Waverley_-_Lawson_Ward 3 seats.csv__hit8,MASSELOS Paula (C),MASSELOS Paula (C),MASSELOS Paula (C),MASSELOS Paula (C),MASSELOS Paula (C),MASSELOS Paula (C),MASSELOS Paula (C),MASSELOS Paula (C),MASSELOS Paula (C),MASSELOS Paula (C)
NSW_Local_Government_2017_Waverley_-_Lawson_Ward 3 seats.csv__hit9,BURRILL Angela (A),MASSELOS Paula (C),MASSELOS Paula (C),MASSELOS Paula (C),MASSELOS Paula (C),MASSELOS Paula (C),MASSELOS Paula (C),MASSELOS Paula (C),MASSELOS Paula (C),MASSELOS Paula (C)
NSW_Local_Government_2017_Waverley_-_Lawson_Ward 3 seats.csv__hit10,MASSELOS Paula (C),MASSELOS Paula (C),MASSELOS Paula (C),MASSELOS Paula (C),MASSELOS Paula (C),MASSELOS Paula (C),MASSELOS Paula (C),MASSELOS Paula (C),MASSELOS Paula (C),MASSELOS Paula (C)
NSW_Local_Government_2017_Waverley_-_Lawson_Ward 3 seats.csv__hit11,CUSACK Andrew (A),MASSELOS Paula (C),MASSELOS Paula (C),MASSELOS Paula (C),MASSELOS Paula (C),MASSELOS Paula (C),MASSELOS Paula (C),MASSELOS Paula (C),MASSELOS Paula (C),MASSELOS Paula (C)
NSW_Local_Government_2017_Waverley_-_Lawson_Ward 3 seats.csv__hit12,MASSELOS Paula (C),MASSELOS Paula (C),MASSELOS Paula (C),MASSELOS Paula (C),MASSELOS Paula (C),MASSELOS Paula (C),MASSELOS Paula (C),MASSELOS Paula (C),MASSELOS Paula (C),MASSELOS Paula (C)
NSW_Local_Government_2017_Waverley_-_Lawson_Ward 3 seats.csv__hit13,MASSELOS Paula (C),MASSELOS Paula (C),MASSELOS Paula (C),MASSELOS Paula (C),MASSELOS Paula (C),MASSELOS Paula (C),MASSELOS Paula (C),MASSELOS Paula (C),MASSELOS Paula (C),MASSELOS Paula (C)
NSW_Local_Government_2017_Waverley_-_Lawson_Ward 3 seats.csv__hit14,CUSACK Andrew (A),MASSELOS Paula (C),MASSELOS Paula (C),MASSELOS Paula (C),MASSELOS Paula (C),MASSELOS Paula (C),MASSELOS Paula (C),MASSELOS Paula (C),MASSELOS Paula (C),MASSELOS Paula (C)
NSW_Local_Government_2017_Waverley_-_Lawson_Ward 3 seats.csv__hit15,MASSELOS Paula (C),MASSELOS Paula (C),MASSELOS Paula (C),MASSELOS Paula (C),MASSELOS Paula (C),MASSELOS Paula (C),MASSELOS Paula (C),MASSELOS Paula (C),MASSELOS Paula (C),MASSELOS Paula (C)
NSW_Local_Government_2017_Waverley_-_Lawson_Ward 3 seats.csv__hit16,MASSELOS Paula (C),MASSELOS Paula (C),MASSELOS Paula (C),MASSELOS Paula (C),MASSELOS Paula (C),MASSELOS Paula (C),MASSELOS Paula (C),MASSELOS Paula (C),MASSELOS Paula (C),MASSELOS Paula (C)
NSW_Local_Government_2017_Waverley_-_Lawson_Ward 3 seats.csv__hit17,CUSACK Andrew (A),MASSELOS Paula (C),MASSELOS Paula (C),MASSELOS Paula (C),MASSELOS Paula (C),MASSELOS Paula (C),MASSELOS Paula (C),MASSELOS Paula (C),MASSELOS Paula (C),MASSELOS Paula (C)
NSW_Local_Government_2017_Waverley_-_Lawson_Ward 3 seats.csv__hit18,CUSACK Andrew (A),MASSELOS Paula (C),MASSELOS Paula (C),MASSELOS Paula (C),MASSELOS Paula (C),MASSELOS Paula (C),MASSELOS Paula (C),MASSELOS Paula (C),MASSELOS Paula (C),MASSELOS Paula (C)
NSW_Local_Government_2017_Waverley_-_Lawson_Ward 3 seats.csv__hit19,CUSACK Andrew (A),MASSELOS Paula (C),MASSELOS Paula (C),MASSELOS Paula (C),MASSELOS Paula (C),MASSELOS Paula (C),MASSELOS Paula (C),MASSELOS Paula (C),MASSELOS Paula (C),MASSELOS Paula (C)
NSW_Local_Government_2017_Waverley_-_Lawson_Ward 3 seats.csv__hit20,MASSELOS Paula (C),MASSELOS Paula (C),MASSELOS Paula (C),MASSELOS Paula (C),MASSELOS Paula (C),MASSELOS Paula (C),MASSELOS Paula (C),MASSELOS Paula (C),MASSELOS Paula (C),MASSELOS Paula (C)
NSW_Local_Government_2017_Waverley_-_Lawson_Ward 3 seats.csv__hit21,MASSELOS Paula (C),MASSELOS Paula (C),MASSELOS Paula (C),MASSELOS Paula (C),MASSELOS Paula (C),MASSELOS Paula (C),MASSELOS Paula (C),MASSELOS Paula (C),MASSELOS Paula (C),MASSELOS Paula (C)
NSW_Local_Government_2017_Waverley_-_Lawson_Ward 3 seats.csv__hit22,MASSELOS Paula (C),MASSELOS Paula (C),MASSELOS Paula (C),MASSELOS Paula (C),MASSELOS Paula (C),MASSELOS Paula (C),MASSELOS Paula (C),MASSELOS Paula (C),MASSELOS Paula (C),MASSELOS Paula (C)
NSW_Local_Government_2017_Waverley_-_Lawson_Ward 3 seats.csv__hit23,MASSELOS Paula (C),MASSELOS Paula (C),MASSELOS Paula (C),MASSELOS Paula (C),MASSELOS Paula (C),MASSELOS Paula (C),MASSELOS Paula (C),MASSELOS Paula (C),MASSELOS Paula (C),MASSELOS Paula (C)
NSW_Local_Government_2017_Waverley_-_Lawson_Ward 3 seats.csv__hit24,MASSELOS Paula (C),MASSELOS Paula (C),MASSELOS Paula (C),MASSELOS Paula (C),MASSELOS Paula (C),MASSELOS Paula (C),MASSELOS Paula (C),MASSELOS Paula (C),MASSELOS Paula (C),MASSELOS Paula (C)
NSW_Local_Government_2017_Waverley_-_Lawson_Ward 3 seats.csv__hit25,MASSELOS Paula (C),MASSELOS Paula (C),MASSELOS Paula (C),MASSELOS Paula (C),MASSELOS Paula (C),MASSELOS Paula (C),MASSELOS Paula (C),MASSELOS Paula (C),MASSELOS Paula (C),MASSELOS Paula (C)
NSW_Local_Government_2017_Waverley_-_Lawson_Ward 3 seats.csv__hit26,CUSACK Andrew (A),MASSELOS Paula (C),MASSELOS Paula (C),MASSELOS Paula (C),MASSELOS Paula (C),MASSELOS Paula (C),MASSELOS Paula (C),MASSELOS Paula (C),MASSELOS Paula (C),MASSELOS Paula (C)
NSW_Local_Government_2017_Waverley_-_Lawson_Ward 3 seats.csv__hit27,MASSELOS Paula (C),MASSELOS Paula (C),MASSELOS Paula (C),MASSELOS Paula (C),MASSELOS Paula (C),MASSELOS Paula (C),MASSELOS Paula (C),MASSELOS Paula (C),MASSELOS Paula (C),MASSELOS Paula (C)
NSW_Local_Government_2017_Waverley_-_Lawson_Ward 3 seats.csv__hit28,MASSELOS Paula (C),MASSELOS Paula (C),MASSELOS Paula (C),MASSELOS Paula (C),MASSELOS Paula (C),MASSELOS Paula (C),MASSELOS Paula (C),MASSELOS Paula (C),MASSELOS Paula (C),MASSELOS Paula (C)
NSW_Local_Government_2017_Waverley_-_Lawson_Ward 3 seats.csv__hit29,MASSELOS Paula (C),MASSELOS Paula (C),MASSELOS Paula (C),MASSELOS Paula (C),MASSELOS Paula (C),MASSELOS Paula (C),MASSELOS Paula (C),MASSELOS Paula (C),MASSELOS Paula (C),MASSELOS Paula (C)
NSW_Local_Government_2017_Waverley_-_Lawson_Ward 3 seats.csv__hit30,MASSELOS Paula (C),MASSELOS Paula (C),MASSELOS Paula (C),MASSELOS Paula (C),MASSELOS Paula (C),MASSELOS Paula (C),MASSELOS Paula (C),MASSELOS Paula (C),MASSELOS Paula (C),MASSELOS Paula (C)
NSW_Local_Government_2017_Waverley_-_Lawson_Ward 3 seats.csv__hit31,MASSELOS Paula (C),MASSELOS Paula (C),MASSELOS Paula (C),MASSELOS Paula (C),MASSELOS Paula (C),MASSELOS Paula (C),MASSELOS Paula (C),MASSELOS Paula (C),MASSELOS Paula (C),MASSELOS Paula (C)
NSW_Local_Government_2017_Waverley_-_Lawson_Ward 3 seats.csv__hit32,MASSELOS Paula (C),MASSELOS Paula (C),MASSELOS Paula (C),MASSELOS Paula (C),MASSELOS Paula (C),MASSELOS Paula (C),MASSELOS Paula (C),MASSELOS Paula (C),MASSELOS Paula (C),MASSELOS Paula (C)
NSW_Local_Government_2017_Waverley_-_Lawson_Ward 3 seats.csv__hit33,MASSELOS Paula (C),MASSELOS Paula (C),MASSELOS Paula (C),MASSELOS Paula (C),MASSELOS Paula (C),MASSELOS Paula (C),MASSELOS Paula (C),MASSELOS Paula (C),MASSELOS Paula (C),MASSELOS Paula (C)
NSW_Local_Government_2017_Waverley_-_Lawson_Ward 3 seats.csv__hit34,MASSELOS Paula (C),MASSELOS Paula (C),MASSELOS Paula (C),MASSELOS Paula (C),MASSELOS Paula (C),MASSELOS Paula (C),MASSELOS Paula (C),MASSELOS Paula (C),MASSELOS Paula (C),MASSELOS Paula (C)
NSW_Local_Government_2017_Waverley_-_Lawson_Ward 3 seats.csv__hit35,MASSELOS Paula (C),MASSELOS Paula (C),MASSELOS Paula (C),MASSELOS Paula (C),MASSELOS Paula (C),MASSELOS Paula (C),MASSELOS Paula (C),MASSELOS Paula (C),MASSELOS Paula (C),MASSELOS Paula (C)
NSW_Local_Government_2017_Waverley_-_Lawson_Ward 3 seats.csv__hit36,MASSELOS Paula (C),MASSELOS Paula (C),MASSELOS Paula (C),MASSELOS Paula (C),MASSELOS Paula (C),MASSELOS Paula (C),MASSELOS Paula (C),MASSELOS Paula (C),MASSELOS Paula (C),MASSELOS Paula (C)
NSW_Local_Government_2017_Waverley_-_Lawson_Ward 3 seats.csv__hit37,MASSELOS Paula (C),MASSELOS Paula (C),MASSELOS Paula (C),MASSELOS Paula (C),MASSELOS Paula (C),MASSELOS Paula (C),MASSELOS Paula (C),MASSELOS Paula (C),MASSELOS Paula (C),MASSELOS Paula (C)
NSW_Local_Government_2017_Waverley_-_Lawson_Ward 3 seats.csv__hit38,MASSELOS Paula (C),MASSELOS Paula (C),MASSELOS Paula (C),MASSELOS Paula (C),MASSELOS Paula (C),MASSELOS Paula (C),MASSELOS Paula (C),MASSELOS Paula (C),MASSELOS Paula (C),MASSELOS Paula (C)
NSW_Local_Government_2024_Federation 9 seats.csv__hit0,BOTT David (UG),BOTT David (UG),COOK Cheryl (G),BOTT David (UG),COOK Cheryl (G),SCHOEN Derek (A),SCHOEN Derek (A),SCHOEN Derek (A),SCHOEN Derek (A),SCHOEN Derek (A)
NSW_Local_Government_2024_Federation 9 seats.csv__hit1,BOTT David (UG),BOTT David (UG),BOTT David (UG),BOTT David (UG),BOTT David (UG),BLACK Rowena (UG),BLACK Rowena (UG),BLACK Rowena (UG),BLACK Rowena (UG),COOK Cheryl (G)
NSW_Local_Government_2024_Federation 9 seats.csv__hit2,BOTT David (UG),BOTT David (UG),BOTT David (UG),BOTT David (UG),BOTT David (UG),BLACK Rowena (UG),BLACK Rowena (UG),BLACK Rowena (UG),COOK Cheryl (G),COOK Cheryl (G)
NSW_Local_Government_2024_Federation 9 seats.csv__hit3,BOTT David (UG),BOTT David (UG),BOTT David (UG),BOTT David (UG),BOTT David (UG),BLACK Rowena (UG),BLACK Rowena (UG),COOK Cheryl (G),COOK Cheryl (G),COOK Cheryl (G)
NSW_Local_Government_2024_Federation 9 seats.csv__hit4,SCHOEN Derek (A),BLACK Rowena (UG),BLACK Rowena (UG),BLACK Rowena (UG),BLACK Rowena (UG),BLACK Rowena (UG),BLACK Rowena (UG),BLACK Rowena (UG),BLACK Rowena (UG),BLACK Rowena (UG)
NSW_Local_Government_2024_Federation 9 seats.csv__hit5,BOTT David (UG),BOTT David (UG),BOTT David (UG),BOTT David (UG),BOTT David (UG),BOTT David (UG),BLACK Rowena (UG),BLACK Rowena (UG),BLACK Rowena (UG),BLACK Rowena (UG)
NSW_Local_Government_2024_Federation 9 seats.csv__hit6,SCHOEN Derek (A),BOTT David (UG),BLACK Rowena (UG),BLACK Rowena (UG),BLACK Rowena (UG),BLACK Rowena (UG),BLACK Rowena (UG),BLACK Rowena (UG),BLACK Rowena (UG),BLACK Rowena (UG)
NSW_Local_Government_2024_Federation 9 seats.csv__hit7,BOTT David (UG),BOTT David (UG),BOTT David (UG),BOTT David (UG),BLACK Rowena (UG),SCHOEN Derek (A),SCHOEN Derek (A),COOK Cheryl (G),COOK Cheryl (G),COOK Cheryl (G)
NSW_Local_Government_2024_Federation 9 seats.csv__hit8,BOTT David (UG),BOTT David (UG),BOTT David (UG),BOTT David (UG),BLACK Rowena (UG),BLACK Rowena (UG),SCHOEN Derek (A),COOK Cheryl (G),COOK Cheryl (G),COOK Cheryl (G)
NSW_Local_Government_2024_Federation 9 seats.csv__hit9,BOTT David (UG),BOTT David (UG),BOTT David (UG),BOTT David (UG),BOTT David (UG),BLACK Rowena (UG),BLACK Rowena (UG),BLACK Rowena (UG),BLACK Rowena (UG),BLACK Rowena (UG)
NSW_Local_Government_2024_Federation 9 seats.csv__hit10,BOTT David (UG),BOTT David (UG),BOTT David (UG),BOTT David (UG),BOTT David (UG),COOK Cheryl (G),COOK Cheryl (G),COOK Cheryl (G),COOK Cheryl (G),COOK Cheryl (G)
NSW_Local_Government_2024_Federation 9 seats.csv__hit11,BOTT David (UG),BOTT David (UG),BOTT David (UG),BOTT David (UG),BOTT David (UG),BLACK Rowena (UG),COOK Cheryl (G),COOK Cheryl (G),COOK Cheryl (G),COOK Cheryl (G)
NSW_Local_Government_2024_Federation 9 seats.csv__hit12,SCHOEN Derek (A),BLACK Rowena (UG),BLACK Rowena (UG),BLACK Rowena (UG),BLACK Rowena (UG),BLACK Rowena (UG),SCHOEN Derek (A),BLACK Rowena (UG),COOK Cheryl (G),COOK Cheryl (G)
NSW_Local_Government_2024_Federation 9 seats.csv__hit13,SCHOEN Derek (A),BLACK Rowena (UG),BLACK Rowena (UG),BLACK Rowena (UG),BLACK Rowena (UG),BLACK Rowena (UG),BLACK Rowena (UG),BLACK Rowena (UG),BLACK Rowena (UG),BLACK Rowena (UG)
NSW_Local_Government_2024_Federation 9 seats.csv__hit14,BOTT David (UG),BOTT David (UG),BOTT David (UG),BOTT David (UG),BOTT David (UG),BLACK Rowena (UG),BLACK Rowena (UG),BLACK Rowena (UG),BLACK Rowena (UG),COOK Cheryl (G)
NSW_Local_Government_2024_Federation 9 seats.csv__hit15,BLACK Rowena (UG),BLACK Rowena (UG),BLACK Rowena (UG),BLACK Rowena (UG),BLACK Rowena (UG),BLACK Rowena (UG),BLACK Rowena (UG),BLACK Rowena (UG),BLACK Rowena (UG),BLACK Rowena (UG)
NSW_Local_Government_2024_Federation 9 seats.csv__hit16,BOTT David (UG),BOTT David (UG),BOTT David (UG),BOTT David (UG),BOTT David (UG),BLACK Rowena (UG),BLACK Rowena (UG),BLACK Rowena (UG),BLACK Rowena (UG),BLACK Rowena (UG)
NSW_Local_Government_2024_Federation 9 seats.csv__hit17,BOTT David (UG),BOTT David (UG),BOTT David (UG),BOTT David (UG),BLACK Rowena (UG),BLACK Rowena (UG),BLACK Rowena (UG),BLACK Rowena (UG),BLACK Rowena (UG),BLACK Rowena (UG)
NSW_Local_Government_2024_Federation 9 seats.csv__hit18,BOTT David (UG),BOTT David (UG),BOTT David (UG),BOTT David (UG),BOTT David (UG),BLACK Rowena (UG),COOK Cheryl (G),COOK Cheryl (G),COOK Cheryl (G),COOK Cheryl (G)
NSW_Local_Government_2024_Federation 9 seats.csv__hit19,BOTT David (UG),BOTT David (UG),BOTT David (UG),BOTT David (UG),BOTT David (UG),BLACK Rowena (UG),BLACK Rowena (UG),BLACK Rowena (UG),BLACK Rowena (UG),BLACK Rowena (UG)
NSW_Local_Government_2024_Federation 9 seats.csv__hit20,BOTT David (UG),BOTT David (UG),BOTT David (UG),BOTT David (UG),BOTT David (UG),BLACK Rowena (UG),SCHOEN Derek (A),SCHOEN Derek (A),SCHOEN Derek (A),COOK Cheryl (G)
NSW_Local_Government_2024_Federation 9 seats.csv__hit21,SCHOEN Derek (A),BLACK Rowena (UG),BLACK Rowena (UG),BLACK Rowena (UG),BLACK Rowena (UG),BLACK Rowena (UG),BLACK Rowena (UG),SCHOEN Derek (A),SCHOEN Derek (A),SCHOEN Derek (A)
NSW_Local_Government_2024_Federation 9 seats.csv__hit22,BOTT David (UG),BOTT David (UG),BOTT David (UG),BOTT David (UG),BOTT David (UG),BLACK Rowena (UG),BLACK Rowena (UG),BLACK Rowena (UG),BLACK Rowena (UG),BLACK Rowena (UG)
NSW_Local_Government_2024_Federation 9 seats.csv__hit23,BOTT David (UG),BOTT David (UG),BOTT David (UG),BOTT David (UG),BOTT David (UG),BLACK Rowena (UG),BLACK Rowena (UG),BLACK Rowena (UG),BLACK Rowena (UG),BLACK Rowena (UG)
NSW_Local_Government_2024_Federation 9 seats.csv__hit24,BOTT David (UG),BOTT David (UG),BOTT David (UG),COOK Cheryl (G),COOK Cheryl (G),BOTT David (UG),COOK Cheryl (G),COOK Cheryl (G),COOK Cheryl (G),COOK Cheryl (G)
NSW_Local_Government_2024_Federation 9 seats.csv__hit25,BOTT David (UG),BOTT David (UG),BOTT David (UG),BOTT David (UG),BOTT David (UG),BLACK Rowena (UG),BLACK Rowena (UG),BLACK Rowena (UG),BLACK Rowena (UG),BLACK Rowena (UG)
NSW_Local_Government_2024_Federation 9 seats.csv__hit26,BOTT David (UG),BOTT David (UG),BOTT David (UG),BOTT David (UG),BLACK Rowena (UG),BLACK Rowena (UG),BLACK Rowena (UG),BLACK Rowena (UG),BLACK Rowena (UG),BLACK Rowena (UG)
NSW_Local_Government_2024_Federation 9 seats.csv__hit27,BOTT David (UG),BOTT David (UG),BOTT David (UG),BOTT David (UG),BOTT David (UG),BLACK Rowena (UG),BLACK Rowena (UG),BLACK Rowena (UG),BLACK Rowena (UG),COOK Cheryl (G)
NSW_Local_Government_2024_Federation 9 seats.csv__hit28,BOTT David (UG),BOTT David (UG),BOTT David (UG),BOTT David (UG),BOTT David (UG),BLACK Rowena (UG),BLACK Rowena (UG),COOK Cheryl (G),COOK Cheryl (G),COOK Cheryl (G)
NSW_Local_Government_2024_Federation 9 seats.csv__hit29,BOTT David (UG),BOTT David (UG),BOTT David (UG),BOTT David (UG),BOTT David (UG),BLACK Rowena (UG),BLACK Rowena (UG),BLACK Rowena (UG),BLACK Rowena (UG),BLACK Rowena (UG)
NSW_Local_Government_2024_Federation 9 seats.csv__hit30,BOTT David (UG),BOTT David (UG),BOTT David (UG),BOTT David (UG),BLACK Rowena (UG),BLACK Rowena (UG),BLACK Rowena (UG),BLACK Rowena (UG),COOK Cheryl (G),COOK Cheryl (G)
NSW_Local_Government_2024_Federation 9 seats.csv__hit31,SCHOEN Derek (A),SCHOEN Derek (A),BLACK Rowena (UG),BLACK Rowena (UG),BLACK Rowena (UG),BLACK Rowena (UG),BLACK Rowena (UG),SCHOEN Derek (A),SCHOEN Derek (A),SCHOEN Derek (A)
NSW_Local_Government_2024_Federation 9 seats.csv__hit32,BOTT David (UG),BOTT David (UG),COOK Cheryl (G),BOTT David (UG),COOK Cheryl (G),COOK Cheryl (G),COOK Cheryl (G),COOK Cheryl (G),COOK Cheryl (G),COOK Cheryl (G)
NSW_Local_Government_2024_Federation 9 seats.csv__hit33,BOTT David (UG),BOTT David (UG),BOTT David (UG),BOTT David (UG),BOTT David (UG),SCHOEN Derek (A),SCHOEN Derek (A),COOK Cheryl (G),COOK Cheryl (G),COOK Cheryl (G)
NSW_Local_Government_2024_Federation 9 seats.csv__hit34,BOTT David (UG),BOTT David (UG),BOTT David (UG),BOTT David (UG),BOTT David (UG),BLACK Rowena (UG),BLACK Rowena (UG),BLACK Rowena (UG),BLACK Rowena (UG),BLACK Rowena (UG)
NSW_Local_Government_2024_Federation 9 seats.csv__hit35,BOTT David (UG),BOTT David (UG),BOTT David (UG),BOTT David (UG),BOTT David (UG),BLACK Rowena (UG),BLACK Rowena (UG),BLACK Rowena (UG),BLACK Rowena (UG),BLACK Rowena (UG)
NSW_Local_Government_2024_Federation 9 seats.csv__hit36,BOTT David (UG),BOTT David (UG),BOTT David (UG),BOTT David (UG),BOTT David (UG),BLACK Rowena (UG),BLACK Rowena (UG),BLACK Rowena (UG),BLACK Rowena (UG),BLACK Rowena (UG)
NSW_Local_Government_2024_Federation 9 seats.csv__hit37,BOTT David (UG),BOTT David (UG),BOTT David (UG),BOTT David (UG),BOTT David (UG),NIXON Richard (F),NIXON Richard (F),NIXON Richard (F),NIXON Richard (F),NIXON Richard (F)
NSW_Local_Government_2024_Federation 9 seats.csv__hit38,BOTT David (UG),BOTT David (UG),BOTT David (UG),BOTT David (UG),BLACK Rowena (UG),BLACK Rowena (UG),BLACK Rowena (UG),BLACK Rowena (UG),BLACK Rowena (UG),BLACK Rowena (UG)
NSW_Local_Government_2024_Federation 9 seats.csv__hit39,SCHOEN Derek (A),BLACK Rowena (UG),BLACK Rowena (UG),BLACK Rowena (UG),BLACK Rowena (UG),BLACK Rowena (UG),BLACK Rowena (UG),BLACK Rowena (UG),BLACK Rowena (UG),BLACK Rowena (UG)
NSW_Local_Government_2024_Federation 9 seats.csv__hit40,BOTT David (UG),BOTT David (UG),BOTT David (UG),BOTT David (UG),BOTT David (UG),COOK Cheryl (G),COOK Cheryl (G),COOK Cheryl (G),COOK Cheryl (G),COOK Cheryl (G)
NSW_Local_Government_2024_Federation 9 seats.csv__hit41,SCHOEN Derek (A),BOTT David (UG),BLACK Rowena (UG),BLACK Rowena (UG),BLACK Rowena (UG),SCHOEN Derek (A),BLACK Rowena (UG),BLACK Rowena (UG),BLACK Rowena (UG),BLACK Rowena (UG)
NSW_Local_Government_2024_Federation 9 seats.csv__hit42,SCHOEN Derek (A),BLACK Rowena (UG),BLACK Rowena (UG),BLACK Rowena (UG),BLACK Rowena (UG),SCHOEN Derek (A),SCHOEN Derek (A),SCHOEN Derek (A),SCHOEN Derek (A),SCHOEN Derek (A)
NSW_Local_Government_2024_Federation 9 seats.csv__hit43,BOTT David (UG),BOTT David (UG),BOTT David (UG),BOTT David (UG),BOTT David (UG),BLACK Rowena (UG),BLACK Rowena (UG),BLACK Rowena (UG),BLACK Rowena (UG),BLACK Rowena (UG)
NSW_Local_Government_2024_Federation 9 seats.csv__hit44,SCHOEN Derek (A),BLACK Rowena (UG),BLACK Rowena (UG),BLACK Rowena (UG),BLACK Rowena (UG),BLACK Rowena (UG),SCHOEN Derek (A),SCHOEN Derek (A),SCHOEN Derek (A),SCHOEN Derek (A)
NSW_Local_Government_2024_Federation 9 seats.csv__hit45,BOTT David (UG),BOTT David (UG),BOTT David (UG),BOTT David (UG),BOTT David (UG),BLACK Rowena (UG),SCHOEN Derek (A),SCHOEN Derek (A),SCHOEN Derek (A),SCHOEN Derek (A)
NSW_Local_Government_2024_Federation 9 seats.csv__hit46,BOTT David (UG),BOTT David (UG),BOTT David (UG),BOTT David (UG),BOTT David (UG),BLACK Rowena (UG),BLACK Rowena (UG),BLACK Rowena (UG),BLACK Rowena (UG),SCHOEN Derek (A)
NSW_Local_Government_2024_Federation 9 seats.csv__hit47,BOTT David (UG),BOTT David (UG),BOTT David (UG),BOTT David (UG),BOTT David (UG),BLACK Rowena (UG),BLACK Rowena (UG),BLACK Rowena (UG),BLACK Rowena (UG),BLACK Rowena (UG)
NSW_Local_Government_2024_Federation 9 seats.csv__hit48,BOTT David (UG),BOTT David (UG),BOTT David (UG),BOTT David (UG),BOTT David (UG),BLACK Rowena (UG),BLACK Rowena (UG),COOK Cheryl (G),COOK Cheryl (G),COOK Cheryl (G)
NSW_Local_Government_2024_Federation 9 seats.csv__hit49,BOTT David (UG),BOTT David (UG),COOK Cheryl (G),COOK Cheryl (G),COOK Cheryl (G),COOK Cheryl (G),COOK Cheryl (G),COOK Cheryl (G),COOK Cheryl (G),COOK Cheryl (G)
NSW_Local_Government_2024_Federation 9 seats.csv__hit50,BOTT David (UG),BOTT David (UG),COOK Cheryl (G),COOK Cheryl (G),COOK Cheryl (G),COOK Cheryl (G),NIXON Richard (F),NIXON Richard (F),NIXON Richard (F),NIXON Richard (F)
NSW_Local_Government_2024_Federation 9 seats.csv__hit51,BOTT David (UG),BOTT David (UG),BOTT David (UG),BOTT David (UG),BLACK Rowena (UG),BLACK Rowena (UG),BLACK Rowena (UG),BLACK Rowena (UG),BLACK Rowena (UG),BLACK Rowena (UG)
NSW_Local_Government_2024_Federation 9 seats.csv__hit52,BOTT David (UG),BOTT David (UG),BOTT David (UG),BOTT David (UG),BLACK Rowena (UG),BLACK Rowena (UG),SCHOEN Derek (A),SCHOEN Derek (A),SCHOEN Derek (A),SCHOEN Derek (A)
NSW_Local_Government_2024_Federation 9 seats.csv__hit53,COOK Cheryl (G),BOTT David (UG),BOTT David (UG),BOTT David (UG),BOTT David (UG),BLACK Rowena (UG),COOK Cheryl (G),COOK Cheryl (G),COOK Cheryl (G),COOK Cheryl (G)
NSW_Local_Government_2024_Federation 9 seats.csv__hit54,BOTT David (UG),BOTT David (UG),BOTT David (UG),BOTT David (UG),BOTT David (UG),BLACK Rowena (UG),COOK Cheryl (G),COOK Cheryl (G),COOK Cheryl (G),COOK Cheryl (G)
NSW_Local_Government_2024_Federation 9 seats.csv__hit55,SCHOEN Derek (A),SCHOEN Derek (A),BLACK Rowena (UG),BLACK Rowena (UG),BLACK Rowena (UG),BLACK Rowena (UG),COOK Cheryl (G),COOK Cheryl (G),COOK Cheryl (G),COOK Cheryl (G)
NSW_Local_Government_2024_Federation 9 seats.csv__hit56,BOTT David (UG),BOTT David (UG),BOTT David (UG),BOTT David (UG),BOTT David (UG),BLACK Rowena (UG),BLACK Rowena (UG),BLACK Rowena (UG),BLACK Rowena (UG),BLACK Rowena (UG)
NSW_Local_Government_2024_Federation 9 seats.csv__hit57,SCHOEN Derek (A),SCHOEN Derek (A),BLACK Rowena (UG),BLACK Rowena (UG),SCHOEN Derek (A),SCHOEN Derek (A),SCHOEN Derek (A),SCHOEN Derek (A),SCHOEN Derek (A),SCHOEN Derek (A)
NSW_Local_Government_2024_Federation 9 seats.csv__hit58,BOTT David (UG),BOTT David (UG),BOTT David (UG),BOTT David (UG),BOTT David (UG),BLACK Rowena (UG),BLACK Rowena (UG),BLACK Rowena (UG),BLACK Rowena (UG),COOK Cheryl (G)
NSW_Local_Government_2024_Federation 9 seats.csv__hit59,BOTT David (UG),BOTT David (UG),BOTT David (UG),BOTT David (UG),BOTT David (UG),BLACK Rowena (UG),BLACK Rowena (UG),BLACK Rowena (UG),BLACK Rowena (UG),BLACK Rowena (UG)
NSW_Local_Government_2024_Federation 9 seats.csv__hit60,BOTT David (UG),BOTT David (UG),BOTT David (UG),BOTT David (UG),BOTT David (UG),BLACK Rowena (UG),BLACK Rowena (UG),COOK Cheryl (G),COOK Cheryl (G),COOK Cheryl (G)
NSW_Local_Government_2024_Federation 9 seats.csv__hit61,BOTT David (UG),BOTT David (UG),BOTT David (UG),BOTT David (UG),BOTT David (UG),BLACK Rowena (UG),BLACK Rowena (UG),BLACK Rowena (UG),BLACK Rowena (UG),COOK Cheryl (G)
NSW_Local_Government_2024_Federation 9 seats.csv__hit62,SCHOEN Derek (A),BLACK Rowena (UG),BLACK Rowena (UG),BLACK Rowena (UG),BLACK Rowena (UG),BLACK Rowena (UG),BLACK Rowena (UG),BLACK Rowena (UG),BLACK Rowena (UG),BLACK Rowena (UG)
NSW_Local_Government_2024_Federation 9 seats.csv__hit63,BOTT David (UG),BOTT David (UG),BOTT David (UG),BOTT David (UG),SCHOEN Derek (A),SCHOEN Derek (A),SCHOEN Derek (A),SCHOEN Derek (A),SCHOEN Derek (A),SCHOEN Derek (A)
NSW_Local_Government_2024_Federation 9 seats.csv__hit64,SCHOEN Derek (A),BLACK Rowena (UG),BLACK Rowena (UG),BLACK Rowena (UG),BLACK Rowena (UG),SCHOEN Derek (A),SCHOEN Derek (A),SCHOEN Derek (A),SCHOEN Derek (A),SCHOEN Derek (A)
NSW_Local_Government_2024_Federation 9 seats.csv__hit65,BOTT David (UG),BOTT David (UG),BOTT David (UG),BOTT David (UG),BOTT David (UG),BLACK Rowena (UG),COOK Cheryl (G),COOK Cheryl (G),COOK Cheryl (G),COOK Cheryl (G)
NSW_Local_Government_2024_Federation 9 seats.csv__hit66,BOTT David (UG),BOTT David (UG),BOTT David (UG),BOTT David (UG),BOTT David (UG),BLACK Rowena (UG),BLACK Rowena (UG),BLACK Rowena (UG),BLACK Rowena (UG),COOK Cheryl (G)
NSW_Local_Government_2024_Federation 9 seats.csv__hit67,BOTT David (UG),BOTT David (UG),BOTT David (UG),BOTT David (UG),BOTT David (UG),BLACK Rowena (UG),BLACK Rowena (UG),BLACK Rowena (UG),BLACK Rowena (UG),BLACK Rowena (UG)
NSW_Local_Government_2024_Federation 9 seats.csv__hit68,BOTT David (UG),BOTT David (UG),BOTT David (UG),BOTT David (UG),BOTT David (UG),COOK Cheryl (G),COOK Cheryl (G),COOK Cheryl (G),COOK Cheryl (G),COOK Cheryl (G)
NSW_Local_Government_2024_Federation 9 seats.csv__hit69,BOTT David (UG),BOTT David (UG),BOTT David (UG),BOTT David (UG),BOTT David (UG),BLACK Rowena (UG),BLACK Rowena (UG),BLACK Rowena (UG),BLACK Rowena (UG),BLACK Rowena (UG)
NSW_Local_Government_2024_Federation 9 seats.csv__hit70,BOTT David (UG),BOTT David (UG),BOTT David (UG),BOTT David (UG),BLACK Rowena (UG),BLACK Rowena (UG),BLACK Rowena (UG),BLACK Rowena (UG),BLACK Rowena (UG),BLACK Rowena (UG)
NSW_Local_Government_2024_Federation 9 seats.csv__hit71,BLACK Rowena (UG),BLACK Rowena (UG),BLACK Rowena (UG),BLACK Rowena (UG),BLACK Rowena (UG),BLACK Rowena (UG),SCHOEN Derek (A),SCHOEN Derek (A),SCHOEN Derek (A),SCHOEN Derek (A)
NSW_Local_Government_2024_Federation 9 seats.csv__hit72,BOTT David (UG),BOTT David (UG),BOTT David (UG),BOTT David (UG),BOTT David (UG),BLACK Rowena (UG),COOK Cheryl (G),COOK Cheryl (G),COOK Cheryl (G),COOK Cheryl (G)
NSW_Local_Government_2024_Federation 9 seats.csv__hit73,BOTT David (UG),SCHOEN Derek (A),BLACK Rowena (UG),BLACK Rowena (UG),BLACK Rowena (UG),BLACK Rowena (UG),BLACK Rowena (UG),BLACK Rowena (UG),BLACK Rowena (UG),BLACK Rowena (UG)
NSW_Local_Government_2024_Federation 9 seats.csv__hit74,SCHOEN Derek (A),BLACK Rowena (UG),COOK Cheryl (G),BLACK Rowena (UG),COOK Cheryl (G),COOK Cheryl (G),COOK Cheryl (G),COOK Cheryl (G),COOK Cheryl (G),COOK Cheryl (G)
NSW_Local_Government_2024_Federation 9 seats.csv__hit75,BOTT David (UG),BOTT David (UG),BOTT David (UG),BOTT David (UG),BOTT David (UG),COOK Cheryl (G),COOK Cheryl (G),COOK Cheryl (G),COOK Cheryl (G),COOK Cheryl (G)
NSW_Local_Government_2024_Federation 9 seats.csv__hit76,BLACK Rowena (UG),BLACK Rowena (UG),BLACK Rowena (UG),BLACK Rowena (UG),BLACK Rowena (UG),BLACK Rowena (UG),BLACK Rowena (UG),BLACK Rowena (UG),BLACK Rowena (UG),BLACK Rowena (UG)
NSW_Local_Government_2024_Federation 9 seats.csv__hit77,BOTT David (UG),BOTT David (UG),BOTT David (UG),BOTT David (UG),BOTT David (UG),BLACK Rowena (UG),BLACK Rowena (UG),BLACK Rowena (UG),BLACK Rowena (UG),BLACK Rowena (UG)
NSW_Local_Government_2024_Federation 9 seats.csv__hit78,BOTT David (UG),BOTT David (UG),BOTT David (UG),BOTT David (UG),BOTT David (UG),COOK Cheryl (G),COOK Cheryl (G),COOK Cheryl (G),COOK Cheryl (G),COOK Cheryl (G)
NSW_Local_Government_2024_Federation 9 seats.csv__hit79,BOTT David (UG),BOTT David (UG),BOTT David (UG),BOTT David (UG),BOTT David (UG),BOTT David (UG),BLACK Rowena (UG),SCHOEN Derek (A),COOK Cheryl (G),COOK Cheryl (G)
NSW_Local_Government_2024_Federation 9 seats.csv__hit80,BOTT David (UG),BLACK Rowena (UG),BLACK Rowena (UG),BLACK Rowena (UG),BLACK Rowena (UG),COOK Cheryl (G),BLACK Rowena (UG),COOK Cheryl (G),COOK Cheryl (G),COOK Cheryl (G)
NSW_Local_Government_2024_Federation 9 seats.csv__hit81,BLACK Rowena (UG),BLACK Rowena (UG),BLACK Rowena (UG),BLACK Rowena (UG),BLACK Rowena (UG),BLACK Rowena (UG),BLACK Rowena (UG),BLACK Rowena (UG),BLACK Rowena (UG),BLACK Rowena (UG)
NSW_Local_Government_2024_Federation 9 seats.csv__hit82,BOTT David (UG),BOTT David (UG),BOTT David (UG),BOTT David (UG),BOTT David (UG),BLACK Rowena (UG),COOK Cheryl (G),COOK Cheryl (G),COOK Cheryl (G),COOK Cheryl (G)
NSW_Local_Government_2024_Federation 9 seats.csv__hit83,SCHOEN Derek (A),BLACK Rowena (UG),BLACK Rowena (UG),BLACK Rowena (UG),BLACK Rowena (UG),BLACK Rowena (UG),BLACK Rowena (UG),BLACK Rowena (UG),BLACK Rowena (UG),BLACK Rowena (UG)
NSW_Local_Government_2024_Federation 9 seats.csv__hit84,SCHOEN Derek (A),BOTT David (UG),BLACK Rowena (UG),BLACK Rowena (UG),BLACK Rowena (UG),BLACK Rowena (UG),BLACK Rowena (UG),BLACK Rowena (UG),BLACK Rowena (UG),BLACK Rowena (UG)
NSW_Local_Government_2024_Federation 9 seats.csv__hit85,COOK Cheryl (G),BOTT David (UG),COOK Cheryl (G),COOK Cheryl (G),COOK Cheryl (G),NIXON Richard (F),COOK Cheryl (G),COOK Cheryl (G),COOK Cheryl (G),COOK Cheryl (G)
NSW_Local_Government_2024_Federation 9 seats.csv__hit86,SCHOEN Derek (A),BLACK Rowena (UG),BLACK Rowena (UG),BLACK Rowena (UG),BLACK Rowena (UG),BLACK Rowena (UG),BLACK Rowena (UG),BLACK Rowena (UG),BLACK Rowena (UG),BLACK Rowena (UG)
NSW_Local_Government_2024_Federation 9 seats.csv__hit87,SCHOEN Derek (A),SCHOEN Derek (A),BLACK Rowena (UG),BLACK Rowena (UG),BLACK Rowena (UG),BLACK Rowena (UG),SCHOEN Derek (A),COOK Cheryl (G),COOK Cheryl (G),COOK Cheryl (G)
NSW_Local_Government_2024_Federation 9 seats.csv__hit88,BOTT David (UG),BOTT David (UG),BOTT David (UG),BOTT David (UG),BOTT David (UG),BLACK Rowena (UG),SCHOEN Derek (A),COOK Cheryl (G),COOK Cheryl (G),COOK Cheryl (G)
NSW_Local_Government_2024_Federation 9 seats.csv__hit89,BOTT David (UG),BOTT David (UG),BOTT David (UG),BOTT David (UG),BOTT David (UG),COOK Cheryl (G),COOK Cheryl (G),COOK Cheryl (G),COOK Cheryl (G),COOK Cheryl (G)
NSW_Local_Government_2024_Federation 9 seats.csv__hit90,BOTT David (UG),BOTT David (UG),BOTT David (UG),BOTT David (UG),BOTT David (UG),BOTT David (UG),BLACK Rowena (UG),BLACK Rowena (UG),BLACK Rowena (UG),BLACK Rowena (UG)
NSW_Local_Government_2024_Federation 9 seats.csv__hit91,BOTT David (UG),BOTT David (UG),BOTT David (UG),BOTT David (UG),BOTT David (UG),BLACK Rowena (UG),BLACK Rowena (UG),BLACK Rowena (UG),BLACK Rowena (UG),BLACK Rowena (UG)
NSW_Local_Government_2024_Federation 9 seats.csv__hit92,SCHOEN Derek (A),SCHOEN Derek (A),BLACK Rowena (UG),BLACK Rowena (UG),BLACK Rowena (UG),BLACK Rowena (UG),BLACK Rowena (UG),BLACK Rowena (UG),BLACK Rowena (UG),BLACK Rowena (UG)
NSW_Local_Government_2024_Federation 9 seats.csv__hit93,SCHOEN Derek (A),SCHOEN Derek (A),BLACK Rowena (UG),BLACK Rowena (UG),SCHOEN Derek (A),SCHOEN Derek (A),SCHOEN Derek (A),SCHOEN Derek (A),SCHOEN Derek (A),SCHOEN Derek (A)
NSW_Local_Government_2024_Federation 9 seats.csv__hit94,BOTT David (UG),BOTT David (UG),BOTT David (UG),BOTT David (UG),BLACK Rowena (UG),BLACK Rowena (UG),BLACK Rowena (UG),BLACK Rowena (UG),BLACK Rowena (UG),BLACK Rowena (UG)
NSW_Local_Government_2024_Federation 9 seats.csv__hit95,BOTT David (UG),BOTT David (UG),BOTT David (UG),BOTT David (UG),BOTT David (UG),BLACK Rowena (UG),BLACK Rowena (UG),BLACK Rowena (UG),COOK Cheryl (G),COOK Cheryl (G)
NSW_Local_Government_2024_Federation 9 seats.csv__hit96,BOTT David (UG),BOTT David (UG),BOTT David (UG),BOTT David (UG),BOTT David (UG),BLACK Rowena (UG),BLACK Rowena (UG),BLACK Rowena (UG),BLACK Rowena (UG),BLACK Rowena (UG)
NSW_Local_Government_2024_Federation 9 seats.csv__hit97,BOTT David (UG),BOTT David (UG),BOTT David (UG),BOTT David (UG),BOTT David (UG),BLACK Rowena (UG),BLACK Rowena (UG),BLACK Rowena (UG),BLACK Rowena (UG),COOK Cheryl (G)
NSW_Local_Government_2024_Federation 9 seats.csv__hit98,BOTT David (UG),BOTT David (UG),BOTT David (UG),BOTT David (UG),BOTT David (UG),BLACK Rowena (UG),BLACK Rowena (UG),BLACK Rowena (UG),BLACK Rowena (UG),BLACK Rowena (UG)
NSW_Local_Government_2024_Federation 9 seats.csv__hit99,BLACK Rowena (UG),BLACK Rowena (UG),BLACK Rowena (UG),BLACK Rowena (UG),BLACK Rowena (UG),BLACK Rowena (UG),BLACK Rowena (UG),BLACK Rowena (UG),BLACK Rowena (UG),BLACK Rowena (UG)
NSW_Local_Government_2024_Federation 9 seats.csv__hit100,SCHOEN Derek (A),BLACK Rowena (UG),BLACK Rowena (UG),BLACK Rowena (UG),BLACK Rowena (UG),BLACK Rowena (UG),BLACK Rowena (UG),BLACK Rowena (UG),BLACK Rowena (UG),BLACK Rowena (UG)
NSW_Local_Government_2024_Federation 9 seats.csv__hit101,BOTT David (UG),BOTT David (UG),BOTT David (UG),BOTT David (UG),BLACK Rowena (UG),BLACK Rowena (UG),BLACK Rowena (UG),BLACK Rowena (UG),BLACK Rowena (UG),BLACK Rowena (UG)
NSW_Local_Government_2024_Federation 9 seats.csv__hit102,BOTT David (UG),BOTT David (UG),BOTT David (UG),COOK Cheryl (G),COOK Cheryl (G),COOK Cheryl (G),COOK Cheryl (G),COOK Cheryl (G),COOK Cheryl (G),COOK Cheryl (G)
NSW_Local_Government_2024_Federation 9 seats.csv__hit103,BOTT David (UG),BOTT David (UG),BOTT David (UG),BOTT David (UG),BOTT David (UG),COOK Cheryl (G),COOK Cheryl (G),COOK Cheryl (G),COOK Cheryl (G),COOK Cheryl (G)
NSW_Local_Government_2024_Federation 9 seats.csv__hit104,BLACK Rowena (UG),BLACK Rowena (UG),BLACK Rowena (UG),BLACK Rowena (UG),BLACK Rowena (UG),BLACK Rowena (UG),BLACK Rowena (UG),BLACK Rowena (UG),BLACK Rowena (UG),BLACK Rowena (UG)
NSW_Local_Government_2024_Federation 9 seats.csv__hit105,SCHOEN Derek (A),BLACK Rowena (UG),BLACK Rowena (UG),BLACK Rowena (UG),BLACK Rowena (UG),BLACK Rowena (UG),BLACK Rowena (UG),BLACK Rowena (UG),BLACK Rowena (UG),BLACK Rowena (UG)
NSW_Local_Government_2024_Federation 9 seats.csv__hit106,BLACK Rowena (UG),BLACK Rowena (UG),BLACK Rowena (UG),BLACK Rowena (UG),BLACK Rowena (UG),BLACK Rowena (UG),BLACK Rowena (UG),BLACK Rowena (UG),BLACK Rowena (UG),BLACK Rowena (UG)
NSW_Local_Government_2024_Federation 9 seats.csv__hit107,SCHOEN Derek (A),BLACK Rowena (UG),BLACK Rowena (UG),BLACK Rowena (UG),BLACK Rowena (UG),BLACK Rowena (UG),BLACK Rowena (UG),BLACK Rowena (UG),BLACK Rowena (UG),BLACK Rowena (UG)
NSW_Local_Government_2024_Federation 9 seats.csv__hit108,BOTT David (UG),BLACK Rowena (UG),BLACK Rowena (UG),BLACK Rowena (UG),BLACK Rowena (UG),BLACK Rowena (UG),BLACK Rowena (UG),BLACK Rowena (UG),BLACK Rowena (UG),BLACK Rowena (UG)
NSW_Local_Government_2024_Federation 9 seats.csv__hit109,BOTT David (UG),BOTT David (UG),BOTT David (UG),BOTT David (UG),BOTT David (UG),BLACK Rowena (UG),BLACK Rowena (UG),BLACK Rowena (UG),BLACK Rowena (UG),BLACK Rowena (UG)
NSW_Local_Government_2024_Federation 9 seats.csv__hit110,BOTT David (UG),BOTT David (UG),BOTT David (UG),BOTT David (UG),BOTT David (UG),BLACK Rowena (UG),BLACK Rowena (UG),BLACK Rowena (UG),BLACK Rowena (UG),BLACK Rowena (UG)
NSW_Local_Government_2024_Federation 9 seats.csv__hit111,BOTT David (UG),BOTT David (UG),BOTT David (UG),BOTT David (UG),BOTT David (UG),COOK Cheryl (G),COOK Cheryl (G),COOK Cheryl (G),COOK Cheryl (G),COOK Cheryl (G)
NSW_Local_Government_2024_Federation 9 seats.csv__hit112,BOTT David (UG),BOTT David (UG),BOTT David (UG),BOTT David (UG),BLACK Rowena (UG),BLACK Rowena (UG),BLACK Rowena (UG),BLACK Rowena (UG),BLACK Rowena (UG),BLACK Rowena (UG)
NSW_Local_Government_2024_Federation 9 seats.csv__hit113,SCHOEN Derek (A),SCHOEN Derek (A),BOTT David (UG),BLACK Rowena (UG),BLACK Rowena (UG),BLACK Rowena (UG),BLACK Rowena (UG),SCHOEN Derek (A),COOK Cheryl (G),COOK Cheryl (G)
NSW_Local_Government_2024_Federation 9 seats.csv__hit114,BOTT David (UG),COOK Cheryl (G),COOK Cheryl (G),COOK Cheryl (G),SCHOEN Derek (A),SCHOEN Derek (A),SCHOEN Derek (A),SCHOEN Derek (A),SCHOEN Derek (A),SCHOEN Derek (A)
NSW_Local_Government_2024_Federation 9 seats.csv__hit115,BOTT David (UG),BOTT David (UG),BOTT David (UG),BOTT David (UG),BOTT David (UG),COOK Cheryl (G),BLACK Rowena (UG),BLACK Rowena (UG),BLACK Rowena (UG),COOK Cheryl (G)
NSW_Local_Government_2024_Federation 9 seats.csv__hit116,BOTT David (UG),BOTT David (UG),BOTT David (UG),BOTT David (UG),BOTT David (UG),BLACK Rowena (UG),BLACK Rowena (UG),BLACK Rowena (UG),BLACK Rowena (UG),BLACK Rowena (UG)
NSW_Local_Government_2024_Federation 9 seats.csv__hit117,BOTT David (UG),COOK Cheryl (G),COOK Cheryl (G),COOK Cheryl (G),COOK Cheryl (G),COOK Cheryl (G),COOK Cheryl (G),COOK Cheryl (G),COOK Cheryl (G),COOK Cheryl (G)
NSW_Local_Government_2024_Federation 9 seats.csv__hit118,BOTT David (UG),BOTT David (UG),BOTT David (UG),BOTT David (UG),BLACK Rowena (UG),BLACK Rowena (UG),SCHOEN Derek (A),SCHOEN Derek (A),SCHOEN Derek (A),SCHOEN Derek (A)
NSW_Local_Government_2024_Federation 9 seats.csv__hit119,BOTT David (UG),BOTT David (UG),BOTT David (UG),BOTT David (UG),BOTT David (UG),BLACK Rowena (UG),COOK Cheryl (G),COOK Cheryl (G),COOK Cheryl (G),COOK Cheryl (G)
NSW_Local_Government_2024_Federation 9 seats.csv__hit120,BOTT David (UG),BOTT David (UG),BOTT David (UG),BOTT David (UG),BOTT David (UG),BLACK Rowena (UG),COOK Cheryl (G),COOK Cheryl (G),COOK Cheryl (G),COOK Cheryl (G)
NSW_Local_Government_2024_Federation 9 seats.csv__hit121,BOTT David (UG),BOTT David (UG),BOTT David (UG),BOTT David (UG),BOTT David (UG),BLACK Rowena (UG),BLACK Rowena (UG),BLACK Rowena (UG),BLACK Rowena (UG),COOK Cheryl (G)
NSW_Local_Government_2024_Federation 9 seats.csv__hit122,BOTT David (UG),BOTT David (UG),BOTT David (UG),BOTT David (UG),BLACK Rowena (UG),BLACK Rowena (UG),SCHOEN Derek (A),SCHOEN Derek (A),SCHOEN Derek (A),SCHOEN Derek (A)
NSW_Local_Government_2024_Federation 9 seats.csv__hit123,COOK Cheryl (G),BOTT David (UG),BOTT David (UG),BOTT David (UG),BOTT David (UG),BLACK Rowena (UG),BLACK Rowena (UG),BLACK Rowena (UG),BLACK Rowena (UG),COOK Cheryl (G)
NSW_Local_Government_2024_Federation 9 seats.csv__hit124,BOTT David (UG),BOTT David (UG),BOTT David (UG),BOTT David (UG),BOTT David (UG),COOK Cheryl (G),COOK Cheryl (G),COOK Cheryl (G),COOK Cheryl (G),COOK Cheryl (G)
NSW_Local_Government_2024_Federation 9 seats.csv__hit125,BOTT David (UG),BOTT David (UG),BOTT David (UG),BOTT David (UG),BLACK Rowena (UG),BLACK Rowena (UG),BLACK Rowena (UG),BLACK Rowena (UG),BLACK Rowena (UG),COOK Cheryl (G)
NSW_Local_Government_2024_Federation 9 seats.csv__hit126,BOTT David (UG),BOTT David (UG),BOTT David (UG),BOTT David (UG),BLACK Rowena (UG),BLACK Rowena (UG),BLACK Rowena (UG),BLACK Rowena (UG),BLACK Rowena (UG),BLACK Rowena (UG)
NSW_Local_Government_2024_Federation 9 seats.csv__hit127,BOTT David (UG),BOTT David (UG),BOTT David (UG),BOTT David (UG),BLACK Rowena (UG),BLACK Rowena (UG),BLACK Rowena (UG),COOK Cheryl (G),COOK Cheryl (G),COOK Cheryl (G)
NSW_Local_Government_2024_Federation 9 seats.csv__hit128,BOTT David (UG),BOTT David (UG),BOTT David (UG),BOTT David (UG),BOTT David (UG),COOK Cheryl (G),COOK Cheryl (G),COOK Cheryl (G),COOK Cheryl (G),COOK Cheryl (G)
NSW_Local_Government_2024_Federation 9 seats.csv__hit129,BOTT David (UG),BOTT David (UG),BOTT David (UG),BOTT David (UG),BOTT David (UG),BLACK Rowena (UG),BLACK Rowena (UG),BLACK Rowena (UG),BLACK Rowena (UG),BLACK Rowena (UG)
NSW_Local_Government_2024_Federation 9 seats.csv__hit130,BOTT David (UG),BOTT David (UG),BOTT David (UG),BOTT David (UG),BOTT David (UG),BOTT David (UG),COOK Cheryl (G),COOK Cheryl (G),COOK Cheryl (G),COOK Cheryl (G)
NSW_Local_Government_2024_Federation 9 seats.csv__hit131,BOTT David (UG),BOTT David (UG),BOTT David (UG),BOTT David (UG),BOTT David (UG),BLACK Rowena (UG),COOK Cheryl (G),COOK Cheryl (G),COOK Cheryl (G),COOK Cheryl (G)
NSW_Local_Government_2024_Federation 9 seats.csv__hit132,SCHOEN Derek (A),BLACK Rowena (UG),BLACK Rowena (UG),BLACK Rowena (UG),BLACK Rowena (UG),BLACK Rowena (UG),BLACK Rowena (UG),BLACK Rowena (UG),BLACK Rowena (UG),BLACK Rowena (UG)
NSW_Local_Government_2024_Federation 9 seats.csv__hit133,BOTT David (UG),BOTT David (UG),BLACK Rowena (UG),BLACK Rowena (UG),BLACK Rowena (UG),BLACK Rowena (UG),BLACK Rowena (UG),BLACK Rowena (UG),BLACK Rowena (UG),BLACK Rowena (UG)
NSW_Local_Government_2024_Federation 9 seats.csv__hit134,BOTT David (UG),BOTT David (UG),BOTT David (UG),BOTT David (UG),BOTT David (UG),BLACK Rowena (UG),BLACK Rowena (UG),BLACK Rowena (UG),BLACK Rowena (UG),BLACK Rowena (UG)
NSW_Local_Government_2024_Federation 9 seats.csv__hit135,BOTT David (UG),BOTT David (UG),BOTT David (UG),BOTT David (UG),BLACK Rowena (UG),BLACK Rowena (UG),SCHOEN Derek (A),SCHOEN Derek (A),SCHOEN Derek (A),SCHOEN Derek (A)
NSW_Local_Government_2024_Federation 9 seats.csv__hit136,BOTT David (UG),BOTT David (UG),BOTT David (UG),BOTT David (UG),BOTT David (UG),BLACK Rowena (UG),BLACK Rowena (UG),BLACK Rowena (UG),BLACK Rowena (UG),BLACK Rowena (UG)
NSW_Local_Government_2024_Federation 9 seats.csv__hit137,BOTT David (UG),BOTT David (UG),BOTT David (UG),BOTT David (UG),BOTT David (UG),COOK Cheryl (G),COOK Cheryl (G),COOK Cheryl (G),COOK Cheryl (G),COOK Cheryl (G)
NSW_Local_Government_2024_Federation 9 seats.csv__hit138,SCHOEN Derek (A),BLACK Rowena (UG),BLACK Rowena (UG),BLACK Rowena (UG),BLACK Rowena (UG),BLACK Rowena (UG),BLACK Rowena (UG),BLACK Rowena (UG),BLACK Rowena (UG),BLACK Rowena (UG)
NSW_Local_Government_2024_Federation 9 seats.csv__hit139,BLACK Rowena (UG),BLACK Rowena (UG),BLACK Rowena (UG),BLACK Rowena (UG),BLACK Rowena (UG),BLACK Rowena (UG),BLACK Rowena (UG),BLACK Rowena (UG),BLACK Rowena (UG),SCHOEN Derek (A)
NSW_Local_Government_2024_Federation 9 seats.csv__hit140,BOTT David (UG),BOTT David (UG),BOTT David (UG),BOTT David (UG),BOTT David (UG),BOTT David (UG),BLACK Rowena (UG),BLACK Rowena (UG),BLACK Rowena (UG),COOK Cheryl (G)
NSW_Local_Government_2024_Federation 9 seats.csv__hit141,SCHOEN Derek (A),BLACK Rowena (UG),BLACK Rowena (UG),BLACK Rowena (UG),BLACK Rowena (UG),SCHOEN Derek (A),SCHOEN Derek (A),SCHOEN Derek (A),SCHOEN Derek (A),SCHOEN Derek (A)
NSW_Local_Government_2024_Federation 9 seats.csv__hit142,BOTT David (UG),BOTT David (UG),BOTT David (UG),BOTT David (UG),BOTT David (UG),COOK Cheryl (G),COOK Cheryl (G),COOK Cheryl (G),COOK Cheryl (G),COOK Cheryl (G)
NSW_Local_Government_2024_Federation 9 seats.csv__hit143,BOTT David (UG),BOTT David (UG),COOK Cheryl (G),COOK Cheryl (G),COOK Cheryl (G),NIXON Richard (F),NIXON Richard (F),NIXON Richard (F),NIXON Richard (F),NIXON Richard (F)
NSW_Local_Government_2024_Federation 9 seats.csv__hit144,SCHOEN Derek (A),BOTT David (UG),BLACK Rowena (UG),BLACK Rowena (UG),BLACK Rowena (UG),BLACK Rowena (UG),SCHOEN Derek (A),BLACK Rowena (UG),BLACK Rowena (UG),BLACK Rowena (UG)
NSW_Local_Government_2024_Federation 9 seats.csv__hit145,BOTT David (UG),BOTT David (UG),BOTT David (UG),BOTT David (UG),BOTT David (UG),SCHOEN Derek (A),COOK Cheryl (G),COOK Cheryl (G),COOK Cheryl (G),COOK Cheryl (G)
NSW_Local_Government_2024_Federation 9 seats.csv__hit146,BOTT David (UG),BOTT David (UG),BOTT David (UG),BOTT David (UG),BOTT David (UG),BLACK Rowena (UG),BLACK Rowena (UG),BLACK Rowena (UG),BLACK Rowena (UG),BLACK Rowena (UG)
NSW_Local_Government_2024_Federation 9 seats.csv__hit147,BOTT David (UG),BOTT David (UG),BOTT David (UG),BOTT David (UG),BOTT David (UG),NIXON Richard (F),NIXON Richard (F),NIXON Richard (F),NIXON Richard (F),NIXON Richard (F)
NSW_Local_Government_2024_Federation 9 seats.csv__hit148,BOTT David (UG),BOTT David (UG),BOTT David (UG),BOTT David (UG),BOTT David (UG),BLACK Rowena (UG),BLACK Rowena (UG),BLACK Rowena (UG),BLACK Rowena (UG),COOK Cheryl (G)
NSW_Local_Government_2024_Federation 9 seats.csv__hit149,BOTT David (UG),BOTT David (UG),BOTT David (UG),BOTT David (UG),BOTT David (UG),NIXON Richard (F),COOK Cheryl (G),COOK Cheryl (G),COOK Cheryl (G),COOK Cheryl (G)
NSW_Local_Government_2024_Federation 9 seats.csv__hit150,BOTT David (UG),BOTT David (UG),BOTT David (UG),BOTT David (UG),BOTT David (UG),BOTT David (UG),NIXON Richard (F),NIXON Richard (F),NIXON Richard (F),NIXON Richard (F)
NSW_Local_Government_2024_Federation 9 seats.csv__hit151,BOTT David (UG),BOTT David (UG),BOTT David (UG),BOTT David (UG),BLACK Rowena (UG),BLACK Rowena (UG),COOK Cheryl (G),COOK Cheryl (G),COOK Cheryl (G),COOK Cheryl (G)
NSW_Local_Government_2024_Federation 9 seats.csv__hit152,SCHOEN Derek (A),BOTT David (UG),BLACK Rowena (UG),BLACK Rowena (UG),BLACK Rowena (UG),BLACK Rowena (UG),BLACK Rowena (UG),BLACK Rowena (UG),BLACK Rowena (UG),BLACK Rowena (UG)
NSW_Local_Government_2024_Federation 9 seats.csv__hit153,BOTT David (UG),BOTT David (UG),BOTT David (UG),BOTT David (UG),BOTT David (UG),BLACK Rowena (UG),BLACK Rowena (UG),SCHOEN Derek (A),SCHOEN Derek (A),SCHOEN Derek (A)
NSW_Local_Government_2024_Federation 9 seats.csv__hit154,BOTT David (UG),BOTT David (UG),BOTT David (UG),BOTT David (UG),BOTT David (UG),BLACK Rowena (UG),BLACK Rowena (UG),BLACK Rowena (UG),COOK Cheryl (G),COOK Cheryl (G)
NSW_Local_Government_2024_Federation 9 seats.csv__hit155,SCHOEN Derek (A),SCHOEN Derek (A),BLACK Rowena (UG),BLACK Rowena (UG),BLACK Rowena (UG),BLACK Rowena (UG),SCHOEN Derek (A),SCHOEN Derek (A),SCHOEN Derek (A),SCHOEN Derek (A)
NSW_Local_Government_2024_Federation 9 seats.csv__hit156,BOTT David (UG),BOTT David (UG),BOTT David (UG),BOTT David (UG),BOTT David (UG),BLACK Rowena (UG),COOK Cheryl (G),COOK Cheryl (G),COOK Cheryl (G),COOK Cheryl (G)
NSW_Local_Government_2024_Federation 9 seats.csv__hit157,BOTT David (UG),BOTT David (UG),BOTT David (UG),BOTT David (UG),BOTT David (UG),BOTT David (UG),COOK Cheryl (G),COOK Cheryl (G),COOK Cheryl (G),COOK Cheryl (G)
NSW_Local_Government_2024_Federation 9 seats.csv__hit158,BLACK Rowena (UG),BLACK Rowena (UG),BLACK Rowena (UG),BLACK Rowena (UG),BLACK Rowena (UG),BLACK Rowena (UG),BLACK Rowena (UG),BLACK Rowena (UG),BLACK Rowena (UG),COOK Cheryl (G)
NSW_Local_Government_2024_Federation 9 seats.csv__hit159,BOTT David (UG),BOTT David (UG),BOTT David (UG),BOTT David (UG),BOTT David (UG),BLACK Rowena (UG),COOK Cheryl (G),COOK Cheryl (G),COOK Cheryl (G),COOK Cheryl (G)
NSW_Local_Government_2024_Federation 9 seats.csv__hit160,BOTT David (UG),BOTT David (UG),BOTT David (UG),BOTT David (UG),NIXON Richard (F),NIXON Richard (F),COOK Cheryl (G),BLACK Rowena (UG),BLACK Rowena (UG),BLACK Rowena (UG)
NSW_Local_Government_2024_Federation 9 seats.csv__hit161,BOTT David (UG),BOTT David (UG),BOTT David (UG),BOTT David (UG),BOTT David (UG),COOK Cheryl (G),COOK Cheryl (G),COOK Cheryl (G),COOK Cheryl (G),COOK Cheryl (G)
NSW_Local_Government_2024_Federation 9 seats.csv__hit162,BOTT David (UG),BOTT David (UG),BOTT David (UG),BOTT David (UG),BOTT David (UG),BLACK Rowena (UG),BLACK Rowena (UG),BLACK Rowena (UG),BLACK Rowena (UG),BLACK Rowena (UG)
NSW_Local_Government_2024_Federation 9 seats.csv__hit163,BOTT David (UG),BOTT David (UG),BOTT David (UG),BOTT David (UG),BOTT David (UG),BOTT David (UG),COOK Cheryl (G),COOK Cheryl (G),COOK Cheryl (G),COOK Cheryl (G)
NSW_Local_Government_2024_Federation 9 seats.csv__hit164,BOTT David (UG),BOTT David (UG),BOTT David (UG),BOTT David (UG),BLACK Rowena (UG),BLACK Rowena (UG),BLACK Rowena (UG),COOK Cheryl (G),COOK Cheryl (G),COOK Cheryl (G)
NSW_Local_Government_2024_Federation 9 seats.csv__hit165,BOTT David (UG),BOTT David (UG),BOTT David (UG),BOTT David (UG),BOTT David (UG),BLACK Rowena (UG),COOK Cheryl (G),COOK Cheryl (G),COOK Cheryl (G),COOK Cheryl (G)
NSW_Local_Government_2024_Federation 9 seats.csv__hit166,BOTT David (UG),BOTT David (UG),BOTT David (UG),BOTT David (UG),BOTT David (UG),BLACK Rowena (UG),BLACK Rowena (UG),BLACK Rowena (UG),BLACK Rowena (UG),BLACK Rowena (UG)
NSW_Local_Government_2024_Federation 9 seats.csv__hit167,BOTT David (UG),BOTT David (UG),BOTT David (UG),BOTT David (UG),BOTT David (UG),BLACK Rowena (UG),SCHOEN Derek (A),BLACK Rowena (UG),BLACK Rowena (UG),BLACK Rowena (UG)
NSW_Local_Government_2024_Federation 9 seats.csv__hit168,BLACK Rowena (UG),BLACK Rowena (UG),BLACK Rowena (UG),BLACK Rowena (UG),BLACK Rowena (UG),BLACK Rowena (UG),BLACK Rowena (UG),BLACK Rowena (UG),BLACK Rowena (UG),BLACK Rowena (UG)
NSW_Local_Government_2024_Federation 9 seats.csv__hit169,BOTT David (UG),BOTT David (UG),BOTT David (UG),BOTT David (UG),BOTT David (UG),BLACK Rowena (UG),COOK Cheryl (G),COOK Cheryl (G),COOK Cheryl (G),COOK Cheryl (G)
NSW_Local_Government_2024_Federation 9 seats.csv__hit170,BOTT David (UG),BOTT David (UG),BOTT David (UG),BOTT David (UG),BOTT David (UG),BLACK Rowena (UG),SCHOEN Derek (A),COOK Cheryl (G),COOK Cheryl (G),COOK Cheryl (G)
NSW_Local_Government_2024_Federation 9 seats.csv__hit171,BOTT David (UG),BOTT David (UG),BOTT David (UG),BOTT David (UG),BOTT David (UG),BOTT David (UG),NIXON Richard (F),NIXON Richard (F),NIXON Richard (F),NIXON Richard (F)
NSW_Local_Government_2024_Federation 9 seats.csv__hit172,BOTT David (UG),BOTT David (UG),BOTT David (UG),BOTT David (UG),BOTT David (UG),BLACK Rowena (UG),BLACK Rowena (UG),COOK Cheryl (G),COOK Cheryl (G),COOK Cheryl (G)
NSW_Local_Government_2024_Federation 9 seats.csv__hit173,BOTT David (UG),BOTT David (UG),BOTT David (UG),BOTT David (UG),BOTT David (UG),NIXON Richard (F),NIXON Richard (F),NIXON Richard (F),NIXON Richard (F),NIXON Richard (F)
NSW_Local_Government_2024_Federation 9 seats.csv__hit174,BOTT David (UG),BOTT David (UG),BOTT David (UG),BOTT David (UG),BOTT David (UG),BOTT David (UG),COOK Cheryl (G),COOK Cheryl (G),COOK Cheryl (G),COOK Cheryl (G)
NSW_Local_Government_2024_Federation 9 seats.csv__hit175,BOTT David (UG),BOTT David (UG),BOTT David (UG),BOTT David (UG),BOTT David (UG),BOTT David (UG),COOK Cheryl (G),COOK Cheryl (G),COOK Cheryl (G),COOK Cheryl (G)
NSW_Local_Government_2024_Federation 9 seats.csv__hit176,BOTT David (UG),BOTT David (UG),BOTT David (UG),BOTT David (UG),BOTT David (UG),BLACK Rowena (UG),BLACK Rowena (UG),BLACK Rowena (UG),BLACK Rowena (UG),BLACK Rowena (UG)
NSW_Local_Government_2024_Federation 9 seats.csv__hit177,BOTT David (UG),BOTT David (UG),BOTT David (UG),BOTT David (UG),BLACK Rowena (UG),BLACK Rowena (UG),BLACK Rowena (UG),BLACK Rowena (UG),BLACK Rowena (UG),COOK Cheryl (G)
NSW_Local_Government_2024_Federation 9 seats.csv__hit178,BOTT David (UG),BOTT David (UG),BOTT David (UG),BOTT David (UG),BOTT David (UG),BOTT David (UG),BLACK Rowena (UG),BLACK Rowena (UG),BLACK Rowena (UG),BLACK Rowena (UG)
NSW_Local_Government_2024_Federation 9 seats.csv__hit179,SCHOEN Derek (A),BLACK Rowena (UG),BLACK Rowena (UG),BLACK Rowena (UG),BLACK Rowena (UG),SCHOEN Derek (A),SCHOEN Derek (A),SCHOEN Derek (A),SCHOEN Derek (A),SCHOEN Derek (A)
NSW_Local_Government_2024_Federation 9 seats.csv__hit180,BOTT David (UG),BOTT David (UG),BOTT David (UG),BOTT David (UG),BOTT David (UG),COOK Cheryl (G),COOK Cheryl (G),COOK Cheryl (G),COOK Cheryl (G),COOK Cheryl (G)
NSW_Local_Government_2024_Federation 9 seats.csv__hit181,BOTT David (UG),BOTT David (UG),BOTT David (UG),BOTT David (UG),BOTT David (UG),BOTT David (UG),COOK Cheryl (G),COOK Cheryl (G),COOK Cheryl (G),COOK Cheryl (G)
NSW_Local_Government_2024_Federation 9 seats.csv__hit182,BOTT David (UG),BOTT David (UG),BOTT David (UG),BOTT David (UG),BOTT David (UG),BLACK Rowena (UG),BLACK Rowena (UG),BLACK Rowena (UG),BLACK Rowena (UG),BLACK Rowena (UG)
NSW_Local_Government_2024_Federation 9 seats.csv__hit183,BLACK Rowena (UG),BLACK Rowena (UG),BLACK Rowena (UG),BLACK Rowena (UG),BLACK Rowena (UG),BLACK Rowena (UG),BLACK Rowena (UG),BLACK Rowena (UG),BLACK Rowena (UG),BLACK Rowena (UG)
NSW_Local_Government_2024_Federation 9 seats.csv__hit184,BOTT David (UG),BOTT David (UG),BOTT David (UG),BOTT David (UG),BOTT David (UG),NIXON Richard (F),COOK Cheryl (G),COOK Cheryl (G),COOK Cheryl (G),COOK Cheryl (G)
NSW_Local_Government_2024_Federation 9 seats.csv__hit185,BOTT David (UG),BOTT David (UG),BOTT David (UG),BOTT David (UG),BOTT David (UG),BLACK Rowena (UG),BLACK Rowena (UG),BLACK Rowena (UG),BLACK Rowena (UG),BLACK Rowena (UG)
NSW_Local_Government_2024_Federation 9 seats.csv__hit186,SCHOEN Derek (A),BLACK Rowena (UG),BLACK Rowena (UG),BLACK Rowena (UG),BLACK Rowena (UG),BLACK Rowena (UG),BLACK Rowena (UG),BLACK Rowena (UG),BLACK Rowena (UG),BLACK Rowena (UG)
NSW_Local_Government_2024_Federation 9 seats.csv__hit187,BOTT David (UG),BOTT David (UG),COOK Cheryl (G),COOK Cheryl (G),COOK Cheryl (G),COOK Cheryl (G),COOK Cheryl (G),COOK Cheryl (G),COOK Cheryl (G),COOK Cheryl (G)
NSW_Local_Government_2024_Federation 9 seats.csv__hit188,BOTT David (UG),BOTT David (UG),BOTT David (UG),BOTT David (UG),BOTT David (UG),BLACK Rowena (UG),SCHOEN Derek (A),SCHOEN Derek (A),SCHOEN Derek (A),SCHOEN Derek (A)
NSW_Local_Government_2024_Federation 9 seats.csv__hit189,BOTT David (UG),BOTT David (UG),BOTT David (UG),BOTT David (UG),BOTT David (UG),BLACK Rowena (UG),COOK Cheryl (G),COOK Cheryl (G),COOK Cheryl (G),COOK Cheryl (G)
NSW_Local_Government_2024_Federation 9 seats.csv__hit190,BOTT David (UG),BOTT David (UG),BOTT David (UG),BOTT David (UG),BOTT David (UG),COOK Cheryl (G),COOK Cheryl (G),COOK Cheryl (G),COOK Cheryl (G),COOK Cheryl (G)
NSW_Local_Government_2024_Federation 9 seats.csv__hit191,BOTT David (UG),BOTT David (UG),BOTT David (UG),BOTT David (UG),BOTT David (UG),BLACK Rowena (UG),BLACK Rowena (UG),BLACK Rowena (UG),BLACK Rowena (UG),BLACK Rowena (UG)
NSW_Local_Government_2024_Federation 9 seats.csv__hit192,BOTT David (UG),BOTT David (UG),BOTT David (UG),BOTT David (UG),BOTT David (UG),BLACK Rowena (UG),BLACK Rowena (UG),BLACK Rowena (UG),BLACK Rowena (UG),COOK Cheryl (G)
NSW_Local_Government_2024_Federation 9 seats.csv__hit193,COOK Cheryl (G),BOTT David (UG),BOTT David (UG),BOTT David (UG),BLACK Rowena (UG),BLACK Rowena (UG),COOK Cheryl (G),COOK Cheryl (G),COOK Cheryl (G),COOK Cheryl (G)
NSW_Local_Government_2024_Federation 9 seats.csv__hit194,BOTT David (UG),BOTT David (UG),BOTT David (UG),BOTT David (UG),BOTT David (UG),BLACK Rowena (UG),BLACK Rowena (UG),BLACK Rowena (UG),BLACK Rowena (UG),BLACK Rowena (UG)
NSW_Local_Government_2024_Federation 9 seats.csv__hit195,NIXON Richard (F),BOTT David (UG),BLACK Rowena (UG),BLACK Rowena (UG),BLACK Rowena (UG),BLACK Rowena (UG),BLACK Rowena (UG),BLACK Rowena (UG),BLACK Rowena (UG),COOK Cheryl (G)
NSW_Local_Government_2024_Federation 9 seats.csv__hit196,SCHOEN Derek (A),BLACK Rowena (UG),BLACK Rowena (UG),BLACK Rowena (UG),BLACK Rowena (UG),BLACK Rowena (UG),BLACK Rowena (UG),BLACK Rowena (UG),BLACK Rowena (UG),SCHOEN Derek (A)
NSW_Local_Government_2024_Federation 9 seats.csv__hit197,BLACK Rowena (UG),SCHOEN Derek (A),BLACK Rowena (UG),BLACK Rowena (UG),BLACK Rowena (UG),SCHOEN Derek (A),SCHOEN Derek (A),COOK Cheryl (G),COOK Cheryl (G),COOK Cheryl (G)
NSW_Local_Government_2024_Federation 9 seats.csv__hit198,BOTT David (UG),BOTT David (UG),BOTT David (UG),BOTT David (UG),BOTT David (UG),BLACK Rowena (UG),BLACK Rowena (UG),SCHOEN Derek (A),SCHOEN Derek (A),COOK Cheryl (G)
NSW_Local_Government_2024_Federation 9 seats.csv__hit199,SCHOEN Derek (A),BLACK Rowena (UG),BLACK Rowena (UG),BLACK Rowena (UG),BLACK Rowena (UG),BLACK Rowena (UG),BLACK Rowena (UG),BLACK Rowena (UG),BLACK Rowena (UG),BLACK Rowena (UG)
NSW_Local_Government_2024_Dungog_-_B_Ward 2 seats.csv__hit0,LOW Stephen,LOW Stephen,LOW Stephen,LOW Stephen,LOW Stephen,LOW Stephen,LOW Stephen,LOW Stephen,LOW Stephen,LOW Stephen
NSW_Local_Government_2024_Dungog_-_B_Ward 2 seats.csv__hit1,LOW Stephen,LOW Stephen,LOW Stephen,LOW Stephen,LOW Stephen,LOW Stephen,LOW Stephen,LOW Stephen,LOW Stephen,LOW Stephen
NSW_Local_Government_2024_Dungog_-_B_Ward 2 seats.csv__hit2,LOW Stephen,LOW Stephen,LOW Stephen,LOW Stephen,LOW Stephen,LOW Stephen,LOW Stephen,LOW Stephen,LOW Stephen,LOW Stephen
NSW_Local_Government_2024_Dungog_-_B_Ward 2 seats.csv__hit3,GREEN Alan,DRINAN Karen,LOW Stephen,LOW Stephen,LOW Stephen,LOW Stephen,LOW Stephen,LOW Stephen,LOW Stephen,LOW Stephen
NSW_Local_Government_2024_Dungog_-_B_Ward 2 seats.csv__hit4,CAMPBELL James,DRINAN Karen,LOW Stephen,CAMPBELL James,CAMPBELL James,CAMPBELL James,CAMPBELL James,CAMPBELL James,CAMPBELL James,CAMPBELL James
NSW_Local_Government_2024_Dungog_-_B_Ward 2 seats.csv__hit5,GREEN Alan,DRINAN Karen,LOW Stephen,GREEN Alan,LOW Stephen,LOW Stephen,LOW Stephen,LOW Stephen,GREEN Alan,LOW Stephen
NSW_Local_Government_2024_Dungog_-_B_Ward 2 seats.csv__hit6,LOW Stephen,DRINAN Karen,LOW Stephen,LOW Stephen,LOW Stephen,LOW Stephen,LOW Stephen,LOW Stephen,GREEN Alan,LOW Stephen
NSW_Local_Government_2024_Dungog_-_B_Ward 2 seats.csv__hit7,GREEN Alan,DRINAN Karen,LOW Stephen,LOW Stephen,LOW Stephen,LOW Stephen,LOW Stephen,LOW Stephen,LOW Stephen,LOW Stephen
NSW_Local_Government_2024_Dungog_-_B_Ward 2 seats.csv__hit8,LOW Stephen,DRINAN Karen,LOW Stephen,LOW Stephen,LOW Stephen,LOW Stephen,LOW Stephen,LOW Stephen,LOW Stephen,LOW Stephen
NSW_Local_Government_2024_Dungog_-_B_Ward 2 seats.csv__hit9,GREEN Alan,DRINAN Karen,LOW Stephen,LOW Stephen,LOW Stephen,LOW Stephen,LOW Stephen,LOW Stephen,LOW Stephen,LOW Stephen
NSW_Local_Government_2024_Dungog_-_B_Ward 2 seats.csv__hit10,DRINAN Karen,DRINAN Karen,LOW Stephen,LOW Stephen,LOW Stephen,LOW Stephen,LOW Stephen,LOW Stephen,GREEN Alan,LOW Stephen
NSW_Local_Government_2024_Dungog_-_B_Ward 2 seats.csv__hit11,LOW Stephen,LOW Stephen,LOW Stephen,LOW Stephen,LOW Stephen,LOW Stephen,LOW Stephen,LOW Stephen,LOW Stephen,LOW Stephen
NSW_Local_Government_2024_Dungog_-_B_Ward 2 seats.csv__hit12,GREEN Alan,DRINAN Karen,GREEN Alan,CAMPBELL James,CAMPBELL James,CAMPBELL James,CAMPBELL James,CAMPBELL James,CAMPBELL James,CAMPBELL James
NSW_Local_Government_2024_Dungog_-_B_Ward 2 seats.csv__hit13,GREEN Alan,DRINAN Karen,LOW Stephen,LOW Stephen,LOW Stephen,LOW Stephen,GREEN Alan,GREEN Alan,GREEN Alan,LOW Stephen
NSW_Local_Government_2024_Dungog_-_B_Ward 2 seats.csv__hit14,GREEN Alan,DRINAN Karen,LOW Stephen,GREEN Alan,CAMPBELL James,CAMPBELL James,CAMPBELL James,CAMPBELL James,CAMPBELL James,CAMPBELL James
NSW_Local_Government_2024_Dungog_-_B_Ward 2 seats.csv__hit15,LOW Stephen,DRINAN Karen,LOW Stephen,LOW Stephen,LOW Stephen,GREEN Alan,LOW Stephen,GREEN Alan,GREEN Alan,LOW Stephen
NSW_Local_Government_2024_Dungog_-_B_Ward 2 seats.csv__hit16,GREEN Alan,DRINAN Karen,LOW Stephen,LOW Stephen,LOW Stephen,LOW Stephen,LOW Stephen,LOW Stephen,LOW Stephen,LOW Stephen
NSW_Local_Government_2024_Dungog_-_B_Ward 2 seats.csv__hit17,GREEN Alan,DRINAN Karen,LOW Stephen,LOW Stephen,LOW Stephen,LOW Stephen,LOW Stephen,LOW Stephen,LOW Stephen,LOW Stephen
NSW_Local_Government_2024_Dungog_-_B_Ward 2 seats.csv__hit18,CAMPBELL James,DRINAN Karen,LOW Stephen,CAMPBELL James,CAMPBELL James,CAMPBELL James,CAMPBELL James,CAMPBELL James,CAMPBELL James,CAMPBELL James
NSW_Local_Government_2024_Dungog_-_B_Ward 2 seats.csv__hit19,GREEN Alan,DRINAN Karen,LOW Stephen,LOW Stephen,LOW Stephen,LOW Stephen,LOW Stephen,LOW Stephen,LOW Stephen,LOW Stephen
NSW_Local_Government_2024_Dungog_-_B_Ward 2 seats.csv__hit20,DRINAN Karen,DRINAN Karen,CAMPBELL James,CAMPBELL James,CAMPBELL James,CAMPBELL James,CAMPBELL James,CAMPBELL James,CAMPBELL James,CAMPBELL James
NSW_Local_Government_2024_Dungog_-_B_Ward 2 seats.csv__hit21,GREEN Alan,DRINAN Karen,GREEN Alan,LOW Stephen,LOW Stephen,LOW Stephen,LOW Stephen,LOW Stephen,LOW Stephen,LOW Stephen
NSW_Local_Government_2024_Dungog_-_B_Ward 2 seats.csv__hit22,LOW Stephen,DRINAN Karen,GREEN Alan,LOW Stephen,LOW Stephen,LOW Stephen,LOW Stephen,LOW Stephen,LOW Stephen,LOW Stephen
NSW_Local_Government_2024_Dungog_-_B_Ward 2 seats.csv__hit23,DRINAN Karen,DRINAN Karen,LOW Stephen,LOW Stephen,LOW Stephen,LOW Stephen,LOW Stephen,LOW Stephen,LOW Stephen,LOW Stephen
NSW_Local_Government_2024_Dungog_-_B_Ward 2 seats.csv__hit24,LOW Stephen,DRINAN Karen,LOW Stephen,LOW Stephen,LOW Stephen,LOW Stephen,LOW Stephen,LOW Stephen,LOW Stephen,LOW Stephen
NSW_Local_Government_2024_Dungog_-_B_Ward 2 seats.csv__hit25,DRINAN Karen,DRINAN Karen,CAMPBELL James,GREEN Alan,CAMPBELL James,CAMPBELL James,CAMPBELL James,CAMPBELL James,CAMPBELL James,CAMPBELL James
NSW_Local_Government_2024_Dungog_-_B_Ward 2 seats.csv__hit26,CAMPBELL James,DRINAN Karen,CAMPBELL James,CAMPBELL James,CAMPBELL James,CAMPBELL James,CAMPBELL James,CAMPBELL James,CAMPBELL James,CAMPBELL James
NSW_Local_Government_2024_Dungog_-_B_Ward 2 seats.csv__hit27,LOW Stephen,DRINAN Karen,LOW Stephen,LOW Stephen,LOW Stephen,LOW Stephen,LOW Stephen,LOW Stephen,LOW Stephen,LOW Stephen
NSW_Local_Government_2024_Dungog_-_B_Ward 2 seats.csv__hit28,DRINAN Karen,DRINAN Karen,LOW Stephen,LOW Stephen,LOW Stephen,LOW Stephen,LOW Stephen,LOW Stephen,LOW Stephen,LOW Stephen
NSW_Local_Government_2024_Dungog_-_B_Ward 2 seats.csv__hit29,DRINAN Karen,DRINAN Karen,GREEN Alan,LOW Stephen,LOW Stephen,GREEN Alan,GREEN Alan,GREEN Alan,GREEN Alan,LOW Stephen
NSW_Local_Government_2024_Dungog_-_B_Ward 2 seats.csv__hit30,DRINAN Karen,DRINAN Karen,LOW Stephen,LOW Stephen,LOW Stephen,LOW Stephen,LOW Stephen,GREEN Alan,GREEN Alan,LOW Stephen
NSW_Local_Government_2024_Dungog_-_B_Ward 2 seats.csv__hit31,GREEN Alan,LOW Stephen,LOW Stephen,LOW Stephen,LOW Stephen,LOW Stephen,LOW Stephen,LOW Stephen,LOW Stephen,LOW Stephen
NSW_Local_Government_2024_Dungog_-_B_Ward 2 seats.csv__hit32,CAMPBELL James,LOW Stephen,CAMPBELL James,CAMPBELL James,CAMPBELL James,CAMPBELL James,CAMPBELL James,CAMPBELL James,CAMPBELL James,GREEN Alan
NSW_Local_Government_2024_Dungog_-_B_Ward 2 seats.csv__hit33,LOW Stephen,LOW Stephen,LOW Stephen,LOW Stephen,LOW Stephen,LOW Stephen,LOW Stephen,LOW Stephen,LOW Stephen,LOW Stephen
NSW_Local_Government_2024_Dungog_-_B_Ward 2 seats.csv__hit34,LOW Stephen,DRINAN Karen,LOW Stephen,LOW Stephen,LOW Stephen,LOW Stephen,GREEN Alan,GREEN Alan,GREEN Alan,LOW Stephen
NSW_Local_Government_2024_Dungog_-_B_Ward 2 seats.csv__hit35,GREEN Alan,LOW Stephen,LOW Stephen,LOW Stephen,LOW Stephen,LOW Stephen,LOW Stephen,GREEN Alan,LOW Stephen,LOW Stephen
NSW_Local_Government_2024_Dungog_-_B_Ward 2 seats.csv__hit36,LOW Stephen,LOW Stephen,LOW Stephen,LOW Stephen,LOW Stephen,LOW Stephen,LOW Stephen,LOW Stephen,LOW Stephen,LOW Stephen
NSW_Local_Government_2024_Dungog_-_B_Ward 2 seats.csv__hit37,DRINAN Karen,DRINAN Karen,LOW Stephen,LOW Stephen,LOW Stephen,LOW Stephen,LOW Stephen,LOW Stephen,LOW Stephen,LOW Stephen
NSW_Local_Government_2024_Dungog_-_B_Ward 2 seats.csv__hit38,DRINAN Karen,DRINAN Karen,GREEN Alan,LOW Stephen,LOW Stephen,LOW Stephen,LOW Stephen,LOW Stephen,LOW Stephen,LOW Stephen
NSW_Local_Government_2024_Dungog_-_B_Ward 2 seats.csv__hit39,LOW Stephen,DRINAN Karen,LOW Stephen,LOW Stephen,LOW Stephen,LOW Stephen,LOW Stephen,LOW Stephen,LOW Stephen,LOW Stephen
NSW_Local_Government_2024_Dungog_-_B_Ward 2 seats.csv__hit40,LOW Stephen,DRINAN Karen,LOW Stephen,LOW Stephen,LOW Stephen,LOW Stephen,LOW Stephen,LOW Stephen,LOW Stephen,LOW Stephen
NSW_Local_Government_2024_Dungog_-_B_Ward 2 seats.csv__hit41,DRINAN Karen,DRINAN Karen,LOW Stephen,LOW Stephen,LOW Stephen,LOW Stephen,LOW Stephen,GREEN Alan,GREEN Alan,LOW Stephen
NSW_Local_Government_2024_Dungog_-_B_Ward 2 seats.csv__hit42,GREEN Alan,LOW Stephen,LOW Stephen,CAMPBELL James,CAMPBELL James,GREEN Alan,GREEN Alan,LOW Stephen,GREEN Alan,GREEN Alan
NSW_Local_Government_2024_Dungog_-_B_Ward 2 seats.csv__hit43,LOW Stephen,LOW Stephen,LOW Stephen,LOW Stephen,LOW Stephen,LOW Stephen,LOW Stephen,LOW Stephen,LOW Stephen,LOW Stephen
NSW_Local_Government_2024_Dungog_-_B_Ward 2 seats.csv__hit44,GREEN Alan,DRINAN Karen,LOW Stephen,LOW Stephen,LOW Stephen,LOW Stephen,DRINAN Karen,DRINAN Karen,DRINAN Karen,GREEN Alan
NSW_Local_Government_2024_Dungog_-_B_Ward 2 seats.csv__hit45,CAMPBELL James,DRINAN Karen,LOW Stephen,CAMPBELL James,CAMPBELL James,CAMPBELL James,CAMPBELL James,CAMPBELL James,GREEN Alan,GREEN Alan
NSW_Local_Government_2024_Dungog_-_B_Ward 2 seats.csv__hit46,GREEN Alan,GREEN Alan,GREEN Alan,LOW Stephen,LOW Stephen,GREEN Alan,GREEN Alan,GREEN Alan,GREEN Alan,LOW Stephen
NSW_Local_Government_2024_Dungog_-_B_Ward 2 seats.csv__hit47,GREEN Alan,DRINAN Karen,CAMPBELL James,CAMPBELL James,CAMPBELL James,CAMPBELL James,CAMPBELL James,CAMPBELL James,CAMPBELL James,CAMPBELL James
NSW_Local_Government_2024_Dungog_-_B_Ward 2 seats.csv__hit48,LOW Stephen,LOW Stephen,LOW Stephen,LOW Stephen,LOW Stephen,LOW Stephen,LOW Stephen,GREEN Alan,GREEN Alan,LOW Stephen
NSW_Local_Government_2024_Dungog_-_B_Ward 2 seats.csv__hit49,LOW Stephen,LOW Stephen,LOW Stephen,LOW Stephen,LOW Stephen,LOW Stephen,LOW Stephen,GREEN Alan,GREEN Alan,LOW Stephen
NSW_Local_Government_2024_Dungog_-_B_Ward 2 seats.csv__hit50,CAMPBELL James,CAMPBELL James,GREEN Alan,CAMPBELL James,CAMPBELL James,CAMPBELL James,GREEN Alan,CAMPBELL James,GREEN Alan,GREEN Alan
NSW_Local_Government_2024_Dungog_-_B_Ward 2 seats.csv__hit51,GREEN Alan,CAMPBELL James,CAMPBELL James,GREEN Alan,CAMPBELL James,CAMPBELL James,CAMPBELL James,CAMPBELL James,CAMPBELL James,CAMPBELL James
NSW_Local_Government_2024_Dungog_-_B_Ward 2 seats.csv__hit52,DRINAN Karen,LOW Stephen,LOW Stephen,CAMPBELL James,CAMPBELL James,CAMPBELL James,CAMPBELL James,CAMPBELL James,CAMPBELL James,GREEN Alan
NSW_Local_Government_2024_Dungog_-_B_Ward 2 seats.csv__hit53,LOW Stephen,DRINAN Karen,LOW Stephen,LOW Stephen,LOW Stephen,LOW Stephen,LOW Stephen,GREEN Alan,GREEN Alan,LOW Stephen
NSW_Local_Government_2024_Dungog_-_B_Ward 2 seats.csv__hit54,GREEN Alan,LOW Stephen,LOW Stephen,CAMPBELL James,CAMPBELL James,LOW Stephen,LOW Stephen,LOW Stephen,GREEN Alan,GREEN Alan
NSW_Local_Government_2024_Dungog_-_B_Ward 2 seats.csv__hit55,LOW Stephen,LOW Stephen,LOW Stephen,LOW Stephen,LOW Stephen,LOW Stephen,DRINAN Karen,GREEN Alan,GREEN Alan,LOW Stephen
NSW_Local_Government_2024_Dungog_-_B_Ward 2 seats.csv__hit56,LOW Stephen,LOW Stephen,LOW Stephen,LOW Stephen,LOW Stephen,LOW Stephen,LOW Stephen,LOW Stephen,LOW Stephen,LOW Stephen
NSW_Local_Government_2024_Dungog_-_B_Ward 2 seats.csv__hit57,LOW Stephen,DRINAN Karen,LOW Stephen,LOW Stephen,LOW Stephen,LOW Stephen,GREEN Alan,GREEN Alan,GREEN Alan,LOW Stephen
NSW_Local_Government_2024_Dungog_-_B_Ward 2 seats.csv__hit58,LOW Stephen,LOW Stephen,LOW Stephen,LOW Stephen,LOW Stephen,LOW Stephen,LOW Stephen,LOW Stephen,LOW Stephen,LOW Stephen
NSW_Local_Government_2024_Dungog_-_B_Ward 2 seats.csv__hit59,CAMPBELL James,DRINAN Karen,CAMPBELL James,CAMPBELL James,CAMPBELL James,CAMPBELL James,CAMPBELL James,CAMPBELL James,CAMPBELL James,CAMPBELL James
NSW_Local_Government_2024_Dungog_-_B_Ward 2 seats.csv__hit60,LOW Stephen,DRINAN Karen,LOW Stephen,LOW Stephen,LOW Stephen,LOW Stephen,LOW Stephen,LOW Stephen,LOW Stephen,LOW Stephen
NSW_Local_Government_2024_Dungog_-_B_Ward 2 seats.csv__hit61,GREEN Alan,DRINAN Karen,GREEN Alan,CAMPBELL James,CAMPBELL James,GREEN Alan,GREEN Alan,GREEN Alan,GREEN Alan,CAMPBELL James
NSW_Local_Government_2024_Dungog_-_B_Ward 2 seats.csv__hit62,LOW Stephen,DRINAN Karen,LOW Stephen,LOW Stephen,LOW Stephen,LOW Stephen,LOW Stephen,LOW Stephen,LOW Stephen,LOW Stephen
NSW_Local_Government_2024_Dungog_-_B_Ward 2 seats.csv__hit63,LOW Stephen,DRINAN Karen,LOW Stephen,LOW Stephen,LOW Stephen,LOW Stephen,LOW Stephen,LOW Stephen,LOW Stephen,LOW Stephen
NSW_Local_Government_2024_Dungog_-_B_Ward 2 seats.csv__hit64,LOW Stephen,DRINAN Karen,LOW Stephen,GREEN Alan,LOW Stephen,LOW Stephen,GREEN Alan,GREEN Alan,LOW Stephen,LOW Stephen
NSW_Local_Government_2024_Dungog_-_B_Ward 2 seats.csv__hit65,LOW Stephen,LOW Stephen,LOW Stephen,LOW Stephen,LOW Stephen,LOW Stephen,LOW Stephen,LOW Stephen,LOW Stephen,LOW Stephen
NSW_Local_Government_2024_Dungog_-_B_Ward 2 seats.csv__hit66,GREEN Alan,DRINAN Karen,LOW Stephen,LOW Stephen,LOW Stephen,LOW Stephen,LOW Stephen,LOW Stephen,LOW Stephen,LOW Stephen
NSW_Local_Government_2024_Dungog_-_B_Ward 2 seats.csv__hit67,LOW Stephen,LOW Stephen,LOW Stephen,LOW Stephen,LOW Stephen,LOW Stephen,LOW Stephen,LOW Stephen,GREEN Alan,LOW Stephen
NSW_Local_Government_2024_Dungog_-_B_Ward 2 seats.csv__hit68,LOW Stephen,LOW Stephen,LOW Stephen,GREEN Alan,LOW Stephen,LOW Stephen,LOW Stephen,LOW Stephen,LOW Stephen,LOW Stephen
NSW_Local_Government_2024_Dungog_-_B_Ward 2 seats.csv__hit69,LOW Stephen,DRINAN Karen,LOW Stephen,LOW Stephen,LOW Stephen,LOW Stephen,LOW Stephen,GREEN Alan,GREEN Alan,GREEN Alan
NSW_Local_Government_2024_Dungog_-_B_Ward 2 seats.csv__hit70,DRINAN Karen,LOW Stephen,LOW Stephen,LOW Stephen,LOW Stephen,LOW Stephen,LOW Stephen,LOW Stephen,LOW Stephen,LOW Stephen
NSW_Local_Government_2024_Dungog_-_B_Ward 2 seats.csv__hit71,GREEN Alan,LOW Stephen,LOW Stephen,LOW Stephen,LOW Stephen,LOW Stephen,LOW Stephen,LOW Stephen,LOW Stephen,LOW Stephen
NSW_Local_Government_2024_Dungog_-_B_Ward 2 seats.csv__hit72,GREEN Alan,DRINAN Karen,GREEN Alan,CAMPBELL James,CAMPBELL James,CAMPBELL James,CAMPBELL James,CAMPBELL James,CAMPBELL James,CAMPBELL James
NSW_Local_Government_2024_Dungog_-_B_Ward 2 seats.csv__hit73,DRINAN Karen,LOW Stephen,LOW Stephen,LOW Stephen,LOW Stephen,LOW Stephen,LOW Stephen,LOW Stephen,LOW Stephen,LOW Stephen
NSW_Local_Government_2024_Dungog_-_B_Ward 2 seats.csv__hit74,DRINAN Karen,DRINAN Karen,GREEN Alan,CAMPBELL James,CAMPBELL James,CAMPBELL James,CAMPBELL James,CAMPBELL James,CAMPBELL James,CAMPBELL James
NSW_Local_Government_2024_Dungog_-_B_Ward 2 seats.csv__hit75,LOW Stephen,DRINAN Karen,GREEN Alan,GREEN Alan,LOW Stephen,LOW Stephen,LOW Stephen,LOW Stephen,LOW Stephen,LOW Stephen
NSW_Local_Government_2024_Dungog_-_B_Ward 2 seats.csv__hit76,CAMPBELL James,LOW Stephen,LOW Stephen,CAMPBELL James,CAMPBELL James,CAMPBELL James,CAMPBELL James,CAMPBELL James,CAMPBELL James,CAMPBELL James
NSW_Local_Government_2024_Dungog_-_B_Ward 2 seats.csv__hit77,GREEN Alan,CAMPBELL James,DRINAN Karen,CAMPBELL James,CAMPBELL James,GREEN Alan,GREEN Alan,CAMPBELL James,GREEN Alan,CAMPBELL James
NSW_Local_Government_2024_Dungog_-_B_Ward 2 seats.csv__hit78,LOW Stephen,DRINAN Karen,GREEN Alan,CAMPBELL James,CAMPBELL James,CAMPBELL James,CAMPBELL James,CAMPBELL James,CAMPBELL James,CAMPBELL James
NSW_Local_Government_2024_Dungog_-_B_Ward 2 seats.csv__hit79,DRINAN Karen,DRINAN Karen,DRINAN Karen,LOW Stephen,LOW Stephen,LOW Stephen,LOW Stephen,LOW Stephen,LOW Stephen,LOW Stephen
NSW_Local_Government_2024_Dungog_-_B_Ward 2 seats.csv__hit80,GREEN Alan,DRINAN Karen,CAMPBELL James,CAMPBELL James,CAMPBELL James,CAMPBELL James,CAMPBELL James,CAMPBELL James,CAMPBELL James,CAMPBELL James
NSW_Local_Government_2024_Dungog_-_B_Ward 2 seats.csv__hit81,GREEN Alan,DRINAN Karen,LOW Stephen,LOW Stephen,LOW Stephen,LOW Stephen,LOW Stephen,LOW Stephen,LOW Stephen,LOW Stephen
NSW_Local_Government_2024_Dungog_-_B_Ward 2 seats.csv__hit82,LOW Stephen,DRINAN Karen,LOW Stephen,LOW Stephen,LOW Stephen,LOW Stephen,LOW Stephen,GREEN Alan,GREEN Alan,LOW Stephen
NSW_Local_Government_2024_Dungog_-_B_Ward 2 seats.csv__hit83,CAMPBELL James,DRINAN Karen,GREEN Alan,CAMPBELL James,CAMPBELL James,GREEN Alan,GREEN Alan,GREEN Alan,GREEN Alan,GREEN Alan
NSW_Local_Government_2024_Dungog_-_B_Ward 2 seats.csv__hit84,LOW Stephen,DRINAN Karen,GREEN Alan,LOW Stephen,LOW Stephen,LOW Stephen,LOW Stephen,LOW Stephen,LOW Stephen,LOW Stephen
NSW_Local_Government_2024_Dungog_-_B_Ward 2 seats.csv__hit85,DRINAN Karen,CAMPBELL James,CAMPBELL James,CAMPBELL James,CAMPBELL James,CAMPBELL James,CAMPBELL James,CAMPBELL James,CAMPBELL James,CAMPBELL James
NSW_Local_Government_2024_Dungog_-_B_Ward 2 seats.csv__hit86,LOW Stephen,DRINAN Karen,LOW Stephen,LOW Stephen,LOW Stephen,LOW Stephen,LOW Stephen,LOW Stephen,LOW Stephen,LOW Stephen
NSW_Local_Government_2024_Dungog_-_B_Ward 2 seats.csv__hit87,LOW Stephen,LOW Stephen,LOW Stephen,LOW Stephen,LOW Stephen,LOW Stephen,LOW Stephen,LOW Stephen,LOW Stephen,LOW Stephen
NSW_Local_Government_2024_Dungog_-_B_Ward 2 seats.csv__hit88,GREEN Alan,LOW Stephen,CAMPBELL James,CAMPBELL James,CAMPBELL James,GREEN Alan,GREEN Alan,GREEN Alan,GREEN Alan,DRINAN Karen
NSW_Local_Government_2024_Dungog_-_B_Ward 2 seats.csv__hit89,CAMPBELL James,LOW Stephen,LOW Stephen,CAMPBELL James,CAMPBELL James,CAMPBELL James,CAMPBELL James,CAMPBELL James,CAMPBELL James,CAMPBELL James
NSW_Local_Government_2024_Dungog_-_B_Ward 2 seats.csv__hit90,LOW Stephen,DRINAN Karen,LOW Stephen,LOW Stephen,LOW Stephen,LOW Stephen,LOW Stephen,LOW Stephen,LOW Stephen,LOW Stephen
NSW_Local_Government_2024_Dungog_-_B_Ward 2 seats.csv__hit91,GREEN Alan,GREEN Alan,DRINAN Karen,GREEN Alan,CAMPBELL James,GREEN Alan,GREEN Alan,GREEN Alan,GREEN Alan,CAMPBELL James
NSW_Local_Government_2024_Dungog_-_B_Ward 2 seats.csv__hit92,GREEN Alan,DRINAN Karen,GREEN Alan,CAMPBELL James,CAMPBELL James,CAMPBELL James,CAMPBELL James,CAMPBELL James,CAMPBELL James,CAMPBELL James
NSW_Local_Government_2024_Dungog_-_B_Ward 2 seats.csv__hit93,GREEN Alan,DRINAN Karen,LOW Stephen,LOW Stephen,LOW Stephen,LOW Stephen,LOW Stephen,LOW Stephen,LOW Stephen,LOW Stephen
NSW_Local_Government_2024_Dungog_-_B_Ward 2 seats.csv__hit94,DRINAN Karen,DRINAN Karen,DRINAN Karen,CAMPBELL James,CAMPBELL James,CAMPBELL James,CAMPBELL James,CAMPBELL James,CAMPBELL James,CAMPBELL James
NSW_Local_Government_2024_Dungog_-_B_Ward 2 seats.csv__hit95,LOW Stephen,LOW Stephen,LOW Stephen,LOW Stephen,LOW Stephen,LOW Stephen,LOW Stephen,LOW Stephen,LOW Stephen,LOW Stephen
NSW_Local_Government_2024_Dungog_-_B_Ward 2 seats.csv__hit96,DRINAN Karen,DRINAN Karen,LOW Stephen,GREEN Alan,CAMPBELL James,CAMPBELL James,CAMPBELL James,CAMPBELL James,CAMPBELL James,CAMPBELL James
NSW_Local_Government_2024_Dungog_-_B_Ward 2 seats.csv__hit97,LOW Stephen,DRINAN Karen,LOW Stephen,LOW Stephen,LOW Stephen,LOW Stephen,LOW Stephen,LOW Stephen,LOW Stephen,LOW Stephen
NSW_Local_Government_2024_Dungog_-_B_Ward 2 seats.csv__hit98,DRINAN Karen,DRINAN Karen,LOW Stephen,LOW Stephen,LOW Stephen,LOW Stephen,LOW Stephen,LOW Stephen,LOW Stephen,LOW Stephen
NSW_Local_Government_2024_Dungog_-_B_Ward 2 seats.csv__hit99,LOW Stephen,DRINAN Karen,LOW Stephen,LOW Stephen,LOW Stephen,LOW Stephen,LOW Stephen,LOW Stephen,LOW Stephen,LOW Stephen
NSW_Local_Government_2024_Dungog_-_B_Ward 2 seats.csv__hit100,LOW Stephen,CAMPBELL James,CAMPBELL James,CAMPBELL James,CAMPBELL James,GREEN Alan,GREEN Alan,CAMPBELL James,CAMPBELL James,GREEN Alan
NSW_Local_Government_2024_Dungog_-_B_Ward 2 seats.csv__hit101,LOW Stephen,CAMPBELL James,LOW Stephen,CAMPBELL James,CAMPBELL James,CAMPBELL James,CAMPBELL James,CAMPBELL James,CAMPBELL James,GREEN Alan
NSW_Local_Government_2024_Dungog_-_B_Ward 2 seats.csv__hit102,LOW Stephen,DRINAN Karen,LOW Stephen,LOW Stephen,LOW Stephen,LOW Stephen,LOW Stephen,LOW Stephen,LOW Stephen,LOW Stephen
NSW_Local_Government_2024_Dungog_-_B_Ward 2 seats.csv__hit103,LOW Stephen,DRINAN Karen,LOW Stephen,GREEN Alan,LOW Stephen,LOW Stephen,LOW Stephen,LOW Stephen,GREEN Alan,LOW Stephen
NSW_Local_Government_2024_Dungog_-_B_Ward 2 seats.csv__hit104,LOW Stephen,DRINAN Karen,LOW Stephen,LOW Stephen,LOW Stephen,LOW Stephen,LOW Stephen,LOW Stephen,LOW Stephen,LOW Stephen
NSW_Local_Government_2024_Dungog_-_B_Ward 2 seats.csv__hit105,CAMPBELL James,DRINAN Karen,DRINAN Karen,CAMPBELL James,CAMPBELL James,CAMPBELL James,DRINAN Karen,DRINAN Karen,DRINAN Karen,DRINAN Karen
NSW_Local_Government_2024_Dungog_-_B_Ward 2 seats.csv__hit106,LOW Stephen,DRINAN Karen,GREEN Alan,LOW Stephen,LOW Stephen,LOW Stephen,GREEN Alan,GREEN Alan,GREEN Alan,LOW Stephen
NSW_Local_Government_2024_Dungog_-_B_Ward 2 seats.csv__hit107,CAMPBELL James,CAMPBELL James,LOW Stephen,CAMPBELL James,CAMPBELL James,CAMPBELL James,CAMPBELL James,CAMPBELL James,CAMPBELL James,CAMPBELL James
NSW_Local_Government_2024_Dungog_-_B_Ward 2 seats.csv__hit108,CAMPBELL James,DRINAN Karen,GREEN Alan,CAMPBELL James,CAMPBELL James,CAMPBELL James,CAMPBELL James,CAMPBELL James,CAMPBELL James,CAMPBELL James
NSW_Local_Government_2024_Dungog_-_B_Ward 2 seats.csv__hit109,GREEN Alan,DRINAN Karen,LOW Stephen,CAMPBELL James,CAMPBELL James,CAMPBELL James,CAMPBELL James,CAMPBELL James,CAMPBELL James,CAMPBELL James
NSW_Local_Government_2024_Dungog_-_B_Ward 2 seats.csv__hit110,LOW Stephen,DRINAN Karen,LOW Stephen,LOW Stephen,LOW Stephen,LOW Stephen,LOW Stephen,LOW Stephen,LOW Stephen,LOW Stephen
NSW_Local_Government_2024_Dungog_-_B_Ward 2 seats.csv__hit111,DRINAN Karen,DRINAN Karen,LOW Stephen,LOW Stephen,LOW Stephen,LOW Stephen,LOW Stephen,LOW Stephen,LOW Stephen,LOW Stephen
NSW_Local_Government_2024_Dungog_-_B_Ward 2 seats.csv__hit112,CAMPBELL James,CAMPBELL James,GREEN Alan,CAMPBELL James,CAMPBELL James,CAMPBELL James,CAMPBELL James,CAMPBELL James,CAMPBELL James,GREEN Alan
NSW_Local_Government_2024_Dungog_-_B_Ward 2 seats.csv__hit113,LOW Stephen,LOW Stephen,LOW Stephen,LOW Stephen,LOW Stephen,LOW Stephen,LOW Stephen,LOW Stephen,LOW Stephen,LOW Stephen
NSW_Local_Government_2024_Dungog_-_B_Ward 2 seats.csv__hit114,LOW Stephen,LOW Stephen,LOW Stephen,LOW Stephen,LOW Stephen,LOW Stephen,LOW Stephen,LOW Stephen,LOW Stephen,LOW Stephen
NSW_Local_Government_2024_Dungog_-_B_Ward 2 seats.csv__hit115,GREEN Alan,LOW Stephen,LOW Stephen,LOW Stephen,LOW Stephen,LOW Stephen,LOW Stephen,LOW Stephen,LOW Stephen,LOW Stephen
NSW_Local_Government_2024_Dungog_-_B_Ward 2 seats.csv__hit116,GREEN Alan,GREEN Alan,GREEN Alan,CAMPBELL James,CAMPBELL James,GREEN Alan,GREEN Alan,GREEN Alan,GREEN Alan,CAMPBELL James
NSW_Local_Government_2024_Dungog_-_B_Ward 2 seats.csv__hit117,DRINAN Karen,DRINAN Karen,GREEN Alan,CAMPBELL James,CAMPBELL James,CAMPBELL James,CAMPBELL James,CAMPBELL James,CAMPBELL James,CAMPBELL James
NSW_Local_Government_2024_Dungog_-_B_Ward 2 seats.csv__hit118,DRINAN Karen,LOW Stephen,LOW Stephen,LOW Stephen,LOW Stephen,LOW Stephen,GREEN Alan,GREEN Alan,GREEN Alan,GREEN Alan
NSW_Local_Government_2024_Dungog_-_B_Ward 2 seats.csv__hit119,DRINAN Karen,DRINAN Karen,CAMPBELL James,CAMPBELL James,CAMPBELL James,CAMPBELL James,CAMPBELL James,CAMPBELL James,CAMPBELL James,CAMPBELL James
NSW_Local_Government_2024_Dungog_-_B_Ward 2 seats.csv__hit120,GREEN Alan,DRINAN Karen,LOW Stephen,LOW Stephen,LOW Stephen,LOW Stephen,LOW Stephen,LOW Stephen,LOW Stephen,LOW Stephen
NSW_Local_Government_2024_Dungog_-_B_Ward 2 seats.csv__hit121,LOW Stephen,DRINAN Karen,LOW Stephen,LOW Stephen,LOW Stephen,LOW Stephen,LOW Stephen,LOW Stephen,LOW Stephen,LOW Stephen
NSW_Local_Government_2024_Dungog_-_B_Ward 2 seats.csv__hit122,GREEN Alan,DRINAN Karen,LOW Stephen,LOW Stephen,LOW Stephen,LOW Stephen,LOW Stephen,LOW Stephen,GREEN Alan,LOW Stephen
NSW_Local_Government_2024_Dungog_-_B_Ward 2 seats.csv__hit123,GREEN Alan,CAMPBELL James,LOW Stephen,CAMPBELL James,CAMPBELL James,CAMPBELL James,CAMPBELL James,CAMPBELL James,CAMPBELL James,GREEN Alan
NSW_Local_Government_2024_Dungog_-_B_Ward 2 seats.csv__hit124,DRINAN Karen,DRINAN Karen,GREEN Alan,CAMPBELL James,CAMPBELL James,CAMPBELL James,CAMPBELL James,CAMPBELL James,CAMPBELL James,CAMPBELL James
NSW_Local_Government_2024_Dungog_-_B_Ward 2 seats.csv__hit125,GREEN Alan,DRINAN Karen,CAMPBELL James,CAMPBELL James,CAMPBELL James,CAMPBELL James,CAMPBELL James,CAMPBELL James,CAMPBELL James,CAMPBELL James
NSW_Local_Government_2024_Dungog_-_B_Ward 2 seats.csv__hit126,DRINAN Karen,LOW Stephen,LOW Stephen,LOW Stephen,LOW Stephen,LOW Stephen,LOW Stephen,GREEN Alan,GREEN Alan,LOW Stephen
NSW_Local_Government_2024_Dungog_-_B_Ward 2 seats.csv__hit127,LOW Stephen,DRINAN Karen,GREEN Alan,LOW Stephen,LOW Stephen,LOW Stephen,CAMPBELL James,CAMPBELL James,CAMPBELL James,LOW Stephen
NSW_Local_Government_2024_Dungog_-_B_Ward 2 seats.csv__hit128,CAMPBELL James,DRINAN Karen,CAMPBELL James,CAMPBELL James,CAMPBELL James,CAMPBELL James,CAMPBELL James,CAMPBELL James,CAMPBELL James,CAMPBELL James
NSW_Local_Government_2024_Dungog_-_B_Ward 2 seats.csv__hit129,DRINAN Karen,DRINAN Karen,LOW Stephen,GREEN Alan,CAMPBELL James,CAMPBELL James,CAMPBELL James,CAMPBELL James,CAMPBELL James,CAMPBELL James
NSW_Local_Government_2024_Dungog_-_B_Ward 2 seats.csv__hit130,DRINAN Karen,DRINAN Karen,CAMPBELL James,CAMPBELL James,CAMPBELL James,CAMPBELL James,CAMPBELL James,CAMPBELL James,CAMPBELL James,CAMPBELL James
NSW_Local_Government_2024_Dungog_-_B_Ward 2 seats.csv__hit131,CAMPBELL James,DRINAN Karen,GREEN Alan,CAMPBELL James,GREEN Alan,GREEN Alan,GREEN Alan,GREEN Alan,GREEN Alan,GREEN Alan
NSW_Local_Government_2024_Dungog_-_B_Ward 2 seats.csv__hit132,LOW Stephen,DRINAN Karen,LOW Stephen,LOW Stephen,LOW Stephen,LOW Stephen,LOW Stephen,LOW Stephen,LOW Stephen,LOW Stephen
NSW_Local_Government_2024_Dungog_-_B_Ward 2 seats.csv__hit133,DRINAN Karen,DRINAN Karen,GREEN Alan,CAMPBELL James,CAMPBELL James,GREEN Alan,DRINAN Karen,DRINAN Karen,DRINAN Karen,DRINAN Karen
NSW_Local_Government_2024_Dungog_-_B_Ward 2 seats.csv__hit134,DRINAN Karen,DRINAN Karen,LOW Stephen,LOW Stephen,LOW Stephen,LOW Stephen,LOW Stephen,LOW Stephen,LOW Stephen,LOW Stephen
NSW_Local_Government_2024_Dungog_-_B_Ward 2 seats.csv__hit135,GREEN Alan,DRINAN Karen,LOW Stephen,LOW Stephen,LOW Stephen,GREEN Alan,GREEN Alan,LOW Stephen,GREEN Alan,LOW Stephen
NSW_Local_Government_2024_Dungog_-_B_Ward 2 seats.csv__hit136,LOW Stephen,DRINAN Karen,LOW Stephen,LOW Stephen,LOW Stephen,LOW Stephen,LOW Stephen,GREEN Alan,GREEN Alan,LOW Stephen
NSW_Local_Government_2024_Dungog_-_B_Ward 2 seats.csv__hit137,LOW Stephen,LOW Stephen,LOW Stephen,LOW Stephen,LOW Stephen,LOW Stephen,LOW Stephen,LOW Stephen,LOW Stephen,LOW Stephen
NSW_Local_Government_2024_Dungog_-_B_Ward 2 seats.csv__hit138,GREEN Alan,DRINAN Karen,GREEN Alan,LOW Stephen,LOW Stephen,LOW Stephen,LOW Stephen,LOW Stephen,LOW Stephen,LOW Stephen
NSW_Local_Government_2024_Dungog_-_B_Ward 2 seats.csv__hit139,LOW Stephen,LOW Stephen,LOW Stephen,LOW Stephen,LOW Stephen,GREEN Alan,LOW Stephen,LOW Stephen,GREEN Alan,LOW Stephen
NSW_Local_Government_2024_Dungog_-_B_Ward 2 seats.csv__hit140,GREEN Alan,DRINAN Karen,LOW Stephen,CAMPBELL James,CAMPBELL James,GREEN Alan,CAMPBELL James,CAMPBELL James,CAMPBELL James,CAMPBELL James
NSW_Local_Government_2024_Dungog_-_B_Ward 2 seats.csv__hit141,GREEN Alan,LOW Stephen,LOW Stephen,LOW Stephen,LOW Stephen,GREEN Alan,GREEN Alan,LOW Stephen,LOW Stephen,LOW Stephen
NSW_Local_Government_2024_Dungog_-_B_Ward 2 seats.csv__hit142,DRINAN Karen,DRINAN Karen,LOW Stephen,LOW Stephen,LOW Stephen,LOW Stephen,LOW Stephen,GREEN Alan,GREEN Alan,LOW Stephen
NSW_Local_Government_2024_Dungog_-_B_Ward 2 seats.csv__hit143,DRINAN Karen,DRINAN Karen,DRINAN Karen,CAMPBELL James,CAMPBELL James,GREEN Alan,GREEN Alan,DRINAN Karen,DRINAN Karen,DRINAN Karen
NSW_Local_Government_2024_Dungog_-_B_Ward 2 seats.csv__hit144,GREEN Alan,DRINAN Karen,LOW Stephen,CAMPBELL James,CAMPBELL James,CAMPBELL James,CAMPBELL James,CAMPBELL James,CAMPBELL James,CAMPBELL James
NSW_Local_Government_2024_Dungog_-_B_Ward 2 seats.csv__hit145,DRINAN Karen,DRINAN Karen,LOW Stephen,LOW Stephen,LOW Stephen,LOW Stephen,LOW Stephen,LOW Stephen,LOW Stephen,LOW Stephen
NSW_Local_Government_2024_Dungog_-_B_Ward 2 seats.csv__hit146,LOW Stephen,LOW Stephen,LOW Stephen,LOW Stephen,LOW Stephen,LOW Stephen,LOW Stephen,LOW Stephen,LOW Stephen,LOW Stephen
NSW_Local_Government_2024_Dungog_-_B_Ward 2 seats.csv__hit147,LOW Stephen,LOW Stephen,LOW Stephen,LOW Stephen,LOW Stephen,GREEN Alan,GREEN Alan,LOW Stephen,GREEN Alan,LOW Stephen
NSW_Local_Government_2024_Dungog_-_B_Ward 2 seats.csv__hit148,DRINAN Karen,DRINAN Karen,LOW Stephen,GREEN Alan,LOW Stephen,LOW Stephen,GREEN Alan,LOW Stephen,CAMPBELL James,CAMPBELL James
NSW_Local_Government_2024_Dungog_-_B_Ward 2 seats.csv__hit149,DRINAN Karen,LOW Stephen,LOW Stephen,LOW Stephen,LOW Stephen,LOW Stephen,GREEN Alan,GREEN Alan,GREEN Alan,LOW Stephen
NSW_Local_Government_2024_Dungog_-_B_Ward 2 seats.csv__hit150,DRINAN Karen,DRINAN Karen,LOW Stephen,LOW Stephen,LOW Stephen,LOW Stephen,LOW Stephen,LOW Stephen,LOW Stephen,LOW Stephen
NSW_Local_Government_2024_Dungog_-_B_Ward 2 seats.csv__hit151,DRINAN Karen,DRINAN Karen,LOW Stephen,CAMPBELL James,CAMPBELL James,GREEN Alan,GREEN Alan,LOW Stephen,GREEN Alan,GREEN Alan
NSW_Local_Government_2024_Dungog_-_B_Ward 2 seats.csv__hit152,LOW Stephen,DRINAN Karen,LOW Stephen,LOW Stephen,LOW Stephen,LOW Stephen,LOW Stephen,GREEN Alan,GREEN Alan,LOW Stephen
NSW_Local_Government_2024_Dungog_-_B_Ward 2 seats.csv__hit153,DRINAN Karen,DRINAN Karen,LOW Stephen,LOW Stephen,LOW Stephen,LOW Stephen,LOW Stephen,LOW Stephen,LOW Stephen,LOW Stephen
NSW_Local_Government_2024_Dungog_-_B_Ward 2 seats.csv__hit154,GREEN Alan,DRINAN Karen,LOW Stephen,LOW Stephen,LOW Stephen,LOW Stephen,LOW Stephen,LOW Stephen,GREEN Alan,LOW Stephen
NSW_Local_Government_2024_Dungog_-_B_Ward 2 seats.csv__hit155,GREEN Alan,DRINAN Karen,LOW Stephen,LOW Stephen,LOW Stephen,LOW Stephen,LOW Stephen,LOW Stephen,LOW Stephen,LOW Stephen
NSW_Local_Government_2024_Dungog_-_B_Ward 2 seats.csv__hit156,LOW Stephen,DRINAN Karen,LOW Stephen,LOW Stephen,LOW Stephen,LOW Stephen,LOW Stephen,LOW Stephen,LOW Stephen,LOW Stephen
NSW_Local_Government_2024_Dungog_-_B_Ward 2 seats.csv__hit157,DRINAN Karen,DRINAN Karen,DRINAN Karen,CAMPBELL James,CAMPBELL James,DRINAN Karen,DRINAN Karen,DRINAN Karen,DRINAN Karen,DRINAN Karen
NSW_Local_Government_2024_Dungog_-_B_Ward 2 seats.csv__hit158,CAMPBELL James,DRINAN Karen,LOW Stephen,CAMPBELL James,CAMPBELL James,CAMPBELL James,CAMPBELL James,CAMPBELL James,CAMPBELL James,CAMPBELL James
NSW_Local_Government_2024_Dungog_-_B_Ward 2 seats.csv__hit159,GREEN Alan,LOW Stephen,LOW Stephen,LOW Stephen,LOW Stephen,LOW Stephen,LOW Stephen,LOW Stephen,LOW Stephen,LOW Stephen
NSW_Local_Government_2024_Dungog_-_B_Ward 2 seats.csv__hit160,LOW Stephen,LOW Stephen,GREEN Alan,LOW Stephen,LOW Stephen,LOW Stephen,LOW Stephen,LOW Stephen,LOW Stephen,LOW Stephen
NSW_Local_Government_2024_Dungog_-_B_Ward 2 seats.csv__hit161,CAMPBELL James,CAMPBELL James,CAMPBELL James,CAMPBELL James,CAMPBELL James,CAMPBELL James,CAMPBELL James,CAMPBELL James,CAMPBELL James,GREEN Alan
NSW_Local_Government_2024_Dungog_-_B_Ward 2 seats.csv__hit162,GREEN Alan,DRINAN Karen,LOW Stephen,GREEN Alan,LOW Stephen,GREEN Alan,LOW Stephen,LOW Stephen,GREEN Alan,GREEN Alan
NSW_Local_Government_2024_Dungog_-_B_Ward 2 seats.csv__hit163,CAMPBELL James,DRINAN Karen,GREEN Alan,GREEN Alan,CAMPBELL James,CAMPBELL James,GREEN Alan,LOW Stephen,CAMPBELL James,CAMPBELL James
NSW_Local_Government_2024_Dungog_-_B_Ward 2 seats.csv__hit164,LOW Stephen,LOW Stephen,LOW Stephen,LOW Stephen,LOW Stephen,LOW Stephen,LOW Stephen,LOW Stephen,LOW Stephen,LOW Stephen
NSW_Local_Government_2024_Dungog_-_B_Ward 2 seats.csv__hit165,LOW Stephen,LOW Stephen,DRINAN Karen,LOW Stephen,LOW Stephen,LOW Stephen,LOW Stephen,LOW Stephen,LOW Stephen,LOW Stephen
NSW_Local_Government_2024_Dungog_-_B_Ward 2 seats.csv__hit166,DRINAN Karen,DRINAN Karen,LOW Stephen,LOW Stephen,LOW Stephen,DRINAN Karen,GREEN Alan,GREEN Alan,GREEN Alan,LOW Stephen
NSW_Local_Government_2024_Dungog_-_B_Ward 2 seats.csv__hit167,GREEN Alan,DRINAN Karen,CAMPBELL James,CAMPBELL James,CAMPBELL James,CAMPBELL James,CAMPBELL James,CAMPBELL James,CAMPBELL James,CAMPBELL James
NSW_Local_Government_2024_Dungog_-_B_Ward 2 seats.csv__hit168,GREEN Alan,DRINAN Karen,LOW Stephen,LOW Stephen,LOW Stephen,LOW Stephen,LOW Stephen,LOW Stephen,LOW Stephen,LOW Stephen
NSW_Local_Government_2024_Dungog_-_B_Ward 2 seats.csv__hit169,GREEN Alan,DRINAN Karen,GREEN Alan,CAMPBELL James,CAMPBELL James,CAMPBELL James,CAMPBELL James,CAMPBELL James,CAMPBELL James,CAMPBELL James
NSW_Local_Government_2024_Dungog_-_B_Ward 2 seats.csv__hit170,LOW Stephen,DRINAN Karen,LOW Stephen,LOW Stephen,LOW Stephen,LOW Stephen,GREEN Alan,GREEN Alan,LOW Stephen,GREEN Alan
NSW_Local_Government_2024_Dungog_-_B_Ward 2 seats.csv__hit171,LOW Stephen,LOW Stephen,LOW Stephen,GREEN Alan,LOW Stephen,LOW Stephen,LOW Stephen,LOW Stephen,LOW Stephen,LOW Stephen
NSW_Local_Government_2024_Dungog_-_B_Ward 2 seats.csv__hit172,LOW Stephen,CAMPBELL James,CAMPBELL James,CAMPBELL James,CAMPBELL James,CAMPBELL James,CAMPBELL James,CAMPBELL James,GREEN Alan,GREEN Alan
NSW_Local_Government_2024_Dungog_-_B_Ward 2 seats.csv__hit173,LOW Stephen,LOW Stephen,LOW Stephen,LOW Stephen,LOW Stephen,LOW Stephen,LOW Stephen,LOW Stephen,LOW Stephen,LOW Stephen
NSW_Local_Government_2024_Dungog_-_B_Ward 2 seats.csv__hit174,LOW Stephen,DRINAN Karen,LOW Stephen,GREEN Alan,LOW Stephen,LOW Stephen,LOW Stephen,GREEN Alan,LOW Stephen,LOW Stephen
NSW_Local_Government_2024_Dungog_-_B_Ward 2 seats.csv__hit175,CAMPBELL James,LOW Stephen,GREEN Alan,CAMPBELL James,CAMPBELL James,CAMPBELL James,CAMPBELL James,CAMPBELL James,CAMPBELL James,CAMPBELL James
NSW_Local_Government_2024_Dungog_-_B_Ward 2 seats.csv__hit176,LOW Stephen,CAMPBELL James,CAMPBELL James,CAMPBELL James,CAMPBELL James,CAMPBELL James,CAMPBELL James,CAMPBELL James,CAMPBELL James,GREEN Alan
NSW_Local_Government_2024_Dungog_-_B_Ward 2 seats.csv__hit177,DRINAN Karen,DRINAN Karen,LOW Stephen,LOW Stephen,LOW Stephen,LOW Stephen,GREEN Alan,GREEN Alan,GREEN Alan,LOW Stephen
NSW_Local_Government_2024_Dungog_-_B_Ward 2 seats.csv__hit178,GREEN Alan,CAMPBELL James,GREEN Alan,GREEN Alan,CAMPBELL James,GREEN Alan,GREEN Alan,GREEN Alan,GREEN Alan,GREEN Alan
NSW_Local_Government_2024_Dungog_-_B_Ward 2 seats.csv__hit179,LOW Stephen,LOW Stephen,LOW Stephen,LOW Stephen,LOW Stephen,LOW Stephen,LOW Stephen,LOW Stephen,LOW Stephen,LOW Stephen
NSW_Local_Government_2024_Dungog_-_B_Ward 2 seats.csv__hit180,LOW Stephen,DRINAN Karen,LOW Stephen,LOW Stephen,LOW Stephen,DRINAN Karen,LOW Stephen,GREEN Alan,GREEN Alan,LOW Stephen
NSW_Local_Government_2024_Dungog_-_B_Ward 2 seats.csv__hit181,LOW Stephen,DRINAN Karen,LOW Stephen,LOW Stephen,LOW Stephen,LOW Stephen,LOW Stephen,LOW Stephen,LOW Stephen,LOW Stephen
NSW_Local_Government_2024_Dungog_-_B_Ward 2 seats.csv__hit182,DRINAN Karen,DRINAN Karen,CAMPBELL James,CAMPBELL James,CAMPBELL James,CAMPBELL James,CAMPBELL James,CAMPBELL James,CAMPBELL James,CAMPBELL James
NSW_Local_Government_2024_Dungog_-_B_Ward 2 seats.csv__hit183,GREEN Alan,DRINAN Karen,LOW Stephen,LOW Stephen,LOW Stephen,LOW Stephen,LOW Stephen,LOW Stephen,LOW Stephen,LOW Stephen
NSW_Local_Government_2024_Dungog_-_B_Ward 2 seats.csv__hit184,GREEN Alan,DRINAN Karen,LOW Stephen,LOW Stephen,LOW Stephen,LOW Stephen,LOW Stephen,LOW Stephen,LOW Stephen,LOW Stephen
NSW_Local_Government_2024_Dungog_-_B_Ward 2 seats.csv__hit185,DRINAN Karen,LOW Stephen,LOW Stephen,LOW Stephen,LOW Stephen,LOW Stephen,LOW Stephen,LOW Stephen,LOW Stephen,LOW Stephen
NSW_Local_Government_2024_Dungog_-_B_Ward 2 seats.csv__hit186,LOW Stephen,DRINAN Karen,LOW Stephen,LOW Stephen,LOW Stephen,LOW Stephen,GREEN Alan,GREEN Alan,GREEN Alan,LOW Stephen
NSW_Local_Government_2024_Dungog_-_B_Ward 2 seats.csv__hit187,GREEN Alan,GREEN Alan,GREEN Alan,LOW Stephen,LOW Stephen,LOW Stephen,GREEN Alan,GREEN Alan,CAMPBELL James,LOW Stephen
NSW_Local_Government_2024_Dungog_-_B_Ward 2 seats.csv__hit188,LOW Stephen,DRINAN Karen,LOW Stephen,LOW Stephen,LOW Stephen,LOW Stephen,LOW Stephen,LOW Stephen,LOW Stephen,LOW Stephen
NSW_Local_Government_2024_Dungog_-_B_Ward 2 seats.csv__hit189,CAMPBELL James,DRINAN Karen,LOW Stephen,GREEN Alan,LOW Stephen,LOW Stephen,LOW Stephen,GREEN Alan,GREEN Alan,LOW Stephen
NSW_Local_Government_2024_Dungog_-_B_Ward 2 seats.csv__hit190,DRINAN Karen,DRINAN Karen,CAMPBELL James,CAMPBELL James,CAMPBELL James,CAMPBELL James,CAMPBELL James,CAMPBELL James,CAMPBELL James,CAMPBELL James
NSW_Local_Government_2024_Dungog_-_B_Ward 2 seats.csv__hit191,DRINAN Karen,LOW Stephen,LOW Stephen,GREEN Alan,LOW Stephen,LOW Stephen,LOW Stephen,LOW Stephen,GREEN Alan,GREEN Alan
NSW_Local_Government_2024_Dungog_-_B_Ward 2 seats.csv__hit192,GREEN Alan,DRINAN Karen,LOW Stephen,LOW Stephen,LOW Stephen,LOW Stephen,LOW Stephen,LOW Stephen,LOW Stephen,LOW Stephen
NSW_Local_Government_2024_Dungog_-_B_Ward 2 seats.csv__hit193,LOW Stephen,DRINAN Karen,CAMPBELL James,CAMPBELL James,CAMPBELL James,CAMPBELL James,CAMPBELL James,CAMPBELL James,CAMPBELL James,CAMPBELL James
NSW_Local_Government_2024_Dungog_-_B_Ward 2 seats.csv__hit194,DRINAN Karen,LOW Stephen,LOW Stephen,GREEN Alan,LOW Stephen,LOW Stephen,GREEN Alan,LOW Stephen,GREEN Alan,LOW Stephen
NSW_Local_Government_2024_Dungog_-_B_Ward 2 seats.csv__hit195,LOW Stephen,LOW Stephen,CAMPBELL James,LOW Stephen,LOW Stephen,LOW Stephen,LOW Stephen,LOW Stephen,LOW Stephen,LOW Stephen
NSW_Local_Government_2024_Dungog_-_B_Ward 2 seats.csv__hit196,LOW Stephen,DRINAN Karen,LOW Stephen,LOW Stephen,LOW Stephen,LOW Stephen,LOW Stephen,LOW Stephen,LOW Stephen,GREEN Alan
NSW_Local_Government_2024_Dungog_-_B_Ward 2 seats.csv__hit197,CAMPBELL James,DRINAN Karen,LOW Stephen,CAMPBELL James,CAMPBELL James,CAMPBELL James,CAMPBELL James,CAMPBELL James,CAMPBELL James,CAMPBELL James
NSW_Local_Government_2024_Dungog_-_B_Ward 2 seats.csv__hit198,DRINAN Karen,DRINAN Karen,LOW Stephen,LOW Stephen,LOW Stephen,LOW Stephen,LOW Stephen,LOW Stephen,LOW Stephen,LOW Stephen
NSW_Local_Government_2024_Dungog_-_B_Ward 2 seats.csv__hit199,CAMPBELL James,DRINAN Karen,LOW Stephen,CAMPBELL James,CAMPBELL James,CAMPBELL James,CAMPBELL James,CAMPBELL James,CAMPBELL James,GREEN Alan
NSW_Local_Government_2024_Ballina_-_A_Ward 3 seats.csv__hit0,OXLEY Kay,MEEHAN Phil,OXLEY Kay,MEEHAN Phil,MEEHAN Phil,MEEHAN Phil,MEEHAN Phil,MEEHAN Phil,MEEHAN Phil,MEEHAN Phil
NSW_Local_Government_2024_Ballina_-_A_Ward 3 seats.csv__hit1,OXLEY Kay,MEEHAN Phil,OXLEY Kay,MEEHAN Phil,MEEHAN Phil,MEEHAN Phil,MEEHAN Phil,MEEHAN Phil,MEEHAN Phil,MEEHAN Phil
NSW_Local_Government_2024_Ballina_-_A_Ward 3 seats.csv__hit2,OXLEY Kay,MEEHAN Phil,OXLEY Kay,MEEHAN Phil,MEEHAN Phil,MEEHAN Phil,MEEHAN Phil,MEEHAN Phil,MEEHAN Phil,MEEHAN Phil
NSW_Local_Government_2024_Ballina_-_A_Ward 3 seats.csv__hit3,MEEHAN Phil,OXLEY Kay,OXLEY Kay,MEEHAN Phil,MEEHAN Phil,MEEHAN Phil,MEEHAN Phil,MEEHAN Phil,MEEHAN Phil,MEEHAN Phil
NSW_Local_Government_2024_Ballina_-_A_Ward 3 seats.csv__hit4,OXLEY Kay,MEEHAN Phil,MEEHAN Phil,MEEHAN Phil,MEEHAN Phil,MEEHAN Phil,MEEHAN Phil,MEEHAN Phil,MEEHAN Phil,MEEHAN Phil
NSW_Local_Government_2024_Ballina_-_A_Ward 3 seats.csv__hit5,LOONE Damian,MEEHAN Phil,MEEHAN Phil,MEEHAN Phil,MEEHAN Phil,MEEHAN Phil,MEEHAN Phil,MEEHAN Phil,MEEHAN Phil,MEEHAN Phil
NSW_Local_Government_2024_Ballina_-_A_Ward 3 seats.csv__hit6,MEEHAN Phil,MEEHAN Phil,MEEHAN Phil,MEEHAN Phil,MEEHAN Phil,MEEHAN Phil,MEEHAN Phil,MEEHAN Phil,MEEHAN Phil,MEEHAN Phil
NSW_Local_Government_2024_Ballina_-_A_Ward 3 seats.csv__hit7,MEEHAN Phil,MEEHAN Phil,MEEHAN Phil,MEEHAN Phil,MEEHAN Phil,MEEHAN Phil,MEEHAN Phil,MEEHAN Phil,MEEHAN Phil,MEEHAN Phil
NSW_Local_Government_2024_Ballina_-_A_Ward 3 seats.csv__hit8,MEEHAN Phil,MEEHAN Phil,MEEHAN Phil,MEEHAN Phil,MEEHAN Phil,MEEHAN Phil,MEEHAN Phil,MEEHAN Phil,MEEHAN Phil,MEEHAN Phil
NSW_Local_Government_2024_Ballina_-_A_Ward 3 seats.csv__hit9,LOONE Damian,MEEHAN Phil,MEEHAN Phil,MEEHAN Phil,MEEHAN Phil,MEEHAN Phil,MEEHAN Phil,MEEHAN Phil,MEEHAN Phil,MEEHAN Phil
NSW_Local_Government_2024_Ballina_-_A_Ward 3 seats.csv__hit10,OXLEY Kay,MEEHAN Phil,MEEHAN Phil,MEEHAN Phil,MEEHAN Phil,MEEHAN Phil,MEEHAN Phil,MEEHAN Phil,MEEHAN Phil,MEEHAN Phil
NSW_Local_Government_2024_Ballina_-_A_Ward 3 seats.csv__hit11,LOONE Damian,OXLEY Kay,MEEHAN Phil,MEEHAN Phil,MEEHAN Phil,MEEHAN Phil,MEEHAN Phil,MEEHAN Phil,MEEHAN Phil,MEEHAN Phil
NSW_Local_Government_2024_Ballina_-_A_Ward 3 seats.csv__hit12,MEEHAN Phil,MEEHAN Phil,MEEHAN Phil,MEEHAN Phil,MEEHAN Phil,MEEHAN Phil,MEEHAN Phil,MEEHAN Phil,MEEHAN Phil,MEEHAN Phil
NSW_Local_Government_2024_Ballina_-_A_Ward 3 seats.csv__hit13,MEEHAN Phil,MEEHAN Phil,MEEHAN Phil,MEEHAN Phil,MEEHAN Phil,MEEHAN Phil,MEEHAN Phil,MEEHAN Phil,MEEHAN Phil,MEEHAN Phil
NSW_Local_Government_2024_Ballina_-_A_Ward 3 seats.csv__hit14,OXLEY Kay,OXLEY Kay,OXLEY Kay,MEEHAN Phil,MEEHAN Phil,MEEHAN Phil,MEEHAN Phil,MEEHAN Phil,MEEHAN Phil,MEEHAN Phil
NSW_Local_Government_2024_Ballina_-_A_Ward 3 seats.csv__hit15,OXLEY Kay,MEEHAN Phil,MEEHAN Phil,MEEHAN Phil,MEEHAN Phil,MEEHAN Phil,MEEHAN Phil,MEEHAN Phil,MEEHAN Phil,MEEHAN Phil
NSW_Local_Government_2024_Ballina_-_A_Ward 3 seats.csv__hit16,MEEHAN Phil,MEEHAN Phil,MEEHAN Phil,MEEHAN Phil,MEEHAN Phil,MEEHAN Phil,MEEHAN Phil,MEEHAN Phil,MEEHAN Phil,MEEHAN Phil
NSW_Local_Government_2024_Ballina_-_A_Ward 3 seats.csv__hit17,MEEHAN Phil,MEEHAN Phil,MEEHAN Phil,MEEHAN Phil,MEEHAN Phil,MEEHAN Phil,MEEHAN Phil,MEEHAN Phil,MEEHAN Phil,MEEHAN Phil
NSW_Local_Government_2024_Ballina_-_A_Ward 3 seats.csv__hit18,OXLEY Kay,MEEHAN Phil,MEEHAN Phil,MEEHAN Phil,MEEHAN Phil,MEEHAN Phil,MEEHAN Phil,MEEHAN Phil,MEEHAN Phil,MEEHAN Phil
NSW_Local_Government_2024_Ballina_-_A_Ward 3 seats.csv__hit19,MEEHAN Phil,MEEHAN Phil,MEEHAN Phil,MEEHAN Phil,MEEHAN Phil,MEEHAN Phil,MEEHAN Phil,MEEHAN Phil,MEEHAN Phil,MEEHAN Phil
NSW_Local_Government_2024_Ballina_-_A_Ward 3 seats.csv__hit20,OXLEY Kay,MEEHAN Phil,LOONE Damian,MEEHAN Phil,MEEHAN Phil,MEEHAN Phil,MEEHAN Phil,MEEHAN Phil,MEEHAN Phil,MEEHAN Phil
NSW_Local_Government_2024_Ballina_-_A_Ward 3 seats.csv__hit21,OXLEY Kay,MEEHAN Phil,LOONE Damian,MEEHAN Phil,MEEHAN Phil,MEEHAN Phil,MEEHAN Phil,MEEHAN Phil,MEEHAN Phil,MEEHAN Phil
NSW_Local_Government_2024_Ballina_-_A_Ward 3 seats.csv__hit22,OXLEY Kay,MEEHAN Phil,MEEHAN Phil,MEEHAN Phil,MEEHAN Phil,MEEHAN Phil,MEEHAN Phil,MEEHAN Phil,MEEHAN Phil,MEEHAN Phil
NSW_Local_Government_2024_Ballina_-_A_Ward 3 seats.csv__hit23,LOONE Damian,MEEHAN Phil,MEEHAN Phil,MEEHAN Phil,MEEHAN Phil,MEEHAN Phil,MEEHAN Phil,MEEHAN Phil,MEEHAN Phil,MEEHAN Phil
NSW_Local_Government_2024_Ballina_-_A_Ward 3 seats.csv__hit24,OXLEY Kay,MEEHAN Phil,MEEHAN Phil,MEEHAN Phil,MEEHAN Phil,MEEHAN Phil,MEEHAN Phil,MEEHAN Phil,MEEHAN Phil,MEEHAN Phil
NSW_Local_Government_2024_Ballina_-_A_Ward 3 seats.csv__hit25,MEEHAN Phil,MEEHAN Phil,OXLEY Kay,MEEHAN Phil,MEEHAN Phil,MEEHAN Phil,MEEHAN Phil,MEEHAN Phil,MEEHAN Phil,MEEHAN Phil
NSW_Local_Government_2024_Ballina_-_A_Ward 3 seats.csv__hit26,OXLEY Kay,MEEHAN Phil,LOONE Damian,MEEHAN Phil,MEEHAN Phil,MEEHAN Phil,MEEHAN Phil,MEEHAN Phil,MEEHAN Phil,MEEHAN Phil
NSW_Local_Government_2024_Ballina_-_A_Ward 3 seats.csv__hit27,OXLEY Kay,MEEHAN Phil,MEEHAN Phil,MEEHAN Phil,MEEHAN Phil,MEEHAN Phil,MEEHAN Phil,MEEHAN Phil,MEEHAN Phil,MEEHAN Phil
NSW_Local_Government_2024_Ballina_-_A_Ward 3 seats.csv__hit28,MEEHAN Phil,MEEHAN Phil,MEEHAN Phil,MEEHAN Phil,MEEHAN Phil,MEEHAN Phil,MEEHAN Phil,MEEHAN Phil,MEEHAN Phil,MEEHAN Phil
NSW_Local_Government_2024_Ballina_-_A_Ward 3 seats.csv__hit29,PATERSON Mark,MEEHAN Phil,MEEHAN Phil,MEEHAN Phil,MEEHAN Phil,MEEHAN Phil,MEEHAN Phil,MEEHAN Phil,MEEHAN Phil,MEEHAN Phil
NSW_Local_Government_2024_Ballina_-_A_Ward 3 seats.csv__hit30,LOONE Damian,MEEHAN Phil,OXLEY Kay,MEEHAN Phil,MEEHAN Phil,MEEHAN Phil,MEEHAN Phil,MEEHAN Phil,MEEHAN Phil,MEEHAN Phil
NSW_Local_Government_2024_Ballina_-_A_Ward 3 seats.csv__hit31,OXLEY Kay,OXLEY Kay,LOONE Damian,MEEHAN Phil,MEEHAN Phil,MEEHAN Phil,MEEHAN Phil,MEEHAN Phil,MEEHAN Phil,MEEHAN Phil
NSW_Local_Government_2024_Ballina_-_A_Ward 3 seats.csv__hit32,LOONE Damian,OXLEY Kay,MEEHAN Phil,MEEHAN Phil,MEEHAN Phil,MEEHAN Phil,MEEHAN Phil,MEEHAN Phil,MEEHAN Phil,MEEHAN Phil
NSW_Local_Government_2024_Ballina_-_A_Ward 3 seats.csv__hit33,OXLEY Kay,MEEHAN Phil,OXLEY Kay,MEEHAN Phil,MEEHAN Phil,MEEHAN Phil,MEEHAN Phil,MEEHAN Phil,MEEHAN Phil,MEEHAN Phil
NSW_Local_Government_2024_Ballina_-_A_Ward 3 seats.csv__hit34,OXLEY Kay,MEEHAN Phil,MEEHAN Phil,MEEHAN Phil,MEEHAN Phil,MEEHAN Phil,MEEHAN Phil,MEEHAN Phil,MEEHAN Phil,MEEHAN Phil
NSW_Local_Government_2024_Ballina_-_A_Ward 3 seats.csv__hit35,OXLEY Kay,MEEHAN Phil,MEEHAN Phil,MEEHAN Phil,MEEHAN Phil,MEEHAN Phil,MEEHAN Phil,MEEHAN Phil,MEEHAN Phil,MEEHAN Phil
NSW_Local_Government_2024_Ballina_-_A_Ward 3 seats.csv__hit36,LOONE Damian,MEEHAN Phil,MEEHAN Phil,MEEHAN Phil,MEEHAN Phil,MEEHAN Phil,MEEHAN Phil,MEEHAN Phil,MEEHAN Phil,MEEHAN Phil
NSW_Local_Government_2024_Ballina_-_A_Ward 3 seats.csv__hit37,MEEHAN Phil,OXLEY Kay,MEEHAN Phil,MEEHAN Phil,MEEHAN Phil,MEEHAN Phil,MEEHAN Phil,MEEHAN Phil,MEEHAN Phil,MEEHAN Phil
NSW_Local_Government_2024_Ballina_-_A_Ward 3 seats.csv__hit38,MEEHAN Phil,MEEHAN Phil,MEEHAN Phil,MEEHAN Phil,MEEHAN Phil,MEEHAN Phil,MEEHAN Phil,MEEHAN Phil,MEEHAN Phil,MEEHAN Phil
NSW_Local_Government_2024_Ballina_-_A_Ward 3 seats.csv__hit39,MEEHAN Phil,MEEHAN Phil,OXLEY Kay,MEEHAN Phil,MEEHAN Phil,MEEHAN Phil,MEEHAN Phil,MEEHAN Phil,MEEHAN Phil,MEEHAN Phil
NSW_Local_Government_2024_Ballina_-_A_Ward 3 seats.csv__hit40,MEEHAN Phil,MEEHAN Phil,OXLEY Kay,MEEHAN Phil,MEEHAN Phil,MEEHAN Phil,MEEHAN Phil,MEEHAN Phil,MEEHAN Phil,MEEHAN Phil
NSW_Local_Government_2024_Ballina_-_A_Ward 3 seats.csv__hit41,LOONE Damian,MEEHAN Phil,LOONE Damian,MEEHAN Phil,MEEHAN Phil,MEEHAN Phil,MEEHAN Phil,MEEHAN Phil,MEEHAN Phil,MEEHAN Phil
NSW_Local_Government_2024_Ballina_-_A_Ward 3 seats.csv__hit42,OXLEY Kay,MEEHAN Phil,MEEHAN Phil,MEEHAN Phil,MEEHAN Phil,MEEHAN Phil,MEEHAN Phil,MEEHAN Phil,MEEHAN Phil,MEEHAN Phil
NSW_Local_Government_2024_Ballina_-_A_Ward 3 seats.csv__hit43,MEEHAN Phil,MEEHAN Phil,MEEHAN Phil,MEEHAN Phil,MEEHAN Phil,MEEHAN Phil,MEEHAN Phil,MEEHAN Phil,MEEHAN Phil,MEEHAN Phil
NSW_Local_Government_2024_Ballina_-_A_Ward 3 seats.csv__hit44,OXLEY Kay,MEEHAN Phil,LOONE Damian,MEEHAN Phil,MEEHAN Phil,MEEHAN Phil,MEEHAN Phil,MEEHAN Phil,MEEHAN Phil,MEEHAN Phil
NSW_Local_Government_2024_Ballina_-_A_Ward 3 seats.csv__hit45,OXLEY Kay,OXLEY Kay,OXLEY Kay,MEEHAN Phil,MEEHAN Phil,MEEHAN Phil,MEEHAN Phil,MEEHAN Phil,MEEHAN Phil,MEEHAN Phil
NSW_Local_Government_2024_Ballina_-_A_Ward 3 seats.csv__hit46,MEEHAN Phil,MEEHAN Phil,MEEHAN Phil,MEEHAN Phil,MEEHAN Phil,MEEHAN Phil,MEEHAN Phil,MEEHAN Phil,MEEHAN Phil,MEEHAN Phil
NSW_Local_Government_2024_Ballina_-_A_Ward 3 seats.csv__hit47,OXLEY Kay,MEEHAN Phil,OXLEY Kay,MEEHAN Phil,MEEHAN Phil,MEEHAN Phil,MEEHAN Phil,MEEHAN Phil,MEEHAN Phil,MEEHAN Phil
NSW_Local_Government_2024_Ballina_-_A_Ward 3 seats.csv__hit48,OXLEY Kay,OXLEY Kay,MEEHAN Phil,MEEHAN Phil,MEEHAN Phil,MEEHAN Phil,MEEHAN Phil,MEEHAN Phil,MEEHAN Phil,MEEHAN Phil
NSW_Local_Government_2024_Ballina_-_A_Ward 3 seats.csv__hit49,MEEHAN Phil,MEEHAN Phil,MEEHAN Phil,MEEHAN Phil,MEEHAN Phil,MEEHAN Phil,MEEHAN Phil,MEEHAN Phil,MEEHAN Phil,MEEHAN Phil
NSW_Local_Government_2024_Ballina_-_A_Ward 3 seats.csv__hit50,MEEHAN Phil,MEEHAN Phil,MEEHAN Phil,MEEHAN Phil,MEEHAN Phil,MEEHAN Phil,MEEHAN Phil,MEEHAN Phil,MEEHAN Phil,MEEHAN Phil
NSW_Local_Government_2024_Ballina_-_A_Ward 3 seats.csv__hit51,OXLEY Kay,MEEHAN Phil,MEEHAN Phil,MEEHAN Phil,MEEHAN Phil,MEEHAN Phil,MEEHAN Phil,MEEHAN Phil,MEEHAN Phil,MEEHAN Phil
NSW_Local_Government_2024_Ballina_-_A_Ward 3 seats.csv__hit52,MEEHAN Phil,MEEHAN Phil,OXLEY Kay,MEEHAN Phil,MEEHAN Phil,MEEHAN Phil,MEEHAN Phil,MEEHAN Phil,MEEHAN Phil,MEEHAN Phil
NSW_Local_Government_2024_Ballina_-_A_Ward 3 seats.csv__hit53,OXLEY Kay,MEEHAN Phil,MEEHAN Phil,MEEHAN Phil,MEEHAN Phil,MEEHAN Phil,MEEHAN Phil,MEEHAN Phil,MEEHAN Phil,MEEHAN Phil
NSW_Local_Government_2024_Ballina_-_A_Ward 3 seats.csv__hit54,LOONE Damian,MEEHAN Phil,OXLEY Kay,MEEHAN Phil,MEEHAN Phil,MEEHAN Phil,MEEHAN Phil,MEEHAN Phil,MEEHAN Phil,MEEHAN Phil
NSW_Local_Government_2024_Ballina_-_A_Ward 3 seats.csv__hit55,MEEHAN Phil,MEEHAN Phil,OXLEY Kay,MEEHAN Phil,MEEHAN Phil,MEEHAN Phil,MEEHAN Phil,MEEHAN Phil,MEEHAN Phil,MEEHAN Phil
NSW_Local_Government_2024_Ballina_-_A_Ward 3 seats.csv__hit56,OXLEY Kay,MEEHAN Phil,MEEHAN Phil,MEEHAN Phil,MEEHAN Phil,MEEHAN Phil,MEEHAN Phil,MEEHAN Phil,MEEHAN Phil,MEEHAN Phil
NSW_Local_Government_2024_Ballina_-_A_Ward 3 seats.csv__hit57,MEEHAN Phil,MEEHAN Phil,MEEHAN Phil,MEEHAN Phil,MEEHAN Phil,MEEHAN Phil,MEEHAN Phil,MEEHAN Phil,MEEHAN Phil,MEEHAN Phil
NSW_Local_Government_2024_Ballina_-_A_Ward 3 seats.csv__hit58,OXLEY Kay,MEEHAN Phil,MEEHAN Phil,MEEHAN Phil,MEEHAN Phil,MEEHAN Phil,MEEHAN Phil,MEEHAN Phil,MEEHAN Phil,MEEHAN Phil
NSW_Local_Government_2024_Ballina_-_A_Ward 3 seats.csv__hit59,MEEHAN Phil,MEEHAN Phil,MEEHAN Phil,MEEHAN Phil,MEEHAN Phil,MEEHAN Phil,MEEHAN Phil,MEEHAN Phil,MEEHAN Phil,MEEHAN Phil
NSW_Local_Government_2024_Ballina_-_A_Ward 3 seats.csv__hit60,MEEHAN Phil,OXLEY Kay,MEEHAN Phil,MEEHAN Phil,MEEHAN Phil,MEEHAN Phil,MEEHAN Phil,MEEHAN Phil,MEEHAN Phil,MEEHAN Phil
NSW_Local_Government_2024_Ballina_-_A_Ward 3 seats.csv__hit61,MEEHAN Phil,MEEHAN Phil,LOONE Damian,MEEHAN Phil,MEEHAN Phil,MEEHAN Phil,MEEHAN Phil,MEEHAN Phil,MEEHAN Phil,MEEHAN Phil
NSW_Local_Government_2024_Ballina_-_A_Ward 3 seats.csv__hit62,MEEHAN Phil,MEEHAN Phil,LOONE Damian,MEEHAN Phil,MEEHAN Phil,MEEHAN Phil,MEEHAN Phil,MEEHAN Phil,MEEHAN Phil,MEEHAN Phil
NSW_Local_Government_2024_Ballina_-_A_Ward 3 seats.csv__hit63,MEEHAN Phil,MEEHAN Phil,OXLEY Kay,MEEHAN Phil,MEEHAN Phil,MEEHAN Phil,MEEHAN Phil,MEEHAN Phil,MEEHAN Phil,MEEHAN Phil
NSW_Local_Government_2024_Ballina_-_A_Ward 3 seats.csv__hit64,MEEHAN Phil,MEEHAN Phil,OXLEY Kay,MEEHAN Phil,MEEHAN Phil,MEEHAN Phil,MEEHAN Phil,MEEHAN Phil,MEEHAN Phil,MEEHAN Phil
NSW_Local_Government_2024_Ballina_-_A_Ward 3 seats.csv__hit65,OXLEY Kay,MEEHAN Phil,MEEHAN Phil,MEEHAN Phil,MEEHAN Phil,MEEHAN Phil,MEEHAN Phil,MEEHAN Phil,MEEHAN Phil,MEEHAN Phil
NSW_Local_Government_2024_Ballina_-_A_Ward 3 seats.csv__hit66,LOONE Damian,MEEHAN Phil,MEEHAN Phil,MEEHAN Phil,MEEHAN Phil,MEEHAN Phil,MEEHAN Phil,MEEHAN Phil,MEEHAN Phil,MEEHAN Phil
NSW_Local_Government_2024_Ballina_-_A_Ward 3 seats.csv__hit67,OXLEY Kay,MEEHAN Phil,MEEHAN Phil,MEEHAN Phil,MEEHAN Phil,MEEHAN Phil,MEEHAN Phil,MEEHAN Phil,MEEHAN Phil,MEEHAN Phil
NSW_Local_Government_2024_Ballina_-_A_Ward 3 seats.csv__hit68,OXLEY Kay,MEEHAN Phil,LOONE Damian,MEEHAN Phil,MEEHAN Phil,MEEHAN Phil,MEEHAN Phil,MEEHAN Phil,MEEHAN Phil,MEEHAN Phil
NSW_Local_Government_2024_Ballina_-_A_Ward 3 seats.csv__hit69,MEEHAN Phil,MEEHAN Phil,LOONE Damian,MEEHAN Phil,MEEHAN Phil,MEEHAN Phil,MEEHAN Phil,MEEHAN Phil,MEEHAN Phil,MEEHAN Phil
NSW_Local_Government_2024_Ballina_-_A_Ward 3 seats.csv__hit70,MEEHAN Phil,MEEHAN Phil,OXLEY Kay,MEEHAN Phil,MEEHAN Phil,MEEHAN Phil,MEEHAN Phil,MEEHAN Phil,MEEHAN Phil,MEEHAN Phil
NSW_Local_Government_2024_Ballina_-_A_Ward 3 seats.csv__hit71,OXLEY Kay,MEEHAN Phil,LOONE Damian,MEEHAN Phil,MEEHAN Phil,MEEHAN Phil,MEEHAN Phil,MEEHAN Phil,MEEHAN Phil,MEEHAN Phil
NSW_Local_Government_2024_Ballina_-_A_Ward 3 seats.csv__hit72,OXLEY Kay,MEEHAN Phil,MEEHAN Phil,MEEHAN Phil,MEEHAN Phil,MEEHAN Phil,MEEHAN Phil,MEEHAN Phil,MEEHAN Phil,MEEHAN Phil
NSW_Local_Government_2024_Ballina_-_A_Ward 3 seats.csv__hit73,OXLEY Kay,MEEHAN Phil,MEEHAN Phil,MEEHAN Phil,MEEHAN Phil,MEEHAN Phil,MEEHAN Phil,MEEHAN Phil,MEEHAN Phil,MEEHAN Phil
NSW_Local_Government_2024_Ballina_-_A_Ward 3 seats.csv__hit74,LOONE Damian,OXLEY Kay,LOONE Damian,MEEHAN Phil,MEEHAN Phil,MEEHAN Phil,MEEHAN Phil,MEEHAN Phil,MEEHAN Phil,MEEHAN Phil
NSW_Local_Government_2024_Ballina_-_A_Ward 3 seats.csv__hit75,LOONE Damian,MEEHAN Phil,MEEHAN Phil,MEEHAN Phil,MEEHAN Phil,MEEHAN Phil,MEEHAN Phil,MEEHAN Phil,MEEHAN Phil,MEEHAN Phil
NSW_Local_Government_2024_Ballina_-_A_Ward 3 seats.csv__hit76,LOONE Damian,MEEHAN Phil,MEEHAN Phil,MEEHAN Phil,MEEHAN Phil,MEEHAN Phil,MEEHAN Phil,MEEHAN Phil,MEEHAN Phil,MEEHAN Phil
NSW_Local_Government_2024_Ballina_-_A_Ward 3 seats.csv__hit77,MEEHAN Phil,OXLEY Kay,MEEHAN Phil,MEEHAN Phil,MEEHAN Phil,MEEHAN Phil,MEEHAN Phil,MEEHAN Phil,MEEHAN Phil,MEEHAN Phil
NSW_Local_Government_2024_Ballina_-_A_Ward 3 seats.csv__hit78,LOONE Damian,MEEHAN Phil,OXLEY Kay,MEEHAN Phil,MEEHAN Phil,MEEHAN Phil,MEEHAN Phil,MEEHAN Phil,MEEHAN Phil,MEEHAN Phil
NSW_Local_Government_2024_Ballina_-_A_Ward 3 seats.csv__hit79,OXLEY Kay,MEEHAN Phil,MEEHAN Phil,MEEHAN Phil,MEEHAN Phil,MEEHAN Phil,MEEHAN Phil,MEEHAN Phil,MEEHAN Phil,MEEHAN Phil
NSW_Local_Government_2024_Ballina_-_A_Ward 3 seats.csv__hit80,LOONE Damian,MEEHAN Phil,MEEHAN Phil,MEEHAN Phil,MEEHAN Phil,MEEHAN Phil,MEEHAN Phil,MEEHAN Phil,MEEHAN Phil,MEEHAN Phil
NSW_Local_Government_2024_Ballina_-_A_Ward 3 seats.csv__hit81,LOONE Damian,MEEHAN Phil,MEEHAN Phil,MEEHAN Phil,MEEHAN Phil,MEEHAN Phil,MEEHAN Phil,MEEHAN Phil,MEEHAN Phil,MEEHAN Phil
NSW_Local_Government_2024_Ballina_-_A_Ward 3 seats.csv__hit82,OXLEY Kay,MEEHAN Phil,OXLEY Kay,MEEHAN Phil,MEEHAN Phil,MEEHAN Phil,MEEHAN Phil,MEEHAN Phil,MEEHAN Phil,MEEHAN Phil
NSW_Local_Government_2024_Ballina_-_A_Ward 3 seats.csv__hit83,MEEHAN Phil,MEEHAN Phil,MEEHAN Phil,MEEHAN Phil,MEEHAN Phil,MEEHAN Phil,MEEHAN Phil,MEEHAN Phil,MEEHAN Phil,MEEHAN Phil
NSW_Local_Government_2024_Ballina_-_A_Ward 3 seats.csv__hit84,MEEHAN Phil,OXLEY Kay,MEEHAN Phil,MEEHAN Phil,MEEHAN Phil,MEEHAN Phil,MEEHAN Phil,MEEHAN Phil,MEEHAN Phil,MEEHAN Phil
NSW_Local_Government_2024_Ballina_-_A_Ward 3 seats.csv__hit85,LOONE Damian,MEEHAN Phil,MEEHAN Phil,MEEHAN Phil,MEEHAN Phil,MEEHAN Phil,MEEHAN Phil,MEEHAN Phil,MEEHAN Phil,MEEHAN Phil
NSW_Local_Government_2024_Ballina_-_A_Ward 3 seats.csv__hit86,MEEHAN Phil,MEEHAN Phil,MEEHAN Phil,MEEHAN Phil,MEEHAN Phil,MEEHAN Phil,MEEHAN Phil,MEEHAN Phil,MEEHAN Phil,MEEHAN Phil
NSW_Local_Government_2024_Ballina_-_A_Ward 3 seats.csv__hit87,PATERSON Mark,MEEHAN Phil,LOONE Damian,MEEHAN Phil,MEEHAN Phil,MEEHAN Phil,MEEHAN Phil,MEEHAN Phil,MEEHAN Phil,MEEHAN Phil
NSW_Local_Government_2024_Ballina_-_A_Ward 3 seats.csv__hit88,OXLEY Kay,OXLEY Kay,MEEHAN Phil,MEEHAN Phil,MEEHAN Phil,MEEHAN Phil,MEEHAN Phil,MEEHAN Phil,MEEHAN Phil,MEEHAN Phil
NSW_Local_Government_2024_Ballina_-_A_Ward 3 seats.csv__hit89,LOONE Damian,MEEHAN Phil,MEEHAN Phil,MEEHAN Phil,MEEHAN Phil,MEEHAN Phil,MEEHAN Phil,MEEHAN Phil,MEEHAN Phil,MEEHAN Phil
NSW_Local_Government_2024_Ballina_-_A_Ward 3 seats.csv__hit90,MEEHAN Phil,MEEHAN Phil,MEEHAN Phil,MEEHAN Phil,MEEHAN Phil,MEEHAN Phil,MEEHAN Phil,MEEHAN Phil,MEEHAN Phil,MEEHAN Phil
NSW_Local_Government_2024_Ballina_-_A_Ward 3 seats.csv__hit91,OXLEY Kay,MEEHAN Phil,LOONE Damian,MEEHAN Phil,MEEHAN Phil,MEEHAN Phil,MEEHAN Phil,MEEHAN Phil,MEEHAN Phil,MEEHAN Phil
NSW_Local_Government_2024_Ballina_-_A_Ward 3 seats.csv__hit92,OXLEY Kay,MEEHAN Phil,LOONE Damian,MEEHAN Phil,MEEHAN Phil,MEEHAN Phil,MEEHAN Phil,MEEHAN Phil,MEEHAN Phil,MEEHAN Phil
NSW_Local_Government_2024_Ballina_-_A_Ward 3 seats.csv__hit93,MEEHAN Phil,OXLEY Kay,LOONE Damian,MEEHAN Phil,MEEHAN Phil,MEEHAN Phil,MEEHAN Phil,MEEHAN Phil,MEEHAN Phil,MEEHAN Phil
NSW_Local_Government_2024_Ballina_-_A_Ward 3 seats.csv__hit94,OXLEY Kay,MEEHAN Phil,OXLEY Kay,MEEHAN Phil,MEEHAN Phil,MEEHAN Phil,MEEHAN Phil,MEEHAN Phil,MEEHAN Phil,MEEHAN Phil
NSW_Local_Government_2024_Ballina_-_A_Ward 3 seats.csv__hit95,LOONE Damian,MEEHAN Phil,MEEHAN Phil,MEEHAN Phil,MEEHAN Phil,MEEHAN Phil,MEEHAN Phil,MEEHAN Phil,MEEHAN Phil,MEEHAN Phil
NSW_Local_Government_2024_Ballina_-_A_Ward 3 seats.csv__hit96,OXLEY Kay,MEEHAN Phil,MEEHAN Phil,MEEHAN Phil,MEEHAN Phil,MEEHAN Phil,MEEHAN Phil,MEEHAN Phil,MEEHAN Phil,MEEHAN Phil
NSW_Local_Government_2024_Ballina_-_A_Ward 3 seats.csv__hit97,MEEHAN Phil,MEEHAN Phil,LOONE Damian,MEEHAN Phil,MEEHAN Phil,MEEHAN Phil,MEEHAN Phil,MEEHAN Phil,MEEHAN Phil,MEEHAN Phil
NSW_Local_Government_2024_Ballina_-_A_Ward 3 seats.csv__hit98,OXLEY Kay,MEEHAN Phil,MEEHAN Phil,MEEHAN Phil,MEEHAN Phil,MEEHAN Phil,MEEHAN Phil,MEEHAN Phil,MEEHAN Phil,MEEHAN Phil
NSW_Local_Government_2024_Ballina_-_A_Ward 3 seats.csv__hit99,OXLEY Kay,MEEHAN Phil,OXLEY Kay,MEEHAN Phil,MEEHAN Phil,MEEHAN Phil,MEEHAN Phil,MEEHAN Phil,MEEHAN Phil,MEEHAN Phil
NSW_Local_Government_2024_Ballina_-_A_Ward 3 seats.csv__hit100,MEEHAN Phil,MEEHAN Phil,MEEHAN Phil,MEEHAN Phil,MEEHAN Phil,MEEHAN Phil,MEEHAN Phil,MEEHAN Phil,MEEHAN Phil,MEEHAN Phil
NSW_Local_Government_2024_Ballina_-_A_Ward 3 seats.csv__hit101,OXLEY Kay,MEEHAN Phil,LOONE Damian,MEEHAN Phil,MEEHAN Phil,MEEHAN Phil,MEEHAN Phil,MEEHAN Phil,MEEHAN Phil,MEEHAN Phil
NSW_Local_Government_2024_Ballina_-_A_Ward 3 seats.csv__hit102,LOONE Damian,OXLEY Kay,MEEHAN Phil,MEEHAN Phil,MEEHAN Phil,MEEHAN Phil,MEEHAN Phil,MEEHAN Phil,MEEHAN Phil,MEEHAN Phil
NSW_Local_Government_2024_Ballina_-_A_Ward 3 seats.csv__hit103,MEEHAN Phil,MEEHAN Phil,LOONE Damian,MEEHAN Phil,MEEHAN Phil,MEEHAN Phil,MEEHAN Phil,MEEHAN Phil,MEEHAN Phil,MEEHAN Phil
NSW_Local_Government_2024_Ballina_-_A_Ward 3 seats.csv__hit104,MEEHAN Phil,MEEHAN Phil,MEEHAN Phil,MEEHAN Phil,MEEHAN Phil,MEEHAN Phil,MEEHAN Phil,MEEHAN Phil,MEEHAN Phil,MEEHAN Phil
NSW_Local_Government_2024_Ballina_-_A_Ward 3 seats.csv__hit105,MEEHAN Phil,MEEHAN Phil,MEEHAN Phil,MEEHAN Phil,MEEHAN Phil,MEEHAN Phil,MEEHAN Phil,MEEHAN Phil,MEEHAN Phil,MEEHAN Phil
NSW_Local_Government_2024_Ballina_-_A_Ward 3 seats.csv__hit106,MEEHAN Phil,MEEHAN Phil,MEEHAN Phil,MEEHAN Phil,MEEHAN Phil,MEEHAN Phil,MEEHAN Phil,MEEHAN Phil,MEEHAN Phil,MEEHAN Phil
NSW_Local_Government_2024_Ballina_-_A_Ward 3 seats.csv__hit107,OXLEY Kay,MEEHAN Phil,MEEHAN Phil,MEEHAN Phil,MEEHAN Phil,MEEHAN Phil,MEEHAN Phil,MEEHAN Phil,MEEHAN Phil,MEEHAN Phil
NSW_Local_Government_2024_Ballina_-_A_Ward 3 seats.csv__hit108,MEEHAN Phil,MEEHAN Phil,MEEHAN Phil,MEEHAN Phil,MEEHAN Phil,MEEHAN Phil,MEEHAN Phil,MEEHAN Phil,MEEHAN Phil,MEEHAN Phil
NSW_Local_Government_2024_Ballina_-_A_Ward 3 seats.csv__hit109,LOONE Damian,MEEHAN Phil,MEEHAN Phil,MEEHAN Phil,MEEHAN Phil,MEEHAN Phil,MEEHAN Phil,MEEHAN Phil,MEEHAN Phil,MEEHAN Phil
NSW_Local_Government_2024_Ballina_-_A_Ward 3 seats.csv__hit110,PATERSON Mark,MEEHAN Phil,MEEHAN Phil,MEEHAN Phil,MEEHAN Phil,MEEHAN Phil,MEEHAN Phil,MEEHAN Phil,MEEHAN Phil,MEEHAN Phil
NSW_Local_Government_2024_Ballina_-_A_Ward 3 seats.csv__hit111,OXLEY Kay,MEEHAN Phil,OXLEY Kay,MEEHAN Phil,MEEHAN Phil,MEEHAN Phil,MEEHAN Phil,MEEHAN Phil,MEEHAN Phil,MEEHAN Phil
NSW_Local_Government_2024_Ballina_-_A_Ward 3 seats.csv__hit112,OXLEY Kay,MEEHAN Phil,MEEHAN Phil,MEEHAN Phil,MEEHAN Phil,MEEHAN Phil,MEEHAN Phil,MEEHAN Phil,MEEHAN Phil,MEEHAN Phil
NSW_Local_Government_2024_Ballina_-_A_Ward 3 seats.csv__hit113,MEEHAN Phil,MEEHAN Phil,MEEHAN Phil,MEEHAN Phil,MEEHAN Phil,MEEHAN Phil,MEEHAN Phil,MEEHAN Phil,MEEHAN Phil,MEEHAN Phil
NSW_Local_Government_2024_Ballina_-_A_Ward 3 seats.csv__hit114,OXLEY Kay,MEEHAN Phil,OXLEY Kay,MEEHAN Phil,MEEHAN Phil,MEEHAN Phil,MEEHAN Phil,MEEHAN Phil,MEEHAN Phil,MEEHAN Phil
NSW_Local_Government_2024_Ballina_-_A_Ward 3 seats.csv__hit115,OXLEY Kay,MEEHAN Phil,MEEHAN Phil,MEEHAN Phil,MEEHAN Phil,MEEHAN Phil,MEEHAN Phil,MEEHAN Phil,MEEHAN Phil,MEEHAN Phil
NSW_Local_Government_2024_Ballina_-_A_Ward 3 seats.csv__hit116,OXLEY Kay,MEEHAN Phil,LOONE Damian,MEEHAN Phil,MEEHAN Phil,MEEHAN Phil,MEEHAN Phil,MEEHAN Phil,MEEHAN Phil,MEEHAN Phil
NSW_Local_Government_2024_Ballina_-_A_Ward 3 seats.csv__hit117,OXLEY Kay,MEEHAN Phil,MEEHAN Phil,MEEHAN Phil,MEEHAN Phil,MEEHAN Phil,MEEHAN Phil,MEEHAN Phil,MEEHAN Phil,MEEHAN Phil
NSW_Local_Government_2024_Ballina_-_A_Ward 3 seats.csv__hit118,OXLEY Kay,MEEHAN Phil,OXLEY Kay,MEEHAN Phil,MEEHAN Phil,MEEHAN Phil,MEEHAN Phil,MEEHAN Phil,MEEHAN Phil,MEEHAN Phil
NSW_Local_Government_2024_Ballina_-_A_Ward 3 seats.csv__hit119,OXLEY Kay,MEEHAN Phil,OXLEY Kay,MEEHAN Phil,MEEHAN Phil,MEEHAN Phil,MEEHAN Phil,MEEHAN Phil,MEEHAN Phil,MEEHAN Phil
NSW_Local_Government_2024_Ballina_-_A_Ward 3 seats.csv__hit120,OXLEY Kay,MEEHAN Phil,MEEHAN Phil,MEEHAN Phil,MEEHAN Phil,MEEHAN Phil,MEEHAN Phil,MEEHAN Phil,MEEHAN Phil,MEEHAN Phil
NSW_Local_Government_2024_Ballina_-_A_Ward 3 seats.csv__hit121,OXLEY Kay,MEEHAN Phil,MEEHAN Phil,MEEHAN Phil,MEEHAN Phil,MEEHAN Phil,MEEHAN Phil,MEEHAN Phil,MEEHAN Phil,MEEHAN Phil
NSW_Local_Government_2024_Ballina_-_A_Ward 3 seats.csv__hit122,MEEHAN Phil,OXLEY Kay,OXLEY Kay,MEEHAN Phil,MEEHAN Phil,MEEHAN Phil,MEEHAN Phil,MEEHAN Phil,MEEHAN Phil,MEEHAN Phil
NSW_Local_Government_2024_Ballina_-_A_Ward 3 seats.csv__hit123,OXLEY Kay,MEEHAN Phil,LOONE Damian,MEEHAN Phil,MEEHAN Phil,MEEHAN Phil,MEEHAN Phil,MEEHAN Phil,MEEHAN Phil,MEEHAN Phil
NSW_Local_Government_2024_Ballina_-_A_Ward 3 seats.csv__hit124,MEEHAN Phil,MEEHAN Phil,MEEHAN Phil,MEEHAN Phil,MEEHAN Phil,MEEHAN Phil,MEEHAN Phil,MEEHAN Phil,MEEHAN Phil,MEEHAN Phil
NSW_Local_Government_2024_Ballina_-_A_Ward 3 seats.csv__hit125,OXLEY Kay,MEEHAN Phil,MEEHAN Phil,MEEHAN Phil,MEEHAN Phil,MEEHAN Phil,MEEHAN Phil,MEEHAN Phil,MEEHAN Phil,MEEHAN Phil
NSW_Local_Government_2024_Ballina_-_A_Ward 3 seats.csv__hit126,OXLEY Kay,OXLEY Kay,MEEHAN Phil,MEEHAN Phil,MEEHAN Phil,MEEHAN Phil,MEEHAN Phil,MEEHAN Phil,MEEHAN Phil,MEEHAN Phil
NSW_Local_Government_2024_Ballina_-_A_Ward 3 seats.csv__hit127,OXLEY Kay,MEEHAN Phil,OXLEY Kay,MEEHAN Phil,MEEHAN Phil,MEEHAN Phil,MEEHAN Phil,MEEHAN Phil,MEEHAN Phil,MEEHAN Phil
NSW_Local_Government_2024_Ballina_-_A_Ward 3 seats.csv__hit128,OXLEY Kay,MEEHAN Phil,MEEHAN Phil,MEEHAN Phil,MEEHAN Phil,MEEHAN Phil,MEEHAN Phil,MEEHAN Phil,MEEHAN Phil,MEEHAN Phil
NSW_Local_Government_2024_Ballina_-_A_Ward 3 seats.csv__hit129,MEEHAN Phil,OXLEY Kay,MEEHAN Phil,MEEHAN Phil,MEEHAN Phil,MEEHAN Phil,MEEHAN Phil,MEEHAN Phil,MEEHAN Phil,MEEHAN Phil
NSW_Local_Government_2024_Ballina_-_A_Ward 3 seats.csv__hit130,MEEHAN Phil,MEEHAN Phil,MEEHAN Phil,MEEHAN Phil,MEEHAN Phil,MEEHAN Phil,MEEHAN Phil,MEEHAN Phil,MEEHAN Phil,MEEHAN Phil
NSW_Local_Government_2024_Ballina_-_A_Ward 3 seats.csv__hit131,MEEHAN Phil,MEEHAN Phil,MEEHAN Phil,MEEHAN Phil,MEEHAN Phil,MEEHAN Phil,MEEHAN Phil,MEEHAN Phil,MEEHAN Phil,MEEHAN Phil
NSW_Local_Government_2024_Ballina_-_A_Ward 3 seats.csv__hit132,OXLEY Kay,OXLEY Kay,MEEHAN Phil,MEEHAN Phil,MEEHAN Phil,MEEHAN Phil,MEEHAN Phil,MEEHAN Phil,MEEHAN Phil,MEEHAN Phil
NSW_Local_Government_2024_Ballina_-_A_Ward 3 seats.csv__hit133,OXLEY Kay,MEEHAN Phil,LOONE Damian,MEEHAN Phil,MEEHAN Phil,MEEHAN Phil,MEEHAN Phil,MEEHAN Phil,MEEHAN Phil,MEEHAN Phil
NSW_Local_Government_2024_Ballina_-_A_Ward 3 seats.csv__hit134,LOONE Damian,MEEHAN Phil,MEEHAN Phil,MEEHAN Phil,MEEHAN Phil,MEEHAN Phil,MEEHAN Phil,MEEHAN Phil,MEEHAN Phil,MEEHAN Phil
NSW_Local_Government_2024_Ballina_-_A_Ward 3 seats.csv__hit135,OXLEY Kay,MEEHAN Phil,MEEHAN Phil,MEEHAN Phil,MEEHAN Phil,MEEHAN Phil,MEEHAN Phil,MEEHAN Phil,MEEHAN Phil,MEEHAN Phil
NSW_Local_Government_2024_Ballina_-_A_Ward 3 seats.csv__hit136,OXLEY Kay,OXLEY Kay,MEEHAN Phil,MEEHAN Phil,MEEHAN Phil,MEEHAN Phil,MEEHAN Phil,MEEHAN Phil,MEEHAN Phil,MEEHAN Phil
NSW_Local_Government_2024_Ballina_-_A_Ward 3 seats.csv__hit137,MEEHAN Phil,OXLEY Kay,MEEHAN Phil,MEEHAN Phil,MEEHAN Phil,MEEHAN Phil,MEEHAN Phil,MEEHAN Phil,MEEHAN Phil,MEEHAN Phil
NSW_Local_Government_2024_Ballina_-_A_Ward 3 seats.csv__hit138,LOONE Damian,MEEHAN Phil,OXLEY Kay,MEEHAN Phil,MEEHAN Phil,MEEHAN Phil,MEEHAN Phil,MEEHAN Phil,MEEHAN Phil,MEEHAN Phil
NSW_Local_Government_2024_Ballina_-_A_Ward 3 seats.csv__hit139,MEEHAN Phil,MEEHAN Phil,MEEHAN Phil,MEEHAN Phil,MEEHAN Phil,MEEHAN Phil,MEEHAN Phil,MEEHAN Phil,MEEHAN Phil,MEEHAN Phil
NSW_Local_Government_2024_Ballina_-_A_Ward 3 seats.csv__hit140,OXLEY Kay,MEEHAN Phil,MEEHAN Phil,MEEHAN Phil,MEEHAN Phil,MEEHAN Phil,MEEHAN Phil,MEEHAN Phil,MEEHAN Phil,MEEHAN Phil
NSW_Local_Government_2024_Ballina_-_A_Ward 3 seats.csv__hit141,LOONE Damian,MEEHAN Phil,MEEHAN Phil,MEEHAN Phil,MEEHAN Phil,MEEHAN Phil,MEEHAN Phil,MEEHAN Phil,MEEHAN Phil,MEEHAN Phil
NSW_Local_Government_2024_Ballina_-_A_Ward 3 seats.csv__hit142,OXLEY Kay,MEEHAN Phil,MEEHAN Phil,MEEHAN Phil,MEEHAN Phil,MEEHAN Phil,MEEHAN Phil,MEEHAN Phil,MEEHAN Phil,MEEHAN Phil
NSW_Local_Government_2024_Ballina_-_A_Ward 3 seats.csv__hit143,LOONE Damian,OXLEY Kay,MEEHAN Phil,MEEHAN Phil,MEEHAN Phil,MEEHAN Phil,MEEHAN Phil,MEEHAN Phil,MEEHAN Phil,MEEHAN Phil
NSW_Local_Government_2024_Ballina_-_A_Ward 3 seats.csv__hit144,MEEHAN Phil,OXLEY Kay,OXLEY Kay,MEEHAN Phil,MEEHAN Phil,MEEHAN Phil,MEEHAN Phil,MEEHAN Phil,MEEHAN Phil,MEEHAN Phil
NSW_Local_Government_2024_Ballina_-_A_Ward 3 seats.csv__hit145,OXLEY Kay,MEEHAN Phil,OXLEY Kay,MEEHAN Phil,MEEHAN Phil,MEEHAN Phil,MEEHAN Phil,MEEHAN Phil,MEEHAN Phil,MEEHAN Phil
NSW_Local_Government_2024_Ballina_-_A_Ward 3 seats.csv__hit146,MEEHAN Phil,MEEHAN Phil,OXLEY Kay,MEEHAN Phil,MEEHAN Phil,MEEHAN Phil,MEEHAN Phil,MEEHAN Phil,MEEHAN Phil,MEEHAN Phil
NSW_Local_Government_2024_Ballina_-_A_Ward 3 seats.csv__hit147,MEEHAN Phil,MEEHAN Phil,MEEHAN Phil,MEEHAN Phil,MEEHAN Phil,MEEHAN Phil,MEEHAN Phil,MEEHAN Phil,MEEHAN Phil,MEEHAN Phil
NSW_Local_Government_2024_Ballina_-_A_Ward 3 seats.csv__hit148,OXLEY Kay,MEEHAN Phil,LOONE Damian,MEEHAN Phil,MEEHAN Phil,MEEHAN Phil,MEEHAN Phil,MEEHAN Phil,MEEHAN Phil,MEEHAN Phil
NSW_Local_Government_2024_Ballina_-_A_Ward 3 seats.csv__hit149,MEEHAN Phil,MEEHAN Phil,MEEHAN Phil,MEEHAN Phil,MEEHAN Phil,MEEHAN Phil,MEEHAN Phil,MEEHAN Phil,MEEHAN Phil,MEEHAN Phil
NSW_Local_Government_2024_Ballina_-_A_Ward 3 seats.csv__hit150,OXLEY Kay,MEEHAN Phil,MEEHAN Phil,MEEHAN Phil,MEEHAN Phil,MEEHAN Phil,MEEHAN Phil,MEEHAN Phil,MEEHAN Phil,MEEHAN Phil
NSW_Local_Government_2024_Ballina_-_A_Ward 3 seats.csv__hit151,LOONE Damian,OXLEY Kay,MEEHAN Phil,MEEHAN Phil,MEEHAN Phil,MEEHAN Phil,MEEHAN Phil,MEEHAN Phil,MEEHAN Phil,MEEHAN Phil
NSW_Local_Government_2024_Ballina_-_A_Ward 3 seats.csv__hit152,OXLEY Kay,MEEHAN Phil,MEEHAN Phil,MEEHAN Phil,MEEHAN Phil,MEEHAN Phil,MEEHAN Phil,MEEHAN Phil,MEEHAN Phil,MEEHAN Phil
NSW_Local_Government_2024_Ballina_-_A_Ward 3 seats.csv__hit153,OXLEY Kay,MEEHAN Phil,MEEHAN Phil,MEEHAN Phil,MEEHAN Phil,MEEHAN Phil,MEEHAN Phil,MEEHAN Phil,MEEHAN Phil,MEEHAN Phil
NSW_Local_Government_2024_Ballina_-_A_Ward 3 seats.csv__hit154,OXLEY Kay,MEEHAN Phil,MEEHAN Phil,MEEHAN Phil,MEEHAN Phil,MEEHAN Phil,MEEHAN Phil,MEEHAN Phil,MEEHAN Phil,MEEHAN Phil
NSW_Local_Government_2024_Ballina_-_A_Ward 3 seats.csv__hit155,OXLEY Kay,OXLEY Kay,MEEHAN Phil,MEEHAN Phil,MEEHAN Phil,MEEHAN Phil,MEEHAN Phil,MEEHAN Phil,MEEHAN Phil,MEEHAN Phil
NSW_Local_Government_2024_Ballina_-_A_Ward 3 seats.csv__hit156,LOONE Damian,MEEHAN Phil,OXLEY Kay,MEEHAN Phil,MEEHAN Phil,MEEHAN Phil,MEEHAN Phil,MEEHAN Phil,MEEHAN Phil,MEEHAN Phil
NSW_Local_Government_2024_Ballina_-_A_Ward 3 seats.csv__hit157,OXLEY Kay,OXLEY Kay,MEEHAN Phil,MEEHAN Phil,MEEHAN Phil,MEEHAN Phil,MEEHAN Phil,MEEHAN Phil,MEEHAN Phil,MEEHAN Phil
NSW_Local_Government_2024_Ballina_-_A_Ward 3 seats.csv__hit158,MEEHAN Phil,MEEHAN Phil,MEEHAN Phil,MEEHAN Phil,MEEHAN Phil,MEEHAN Phil,MEEHAN Phil,MEEHAN Phil,MEEHAN Phil,MEEHAN Phil
NSW_Local_Government_2024_Ballina_-_A_Ward 3 seats.csv__hit159,PATERSON Mark,MEEHAN Phil,MEEHAN Phil,MEEHAN Phil,MEEHAN Phil,MEEHAN Phil,MEEHAN Phil,MEEHAN Phil,MEEHAN Phil,MEEHAN Phil
NSW_Local_Government_2024_Ballina_-_A_Ward 3 seats.csv__hit160,PATERSON Mark,MEEHAN Phil,MEEHAN Phil,MEEHAN Phil,MEEHAN Phil,MEEHAN Phil,MEEHAN Phil,MEEHAN Phil,MEEHAN Phil,MEEHAN Phil
NSW_Local_Government_2024_Ballina_-_A_Ward 3 seats.csv__hit161,MEEHAN Phil,OXLEY Kay,MEEHAN Phil,MEEHAN Phil,MEEHAN Phil,MEEHAN Phil,MEEHAN Phil,MEEHAN Phil,MEEHAN Phil,MEEHAN Phil
NSW_Local_Government_2024_Ballina_-_A_Ward 3 seats.csv__hit162,OXLEY Kay,MEEHAN Phil,LOONE Damian,MEEHAN Phil,MEEHAN Phil,MEEHAN Phil,MEEHAN Phil,MEEHAN Phil,MEEHAN Phil,MEEHAN Phil
NSW_Local_Government_2024_Ballina_-_A_Ward 3 seats.csv__hit163,LOONE Damian,MEEHAN Phil,LOONE Damian,MEEHAN Phil,MEEHAN Phil,MEEHAN Phil,MEEHAN Phil,MEEHAN Phil,MEEHAN Phil,MEEHAN Phil
NSW_Local_Government_2024_Ballina_-_A_Ward 3 seats.csv__hit164,LOONE Damian,MEEHAN Phil,OXLEY Kay,MEEHAN Phil,MEEHAN Phil,MEEHAN Phil,MEEHAN Phil,MEEHAN Phil,MEEHAN Phil,MEEHAN Phil
NSW_Local_Government_2024_Ballina_-_A_Ward 3 seats.csv__hit165,OXLEY Kay,MEEHAN Phil,MEEHAN Phil,MEEHAN Phil,MEEHAN Phil,MEEHAN Phil,MEEHAN Phil,MEEHAN Phil,MEEHAN Phil,MEEHAN Phil
NSW_Local_Government_2024_Ballina_-_A_Ward 3 seats.csv__hit166,MEEHAN Phil,MEEHAN Phil,MEEHAN Phil,MEEHAN Phil,MEEHAN Phil,MEEHAN Phil,MEEHAN Phil,MEEHAN Phil,MEEHAN Phil,MEEHAN Phil
NSW_Local_Government_2024_Ballina_-_A_Ward 3 seats.csv__hit167,OXLEY Kay,MEEHAN Phil,OXLEY Kay,MEEHAN Phil,MEEHAN Phil,MEEHAN Phil,MEEHAN Phil,MEEHAN Phil,MEEHAN Phil,MEEHAN Phil
NSW_Local_Government_2024_Ballina_-_A_Ward 3 seats.csv__hit168,OXLEY Kay,MEEHAN Phil,LOONE Damian,MEEHAN Phil,MEEHAN Phil,MEEHAN Phil,MEEHAN Phil,MEEHAN Phil,MEEHAN Phil,MEEHAN Phil
NSW_Local_Government_2024_Ballina_-_A_Ward 3 seats.csv__hit169,MEEHAN Phil,OXLEY Kay,MEEHAN Phil,MEEHAN Phil,MEEHAN Phil,MEEHAN Phil,MEEHAN Phil,MEEHAN Phil,MEEHAN Phil,MEEHAN Phil
NSW_Local_Government_2024_Ballina_-_A_Ward 3 seats.csv__hit170,MEEHAN Phil,MEEHAN Phil,MEEHAN Phil,MEEHAN Phil,MEEHAN Phil,MEEHAN Phil,MEEHAN Phil,MEEHAN Phil,MEEHAN Phil,MEEHAN Phil
NSW_Local_Government_2024_Ballina_-_A_Ward 3 seats.csv__hit171,MEEHAN Phil,MEEHAN Phil,OXLEY Kay,MEEHAN Phil,MEEHAN Phil,MEEHAN Phil,MEEHAN Phil,MEEHAN Phil,MEEHAN Phil,MEEHAN Phil
NSW_Local_Government_2024_Ballina_-_A_Ward 3 seats.csv__hit172,OXLEY Kay,MEEHAN Phil,LOONE Damian,MEEHAN Phil,MEEHAN Phil,MEEHAN Phil,MEEHAN Phil,MEEHAN Phil,MEEHAN Phil,MEEHAN Phil
NSW_Local_Government_2024_Ballina_-_A_Ward 3 seats.csv__hit173,MEEHAN Phil,MEEHAN Phil,OXLEY Kay,MEEHAN Phil,MEEHAN Phil,MEEHAN Phil,MEEHAN Phil,MEEHAN Phil,MEEHAN Phil,MEEHAN Phil
NSW_Local_Government_2024_Ballina_-_A_Ward 3 seats.csv__hit174,OXLEY Kay,MEEHAN Phil,MEEHAN Phil,MEEHAN Phil,MEEHAN Phil,MEEHAN Phil,MEEHAN Phil,MEEHAN Phil,MEEHAN Phil,MEEHAN Phil
NSW_Local_Government_2024_Ballina_-_A_Ward 3 seats.csv__hit175,MEEHAN Phil,MEEHAN Phil,OXLEY Kay,MEEHAN Phil,MEEHAN Phil,MEEHAN Phil,MEEHAN Phil,MEEHAN Phil,MEEHAN Phil,MEEHAN Phil
NSW_Local_Government_2024_Ballina_-_A_Ward 3 seats.csv__hit176,MEEHAN Phil,MEEHAN Phil,OXLEY Kay,MEEHAN Phil,MEEHAN Phil,MEEHAN Phil,MEEHAN Phil,MEEHAN Phil,MEEHAN Phil,MEEHAN Phil
NSW_Local_Government_2024_Ballina_-_A_Ward 3 seats.csv__hit177,LOONE Damian,MEEHAN Phil,MEEHAN Phil,MEEHAN Phil,MEEHAN Phil,MEEHAN Phil,MEEHAN Phil,MEEHAN Phil,MEEHAN Phil,MEEHAN Phil
NSW_Local_Government_2024_Ballina_-_A_Ward 3 seats.csv__hit178,OXLEY Kay,OXLEY Kay,MEEHAN Phil,MEEHAN Phil,MEEHAN Phil,MEEHAN Phil,MEEHAN Phil,MEEHAN Phil,MEEHAN Phil,MEEHAN Phil
NSW_Local_Government_2024_Ballina_-_A_Ward 3 seats.csv__hit179,OXLEY Kay,MEEHAN Phil,MEEHAN Phil,MEEHAN Phil,MEEHAN Phil,MEEHAN Phil,MEEHAN Phil,MEEHAN Phil,MEEHAN Phil,MEEHAN Phil
NSW_Local_Government_2024_Ballina_-_A_Ward 3 seats.csv__hit180,MEEHAN Phil,MEEHAN Phil,MEEHAN Phil,MEEHAN Phil,MEEHAN Phil,MEEHAN Phil,MEEHAN Phil,MEEHAN Phil,MEEHAN Phil,MEEHAN Phil
NSW_Local_Government_2024_Ballina_-_A_Ward 3 seats.csv__hit181,LOONE Damian,MEEHAN Phil,OXLEY Kay,MEEHAN Phil,MEEHAN Phil,MEEHAN Phil,MEEHAN Phil,MEEHAN Phil,MEEHAN Phil,MEEHAN Phil
NSW_Local_Government_2024_Ballina_-_A_Ward 3 seats.csv__hit182,OXLEY Kay,MEEHAN Phil,MEEHAN Phil,MEEHAN Phil,MEEHAN Phil,MEEHAN Phil,MEEHAN Phil,MEEHAN Phil,MEEHAN Phil,MEEHAN Phil
NSW_Local_Government_2024_Ballina_-_A_Ward 3 seats.csv__hit183,MEEHAN Phil,MEEHAN Phil,MEEHAN Phil,MEEHAN Phil,MEEHAN Phil,MEEHAN Phil,MEEHAN Phil,MEEHAN Phil,MEEHAN Phil,MEEHAN Phil
NSW_Local_Government_2024_Ballina_-_A_Ward 3 seats.csv__hit184,OXLEY Kay,MEEHAN Phil,MEEHAN Phil,MEEHAN Phil,MEEHAN Phil,MEEHAN Phil,MEEHAN Phil,MEEHAN Phil,MEEHAN Phil,MEEHAN Phil
NSW_Local_Government_2024_Ballina_-_A_Ward 3 seats.csv__hit185,OXLEY Kay,MEEHAN Phil,OXLEY Kay,MEEHAN Phil,MEEHAN Phil,MEEHAN Phil,MEEHAN Phil,MEEHAN Phil,MEEHAN Phil,MEEHAN Phil
NSW_Local_Government_2024_Ballina_-_A_Ward 3 seats.csv__hit186,OXLEY Kay,MEEHAN Phil,OXLEY Kay,MEEHAN Phil,MEEHAN Phil,MEEHAN Phil,MEEHAN Phil,MEEHAN Phil,MEEHAN Phil,MEEHAN Phil
NSW_Local_Government_2024_Ballina_-_A_Ward 3 seats.csv__hit187,LOONE Damian,MEEHAN Phil,MEEHAN Phil,MEEHAN Phil,MEEHAN Phil,MEEHAN Phil,MEEHAN Phil,MEEHAN Phil,MEEHAN Phil,MEEHAN Phil
NSW_Local_Government_2024_Ballina_-_A_Ward 3 seats.csv__hit188,OXLEY Kay,MEEHAN Phil,MEEHAN Phil,MEEHAN Phil,MEEHAN Phil,MEEHAN Phil,MEEHAN Phil,MEEHAN Phil,MEEHAN Phil,MEEHAN Phil
NSW_Local_Government_2024_Ballina_-_A_Ward 3 seats.csv__hit189,LOONE Damian,MEEHAN Phil,MEEHAN Phil,MEEHAN Phil,MEEHAN Phil,MEEHAN Phil,MEEHAN Phil,MEEHAN Phil,MEEHAN Phil,MEEHAN Phil
NSW_Local_Government_2024_Ballina_-_A_Ward 3 seats.csv__hit190,OXLEY Kay,MEEHAN Phil,OXLEY Kay,MEEHAN Phil,MEEHAN Phil,MEEHAN Phil,MEEHAN Phil,MEEHAN Phil,MEEHAN Phil,MEEHAN Phil
NSW_Local_Government_2024_Ballina_-_A_Ward 3 seats.csv__hit191,MEEHAN Phil,OXLEY Kay,LOONE Damian,MEEHAN Phil,MEEHAN Phil,MEEHAN Phil,MEEHAN Phil,MEEHAN Phil,MEEHAN Phil,MEEHAN Phil
NSW_Local_Government_2024_Ballina_-_A_Ward 3 seats.csv__hit192,MEEHAN Phil,MEEHAN Phil,OXLEY Kay,MEEHAN Phil,MEEHAN Phil,MEEHAN Phil,MEEHAN Phil,MEEHAN Phil,MEEHAN Phil,MEEHAN Phil
NSW_Local_Government_2024_Ballina_-_A_Ward 3 seats.csv__hit193,MEEHAN Phil,MEEHAN Phil,MEEHAN Phil,MEEHAN Phil,MEEHAN Phil,MEEHAN Phil,MEEHAN Phil,MEEHAN Phil,MEEHAN Phil,MEEHAN Phil
NSW_Local_Government_2024_Ballina_-_A_Ward 3 seats.csv__hit194,OXLEY Kay,MEEHAN Phil,OXLEY Kay,MEEHAN Phil,MEEHAN Phil,MEEHAN Phil,MEEHAN Phil,MEEHAN Phil,MEEHAN Phil,MEEHAN Phil
NSW_Local_Government_2024_Ballina_-_A_Ward 3 seats.csv__hit195,MEEHAN Phil,MEEHAN Phil,MEEHAN Phil,MEEHAN Phil,MEEHAN Phil,MEEHAN Phil,MEEHAN Phil,MEEHAN Phil,MEEHAN Phil,MEEHAN Phil
NSW_Local_Government_2024_Ballina_-_A_Ward 3 seats.csv__hit196,OXLEY Kay,MEEHAN Phil,OXLEY Kay,MEEHAN Phil,MEEHAN Phil,MEEHAN Phil,MEEHAN Phil,MEEHAN Phil,MEEHAN Phil,MEEHAN Phil
NSW_Local_Government_2024_Ballina_-_A_Ward 3 seats.csv__hit197,LOONE Damian,MEEHAN Phil,MEEHAN Phil,MEEHAN Phil,MEEHAN Phil,MEEHAN Phil,MEEHAN Phil,MEEHAN Phil,MEEHAN Phil,MEEHAN Phil
NSW_Local_Government_2024_Ballina_-_A_Ward 3 seats.csv__hit198,MEEHAN Phil,MEEHAN Phil,MEEHAN Phil,MEEHAN Phil,MEEHAN Phil,MEEHAN Phil,MEEHAN Phil,MEEHAN Phil,MEEHAN Phil,MEEHAN Phil
NSW_Local_Government_2024_Ballina_-_A_Ward 3 seats.csv__hit199,MEEHAN Phil,MEEHAN Phil,MEEHAN Phil,MEEHAN Phil,MEEHAN Phil,MEEHAN Phil,MEEHAN Phil,MEEHAN Phil,MEEHAN Phil,MEEHAN Phil
NSW_Local_Government_2024_Murray_River_-_Moama_Ward 3 seats.csv__hit0,HARVIE John,HARVIE John,HURN Bianca,CAMPBELL Gen,CAMPBELL Gen,CAMPBELL Gen,CAMPBELL Gen,CAMPBELL Gen,CAMPBELL Gen,HARVIE John
NSW_Local_Government_2024_Murray_River_-_Moama_Ward 3 seats.csv__hit1,CAMPBELL Gen,HARVIE John,HURN Bianca,HARVIE John,HARVIE John,HARVIE John,CAMPBELL Gen,CAMPBELL Gen,CAMPBELL Gen,HURN Bianca
NSW_Local_Government_2024_Murray_River_-_Moama_Ward 3 seats.csv__hit2,HARVIE John,HARVIE John,HARVIE John,HARVIE John,CAMPBELL Gen,HURN Bianca,CAMPBELL Gen,CAMPBELL Gen,HURN Bianca,HURN Bianca
NSW_Local_Government_2024_Murray_River_-_Moama_Ward 3 seats.csv__hit3,HURN Bianca,HARVIE John,HURN Bianca,HARVIE John,HARVIE John,CAMPBELL Gen,CAMPBELL Gen,CAMPBELL Gen,CAMPBELL Gen,HURN Bianca
NSW_Local_Government_2024_Murray_River_-_Moama_Ward 3 seats.csv__hit4,HURN Bianca,HURN Bianca,HARVIE John,HURN Bianca,HARVIE John,CAMPBELL Gen,CAMPBELL Gen,CAMPBELL Gen,HURN Bianca,HURN Bianca
NSW_Local_Government_2024_Murray_River_-_Moama_Ward 3 seats.csv__hit5,HURN Bianca,HARVIE John,HURN Bianca,HURN Bianca,CAMPBELL Gen,HARVIE John,CAMPBELL Gen,CAMPBELL Gen,CAMPBELL Gen,HARVIE John
NSW_Local_Government_2024_Murray_River_-_Moama_Ward 3 seats.csv__hit6,HURN Bianca,HURN Bianca,HURN Bianca,HURN Bianca,HURN Bianca,HURN Bianca,CAMPBELL Gen,CAMPBELL Gen,HURN Bianca,HURN Bianca
NSW_Local_Government_2024_Murray_River_-_Moama_Ward 3 seats.csv__hit7,HARVIE John,HARVIE John,HURN Bianca,HURN Bianca,CAMPBELL Gen,HURN Bianca,CAMPBELL Gen,CAMPBELL Gen,CAMPBELL Gen,HURN Bianca
NSW_Local_Government_2024_Murray_River_-_Moama_Ward 3 seats.csv__hit8,HURN Bianca,HARVIE John,HURN Bianca,CAMPBELL Gen,CAMPBELL Gen,CAMPBELL Gen,CAMPBELL Gen,CAMPBELL Gen,CAMPBELL Gen,HARVIE John
NSW_Local_Government_2024_Murray_River_-_Moama_Ward 3 seats.csv__hit9,HURN Bianca,HARVIE John,HURN Bianca,CAMPBELL Gen,CAMPBELL Gen,HURN Bianca,CAMPBELL Gen,CAMPBELL Gen,CAMPBELL Gen,HARVIE John
NSW_Local_Government_2024_Murray_River_-_Moama_Ward 3 seats.csv__hit10,HARVIE John,HARVIE John,HURN Bianca,HURN Bianca,HARVIE John,CAMPBELL Gen,CAMPBELL Gen,CAMPBELL Gen,HURN Bianca,HURN Bianca
NSW_Local_Government_2024_Murray_River_-_Moama_Ward 3 seats.csv__hit11,HURN Bianca,HURN Bianca,HURN Bianca,HURN Bianca,CAMPBELL Gen,CAMPBELL Gen,CAMPBELL Gen,CAMPBELL Gen,CAMPBELL Gen,HURN Bianca
NSW_Local_Government_2024_Murray_River_-_Moama_Ward 3 seats.csv__hit12,HURN Bianca,HARVIE John,HURN Bianca,HARVIE John,CAMPBELL Gen,CAMPBELL Gen,CAMPBELL Gen,CAMPBELL Gen,CAMPBELL Gen,HARVIE John
NSW_Local_Government_2024_Murray_River_-_Moama_Ward 3 seats.csv__hit13,HARVIE John,HARVIE John,HURN Bianca,HARVIE John,HARVIE John,CAMPBELL Gen,CAMPBELL Gen,CAMPBELL Gen,CAMPBELL Gen,HURN Bianca
NSW_Local_Government_2024_Murray_River_-_Moama_Ward 3 seats.csv__hit14,HURN Bianca,HARVIE John,HURN Bianca,HARVIE John,CAMPBELL Gen,CAMPBELL Gen,CAMPBELL Gen,CAMPBELL Gen,CAMPBELL Gen,HURN Bianca
NSW_Local_Government_2024_Murray_River_-_Moama_Ward 3 seats.csv__hit15,HURN Bianca,HARVIE John,HURN Bianca,HURN Bianca,CAMPBELL Gen,HURN Bianca,CAMPBELL Gen,CAMPBELL Gen,HURN Bianca,HURN Bianca
NSW_Local_Government_2024_Murray_River_-_Moama_Ward 3 seats.csv__hit16,HURN Bianca,HURN Bianca,HARVIE John,CAMPBELL Gen,CAMPBELL Gen,CAMPBELL Gen,CAMPBELL Gen,CAMPBELL Gen,HURN Bianca,HURN Bianca
NSW_Local_Government_2024_Murray_River_-_Moama_Ward 3 seats.csv__hit17,HURN Bianca,HARVIE John,HURN Bianca,HURN Bianca,HARVIE John,CAMPBELL Gen,CAMPBELL Gen,CAMPBELL Gen,HURN Bianca,HARVIE John
NSW_Local_Government_2024_Murray_River_-_Moama_Ward 3 seats.csv__hit18,HURN Bianca,HARVIE John,HURN Bianca,HARVIE John,CAMPBELL Gen,CAMPBELL Gen,CAMPBELL Gen,CAMPBELL Gen,CAMPBELL Gen,HARVIE John
NSW_Local_Government_2024_Murray_River_-_Moama_Ward 3 seats.csv__hit19,HURN Bianca,HARVIE John,HURN Bianca,CAMPBELL Gen,CAMPBELL Gen,CAMPBELL Gen,CAMPBELL Gen,CAMPBELL Gen,HURN Bianca,HARVIE John
NSW_Local_Government_2024_Murray_River_-_Moama_Ward 3 seats.csv__hit20,HARVIE John,HURN Bianca,HARVIE John,HURN Bianca,HARVIE John,CAMPBELL Gen,CAMPBELL Gen,CAMPBELL Gen,HURN Bianca,HURN Bianca
NSW_Local_Government_2024_Murray_River_-_Moama_Ward 3 seats.csv__hit21,HARVIE John,HARVIE John,HURN Bianca,HARVIE John,CAMPBELL Gen,CAMPBELL Gen,CAMPBELL Gen,CAMPBELL Gen,CAMPBELL Gen,HARVIE John
NSW_Local_Government_2024_Murray_River_-_Moama_Ward 3 seats.csv__hit22,HARVIE John,HARVIE John,HURN Bianca,HARVIE John,CAMPBELL Gen,CAMPBELL Gen,CAMPBELL Gen,CAMPBELL Gen,CAMPBELL Gen,HURN Bianca
NSW_Local_Government_2024_Murray_River_-_Moama_Ward 3 seats.csv__hit23,HURN Bianca,HARVIE John,HURN Bianca,CAMPBELL Gen,CAMPBELL Gen,CAMPBELL Gen,CAMPBELL Gen,CAMPBELL Gen,CAMPBELL Gen,HURN Bianca
NSW_Local_Government_2024_Murray_River_-_Moama_Ward 3 seats.csv__hit24,HURN Bianca,HARVIE John,HARVIE John,HURN Bianca,HARVIE John,CAMPBELL Gen,CAMPBELL Gen,CAMPBELL Gen,HURN Bianca,HURN Bianca
NSW_Local_Government_2024_Murray_River_-_Moama_Ward 3 seats.csv__hit25,HARVIE John,HARVIE John,HARVIE John,HARVIE John,CAMPBELL Gen,CAMPBELL Gen,CAMPBELL Gen,CAMPBELL Gen,CAMPBELL Gen,HURN Bianca
NSW_Local_Government_2024_Murray_River_-_Moama_Ward 3 seats.csv__hit26,HARVIE John,HARVIE John,HURN Bianca,CAMPBELL Gen,HARVIE John,HARVIE John,CAMPBELL Gen,CAMPBELL Gen,HURN Bianca,HARVIE John
NSW_Local_Government_2024_Murray_River_-_Moama_Ward 3 seats.csv__hit27,HURN Bianca,HURN Bianca,HURN Bianca,HURN Bianca,HURN Bianca,HURN Bianca,CAMPBELL Gen,CAMPBELL Gen,HURN Bianca,HURN Bianca
NSW_Local_Government_2024_Murray_River_-_Moama_Ward 3 seats.csv__hit28,HURN Bianca,HARVIE John,HARVIE John,HURN Bianca,HARVIE John,CAMPBELL Gen,CAMPBELL Gen,CAMPBELL Gen,CAMPBELL Gen,HURN Bianca
NSW_Local_Government_2024_Murray_River_-_Moama_Ward 3 seats.csv__hit29,HURN Bianca,HURN Bianca,HURN Bianca,CAMPBELL Gen,CAMPBELL Gen,CAMPBELL Gen,CAMPBELL Gen,CAMPBELL Gen,CAMPBELL Gen,HURN Bianca
NSW_Local_Government_2024_Murray_River_-_Moama_Ward 3 seats.csv__hit30,HARVIE John,HARVIE John,HURN Bianca,CAMPBELL Gen,CAMPBELL Gen,HARVIE John,CAMPBELL Gen,CAMPBELL Gen,CAMPBELL Gen,HURN Bianca
NSW_Local_Government_2024_Murray_River_-_Moama_Ward 3 seats.csv__hit31,HARVIE John,HARVIE John,HURN Bianca,HARVIE John,CAMPBELL Gen,CAMPBELL Gen,CAMPBELL Gen,CAMPBELL Gen,CAMPBELL Gen,HARVIE John
NSW_Local_Government_2024_Murray_River_-_Moama_Ward 3 seats.csv__hit32,HURN Bianca,HURN Bianca,HURN Bianca,HURN Bianca,HURN Bianca,HURN Bianca,CAMPBELL Gen,CAMPBELL Gen,CAMPBELL Gen,HURN Bianca
NSW_Local_Government_2024_Murray_River_-_Moama_Ward 3 seats.csv__hit33,HURN Bianca,HARVIE John,HARVIE John,HARVIE John,CAMPBELL Gen,CAMPBELL Gen,CAMPBELL Gen,CAMPBELL Gen,CAMPBELL Gen,HARVIE John
NSW_Local_Government_2024_Murray_River_-_Moama_Ward 3 seats.csv__hit34,HURN Bianca,HURN Bianca,HURN Bianca,HURN Bianca,CAMPBELL Gen,CAMPBELL Gen,CAMPBELL Gen,CAMPBELL Gen,CAMPBELL Gen,HURN Bianca
NSW_Local_Government_2024_Murray_River_-_Moama_Ward 3 seats.csv__hit35,HARVIE John,HARVIE John,HURN Bianca,CAMPBELL Gen,HURN Bianca,CAMPBELL Gen,CAMPBELL Gen,CAMPBELL Gen,HURN Bianca,HURN Bianca
NSW_Local_Government_2024_Murray_River_-_Moama_Ward 3 seats.csv__hit36,HURN Bianca,HARVIE John,HURN Bianca,HARVIE John,CAMPBELL Gen,HURN Bianca,CAMPBELL Gen,CAMPBELL Gen,CAMPBELL Gen,HURN Bianca
NSW_Local_Government_2024_Murray_River_-_Moama_Ward 3 seats.csv__hit37,HURN Bianca,HARVIE John,HURN Bianca,HURN Bianca,CAMPBELL Gen,HURN Bianca,CAMPBELL Gen,CAMPBELL Gen,HURN Bianca,HARVIE John
NSW_Local_Government_2024_Murray_River_-_Moama_Ward 3 seats.csv__hit38,HARVIE John,HARVIE John,HURN Bianca,CAMPBELL Gen,HARVIE John,CAMPBELL Gen,CAMPBELL Gen,CAMPBELL Gen,CAMPBELL Gen,HURN Bianca
NSW_Local_Government_2024_Murray_River_-_Moama_Ward 3 seats.csv__hit39,HARVIE John,HARVIE John,HURN Bianca,HURN Bianca,CAMPBELL Gen,HARVIE John,CAMPBELL Gen,CAMPBELL Gen,HURN Bianca,HURN Bianca
NSW_Local_Government_2024_Murray_River_-_Moama_Ward 3 seats.csv__hit40,HARVIE John,HURN Bianca,HURN Bianca,CAMPBELL Gen,CAMPBELL Gen,CAMPBELL Gen,CAMPBELL Gen,CAMPBELL Gen,CAMPBELL Gen,HURN Bianca
NSW_Local_Government_2024_Murray_River_-_Moama_Ward 3 seats.csv__hit41,HURN Bianca,HARVIE John,HURN Bianca,HURN Bianca,CAMPBELL Gen,HURN Bianca,CAMPBELL Gen,CAMPBELL Gen,CAMPBELL Gen,HARVIE John
NSW_Local_Government_2024_Murray_River_-_Moama_Ward 3 seats.csv__hit42,HURN Bianca,HURN Bianca,HURN Bianca,HURN Bianca,HURN Bianca,CAMPBELL Gen,CAMPBELL Gen,CAMPBELL Gen,HURN Bianca,HARVIE John
NSW_Local_Government_2024_Murray_River_-_Moama_Ward 3 seats.csv__hit43,HARVIE John,HARVIE John,HURN Bianca,CAMPBELL Gen,CAMPBELL Gen,CAMPBELL Gen,CAMPBELL Gen,CAMPBELL Gen,CAMPBELL Gen,HARVIE John
NSW_Local_Government_2024_Murray_River_-_Moama_Ward 3 seats.csv__hit44,HURN Bianca,HARVIE John,HARVIE John,CAMPBELL Gen,CAMPBELL Gen,CAMPBELL Gen,CAMPBELL Gen,CAMPBELL Gen,HURN Bianca,HURN Bianca
NSW_Local_Government_2024_Murray_River_-_Moama_Ward 3 seats.csv__hit45,HARVIE John,HARVIE John,HURN Bianca,HURN Bianca,CAMPBELL Gen,HARVIE John,CAMPBELL Gen,CAMPBELL Gen,HURN Bianca,HURN Bianca
NSW_Local_Government_2024_Murray_River_-_Moama_Ward 3 seats.csv__hit46,HURN Bianca,HURN Bianca,HARVIE John,HARVIE John,HARVIE John,HARVIE John,CAMPBELL Gen,CAMPBELL Gen,CAMPBELL Gen,HURN Bianca
NSW_Local_Government_2024_Murray_River_-_Moama_Ward 3 seats.csv__hit47,HARVIE John,HARVIE John,HARVIE John,HARVIE John,CAMPBELL Gen,HURN Bianca,CAMPBELL Gen,CAMPBELL Gen,HURN Bianca,HARVIE John
NSW_Local_Government_2024_Murray_River_-_Moama_Ward 3 seats.csv__hit48,HARVIE John,HURN Bianca,HURN Bianca,HURN Bianca,CAMPBELL Gen,CAMPBELL Gen,CAMPBELL Gen,CAMPBELL Gen,CAMPBELL Gen,CAMPBELL Gen
NSW_Local_Government_2024_Murray_River_-_Moama_Ward 3 seats.csv__hit49,CAMPBELL Gen,HARVIE John,HURN Bianca,HARVIE John,CAMPBELL Gen,CAMPBELL Gen,CAMPBELL Gen,CAMPBELL Gen,HURN Bianca,HURN Bianca
NSW_Local_Government_2024_Murray_River_-_Moama_Ward 3 seats.csv__hit50,HARVIE John,HARVIE John,HURN Bianca,HARVIE John,HARVIE John,HARVIE John,CAMPBELL Gen,CAMPBELL Gen,CAMPBELL Gen,HARVIE John
NSW_Local_Government_2024_Murray_River_-_Moama_Ward 3 seats.csv__hit51,HURN Bianca,HURN Bianca,HURN Bianca,HARVIE John,HURN Bianca,CAMPBELL Gen,CAMPBELL Gen,CAMPBELL Gen,CAMPBELL Gen,HURN Bianca
NSW_Local_Government_2024_Murray_River_-_Moama_Ward 3 seats.csv__hit52,HURN Bianca,CAMPBELL Gen,HURN Bianca,HURN Bianca,HURN Bianca,HARVIE John,CAMPBELL Gen,CAMPBELL Gen,HURN Bianca,HARVIE John
NSW_Local_Government_2024_Murray_River_-_Moama_Ward 3 seats.csv__hit53,CAMPBELL Gen,HARVIE John,HURN Bianca,HARVIE John,HURN Bianca,CAMPBELL Gen,CAMPBELL Gen,CAMPBELL Gen,HURN Bianca,HARVIE John
NSW_Local_Government_2024_Murray_River_-_Moama_Ward 3 seats.csv__hit54,HURN Bianca,HARVIE John,HURN Bianca,HURN Bianca,CAMPBELL Gen,HURN Bianca,CAMPBELL Gen,CAMPBELL Gen,HURN Bianca,HARVIE John
NSW_Local_Government_2024_Murray_River_-_Moama_Ward 3 seats.csv__hit55,HURN Bianca,HURN Bianca,HURN Bianca,HURN Bianca,HURN Bianca,HURN Bianca,CAMPBELL Gen,CAMPBELL Gen,HURN Bianca,HURN Bianca
NSW_Local_Government_2024_Murray_River_-_Moama_Ward 3 seats.csv__hit56,HURN Bianca,HARVIE John,HARVIE John,HARVIE John,HURN Bianca,CAMPBELL Gen,CAMPBELL Gen,CAMPBELL Gen,HURN Bianca,HARVIE John
NSW_Local_Government_2024_Murray_River_-_Moama_Ward 3 seats.csv__hit57,HARVIE John,HARVIE John,HURN Bianca,HARVIE John,CAMPBELL Gen,CAMPBELL Gen,CAMPBELL Gen,CAMPBELL Gen,CAMPBELL Gen,HURN Bianca
NSW_Local_Government_2024_Murray_River_-_Moama_Ward 3 seats.csv__hit58,HARVIE John,HARVIE John,HURN Bianca,HURN Bianca,HARVIE John,CAMPBELL Gen,CAMPBELL Gen,CAMPBELL Gen,CAMPBELL Gen,HURN Bianca
NSW_Local_Government_2024_Murray_River_-_Moama_Ward 3 seats.csv__hit59,HARVIE John,HARVIE John,HURN Bianca,HURN Bianca,CAMPBELL Gen,CAMPBELL Gen,CAMPBELL Gen,CAMPBELL Gen,CAMPBELL Gen,HURN Bianca
NSW_Local_Government_2024_Murray_River_-_Moama_Ward 3 seats.csv__hit60,HURN Bianca,HARVIE John,HURN Bianca,HARVIE John,HARVIE John,CAMPBELL Gen,CAMPBELL Gen,CAMPBELL Gen,HARVIE John,HARVIE John
NSW_Local_Government_2024_Murray_River_-_Moama_Ward 3 seats.csv__hit61,HURN Bianca,HURN Bianca,HURN Bianca,HURN Bianca,CAMPBELL Gen,CAMPBELL Gen,CAMPBELL Gen,CAMPBELL Gen,CAMPBELL Gen,HURN Bianca
NSW_Local_Government_2024_Murray_River_-_Moama_Ward 3 seats.csv__hit62,HURN Bianca,HARVIE John,HURN Bianca,HURN Bianca,HARVIE John,CAMPBELL Gen,CAMPBELL Gen,CAMPBELL Gen,CAMPBELL Gen,HARVIE John
NSW_Local_Government_2024_Murray_River_-_Moama_Ward 3 seats.csv__hit63,CAMPBELL Gen,HARVIE John,HURN Bianca,HARVIE John,HARVIE John,HARVIE John,CAMPBELL Gen,CAMPBELL Gen,CAMPBELL Gen,HURN Bianca
NSW_Local_Government_2024_Murray_River_-_Moama_Ward 3 seats.csv__hit64,HURN Bianca,HARVIE John,HURN Bianca,HARVIE John,CAMPBELL Gen,CAMPBELL Gen,CAMPBELL Gen,CAMPBELL Gen,CAMPBELL Gen,HARVIE John
NSW_Local_Government_2024_Murray_River_-_Moama_Ward 3 seats.csv__hit65,HARVIE John,HARVIE John,HURN Bianca,HURN Bianca,CAMPBELL Gen,HARVIE John,CAMPBELL Gen,CAMPBELL Gen,HURN Bianca,HURN Bianca
NSW_Local_Government_2024_Murray_River_-_Moama_Ward 3 seats.csv__hit66,HURN Bianca,HURN Bianca,HURN Bianca,HURN Bianca,HURN Bianca,CAMPBELL Gen,CAMPBELL Gen,CAMPBELL Gen,CAMPBELL Gen,HARVIE John
NSW_Local_Government_2024_Murray_River_-_Moama_Ward 3 seats.csv__hit67,HARVIE John,HARVIE John,HURN Bianca,HARVIE John,HARVIE John,CAMPBELL Gen,CAMPBELL Gen,CAMPBELL Gen,CAMPBELL Gen,HARVIE John
NSW_Local_Government_2024_Murray_River_-_Moama_Ward 3 seats.csv__hit68,HURN Bianca,HARVIE John,HURN Bianca,HARVIE John,CAMPBELL Gen,HARVIE John,CAMPBELL Gen,CAMPBELL Gen,HURN Bianca,HURN Bianca
NSW_Local_Government_2024_Murray_River_-_Moama_Ward 3 seats.csv__hit69,HARVIE John,HARVIE John,HURN Bianca,HARVIE John,CAMPBELL Gen,HARVIE John,CAMPBELL Gen,CAMPBELL Gen,CAMPBELL Gen,HARVIE John
NSW_Local_Government_2024_Murray_River_-_Moama_Ward 3 seats.csv__hit70,HURN Bianca,HARVIE John,HURN Bianca,HURN Bianca,CAMPBELL Gen,CAMPBELL Gen,CAMPBELL Gen,CAMPBELL Gen,HURN Bianca,HARVIE John
NSW_Local_Government_2024_Murray_River_-_Moama_Ward 3 seats.csv__hit71,HURN Bianca,HARVIE John,HURN Bianca,CAMPBELL Gen,CAMPBELL Gen,CAMPBELL Gen,CAMPBELL Gen,CAMPBELL Gen,CAMPBELL Gen,HURN Bianca
NSW_Local_Government_2024_Murray_River_-_Moama_Ward 3 seats.csv__hit72,HURN Bianca,HARVIE John,HURN Bianca,HARVIE John,CAMPBELL Gen,CAMPBELL Gen,CAMPBELL Gen,CAMPBELL Gen,CAMPBELL Gen,HURN Bianca
NSW_Local_Government_2024_Murray_River_-_Moama_Ward 3 seats.csv__hit73,HURN Bianca,HARVIE John,HURN Bianca,CAMPBELL Gen,CAMPBELL Gen,CAMPBELL Gen,CAMPBELL Gen,CAMPBELL Gen,HURN Bianca,HURN Bianca
NSW_Local_Government_2024_Murray_River_-_Moama_Ward 3 seats.csv__hit74,HARVIE John,HARVIE John,HURN Bianca,HURN Bianca,HARVIE John,HARVIE John,CAMPBELL Gen,CAMPBELL Gen,CAMPBELL Gen,HARVIE John
NSW_Local_Government_2024_Murray_River_-_Moama_Ward 3 seats.csv__hit75,HARVIE John,HARVIE John,HURN Bianca,CAMPBELL Gen,CAMPBELL Gen,HARVIE John,CAMPBELL Gen,CAMPBELL Gen,CAMPBELL Gen,HURN Bianca
NSW_Local_Government_2024_Murray_River_-_Moama_Ward 3 seats.csv__hit76,HARVIE John,HARVIE John,HARVIE John,HURN Bianca,CAMPBELL Gen,CAMPBELL Gen,CAMPBELL Gen,CAMPBELL Gen,CAMPBELL Gen,HURN Bianca
NSW_Local_Government_2024_Murray_River_-_Moama_Ward 3 seats.csv__hit77,HARVIE John,HARVIE John,HURN Bianca,HARVIE John,CAMPBELL Gen,HURN Bianca,CAMPBELL Gen,CAMPBELL Gen,CAMPBELL Gen,HARVIE John
NSW_Local_Government_2024_Murray_River_-_Moama_Ward 3 seats.csv__hit78,HURN Bianca,HURN Bianca,HURN Bianca,CAMPBELL Gen,HURN Bianca,HURN Bianca,CAMPBELL Gen,CAMPBELL Gen,CAMPBELL Gen,HURN Bianca
NSW_Local_Government_2024_Murray_River_-_Moama_Ward 3 seats.csv__hit79,HURN Bianca,HARVIE John,HURN Bianca,CAMPBELL Gen,HURN Bianca,HURN Bianca,HURN Bianca,HURN Bianca,HURN Bianca,HURN Bianca
NSW_Local_Government_2024_Murray_River_-_Moama_Ward 3 seats.csv__hit80,HARVIE John,HARVIE John,HURN Bianca,HARVIE John,HARVIE John,CAMPBELL Gen,CAMPBELL Gen,CAMPBELL Gen,CAMPBELL Gen,HARVIE John
NSW_Local_Government_2024_Murray_River_-_Moama_Ward 3 seats.csv__hit81,HARVIE John,HURN Bianca,HURN Bianca,HARVIE John,CAMPBELL Gen,HURN Bianca,CAMPBELL Gen,CAMPBELL Gen,CAMPBELL Gen,HURN Bianca
NSW_Local_Government_2024_Murray_River_-_Moama_Ward 3 seats.csv__hit82,HURN Bianca,HARVIE John,HURN Bianca,CAMPBELL Gen,CAMPBELL Gen,CAMPBELL Gen,CAMPBELL Gen,CAMPBELL Gen,HURN Bianca,HURN Bianca
NSW_Local_Government_2024_Murray_River_-_Moama_Ward 3 seats.csv__hit83,HURN Bianca,HARVIE John,HURN Bianca,CAMPBELL Gen,CAMPBELL Gen,HURN Bianca,CAMPBELL Gen,CAMPBELL Gen,HURN Bianca,HURN Bianca
NSW_Local_Government_2024_Murray_River_-_Moama_Ward 3 seats.csv__hit84,HARVIE John,HARVIE John,HURN Bianca,CAMPBELL Gen,HURN Bianca,CAMPBELL Gen,CAMPBELL Gen,CAMPBELL Gen,HURN Bianca,HURN Bianca
NSW_Local_Government_2024_Murray_River_-_Moama_Ward 3 seats.csv__hit85,HARVIE John,HURN Bianca,HURN Bianca,CAMPBELL Gen,CAMPBELL Gen,CAMPBELL Gen,CAMPBELL Gen,CAMPBELL Gen,CAMPBELL Gen,CAMPBELL Gen
NSW_Local_Government_2024_Murray_River_-_Moama_Ward 3 seats.csv__hit86,CAMPBELL Gen,HARVIE John,HURN Bianca,HURN Bianca,HURN Bianca,CAMPBELL Gen,CAMPBELL Gen,CAMPBELL Gen,CAMPBELL Gen,HURN Bianca
NSW_Local_Government_2024_Murray_River_-_Moama_Ward 3 seats.csv__hit87,HARVIE John,HARVIE John,HURN Bianca,HARVIE John,HARVIE John,CAMPBELL Gen,CAMPBELL Gen,CAMPBELL Gen,HURN Bianca,HURN Bianca
NSW_Local_Government_2024_Murray_River_-_Moama_Ward 3 seats.csv__hit88,HURN Bianca,HURN Bianca,HURN Bianca,HURN Bianca,HURN Bianca,CAMPBELL Gen,CAMPBELL Gen,CAMPBELL Gen,HURN Bianca,HURN Bianca
NSW_Local_Government_2024_Murray_River_-_Moama_Ward 3 seats.csv__hit89,HURN Bianca,HARVIE John,HARVIE John,HURN Bianca,HARVIE John,HARVIE John,CAMPBELL Gen,CAMPBELL Gen,HARVIE John,HARVIE John
NSW_Local_Government_2024_Murray_River_-_Moama_Ward 3 seats.csv__hit90,HARVIE John,HURN Bianca,HURN Bianca,HARVIE John,CAMPBELL Gen,HARVIE John,CAMPBELL Gen,CAMPBELL Gen,HURN Bianca,HURN Bianca
NSW_Local_Government_2024_Murray_River_-_Moama_Ward 3 seats.csv__hit91,HURN Bianca,HURN Bianca,HURN Bianca,HARVIE John,HARVIE John,HARVIE John,CAMPBELL Gen,CAMPBELL Gen,CAMPBELL Gen,HURN Bianca
NSW_Local_Government_2024_Murray_River_-_Moama_Ward 3 seats.csv__hit92,HURN Bianca,HURN Bianca,HURN Bianca,HURN Bianca,CAMPBELL Gen,CAMPBELL Gen,CAMPBELL Gen,CAMPBELL Gen,HURN Bianca,HURN Bianca
NSW_Local_Government_2024_Murray_River_-_Moama_Ward 3 seats.csv__hit93,HARVIE John,HARVIE John,HURN Bianca,HARVIE John,CAMPBELL Gen,CAMPBELL Gen,CAMPBELL Gen,CAMPBELL Gen,CAMPBELL Gen,HARVIE John
NSW_Local_Government_2024_Murray_River_-_Moama_Ward 3 seats.csv__hit94,HURN Bianca,HARVIE John,HURN Bianca,HARVIE John,HURN Bianca,HURN Bianca,CAMPBELL Gen,HURN Bianca,HURN Bianca,HURN Bianca
NSW_Local_Government_2024_Murray_River_-_Moama_Ward 3 seats.csv__hit95,HURN Bianca,HARVIE John,HURN Bianca,HURN Bianca,CAMPBELL Gen,CAMPBELL Gen,CAMPBELL Gen,CAMPBELL Gen,HURN Bianca,HURN Bianca
NSW_Local_Government_2024_Murray_River_-_Moama_Ward 3 seats.csv__hit96,HURN Bianca,HURN Bianca,HURN Bianca,HURN Bianca,CAMPBELL Gen,HURN Bianca,CAMPBELL Gen,CAMPBELL Gen,HURN Bianca,HURN Bianca
NSW_Local_Government_2024_Murray_River_-_Moama_Ward 3 seats.csv__hit97,HURN Bianca,HARVIE John,HURN Bianca,HARVIE John,HARVIE John,HARVIE John,CAMPBELL Gen,CAMPBELL Gen,CAMPBELL Gen,HURN Bianca
NSW_Local_Government_2024_Murray_River_-_Moama_Ward 3 seats.csv__hit98,HARVIE John,HARVIE John,HURN Bianca,HARVIE John,CAMPBELL Gen,HARVIE John,CAMPBELL Gen,CAMPBELL Gen,HURN Bianca,HURN Bianca
NSW_Local_Government_2024_Murray_River_-_Moama_Ward 3 seats.csv__hit99,HURN Bianca,HURN Bianca,HURN Bianca,CAMPBELL Gen,CAMPBELL Gen,CAMPBELL Gen,CAMPBELL Gen,CAMPBELL Gen,CAMPBELL Gen,HURN Bianca
NSW_Local_Government_2024_Murray_River_-_Moama_Ward 3 seats.csv__hit100,HARVIE John,HARVIE John,HURN Bianca,CAMPBELL Gen,HURN Bianca,CAMPBELL Gen,CAMPBELL Gen,CAMPBELL Gen,HURN Bianca,HARVIE John
NSW_Local_Government_2024_Murray_River_-_Moama_Ward 3 seats.csv__hit101,HURN Bianca,HARVIE John,HURN Bianca,HARVIE John,CAMPBELL Gen,CAMPBELL Gen,CAMPBELL Gen,CAMPBELL Gen,CAMPBELL Gen,HURN Bianca
NSW_Local_Government_2024_Murray_River_-_Moama_Ward 3 seats.csv__hit102,HURN Bianca,HARVIE John,HURN Bianca,CAMPBELL Gen,CAMPBELL Gen,HARVIE John,CAMPBELL Gen,CAMPBELL Gen,CAMPBELL Gen,HARVIE John
NSW_Local_Government_2024_Murray_River_-_Moama_Ward 3 seats.csv__hit103,HURN Bianca,HARVIE John,HURN Bianca,HARVIE John,CAMPBELL Gen,CAMPBELL Gen,CAMPBELL Gen,CAMPBELL Gen,CAMPBELL Gen,HURN Bianca
NSW_Local_Government_2024_Murray_River_-_Moama_Ward 3 seats.csv__hit104,HARVIE John,HARVIE John,HURN Bianca,CAMPBELL Gen,HARVIE John,CAMPBELL Gen,CAMPBELL Gen,CAMPBELL Gen,HARVIE John,HARVIE John
NSW_Local_Government_2024_Murray_River_-_Moama_Ward 3 seats.csv__hit105,HURN Bianca,HURN Bianca,HURN Bianca,CAMPBELL Gen,CAMPBELL Gen,CAMPBELL Gen,CAMPBELL Gen,CAMPBELL Gen,HURN Bianca,HURN Bianca
NSW_Local_Government_2024_Murray_River_-_Moama_Ward 3 seats.csv__hit106,HURN Bianca,HURN Bianca,HURN Bianca,CAMPBELL Gen,CAMPBELL Gen,HURN Bianca,CAMPBELL Gen,CAMPBELL Gen,HURN Bianca,HURN Bianca
NSW_Local_Government_2024_Murray_River_-_Moama_Ward 3 seats.csv__hit107,HURN Bianca,HARVIE John,HURN Bianca,HARVIE John,HARVIE John,CAMPBELL Gen,CAMPBELL Gen,CAMPBELL Gen,CAMPBELL Gen,HURN Bianca
NSW_Local_Government_2024_Murray_River_-_Moama_Ward 3 seats.csv__hit108,HARVIE John,HARVIE John,HARVIE John,HARVIE John,HARVIE John,CAMPBELL Gen,CAMPBELL Gen,CAMPBELL Gen,CAMPBELL Gen,HURN Bianca
NSW_Local_Government_2024_Murray_River_-_Moama_Ward 3 seats.csv__hit109,HURN Bianca,HARVIE John,HURN Bianca,HARVIE John,HARVIE John,HARVIE John,CAMPBELL Gen,CAMPBELL Gen,CAMPBELL Gen,HURN Bianca
NSW_Local_Government_2024_Murray_River_-_Moama_Ward 3 seats.csv__hit110,HARVIE John,HARVIE John,HURN Bianca,HARVIE John,HURN Bianca,HARVIE John,CAMPBELL Gen,CAMPBELL Gen,HURN Bianca,HARVIE John
NSW_Local_Government_2024_Murray_River_-_Moama_Ward 3 seats.csv__hit111,HARVIE John,HARVIE John,HARVIE John,HARVIE John,HARVIE John,CAMPBELL Gen,CAMPBELL Gen,CAMPBELL Gen,CAMPBELL Gen,HARVIE John
NSW_Local_Government_2024_Murray_River_-_Moama_Ward 3 seats.csv__hit112,HARVIE John,HARVIE John,HURN Bianca,CAMPBELL Gen,CAMPBELL Gen,HURN Bianca,CAMPBELL Gen,CAMPBELL Gen,CAMPBELL Gen,HARVIE John
NSW_Local_Government_2024_Murray_River_-_Moama_Ward 3 seats.csv__hit113,HURN Bianca,HURN Bianca,HURN Bianca,HURN Bianca,CAMPBELL Gen,CAMPBELL Gen,CAMPBELL Gen,CAMPBELL Gen,HURN Bianca,HURN Bianca
NSW_Local_Government_2024_Murray_River_-_Moama_Ward 3 seats.csv__hit114,HURN Bianca,HARVIE John,HURN Bianca,HURN Bianca,HARVIE John,CAMPBELL Gen,CAMPBELL Gen,CAMPBELL Gen,HURN Bianca,HARVIE John
NSW_Local_Government_2024_Murray_River_-_Moama_Ward 3 seats.csv__hit115,HURN Bianca,HARVIE John,HARVIE John,HARVIE John,HARVIE John,CAMPBELL Gen,CAMPBELL Gen,CAMPBELL Gen,HURN Bianca,HURN Bianca
NSW_Local_Government_2024_Murray_River_-_Moama_Ward 3 seats.csv__hit116,HARVIE John,HARVIE John,HURN Bianca,HARVIE John,CAMPBELL Gen,CAMPBELL Gen,CAMPBELL Gen,CAMPBELL Gen,CAMPBELL Gen,HARVIE John
NSW_Local_Government_2024_Murray_River_-_Moama_Ward 3 seats.csv__hit117,HARVIE John,HARVIE John,HARVIE John,HARVIE John,HARVIE John,HARVIE John,CAMPBELL Gen,HURN Bianca,HURN Bianca,HURN Bianca
NSW_Local_Government_2024_Murray_River_-_Moama_Ward 3 seats.csv__hit118,HARVIE John,HARVIE John,HARVIE John,CAMPBELL Gen,CAMPBELL Gen,CAMPBELL Gen,CAMPBELL Gen,CAMPBELL Gen,HURN Bianca,HURN Bianca
NSW_Local_Government_2024_Murray_River_-_Moama_Ward 3 seats.csv__hit119,CAMPBELL Gen,HURN Bianca,HURN Bianca,HURN Bianca,CAMPBELL Gen,CAMPBELL Gen,CAMPBELL Gen,CAMPBELL Gen,HURN Bianca,HURN Bianca
NSW_Local_Government_2024_Murray_River_-_Moama_Ward 3 seats.csv__hit120,HURN Bianca,HURN Bianca,HURN Bianca,HURN Bianca,CAMPBELL Gen,CAMPBELL Gen,CAMPBELL Gen,CAMPBELL Gen,HURN Bianca,HURN Bianca
NSW_Local_Government_2024_Murray_River_-_Moama_Ward 3 seats.csv__hit121,HURN Bianca,HURN Bianca,HURN Bianca,HURN Bianca,CAMPBELL Gen,CAMPBELL Gen,CAMPBELL Gen,CAMPBELL Gen,HURN Bianca,HURN Bianca
NSW_Local_Government_2024_Murray_River_-_Moama_Ward 3 seats.csv__hit122,HARVIE John,HARVIE John,HURN Bianca,HARVIE John,HARVIE John,CAMPBELL Gen,CAMPBELL Gen,CAMPBELL Gen,CAMPBELL Gen,HARVIE John
NSW_Local_Government_2024_Murray_River_-_Moama_Ward 3 seats.csv__hit123,HARVIE John,HARVIE John,HARVIE John,CAMPBELL Gen,CAMPBELL Gen,HURN Bianca,CAMPBELL Gen,CAMPBELL Gen,HURN Bianca,HURN Bianca
NSW_Local_Government_2024_Murray_River_-_Moama_Ward 3 seats.csv__hit124,HARVIE John,HARVIE John,HURN Bianca,CAMPBELL Gen,CAMPBELL Gen,CAMPBELL Gen,CAMPBELL Gen,CAMPBELL Gen,HURN Bianca,HARVIE John
NSW_Local_Government_2024_Murray_River_-_Moama_Ward 3 seats.csv__hit125,HURN Bianca,HARVIE John,HURN Bianca,HARVIE John,HARVIE John,HARVIE John,CAMPBELL Gen,CAMPBELL Gen,CAMPBELL Gen,HURN Bianca
NSW_Local_Government_2024_Murray_River_-_Moama_Ward 3 seats.csv__hit126,CAMPBELL Gen,HURN Bianca,HARVIE John,CAMPBELL Gen,HURN Bianca,HURN Bianca,CAMPBELL Gen,CAMPBELL Gen,HURN Bianca,HURN Bianca
NSW_Local_Government_2024_Murray_River_-_Moama_Ward 3 seats.csv__hit127,HURN Bianca,HARVIE John,HURN Bianca,HARVIE John,CAMPBELL Gen,CAMPBELL Gen,CAMPBELL Gen,CAMPBELL Gen,CAMPBELL Gen,HARVIE John
NSW_Local_Government_2024_Murray_River_-_Moama_Ward 3 seats.csv__hit128,HURN Bianca,HARVIE John,HURN Bianca,HARVIE John,HARVIE John,CAMPBELL Gen,CAMPBELL Gen,CAMPBELL Gen,HURN Bianca,HARVIE John
NSW_Local_Government_2024_Murray_River_-_Moama_Ward 3 seats.csv__hit129,HARVIE John,HARVIE John,HURN Bianca,HURN Bianca,HURN Bianca,HARVIE John,HARVIE John,CAMPBELL Gen,HARVIE John,HARVIE John
NSW_Local_Government_2024_Murray_River_-_Moama_Ward 3 seats.csv__hit130,HURN Bianca,HARVIE John,HURN Bianca,HARVIE John,HARVIE John,HARVIE John,CAMPBELL Gen,CAMPBELL Gen,CAMPBELL Gen,HARVIE John
NSW_Local_Government_2024_Murray_River_-_Moama_Ward 3 seats.csv__hit131,HARVIE John,HARVIE John,HURN Bianca,HURN Bianca,HURN Bianca,CAMPBELL Gen,CAMPBELL Gen,CAMPBELL Gen,HARVIE John,HARVIE John
NSW_Local_Government_2024_Murray_River_-_Moama_Ward 3 seats.csv__hit132,HURN Bianca,HARVIE John,HURN Bianca,HURN Bianca,CAMPBELL Gen,CAMPBELL Gen,CAMPBELL Gen,CAMPBELL Gen,CAMPBELL Gen,HURN Bianca
NSW_Local_Government_2024_Murray_River_-_Moama_Ward 3 seats.csv__hit133,HURN Bianca,HURN Bianca,HURN Bianca,HARVIE John,CAMPBELL Gen,CAMPBELL Gen,CAMPBELL Gen,CAMPBELL Gen,HURN Bianca,HARVIE John
NSW_Local_Government_2024_Murray_River_-_Moama_Ward 3 seats.csv__hit134,HURN Bianca,HURN Bianca,HURN Bianca,CAMPBELL Gen,CAMPBELL Gen,CAMPBELL Gen,CAMPBELL Gen,CAMPBELL Gen,CAMPBELL Gen,HARVIE John
NSW_Local_Government_2024_Murray_River_-_Moama_Ward 3 seats.csv__hit135,CAMPBELL Gen,HARVIE John,HURN Bianca,HARVIE John,HARVIE John,CAMPBELL Gen,CAMPBELL Gen,CAMPBELL Gen,HURN Bianca,HURN Bianca
NSW_Local_Government_2024_Murray_River_-_Moama_Ward 3 seats.csv__hit136,HURN Bianca,HARVIE John,HURN Bianca,CAMPBELL Gen,HURN Bianca,CAMPBELL Gen,CAMPBELL Gen,CAMPBELL Gen,HURN Bianca,HURN Bianca
NSW_Local_Government_2024_Murray_River_-_Moama_Ward 3 seats.csv__hit137,HARVIE John,HURN Bianca,HURN Bianca,CAMPBELL Gen,CAMPBELL Gen,HURN Bianca,CAMPBELL Gen,CAMPBELL Gen,HURN Bianca,HURN Bianca
NSW_Local_Government_2024_Murray_River_-_Moama_Ward 3 seats.csv__hit138,HURN Bianca,HARVIE John,HURN Bianca,HARVIE John,HARVIE John,HARVIE John,CAMPBELL Gen,CAMPBELL Gen,HURN Bianca,HURN Bianca
NSW_Local_Government_2024_Murray_River_-_Moama_Ward 3 seats.csv__hit139,HARVIE John,HARVIE John,HURN Bianca,HARVIE John,HARVIE John,CAMPBELL Gen,CAMPBELL Gen,CAMPBELL Gen,CAMPBELL Gen,HARVIE John
NSW_Local_Government_2024_Murray_River_-_Moama_Ward 3 seats.csv__hit140,HURN Bianca,HARVIE John,HARVIE John,HARVIE John,HURN Bianca,HARVIE John,CAMPBELL Gen,HURN Bianca,HURN Bianca,HARVIE John
NSW_Local_Government_2024_Murray_River_-_Moama_Ward 3 seats.csv__hit141,HARVIE John,HARVIE John,HURN Bianca,HARVIE John,HURN Bianca,HURN Bianca,CAMPBELL Gen,CAMPBELL Gen,HURN Bianca,HARVIE John
NSW_Local_Government_2024_Murray_River_-_Moama_Ward 3 seats.csv__hit142,HURN Bianca,HURN Bianca,HURN Bianca,HURN Bianca,CAMPBELL Gen,CAMPBELL Gen,CAMPBELL Gen,CAMPBELL Gen,HURN Bianca,HURN Bianca
NSW_Local_Government_2024_Murray_River_-_Moama_Ward 3 seats.csv__hit143,HURN Bianca,HURN Bianca,HURN Bianca,HURN Bianca,HURN Bianca,HURN Bianca,CAMPBELL Gen,CAMPBELL Gen,HURN Bianca,HURN Bianca
NSW_Local_Government_2024_Murray_River_-_Moama_Ward 3 seats.csv__hit144,HURN Bianca,HURN Bianca,HURN Bianca,HURN Bianca,HURN Bianca,HURN Bianca,CAMPBELL Gen,CAMPBELL Gen,HURN Bianca,HURN Bianca
NSW_Local_Government_2024_Murray_River_-_Moama_Ward 3 seats.csv__hit145,HARVIE John,HARVIE John,HURN Bianca,HARVIE John,HARVIE John,CAMPBELL Gen,CAMPBELL Gen,CAMPBELL Gen,HURN Bianca,HARVIE John
NSW_Local_Government_2024_Murray_River_-_Moama_Ward 3 seats.csv__hit146,CAMPBELL Gen,HARVIE John,HURN Bianca,CAMPBELL Gen,HURN Bianca,HURN Bianca,CAMPBELL Gen,CAMPBELL Gen,HURN Bianca,HURN Bianca
NSW_Local_Government_2024_Murray_River_-_Moama_Ward 3 seats.csv__hit147,HARVIE John,HARVIE John,HURN Bianca,HURN Bianca,CAMPBELL Gen,HURN Bianca,CAMPBELL Gen,CAMPBELL Gen,HARVIE John,HARVIE John
NSW_Local_Government_2024_Murray_River_-_Moama_Ward 3 seats.csv__hit148,HARVIE John,HARVIE John,HURN Bianca,CAMPBELL Gen,HARVIE John,CAMPBELL Gen,CAMPBELL Gen,CAMPBELL Gen,HARVIE John,HARVIE John
NSW_Local_Government_2024_Murray_River_-_Moama_Ward 3 seats.csv__hit149,HURN Bianca,HARVIE John,HURN Bianca,CAMPBELL Gen,CAMPBELL Gen,CAMPBELL Gen,CAMPBELL Gen,CAMPBELL Gen,HURN Bianca,HURN Bianca
NSW_Local_Government_2024_Murray_River_-_Moama_Ward 3 seats.csv__hit150,HARVIE John,HARVIE John,HURN Bianca,HARVIE John,CAMPBELL Gen,HARVIE John,CAMPBELL Gen,CAMPBELL Gen,CAMPBELL Gen,HURN Bianca
NSW_Local_Government_2024_Murray_River_-_Moama_Ward 3 seats.csv__hit151,HURN Bianca,HARVIE John,HURN Bianca,HARVIE John,HARVIE John,HARVIE John,CAMPBELL Gen,CAMPBELL Gen,CAMPBELL Gen,HARVIE John
NSW_Local_Government_2024_Murray_River_-_Moama_Ward 3 seats.csv__hit152,HURN Bianca,HURN Bianca,HURN Bianca,HURN Bianca,HURN Bianca,CAMPBELL Gen,CAMPBELL Gen,CAMPBELL Gen,HURN Bianca,HURN Bianca
NSW_Local_Government_2024_Murray_River_-_Moama_Ward 3 seats.csv__hit153,HARVIE John,HARVIE John,HURN Bianca,HARVIE John,HARVIE John,CAMPBELL Gen,CAMPBELL Gen,CAMPBELL Gen,HURN Bianca,HARVIE John
NSW_Local_Government_2024_Murray_River_-_Moama_Ward 3 seats.csv__hit154,CAMPBELL Gen,HURN Bianca,HURN Bianca,HURN Bianca,HURN Bianca,HURN Bianca,CAMPBELL Gen,HURN Bianca,HURN Bianca,HURN Bianca
NSW_Local_Government_2024_Murray_River_-_Moama_Ward 3 seats.csv__hit155,HURN Bianca,HARVIE John,HURN Bianca,HURN Bianca,CAMPBELL Gen,CAMPBELL Gen,CAMPBELL Gen,CAMPBELL Gen,HURN Bianca,HARVIE John
NSW_Local_Government_2024_Murray_River_-_Moama_Ward 3 seats.csv__hit156,HURN Bianca,HURN Bianca,HARVIE John,HURN Bianca,CAMPBELL Gen,HURN Bianca,CAMPBELL Gen,CAMPBELL Gen,HURN Bianca,HURN Bianca
NSW_Local_Government_2024_Murray_River_-_Moama_Ward 3 seats.csv__hit157,HARVIE John,HARVIE John,HURN Bianca,HURN Bianca,HARVIE John,HARVIE John,CAMPBELL Gen,CAMPBELL Gen,HURN Bianca,HURN Bianca
NSW_Local_Government_2024_Murray_River_-_Moama_Ward 3 seats.csv__hit158,HURN Bianca,HARVIE John,HURN Bianca,CAMPBELL Gen,HARVIE John,HARVIE John,CAMPBELL Gen,CAMPBELL Gen,HURN Bianca,HARVIE John
NSW_Local_Government_2024_Murray_River_-_Moama_Ward 3 seats.csv__hit159,HURN Bianca,HARVIE John,HURN Bianca,CAMPBELL Gen,CAMPBELL Gen,CAMPBELL Gen,CAMPBELL Gen,CAMPBELL Gen,CAMPBELL Gen,HURN Bianca
NSW_Local_Government_2024_Murray_River_-_Moama_Ward 3 seats.csv__hit160,HURN Bianca,HURN Bianca,HURN Bianca,HURN Bianca,HARVIE John,HURN Bianca,CAMPBELL Gen,HURN Bianca,HURN Bianca,HURN Bianca
NSW_Local_Government_2024_Murray_River_-_Moama_Ward 3 seats.csv__hit161,HARVIE John,HARVIE John,HURN Bianca,HURN Bianca,CAMPBELL Gen,HURN Bianca,CAMPBELL Gen,CAMPBELL Gen,HURN Bianca,HARVIE John
NSW_Local_Government_2024_Murray_River_-_Moama_Ward 3 seats.csv__hit162,HARVIE John,HARVIE John,HURN Bianca,HARVIE John,HARVIE John,CAMPBELL Gen,CAMPBELL Gen,CAMPBELL Gen,HURN Bianca,HURN Bianca
NSW_Local_Government_2024_Murray_River_-_Moama_Ward 3 seats.csv__hit163,HURN Bianca,HURN Bianca,HURN Bianca,HARVIE John,HARVIE John,HARVIE John,CAMPBELL Gen,CAMPBELL Gen,CAMPBELL Gen,HURN Bianca
NSW_Local_Government_2024_Murray_River_-_Moama_Ward 3 seats.csv__hit164,HURN Bianca,HARVIE John,HARVIE John,HARVIE John,CAMPBELL Gen,HURN Bianca,CAMPBELL Gen,CAMPBELL Gen,HURN Bianca,HARVIE John
NSW_Local_Government_2024_Murray_River_-_Moama_Ward 3 seats.csv__hit165,HARVIE John,HARVIE John,HARVIE John,HURN Bianca,HARVIE John,CAMPBELL Gen,CAMPBELL Gen,CAMPBELL Gen,HURN Bianca,HARVIE John
NSW_Local_Government_2024_Murray_River_-_Moama_Ward 3 seats.csv__hit166,HURN Bianca,HARVIE John,HURN Bianca,HURN Bianca,CAMPBELL Gen,HARVIE John,CAMPBELL Gen,CAMPBELL Gen,HURN Bianca,HARVIE John
NSW_Local_Government_2024_Murray_River_-_Moama_Ward 3 seats.csv__hit167,HURN Bianca,HARVIE John,HURN Bianca,HURN Bianca,HARVIE John,CAMPBELL Gen,CAMPBELL Gen,CAMPBELL Gen,HURN Bianca,HARVIE John
NSW_Local_Government_2024_Murray_River_-_Moama_Ward 3 seats.csv__hit168,HARVIE John,HARVIE John,HURN Bianca,CAMPBELL Gen,HARVIE John,HARVIE John,CAMPBELL Gen,CAMPBELL Gen,CAMPBELL Gen,HARVIE John
NSW_Local_Government_2024_Murray_River_-_Moama_Ward 3 seats.csv__hit169,HARVIE John,HARVIE John,HURN Bianca,HARVIE John,CAMPBELL Gen,CAMPBELL Gen,CAMPBELL Gen,CAMPBELL Gen,HURN Bianca,HURN Bianca
NSW_Local_Government_2024_Murray_River_-_Moama_Ward 3 seats.csv__hit170,HARVIE John,HARVIE John,HURN Bianca,CAMPBELL Gen,HARVIE John,CAMPBELL Gen,CAMPBELL Gen,CAMPBELL Gen,CAMPBELL Gen,HURN Bianca
NSW_Local_Government_2024_Murray_River_-_Moama_Ward 3 seats.csv__hit171,HURN Bianca,HURN Bianca,HURN Bianca,HURN Bianca,HARVIE John,HURN Bianca,CAMPBELL Gen,CAMPBELL Gen,HURN Bianca,HARVIE John
NSW_Local_Government_2024_Murray_River_-_Moama_Ward 3 seats.csv__hit172,HARVIE John,HARVIE John,HURN Bianca,HURN Bianca,HARVIE John,HARVIE John,CAMPBELL Gen,HURN Bianca,HURN Bianca,HARVIE John
NSW_Local_Government_2024_Murray_River_-_Moama_Ward 3 seats.csv__hit173,HARVIE John,HARVIE John,HURN Bianca,HARVIE John,HARVIE John,CAMPBELL Gen,CAMPBELL Gen,CAMPBELL Gen,HURN Bianca,HARVIE John
NSW_Local_Government_2024_Murray_River_-_Moama_Ward 3 seats.csv__hit174,HARVIE John,HURN Bianca,HARVIE John,HARVIE John,HARVIE John,CAMPBELL Gen,CAMPBELL Gen,CAMPBELL Gen,HURN Bianca,HURN Bianca
NSW_Local_Government_2024_Murray_River_-_Moama_Ward 3 seats.csv__hit175,CAMPBELL Gen,HARVIE John,HURN Bianca,HARVIE John,HARVIE John,CAMPBELL Gen,CAMPBELL Gen,CAMPBELL Gen,CAMPBELL Gen,HARVIE John
NSW_Local_Government_2024_Murray_River_-_Moama_Ward 3 seats.csv__hit176,HURN Bianca,HARVIE John,HURN Bianca,HARVIE John,CAMPBELL Gen,HARVIE John,CAMPBELL Gen,CAMPBELL Gen,CAMPBELL Gen,HURN Bianca
NSW_Local_Government_2024_Murray_River_-_Moama_Ward 3 seats.csv__hit177,HURN Bianca,HURN Bianca,HURN Bianca,HURN Bianca,CAMPBELL Gen,CAMPBELL Gen,CAMPBELL Gen,CAMPBELL Gen,HURN Bianca,HURN Bianca
NSW_Local_Government_2024_Murray_River_-_Moama_Ward 3 seats.csv__hit178,HARVIE John,HURN Bianca,HURN Bianca,HURN Bianca,HURN Bianca,CAMPBELL Gen,CAMPBELL Gen,CAMPBELL Gen,HURN Bianca,HURN Bianca
NSW_Local_Government_2024_Murray_River_-_Moama_Ward 3 seats.csv__hit179,HARVIE John,HARVIE John,HURN Bianca,HURN Bianca,CAMPBELL Gen,HARVIE John,CAMPBELL Gen,CAMPBELL Gen,CAMPBELL Gen,HARVIE John
NSW_Local_Government_2024_Murray_River_-_Moama_Ward 3 seats.csv__hit180,HURN Bianca,HARVIE John,HURN Bianca,HARVIE John,HARVIE John,HARVIE John,CAMPBELL Gen,CAMPBELL Gen,CAMPBELL Gen,HARVIE John
NSW_Local_Government_2024_Murray_River_-_Moama_Ward 3 seats.csv__hit181,HARVIE John,HURN Bianca,HURN Bianca,HURN Bianca,CAMPBELL Gen,HURN Bianca,CAMPBELL Gen,CAMPBELL Gen,HURN Bianca,HURN Bianca
NSW_Local_Government_2024_Murray_River_-_Moama_Ward 3 seats.csv__hit182,HARVIE John,HARVIE John,HARVIE John,HARVIE John,HURN Bianca,HURN Bianca,CAMPBELL Gen,CAMPBELL Gen,HURN Bianca,HARVIE John
NSW_Local_Government_2024_Murray_River_-_Moama_Ward 3 seats.csv__hit183,HURN Bianca,HARVIE John,HURN Bianca,HURN Bianca,HURN Bianca,HURN Bianca,CAMPBELL Gen,CAMPBELL Gen,HURN Bianca,HURN Bianca
NSW_Local_Government_2024_Murray_River_-_Moama_Ward 3 seats.csv__hit184,HURN Bianca,HURN Bianca,HURN Bianca,HURN Bianca,CAMPBELL Gen,HURN Bianca,CAMPBELL Gen,CAMPBELL Gen,HURN Bianca,HURN Bianca
NSW_Local_Government_2024_Murray_River_-_Moama_Ward 3 seats.csv__hit185,HURN Bianca,HARVIE John,HARVIE John,HARVIE John,HARVIE John,CAMPBELL Gen,CAMPBELL Gen,CAMPBELL Gen,CAMPBELL Gen,HARVIE John
NSW_Local_Government_2024_Murray_River_-_Moama_Ward 3 seats.csv__hit186,HURN Bianca,HARVIE John,HURN Bianca,HARVIE John,CAMPBELL Gen,HURN Bianca,CAMPBELL Gen,CAMPBELL Gen,HURN Bianca,HURN Bianca
NSW_Local_Government_2024_Murray_River_-_Moama_Ward 3 seats.csv__hit187,HURN Bianca,HURN Bianca,HURN Bianca,HURN Bianca,HURN Bianca,HURN Bianca,CAMPBELL Gen,HURN Bianca,HURN Bianca,HURN Bianca
NSW_Local_Government_2024_Murray_River_-_Moama_Ward 3 seats.csv__hit188,HARVIE John,HARVIE John,HARVIE John,HARVIE John,HURN Bianca,HURN Bianca,CAMPBELL Gen,CAMPBELL Gen,HURN Bianca,HURN Bianca
NSW_Local_Government_2024_Murray_River_-_Moama_Ward 3 seats.csv__hit189,HARVIE John,HURN Bianca,HARVIE John,HARVIE John,CAMPBELL Gen,HARVIE John,CAMPBELL Gen,CAMPBELL Gen,HURN Bianca,HURN Bianca
NSW_Local_Government_2024_Murray_River_-_Moama_Ward 3 seats.csv__hit190,HARVIE John,HURN Bianca,HURN Bianca,HARVIE John,HARVIE John,CAMPBELL Gen,CAMPBELL Gen,CAMPBELL Gen,CAMPBELL Gen,HARVIE John
NSW_Local_Government_2024_Murray_River_-_Moama_Ward 3 seats.csv__hit191,HURN Bianca,HARVIE John,HARVIE John,HARVIE John,HARVIE John,HARVIE John,CAMPBELL Gen,CAMPBELL Gen,HURN Bianca,HARVIE John
NSW_Local_Government_2024_Murray_River_-_Moama_Ward 3 seats.csv__hit192,HURN Bianca,HURN Bianca,HURN Bianca,HARVIE John,HURN Bianca,CAMPBELL Gen,CAMPBELL Gen,HURN Bianca,HURN Bianca,HURN Bianca
NSW_Local_Government_2024_Murray_River_-_Moama_Ward 3 seats.csv__hit193,HARVIE John,HARVIE John,HURN Bianca,CAMPBELL Gen,CAMPBELL Gen,CAMPBELL Gen,CAMPBELL Gen,CAMPBELL Gen,CAMPBELL Gen,HURN Bianca
NSW_Local_Government_2024_Murray_River_-_Moama_Ward 3 seats.csv__hit194,HURN Bianca,HURN Bianca,HURN Bianca,HURN Bianca,HARVIE John,CAMPBELL Gen,CAMPBELL Gen,CAMPBELL Gen,HURN Bianca,HARVIE John
NSW_Local_Government_2024_Murray_River_-_Moama_Ward 3 seats.csv__hit195,HARVIE John,HARVIE John,HURN Bianca,HARVIE John,CAMPBELL Gen,HURN Bianca,CAMPBELL Gen,CAMPBELL Gen,HURN Bianca,HARVIE John
NSW_Local_Government_2024_Murray_River_-_Moama_Ward 3 seats.csv__hit196,HARVIE John,HARVIE John,HURN Bianca,HARVIE John,CAMPBELL Gen,CAMPBELL Gen,CAMPBELL Gen,CAMPBELL Gen,CAMPBELL Gen,HURN Bianca
NSW_Local_Government_2024_Murray_River_-_Moama_Ward 3 seats.csv__hit197,HURN Bianca,HURN Bianca,HURN Bianca,HURN Bianca,HURN Bianca,CAMPBELL Gen,CAMPBELL Gen,CAMPBELL Gen,HURN Bianca,HURN Bianca
NSW_Local_Government_2024_Murray_River_-_Moama_Ward 3 seats.csv__hit198,HURN Bianca,HURN Bianca,HURN Bianca,HURN Bianca,CAMPBELL Gen,HURN Bianca,CAMPBELL Gen,CAMPBELL Gen,CAMPBELL Gen,HURN Bianca
NSW_Local_Government_2024_Murray_River_-_Moama_Ward 3 seats.csv__hit199,HARVIE John,HARVIE John,HURN Bianca,HURN Bianca,HARVIE John,HARVIE John,CAMPBELL Gen,CAMPBELL Gen,CAMPBELL Gen,HARVIE John
NSW_Local_Government_2017_City_of_Ryde_-_Central_Ward 4 seats.csv__hit0,PURCELL Bernard (E),PURCELL Bernard (E),PURCELL Bernard (E),PURCELL Bernard (E),PURCELL Bernard (E),PURCELL Bernard (E),PURCELL Bernard (E),PURCELL Bernard (E),PURCELL Bernard (E),PURCELL Bernard (E)
NSW_Local_Government_2017_City_of_Ryde_-_Central_Ward 4 seats.csv__hit1,PURCELL Bernard (E),PURCELL Bernard (E),PURCELL Bernard (E),PURCELL Bernard (E),PURCELL Bernard (E),PURCELL Bernard (E),PURCELL Bernard (E),PURCELL Bernard (E),PURCELL Bernard (E),PURCELL Bernard (E)
NSW_Local_Government_2017_City_of_Ryde_-_Central_Ward 4 seats.csv__hit2,YEDELIAN Sarkis (D),PURCELL Bernard (E),PURCELL Bernard (E),PURCELL Bernard (E),PURCELL Bernard (E),PURCELL Bernard (E),PURCELL Bernard (E),PURCELL Bernard (E),PURCELL Bernard (E),PURCELL Bernard (E)
NSW_Local_Government_2017_City_of_Ryde_-_Central_Ward 4 seats.csv__hit3,YEDELIAN Sarkis (D),PURCELL Bernard (E),PURCELL Bernard (E),PURCELL Bernard (E),PURCELL Bernard (E),PURCELL Bernard (E),PURCELL Bernard (E),PURCELL Bernard (E),PURCELL Bernard (E),PURCELL Bernard (E)
NSW_Local_Government_2017_City_of_Ryde_-_Central_Ward 4 seats.csv__hit4,MOUJALLI Chris (D),PURCELL Bernard (E),PURCELL Bernard (E),PURCELL Bernard (E),PURCELL Bernard (E),PURCELL Bernard (E),PURCELL Bernard (E),PURCELL Bernard (E),PURCELL Bernard (E),PURCELL Bernard (E)
NSW_Local_Government_2017_City_of_Ryde_-_Central_Ward 4 seats.csv__hit5,PURCELL Bernard (E),PURCELL Bernard (E),PURCELL Bernard (E),PURCELL Bernard (E),PURCELL Bernard (E),PURCELL Bernard (E),PURCELL Bernard (E),PURCELL Bernard (E),PURCELL Bernard (E),PURCELL Bernard (E)
NSW_Local_Government_2017_City_of_Ryde_-_Central_Ward 4 seats.csv__hit6,MOUJALLI Chris (D),PURCELL Bernard (E),PURCELL Bernard (E),PURCELL Bernard (E),PURCELL Bernard (E),PURCELL Bernard (E),PURCELL Bernard (E),PURCELL Bernard (E),PURCELL Bernard (E),PURCELL Bernard (E)
NSW_Local_Government_2017_City_of_Ryde_-_Central_Ward 4 seats.csv__hit7,PURCELL Bernard (E),PURCELL Bernard (E),PURCELL Bernard (E),PURCELL Bernard (E),PURCELL Bernard (E),PURCELL Bernard (E),PURCELL Bernard (E),PURCELL Bernard (E),PURCELL Bernard (E),PURCELL Bernard (E)
NSW_Local_Government_2017_City_of_Ryde_-_Central_Ward 4 seats.csv__hit8,PURCELL Bernard (E),PURCELL Bernard (E),PURCELL Bernard (E),PURCELL Bernard (E),PURCELL Bernard (E),PURCELL Bernard (E),PURCELL Bernard (E),PURCELL Bernard (E),PURCELL Bernard (E),PURCELL Bernard (E)
NSW_Local_Government_2017_City_of_Ryde_-_Central_Ward 4 seats.csv__hit9,YEDELIAN Sarkis (D),PURCELL Bernard (E),PURCELL Bernard (E),PURCELL Bernard (E),PURCELL Bernard (E),PURCELL Bernard (E),PURCELL Bernard (E),PURCELL Bernard (E),PURCELL Bernard (E),PURCELL Bernard (E)
NSW_Local_Government_2017_City_of_Ryde_-_Central_Ward 4 seats.csv__hit10,MAYGER Margaret (E),PURCELL Bernard (E),PURCELL Bernard (E),PURCELL Bernard (E),PURCELL Bernard (E),PURCELL Bernard (E),PURCELL Bernard (E),PURCELL Bernard (E),PURCELL Bernard (E),PURCELL Bernard (E)
NSW_Local_Government_2017_City_of_Ryde_-_Central_Ward 4 seats.csv__hit11,PURCELL Bernard (E),PURCELL Bernard (E),PURCELL Bernard (E),PURCELL Bernard (E),PURCELL Bernard (E),PURCELL Bernard (E),PURCELL Bernard (E),PURCELL Bernard (E),PURCELL Bernard (E),PURCELL Bernard (E)
NSW_Local_Government_2017_City_of_Ryde_-_Central_Ward 4 seats.csv__hit12,YEDELIAN Sarkis (D),PURCELL Bernard (E),PURCELL Bernard (E),PURCELL Bernard (E),PURCELL Bernard (E),PURCELL Bernard (E),PURCELL Bernard (E),PURCELL Bernard (E),PURCELL Bernard (E),PURCELL Bernard (E)
NSW_Local_Government_2017_City_of_Ryde_-_Central_Ward 4 seats.csv__hit13,YEDELIAN Sarkis (D),PURCELL Bernard (E),PURCELL Bernard (E),PURCELL Bernard (E),PURCELL Bernard (E),PURCELL Bernard (E),PURCELL Bernard (E),PURCELL Bernard (E),PURCELL Bernard (E),PURCELL Bernard (E)
NSW_Local_Government_2017_City_of_Ryde_-_Central_Ward 4 seats.csv__hit14,PURCELL Bernard (E),PURCELL Bernard (E),PURCELL Bernard (E),PURCELL Bernard (E),PURCELL Bernard (E),PURCELL Bernard (E),PURCELL Bernard (E),PURCELL Bernard (E),PURCELL Bernard (E),PURCELL Bernard (E)
NSW_Local_Government_2017_City_of_Ryde_-_Central_Ward 4 seats.csv__hit15,MOUJALLI Chris (D),PURCELL Bernard (E),PURCELL Bernard (E),PURCELL Bernard (E),PURCELL Bernard (E),PURCELL Bernard (E),PURCELL Bernard (E),PURCELL Bernard (E),PURCELL Bernard (E),PURCELL Bernard (E)
NSW_Local_Government_2017_City_of_Ryde_-_Central_Ward 4 seats.csv__hit16,MOUJALLI Chris (D),PURCELL Bernard (E),PURCELL Bernard (E),PURCELL Bernard (E),PURCELL Bernard (E),PURCELL Bernard (E),PURCELL Bernard (E),PURCELL Bernard (E),PURCELL Bernard (E),PURCELL Bernard (E)
NSW_Local_Government_2017_City_of_Ryde_-_Central_Ward 4 seats.csv__hit17,YEDELIAN Sarkis (D),PURCELL Bernard (E),PURCELL Bernard (E),PURCELL Bernard (E),PURCELL Bernard (E),PURCELL Bernard (E),PURCELL Bernard (E),PURCELL Bernard (E),PURCELL Bernard (E),PURCELL Bernard (E)
NSW_Local_Government_2017_City_of_Ryde_-_Central_Ward 4 seats.csv__hit18,MOUJALLI Chris (D),PURCELL Bernard (E),PURCELL Bernard (E),PURCELL Bernard (E),PURCELL Bernard (E),PURCELL Bernard (E),PURCELL Bernard (E),PURCELL Bernard (E),PURCELL Bernard (E),PURCELL Bernard (E)
NSW_Local_Government_2017_City_of_Ryde_-_Central_Ward 4 seats.csv__hit19,MOUJALLI Chris (D),PURCELL Bernard (E),PURCELL Bernard (E),PURCELL Bernard (E),PURCELL Bernard (E),PURCELL Bernard (E),PURCELL Bernard (E),PURCELL Bernard (E),PURCELL Bernard (E),PURCELL Bernard (E)
NSW_Local_Government_2017_City_of_Ryde_-_Central_Ward 4 seats.csv__hit20,PURCELL Bernard (E),PURCELL Bernard (E),PURCELL Bernard (E),PURCELL Bernard (E),PURCELL Bernard (E),PURCELL Bernard (E),PURCELL Bernard (E),PURCELL Bernard (E),PURCELL Bernard (E),PURCELL Bernard (E)
NSW_Local_Government_2017_City_of_Ryde_-_Central_Ward 4 seats.csv__hit21,YEDELIAN Sarkis (D),PURCELL Bernard (E),PURCELL Bernard (E),PURCELL Bernard (E),PURCELL Bernard (E),PURCELL Bernard (E),PURCELL Bernard (E),PURCELL Bernard (E),PURCELL Bernard (E),PURCELL Bernard (E)
NSW_Local_Government_2017_City_of_Ryde_-_Central_Ward 4 seats.csv__hit22,YEDELIAN Sarkis (D),PURCELL Bernard (E),PURCELL Bernard (E),PURCELL Bernard (E),PURCELL Bernard (E),PURCELL Bernard (E),PURCELL Bernard (E),PURCELL Bernard (E),PURCELL Bernard (E),PURCELL Bernard (E)
NSW_Local_Government_2017_City_of_Ryde_-_Central_Ward 4 seats.csv__hit23,MOUJALLI Chris (D),PURCELL Bernard (E),PURCELL Bernard (E),PURCELL Bernard (E),PURCELL Bernard (E),PURCELL Bernard (E),PURCELL Bernard (E),PURCELL Bernard (E),PURCELL Bernard (E),PURCELL Bernard (E)
NSW_Local_Government_2017_City_of_Ryde_-_Central_Ward 4 seats.csv__hit24,PURCELL Bernard (E),PURCELL Bernard (E),PURCELL Bernard (E),PURCELL Bernard (E),PURCELL Bernard (E),PURCELL Bernard (E),PURCELL Bernard (E),PURCELL Bernard (E),PURCELL Bernard (E),PURCELL Bernard (E)
NSW_Local_Government_2017_City_of_Ryde_-_Central_Ward 4 seats.csv__hit25,MAYGER Margaret (E),YEDELIAN Sarkis (D),YEDELIAN Sarkis (D),YEDELIAN Sarkis (D),YEDELIAN Sarkis (D),YEDELIAN Sarkis (D),YEDELIAN Sarkis (D),YEDELIAN Sarkis (D),YEDELIAN Sarkis (D),YEDELIAN Sarkis (D)
NSW_Local_Government_2017_City_of_Ryde_-_Central_Ward 4 seats.csv__hit26,PURCELL Bernard (E),PURCELL Bernard (E),PURCELL Bernard (E),PURCELL Bernard (E),PURCELL Bernard (E),PURCELL Bernard (E),PURCELL Bernard (E),PURCELL Bernard (E),PURCELL Bernard (E),PURCELL Bernard (E)
NSW_Local_Government_2017_City_of_Ryde_-_Central_Ward 4 seats.csv__hit27,YEDELIAN Sarkis (D),YEDELIAN Sarkis (D),YEDELIAN Sarkis (D),YEDELIAN Sarkis (D),YEDELIAN Sarkis (D),YEDELIAN Sarkis (D),YEDELIAN Sarkis (D),YEDELIAN Sarkis (D),YEDELIAN Sarkis (D),YEDELIAN Sarkis (D)
NSW_Local_Government_2017_City_of_Ryde_-_Central_Ward 4 seats.csv__hit28,MOUJALLI Chris (D),PURCELL Bernard (E),PURCELL Bernard (E),PURCELL Bernard (E),PURCELL Bernard (E),PURCELL Bernard (E),PURCELL Bernard (E),PURCELL Bernard (E),PURCELL Bernard (E),PURCELL Bernard (E)
NSW_Local_Government_2017_City_of_Ryde_-_Central_Ward 4 seats.csv__hit29,MOUJALLI Chris (D),PURCELL Bernard (E),PURCELL Bernard (E),PURCELL Bernard (E),PURCELL Bernard (E),PURCELL Bernard (E),PURCELL Bernard (E),PURCELL Bernard (E),PURCELL Bernard (E),PURCELL Bernard (E)
NSW_Local_Government_2017_City_of_Ryde_-_Central_Ward 4 seats.csv__hit30,YEDELIAN Sarkis (D),PURCELL Bernard (E),PURCELL Bernard (E),PURCELL Bernard (E),PURCELL Bernard (E),PURCELL Bernard (E),PURCELL Bernard (E),PURCELL Bernard (E),PURCELL Bernard (E),PURCELL Bernard (E)
NSW_Local_Government_2017_City_of_Ryde_-_Central_Ward 4 seats.csv__hit31,YEDELIAN Sarkis (D),PURCELL Bernard (E),PURCELL Bernard (E),PURCELL Bernard (E),PURCELL Bernard (E),PURCELL Bernard (E),PURCELL Bernard (E),PURCELL Bernard (E),PURCELL Bernard (E),PURCELL Bernard (E)
NSW_Local_Government_2017_City_of_Ryde_-_Central_Ward 4 seats.csv__hit32,PURCELL Bernard (E),PURCELL Bernard (E),PURCELL Bernard (E),PURCELL Bernard (E),PURCELL Bernard (E),PURCELL Bernard (E),PURCELL Bernard (E),PURCELL Bernard (E),PURCELL Bernard (E),PURCELL Bernard (E)
NSW_Local_Government_2017_City_of_Ryde_-_Central_Ward 4 seats.csv__hit33,YEDELIAN Sarkis (D),PURCELL Bernard (E),PURCELL Bernard (E),PURCELL Bernard (E),PURCELL Bernard (E),PURCELL Bernard (E),PURCELL Bernard (E),PURCELL Bernard (E),PURCELL Bernard (E),PURCELL Bernard (E)
NSW_Local_Government_2017_City_of_Ryde_-_Central_Ward 4 seats.csv__hit34,YEDELIAN Sarkis (D),PURCELL Bernard (E),PURCELL Bernard (E),PURCELL Bernard (E),PURCELL Bernard (E),PURCELL Bernard (E),PURCELL Bernard (E),PURCELL Bernard (E),PURCELL Bernard (E),PURCELL Bernard (E)
NSW_Local_Government_2017_City_of_Ryde_-_Central_Ward 4 seats.csv__hit35,PURCELL Bernard (E),PURCELL Bernard (E),PURCELL Bernard (E),PURCELL Bernard (E),PURCELL Bernard (E),PURCELL Bernard (E),PURCELL Bernard (E),PURCELL Bernard (E),PURCELL Bernard (E),PURCELL Bernard (E)
NSW_Local_Government_2017_City_of_Ryde_-_Central_Ward 4 seats.csv__hit36,MOUJALLI Chris (D),PURCELL Bernard (E),PURCELL Bernard (E),PURCELL Bernard (E),PURCELL Bernard (E),PURCELL Bernard (E),PURCELL Bernard (E),PURCELL Bernard (E),PURCELL Bernard (E),PURCELL Bernard (E)
NSW_Local_Government_2017_City_of_Ryde_-_Central_Ward 4 seats.csv__hit37,PURCELL Bernard (E),PURCELL Bernard (E),PURCELL Bernard (E),PURCELL Bernard (E),PURCELL Bernard (E),PURCELL Bernard (E),PURCELL Bernard (E),PURCELL Bernard (E),PURCELL Bernard (E),PURCELL Bernard (E)
NSW_Local_Government_2017_City_of_Ryde_-_Central_Ward 4 seats.csv__hit38,YEDELIAN Sarkis (D),PURCELL Bernard (E),PURCELL Bernard (E),PURCELL Bernard (E),PURCELL Bernard (E),PURCELL Bernard (E),PURCELL Bernard (E),PURCELL Bernard (E),PURCELL Bernard (E),PURCELL Bernard (E)
NSW_Local_Government_2017_City_of_Ryde_-_Central_Ward 4 seats.csv__hit39,YEDELIAN Sarkis (D),PURCELL Bernard (E),PURCELL Bernard (E),PURCELL Bernard (E),PURCELL Bernard (E),PURCELL Bernard (E),PURCELL Bernard (E),PURCELL Bernard (E),PURCELL Bernard (E),PURCELL Bernard (E)
NSW_Local_Government_2017_City_of_Ryde_-_Central_Ward 4 seats.csv__hit40,PURCELL Bernard (E),PURCELL Bernard (E),PURCELL Bernard (E),PURCELL Bernard (E),PURCELL Bernard (E),PURCELL Bernard (E),PURCELL Bernard (E),PURCELL Bernard (E),PURCELL Bernard (E),PURCELL Bernard (E)
NSW_Local_Government_2017_City_of_Ryde_-_Central_Ward 4 seats.csv__hit41,PURCELL Bernard (E),PURCELL Bernard (E),PURCELL Bernard (E),PURCELL Bernard (E),PURCELL Bernard (E),PURCELL Bernard (E),PURCELL Bernard (E),PURCELL Bernard (E),PURCELL Bernard (E),PURCELL Bernard (E)
NSW_Local_Government_2017_City_of_Ryde_-_Central_Ward 4 seats.csv__hit42,PURCELL Bernard (E),PURCELL Bernard (E),PURCELL Bernard (E),PURCELL Bernard (E),PURCELL Bernard (E),PURCELL Bernard (E),PURCELL Bernard (E),PURCELL Bernard (E),PURCELL Bernard (E),PURCELL Bernard (E)
NSW_Local_Government_2017_City_of_Ryde_-_Central_Ward 4 seats.csv__hit43,PURCELL Bernard (E),PURCELL Bernard (E),PURCELL Bernard (E),PURCELL Bernard (E),PURCELL Bernard (E),PURCELL Bernard (E),PURCELL Bernard (E),PURCELL Bernard (E),PURCELL Bernard (E),PURCELL Bernard (E)
NSW_Local_Government_2017_City_of_Ryde_-_Central_Ward 4 seats.csv__hit44,MOUJALLI Chris (D),PURCELL Bernard (E),PURCELL Bernard (E),PURCELL Bernard (E),PURCELL Bernard (E),PURCELL Bernard (E),PURCELL Bernard (E),PURCELL Bernard (E),PURCELL Bernard (E),PURCELL Bernard (E)
NSW_Local_Government_2017_City_of_Ryde_-_Central_Ward 4 seats.csv__hit45,PURCELL Bernard (E),PURCELL Bernard (E),PURCELL Bernard (E),PURCELL Bernard (E),PURCELL Bernard (E),PURCELL Bernard (E),PURCELL Bernard (E),PURCELL Bernard (E),PURCELL Bernard (E),PURCELL Bernard (E)
NSW_Local_Government_2017_City_of_Ryde_-_Central_Ward 4 seats.csv__hit46,PURCELL Bernard (E),PURCELL Bernard (E),PURCELL Bernard (E),PURCELL Bernard (E),PURCELL Bernard (E),PURCELL Bernard (E),PURCELL Bernard (E),PURCELL Bernard (E),PURCELL Bernard (E),PURCELL Bernard (E)
NSW_Local_Government_2017_City_of_Ryde_-_Central_Ward 4 seats.csv__hit47,YEDELIAN Sarkis (D),PURCELL Bernard (E),PURCELL Bernard (E),PURCELL Bernard (E),PURCELL Bernard (E),PURCELL Bernard (E),PURCELL Bernard (E),PURCELL Bernard (E),PURCELL Bernard (E),PURCELL Bernard (E)
NSW_Local_Government_2017_City_of_Ryde_-_Central_Ward 4 seats.csv__hit48,MAYGER Margaret (E),PURCELL Bernard (E),PURCELL Bernard (E),PURCELL Bernard (E),PURCELL Bernard (E),PURCELL Bernard (E),PURCELL Bernard (E),PURCELL Bernard (E),PURCELL Bernard (E),PURCELL Bernard (E)
NSW_Local_Government_2017_City_of_Ryde_-_Central_Ward 4 seats.csv__hit49,YEDELIAN Sarkis (D),PURCELL Bernard (E),PURCELL Bernard (E),PURCELL Bernard (E),PURCELL Bernard (E),PURCELL Bernard (E),PURCELL Bernard (E),PURCELL Bernard (E),PURCELL Bernard (E),PURCELL Bernard (E)
NSW_Local_Government_2017_City_of_Ryde_-_Central_Ward 4 seats.csv__hit50,PURCELL Bernard (E),PURCELL Bernard (E),PURCELL Bernard (E),PURCELL Bernard (E),PURCELL Bernard (E),PURCELL Bernard (E),PURCELL Bernard (E),PURCELL Bernard (E),PURCELL Bernard (E),PURCELL Bernard (E)
NSW_Local_Government_2017_City_of_Ryde_-_Central_Ward 4 seats.csv__hit51,PURCELL Bernard (E),PURCELL Bernard (E),PURCELL Bernard (E),PURCELL Bernard (E),PURCELL Bernard (E),PURCELL Bernard (E),PURCELL Bernard (E),PURCELL Bernard (E),PURCELL Bernard (E),PURCELL Bernard (E)
NSW_Local_Government_2017_City_of_Ryde_-_Central_Ward 4 seats.csv__hit52,PURCELL Bernard (E),PURCELL Bernard (E),PURCELL Bernard (E),PURCELL Bernard (E),PURCELL Bernard (E),PURCELL Bernard (E),PURCELL Bernard (E),PURCELL Bernard (E),PURCELL Bernard (E),PURCELL Bernard (E)
NSW_Local_Government_2017_City_of_Parramatta_-_Parramatta_Ward 3 seats.csv__hit0,SHAW James (B),ZAITER Martin (D),ZAITER Martin (D),ZAITER Martin (D),ZAITER Martin (D),ZAITER Martin (D),ZAITER Martin (D),ZAITER Martin (D),ZAITER Martin (D),ZAITER Martin (D)
NSW_Local_Government_2017_City_of_Parramatta_-_Parramatta_Ward 3 seats.csv__hit1,ZAITER Martin (D),ZAITER Martin (D),ZAITER Martin (D),ZAITER Martin (D),ZAITER Martin (D),ZAITER Martin (D),ZAITER Martin (D),ZAITER Martin (D),ZAITER Martin (D),ZAITER Martin (D)
NSW_Local_Government_2017_City_of_Parramatta_-_Parramatta_Ward 3 seats.csv__hit2,ZAITER Martin (D),ZAITER Martin (D),ZAITER Martin (D),ZAITER Martin (D),ZAITER Martin (D),ZAITER Martin (D),ZAITER Martin (D),ZAITER Martin (D),ZAITER Martin (D),ZAITER Martin (D)
NSW_Local_Government_2017_City_of_Parramatta_-_Parramatta_Ward 3 seats.csv__hit3,SHAW James (B),ZAITER Martin (D),ZAITER Martin (D),ZAITER Martin (D),ZAITER Martin (D),ZAITER Martin (D),ZAITER Martin (D),ZAITER Martin (D),ZAITER Martin (D),ZAITER Martin (D)
NSW_Local_Government_2017_City_of_Parramatta_-_Parramatta_Ward 3 seats.csv__hit4,SHAW James (B),ZAITER Martin (D),ZAITER Martin (D),ZAITER Martin (D),ZAITER Martin (D),ZAITER Martin (D),ZAITER Martin (D),ZAITER Martin (D),ZAITER Martin (D),ZAITER Martin (D)
NSW_Local_Government_2017_City_of_Parramatta_-_Parramatta_Ward 3 seats.csv__hit5,SINGH Jugandeep (D),PANDEY Sameer (B),PANDEY Sameer (B),PANDEY Sameer (B),PANDEY Sameer (B),PANDEY Sameer (B),PANDEY Sameer (B),PANDEY Sameer (B),PANDEY Sameer (B),PANDEY Sameer (B)
NSW_Local_Government_2017_City_of_Parramatta_-_Parramatta_Ward 3 seats.csv__hit6,ZAITER Martin (D),ZAITER Martin (D),ZAITER Martin (D),ZAITER Martin (D),ZAITER Martin (D),ZAITER Martin (D),ZAITER Martin (D),ZAITER Martin (D),ZAITER Martin (D),ZAITER Martin (D)
NSW_Local_Government_2017_City_of_Parramatta_-_Parramatta_Ward 3 seats.csv__hit7,ZAITER Martin (D),ZAITER Martin (D),ZAITER Martin (D),ZAITER Martin (D),ZAITER Martin (D),ZAITER Martin (D),ZAITER Martin (D),ZAITER Martin (D),ZAITER Martin (D),ZAITER Martin (D)
NSW_Local_Government_2017_City_of_Parramatta_-_Parramatta_Ward 3 seats.csv__hit8,SHAW James (B),ZAITER Martin (D),ZAITER Martin (D),ZAITER Martin (D),ZAITER Martin (D),ZAITER Martin (D),ZAITER Martin (D),ZAITER Martin (D),ZAITER Martin (D),ZAITER Martin (D)
NSW_Local_Government_2017_City_of_Parramatta_-_Parramatta_Ward 3 seats.csv__hit9,ZAITER Martin (D),ZAITER Martin (D),ZAITER Martin (D),ZAITER Martin (D),ZAITER Martin (D),ZAITER Martin (D),ZAITER Martin (D),ZAITER Martin (D),ZAITER Martin (D),ZAITER Martin (D)
NSW_Local_Government_2017_City_of_Parramatta_-_Parramatta_Ward 3 seats.csv__hit10,SHAW James (B),ZAITER Martin (D),ZAITER Martin (D),ZAITER Martin (D),ZAITER Martin (D),ZAITER Martin (D),ZAITER Martin (D),ZAITER Martin (D),ZAITER Martin (D),ZAITER Martin (D)
NSW_Local_Government_2017_City_of_Parramatta_-_Parramatta_Ward 3 seats.csv__hit11,ZAITER Martin (D),ZAITER Martin (D),ZAITER Martin (D),ZAITER Martin (D),ZAITER Martin (D),ZAITER Martin (D),ZAITER Martin (D),ZAITER Martin (D),ZAITER Martin (D),ZAITER Martin (D)
NSW_Local_Government_2017_City_of_Parramatta_-_Parramatta_Ward 3 seats.csv__hit12,SHAW James (B),ZAITER Martin (D),ZAITER Martin (D),ZAITER Martin (D),ZAITER Martin (D),ZAITER Martin (D),ZAITER Martin (D),ZAITER Martin (D),ZAITER Martin (D),ZAITER Martin (D)
NSW_Local_Government_2017_City_of_Parramatta_-_Parramatta_Ward 3 seats.csv__hit13,ZAITER Martin (D),ZAITER Martin (D),ZAITER Martin (D),ZAITER Martin (D),ZAITER Martin (D),ZAITER Martin (D),ZAITER Martin (D),ZAITER Martin (D),ZAITER Martin (D),ZAITER Martin (D)
NSW_Local_Government_2017_City_of_Parramatta_-_Parramatta_Ward 3 seats.csv__hit14,ZAITER Martin (D),ZAITER Martin (D),ZAITER Martin (D),ZAITER Martin (D),ZAITER Martin (D),ZAITER Martin (D),ZAITER Martin (D),ZAITER Martin (D),ZAITER Martin (D),ZAITER Martin (D)
NSW_Local_Government_2017_City_of_Parramatta_-_Parramatta_Ward 3 seats.csv__hit15,SHAW James (B),ZAITER Martin (D),ZAITER Martin (D),ZAITER Martin (D),ZAITER Martin (D),ZAITER Martin (D),ZAITER Martin (D),ZAITER Martin (D),ZAITER Martin (D),ZAITER Martin (D)
NSW_Local_Government_2017_City_of_Parramatta_-_Parramatta_Ward 3 seats.csv__hit16,SHAW James (B),ZAITER Martin (D),ZAITER Martin (D),ZAITER Martin (D),ZAITER Martin (D),ZAITER Martin (D),ZAITER Martin (D),ZAITER Martin (D),ZAITER Martin (D),ZAITER Martin (D)
NSW_Local_Government_2017_City_of_Parramatta_-_Parramatta_Ward 3 seats.csv__hit17,PANDEY Sameer (B),ZAITER Martin (D),ZAITER Martin (D),ZAITER Martin (D),ZAITER Martin (D),ZAITER Martin (D),ZAITER Martin (D),ZAITER Martin (D),ZAITER Martin (D),ZAITER Martin (D)
NSW_Local_Government_2017_City_of_Parramatta_-_Parramatta_Ward 3 seats.csv__hit18,ZAITER Martin (D),ZAITER Martin (D),ZAITER Martin (D),ZAITER Martin (D),ZAITER Martin (D),ZAITER Martin (D),ZAITER Martin (D),ZAITER Martin (D),ZAITER Martin (D),ZAITER Martin (D)
NSW_Local_Government_2017_City_of_Parramatta_-_Parramatta_Ward 3 seats.csv__hit19,SHAW James (B),ZAITER Martin (D),ZAITER Martin (D),ZAITER Martin (D),ZAITER Martin (D),ZAITER Martin (D),ZAITER Martin (D),ZAITER Martin (D),ZAITER Martin (D),ZAITER Martin (D)
NSW_Local_Government_2017_City_of_Parramatta_-_Parramatta_Ward 3 seats.csv__hit20,SHAW James (B),ZAITER Martin (D),ZAITER Martin (D),ZAITER Martin (D),ZAITER Martin (D),ZAITER Martin (D),ZAITER Martin (D),ZAITER Martin (D),ZAITER Martin (D),ZAITER Martin (D)
NSW_Local_Government_2017_City_of_Parramatta_-_Parramatta_Ward 3 seats.csv__hit21,SHAW James (B),ZAITER Martin (D),ZAITER Martin (D),ZAITER Martin (D),ZAITER Martin (D),ZAITER Martin (D),ZAITER Martin (D),ZAITER Martin (D),ZAITER Martin (D),ZAITER Martin (D)
NSW_Local_Government_2017_City_of_Parramatta_-_Parramatta_Ward 3 seats.csv__hit22,PANDEY Sameer (B),ZAITER Martin (D),ZAITER Martin (D),ZAITER Martin (D),ZAITER Martin (D),ZAITER Martin (D),ZAITER Martin (D),ZAITER Martin (D),ZAITER Martin (D),ZAITER Martin (D)
NSW_Local_Government_2017_City_of_Parramatta_-_Parramatta_Ward 3 seats.csv__hit23,ZAITER Martin (D),ZAITER Martin (D),ZAITER Martin (D),ZAITER Martin (D),ZAITER Martin (D),ZAITER Martin (D),ZAITER Martin (D),ZAITER Martin (D),ZAITER Martin (D),ZAITER Martin (D)
NSW_Local_Government_2017_City_of_Parramatta_-_Parramatta_Ward 3 seats.csv__hit24,SHAW James (B),ZAITER Martin (D),ZAITER Martin (D),ZAITER Martin (D),ZAITER Martin (D),ZAITER Martin (D),ZAITER Martin (D),ZAITER Martin (D),ZAITER Martin (D),ZAITER Martin (D)
NSW_Local_Government_2017_City_of_Parramatta_-_Parramatta_Ward 3 seats.csv__hit25,ZAITER Martin (D),ZAITER Martin (D),ZAITER Martin (D),ZAITER Martin (D),ZAITER Martin (D),ZAITER Martin (D),ZAITER Martin (D),ZAITER Martin (D),ZAITER Martin (D),ZAITER Martin (D)
NSW_Local_Government_2017_City_of_Parramatta_-_Parramatta_Ward 3 seats.csv__hit26,ZAITER Martin (D),ZAITER Martin (D),ZAITER Martin (D),ZAITER Martin (D),ZAITER Martin (D),ZAITER Martin (D),ZAITER Martin (D),ZAITER Martin (D),ZAITER Martin (D),ZAITER Martin (D)
NSW_Local_Government_2017_City_of_Parramatta_-_Parramatta_Ward 3 seats.csv__hit27,SHAW James (B),ZAITER Martin (D),ZAITER Martin (D),ZAITER Martin (D),ZAITER Martin (D),ZAITER Martin (D),ZAITER Martin (D),ZAITER Martin (D),ZAITER Martin (D),ZAITER Martin (D)
NSW_Local_Government_2017_City_of_Parramatta_-_Parramatta_Ward 3 seats.csv__hit28,PANDEY Sameer (B),ZAITER Martin (D),ZAITER Martin (D),ZAITER Martin (D),ZAITER Martin (D),ZAITER Martin (D),ZAITER Martin (D),ZAITER Martin (D),ZAITER Martin (D),ZAITER Martin (D)
NSW_Local_Government_2017_City_of_Parramatta_-_Parramatta_Ward 3 seats.csv__hit29,ZAITER Martin (D),ZAITER Martin (D),ZAITER Martin (D),ZAITER Martin (D),ZAITER Martin (D),ZAITER Martin (D),ZAITER Martin (D),ZAITER Martin (D),ZAITER Martin (D),ZAITER Martin (D)
NSW_Local_Government_2017_City_of_Parramatta_-_Parramatta_Ward 3 seats.csv__hit30,ZAITER Martin (D),ZAITER Martin (D),ZAITER Martin (D),ZAITER Martin (D),ZAITER Martin (D),ZAITER Martin (D),ZAITER Martin (D),ZAITER Martin (D),ZAITER Martin (D),ZAITER Martin (D)
NSW_Local_Government_2017_City_of_Parramatta_-_Parramatta_Ward 3 seats.csv__hit31,ZAITER Martin (D),ZAITER Martin (D),ZAITER Martin (D),ZAITER Martin (D),ZAITER Martin (D),ZAITER Martin (D),ZAITER Martin (D),ZAITER Martin (D),ZAITER Martin (D),ZAITER Martin (D)
NSW_Local_Government_2017_City_of_Parramatta_-_Parramatta_Ward 3 seats.csv__hit32,PANDEY Sameer (B),ZAITER Martin (D),ZAITER Martin (D),ZAITER Martin (D),ZAITER Martin (D),ZAITER Martin (D),ZAITER Martin (D),ZAITER Martin (D),ZAITER Martin (D),ZAITER Martin (D)
NSW_Local_Government_2024_Brewarrina 9 seats.csv__hit0,GORDON Douglas,GORDON Douglas,GORDON Douglas,GORDON Douglas,SLACK-SMITH Vivian,GORDON Douglas,GORDON Douglas,GORDON Douglas,GORDON Douglas,GORDON Douglas
NSW_Local_Government_2024_Brewarrina 9 seats.csv__hit1,GORDON Douglas,GORDON Douglas,GORDON Douglas,GORDON Douglas,SLACK-SMITH Vivian,GORDON Douglas,GORDON Douglas,GORDON Douglas,GORDON Douglas,GORDON Douglas
NSW_Local_Government_2024_Brewarrina 9 seats.csv__hit2,GORDON Douglas,GORDON Douglas,GORDON Douglas,GORDON Douglas,SLACK-SMITH Vivian,GORDON Douglas,GORDON Douglas,GORDON Douglas,GORDON Douglas,GORDON Douglas
NSW_Local_Government_2024_Brewarrina 9 seats.csv__hit3,GORDON Douglas,GORDON Douglas,GORDON Douglas,GORDON Douglas,GORDON Douglas,GORDON Douglas,GORDON Douglas,GORDON Douglas,GORDON Douglas,GORDON Douglas
NSW_Local_Government_2024_Brewarrina 9 seats.csv__hit4,SLACK-SMITH Vivian,SLACK-SMITH Vivian,SLACK-SMITH Vivian,SLACK-SMITH Vivian,SLACK-SMITH Vivian,PIPPOS Angelo,SLACK-SMITH Vivian,SLACK-SMITH Vivian,GORDON Douglas,SLACK-SMITH Vivian
NSW_Local_Government_2024_Brewarrina 9 seats.csv__hit5,GORDON Douglas,GORDON Douglas,GORDON Douglas,GORDON Douglas,SLACK-SMITH Vivian,GORDON Douglas,GORDON Douglas,GORDON Douglas,GORDON Douglas,GORDON Douglas
NSW_Local_Government_2024_Brewarrina 9 seats.csv__hit6,GORDON Douglas,GORDON Douglas,GORDON Douglas,GORDON Douglas,SLACK-SMITH Vivian,PIPPOS Angelo,GORDON Douglas,GORDON Douglas,GORDON Douglas,GORDON Douglas
NSW_Local_Government_2024_Brewarrina 9 seats.csv__hit7,GORDON Douglas,GORDON Douglas,GORDON Douglas,GORDON Douglas,GORDON Douglas,PIPPOS Angelo,GORDON Douglas,GORDON Douglas,GORDON Douglas,GORDON Douglas
NSW_Local_Government_2024_Brewarrina 9 seats.csv__hit8,GORDON Douglas,GORDON Douglas,GORDON Douglas,GORDON Douglas,GORDON Douglas,GORDON Douglas,GORDON Douglas,GORDON Douglas,GORDON Douglas,GORDON Douglas
NSW_Local_Government_2024_Brewarrina 9 seats.csv__hit9,GORDON Douglas,GORDON Douglas,GORDON Douglas,SLACK-SMITH Vivian,SLACK-SMITH Vivian,GORDON Douglas,GORDON Douglas,GORDON Douglas,GORDON Douglas,GORDON Douglas
NSW_Local_Government_2024_Brewarrina 9 seats.csv__hit10,GORDON Douglas,GORDON Douglas,GORDON Douglas,GORDON Douglas,SLACK-SMITH Vivian,GORDON Douglas,GORDON Douglas,GORDON Douglas,GORDON Douglas,GORDON Douglas
NSW_Local_Government_2024_Brewarrina 9 seats.csv__hit11,GORDON Douglas,GORDON Douglas,GORDON Douglas,SLACK-SMITH Vivian,SLACK-SMITH Vivian,PIPPOS Angelo,GORDON Douglas,GORDON Douglas,GORDON Douglas,GORDON Douglas
NSW_Local_Government_2024_Brewarrina 9 seats.csv__hit12,GORDON Douglas,GORDON Douglas,GORDON Douglas,GORDON Douglas,SLACK-SMITH Vivian,PIPPOS Angelo,GORDON Douglas,GORDON Douglas,GORDON Douglas,GORDON Douglas
NSW_Local_Government_2024_Brewarrina 9 seats.csv__hit13,GORDON Douglas,GORDON Douglas,GORDON Douglas,GORDON Douglas,PIPPOS Angelo,GORDON Douglas,GORDON Douglas,GORDON Douglas,GORDON Douglas,GORDON Douglas
NSW_Local_Government_2024_Brewarrina 9 seats.csv__hit14,GORDON Douglas,GORDON Douglas,GORDON Douglas,GORDON Douglas,SLACK-SMITH Vivian,PIPPOS Angelo,GORDON Douglas,GORDON Douglas,GORDON Douglas,GORDON Douglas
NSW_Local_Government_2024_Brewarrina 9 seats.csv__hit15,GORDON Douglas,GORDON Douglas,GORDON Douglas,GORDON Douglas,PIPPOS Angelo,GORDON Douglas,GORDON Douglas,GORDON Douglas,GORDON Douglas,GORDON Douglas
NSW_Local_Government_2024_Brewarrina 9 seats.csv__hit16,GORDON Douglas,GORDON Douglas,GORDON Douglas,GORDON Douglas,SLACK-SMITH Vivian,GORDON Douglas,GORDON Douglas,GORDON Douglas,GORDON Douglas,GORDON Douglas
NSW_Local_Government_2024_Brewarrina 9 seats.csv__hit17,GORDON Douglas,GORDON Douglas,GORDON Douglas,GORDON Douglas,SLACK-SMITH Vivian,PIPPOS Angelo,GORDON Douglas,GORDON Douglas,GORDON Douglas,GORDON Douglas
NSW_Local_Government_2024_Brewarrina 9 seats.csv__hit18,GORDON Douglas,GORDON Douglas,GORDON Douglas,GORDON Douglas,SLACK-SMITH Vivian,GORDON Douglas,GORDON Douglas,GORDON Douglas,GORDON Douglas,GORDON Douglas
NSW_Local_Government_2024_Brewarrina 9 seats.csv__hit19,GORDON Douglas,GORDON Douglas,GORDON Douglas,GORDON Douglas,SLACK-SMITH Vivian,PIPPOS Angelo,GORDON Douglas,GORDON Douglas,GORDON Douglas,GORDON Douglas
NSW_Local_Government_2024_Brewarrina 9 seats.csv__hit20,GORDON Douglas,GORDON Douglas,GORDON Douglas,GORDON Douglas,GORDON Douglas,GORDON Douglas,GORDON Douglas,GORDON Douglas,GORDON Douglas,GORDON Douglas
NSW_Local_Government_2024_Brewarrina 9 seats.csv__hit21,GORDON Douglas,GORDON Douglas,GORDON Douglas,GORDON Douglas,GORDON Douglas,GORDON Douglas,GORDON Douglas,GORDON Douglas,GORDON Douglas,GORDON Douglas
NSW_Local_Government_2024_Brewarrina 9 seats.csv__hit22,GORDON Douglas,GORDON Douglas,GORDON Douglas,GORDON Douglas,SLACK-SMITH Vivian,GORDON Douglas,GORDON Douglas,GORDON Douglas,GORDON Douglas,GORDON Douglas
NSW_Local_Government_2024_Brewarrina 9 seats.csv__hit23,GORDON Douglas,GORDON Douglas,GORDON Douglas,GORDON Douglas,SLACK-SMITH Vivian,GORDON Douglas,GORDON Douglas,GORDON Douglas,GORDON Douglas,GORDON Douglas
NSW_Local_Government_2024_Brewarrina 9 seats.csv__hit24,GORDON Douglas,GORDON Douglas,GORDON Douglas,GORDON Douglas,SLACK-SMITH Vivian,PIPPOS Angelo,GORDON Douglas,SLACK-SMITH Vivian,GORDON Douglas,GORDON Douglas
NSW_Local_Government_2024_Brewarrina 9 seats.csv__hit25,GORDON Douglas,GORDON Douglas,GORDON Douglas,SLACK-SMITH Vivian,SLACK-SMITH Vivian,GORDON Douglas,GORDON Douglas,GORDON Douglas,GORDON Douglas,GORDON Douglas
NSW_Local_Government_2024_Brewarrina 9 seats.csv__hit26,GORDON Douglas,GORDON Douglas,GORDON Douglas,GORDON Douglas,SLACK-SMITH Vivian,GORDON Douglas,GORDON Douglas,GORDON Douglas,GORDON Douglas,GORDON Douglas
NSW_Local_Government_2024_Brewarrina 9 seats.csv__hit27,GORDON Douglas,GORDON Douglas,GORDON Douglas,GORDON Douglas,SLACK-SMITH Vivian,GORDON Douglas,GORDON Douglas,GORDON Douglas,GORDON Douglas,GORDON Douglas
NSW_Local_Government_2024_Brewarrina 9 seats.csv__hit28,GORDON Douglas,GORDON Douglas,GORDON Douglas,GORDON Douglas,SLACK-SMITH Vivian,GORDON Douglas,GORDON Douglas,GORDON Douglas,GORDON Douglas,GORDON Douglas
NSW_Local_Government_2024_Brewarrina 9 seats.csv__hit29,GORDON Douglas,GORDON Douglas,GORDON Douglas,GORDON Douglas,SLACK-SMITH Vivian,GORDON Douglas,GORDON Douglas,GORDON Douglas,GORDON Douglas,GORDON Douglas
NSW_Local_Government_2024_Brewarrina 9 seats.csv__hit30,GORDON Douglas,GORDON Douglas,GORDON Douglas,GORDON Douglas,SLACK-SMITH Vivian,GORDON Douglas,GORDON Douglas,GORDON Douglas,GORDON Douglas,GORDON Douglas
NSW_Local_Government_2024_Brewarrina 9 seats.csv__hit31,GORDON Douglas,GORDON Douglas,GORDON Douglas,GORDON Douglas,PIPPOS Angelo,GORDON Douglas,GORDON Douglas,GORDON Douglas,GORDON Douglas,GORDON Douglas
NSW_Local_Government_2024_Brewarrina 9 seats.csv__hit32,GORDON Douglas,GORDON Douglas,GORDON Douglas,GORDON Douglas,PIPPOS Angelo,PIPPOS Angelo,GORDON Douglas,GORDON Douglas,GORDON Douglas,GORDON Douglas
NSW_Local_Government_2024_Brewarrina 9 seats.csv__hit33,PIPPOS Angelo,PIPPOS Angelo,PIPPOS Angelo,PIPPOS Angelo,PIPPOS Angelo,PIPPOS Angelo,PIPPOS Angelo,PIPPOS Angelo,GORDON Douglas,GORDON Douglas
NSW_Local_Government_2024_Brewarrina 9 seats.csv__hit34,GORDON Douglas,GORDON Douglas,GORDON Douglas,GORDON Douglas,GORDON Douglas,GORDON Douglas,GORDON Douglas,GORDON Douglas,GORDON Douglas,GORDON Douglas
NSW_Local_Government_2024_Brewarrina 9 seats.csv__hit35,GORDON Douglas,GORDON Douglas,GORDON Douglas,GORDON Douglas,PIPPOS Angelo,PIPPOS Angelo,GORDON Douglas,GORDON Douglas,GORDON Douglas,GORDON Douglas
NSW_Local_Government_2024_Brewarrina 9 seats.csv__hit36,GORDON Douglas,GORDON Douglas,GORDON Douglas,GORDON Douglas,PIPPOS Angelo,PIPPOS Angelo,GORDON Douglas,GORDON Douglas,GORDON Douglas,GORDON Douglas
NSW_Local_Government_2024_Brewarrina 9 seats.csv__hit37,GORDON Douglas,GORDON Douglas,GORDON Douglas,GORDON Douglas,PIPPOS Angelo,PIPPOS Angelo,GORDON Douglas,GORDON Douglas,GORDON Douglas,GORDON Douglas
NSW_Local_Government_2024_Brewarrina 9 seats.csv__hit38,GORDON Douglas,GORDON Douglas,GORDON Douglas,GORDON Douglas,SLACK-SMITH Vivian,PIPPOS Angelo,PIPPOS Angelo,GORDON Douglas,GORDON Douglas,GORDON Douglas
NSW_Local_Government_2024_Brewarrina 9 seats.csv__hit39,GORDON Douglas,GORDON Douglas,GORDON Douglas,GORDON Douglas,SLACK-SMITH Vivian,GORDON Douglas,GORDON Douglas,GORDON Douglas,GORDON Douglas,GORDON Douglas
NSW_Local_Government_2024_Brewarrina 9 seats.csv__hit40,PIPPOS Angelo,PIPPOS Angelo,PIPPOS Angelo,PIPPOS Angelo,PIPPOS Angelo,PIPPOS Angelo,GORDON Douglas,GORDON Douglas,PIPPOS Angelo,GORDON Douglas
NSW_Local_Government_2024_Brewarrina 9 seats.csv__hit41,GORDON Douglas,GORDON Douglas,GORDON Douglas,GORDON Douglas,SLACK-SMITH Vivian,GORDON Douglas,GORDON Douglas,GORDON Douglas,GORDON Douglas,GORDON Douglas
NSW_Local_Government_2024_Brewarrina 9 seats.csv__hit42,GORDON Douglas,GORDON Douglas,GORDON Douglas,GORDON Douglas,SLACK-SMITH Vivian,GORDON Douglas,GORDON Douglas,GORDON Douglas,GORDON Douglas,GORDON Douglas
NSW_Local_Government_2024_Brewarrina 9 seats.csv__hit43,GORDON Douglas,GORDON Douglas,GORDON Douglas,GORDON Douglas,PIPPOS Angelo,GORDON Douglas,GORDON Douglas,GORDON Douglas,GORDON Douglas,GORDON Douglas
NSW_Local_Government_2024_Brewarrina 9 seats.csv__hit44,GORDON Douglas,GORDON Douglas,GORDON Douglas,GORDON Douglas,PIPPOS Angelo,PIPPOS Angelo,GORDON Douglas,GORDON Douglas,GORDON Douglas,GORDON Douglas
NSW_Local_Government_2024_Brewarrina 9 seats.csv__hit45,GORDON Douglas,GORDON Douglas,GORDON Douglas,GORDON Douglas,PIPPOS Angelo,GORDON Douglas,GORDON Douglas,GORDON Douglas,GORDON Douglas,GORDON Douglas
NSW_Local_Government_2024_Brewarrina 9 seats.csv__hit46,GORDON Douglas,GORDON Douglas,GORDON Douglas,GORDON Douglas,SLACK-SMITH Vivian,GORDON Douglas,GORDON Douglas,GORDON Douglas,GORDON Douglas,GORDON Douglas
NSW_Local_Government_2024_Brewarrina 9 seats.csv__hit47,GORDON Douglas,GORDON Douglas,GORDON Douglas,GORDON Douglas,SLACK-SMITH Vivian,GORDON Douglas,GORDON Douglas,GORDON Douglas,GORDON Douglas,GORDON Douglas
NSW_Local_Government_2024_Brewarrina 9 seats.csv__hit48,GORDON Douglas,GORDON Douglas,GORDON Douglas,GORDON Douglas,PIPPOS Angelo,PIPPOS Angelo,GORDON Douglas,GORDON Douglas,GORDON Douglas,GORDON Douglas
NSW_Local_Government_2024_Brewarrina 9 seats.csv__hit49,GORDON Douglas,PIPPOS Angelo,GORDON Douglas,GORDON Douglas,PIPPOS Angelo,PIPPOS Angelo,GORDON Douglas,GORDON Douglas,PIPPOS Angelo,GORDON Douglas
NSW_Local_Government_2024_Brewarrina 9 seats.csv__hit50,GORDON Douglas,GORDON Douglas,GORDON Douglas,GORDON Douglas,GORDON Douglas,GORDON Douglas,GORDON Douglas,GORDON Douglas,GORDON Douglas,GORDON Douglas
NSW_Local_Government_2024_Brewarrina 9 seats.csv__hit51,GORDON Douglas,GORDON Douglas,GORDON Douglas,GORDON Douglas,GORDON Douglas,PIPPOS Angelo,GORDON Douglas,GORDON Douglas,GORDON Douglas,GORDON Douglas
NSW_Local_Government_2024_Brewarrina 9 seats.csv__hit52,GORDON Douglas,GORDON Douglas,GORDON Douglas,GORDON Douglas,SLACK-SMITH Vivian,PIPPOS Angelo,GORDON Douglas,GORDON Douglas,GORDON Douglas,GORDON Douglas
NSW_Local_Government_2024_Brewarrina 9 seats.csv__hit53,GORDON Douglas,GORDON Douglas,GORDON Douglas,GORDON Douglas,PIPPOS Angelo,GORDON Douglas,GORDON Douglas,GORDON Douglas,GORDON Douglas,GORDON Douglas
NSW_Local_Government_2024_Brewarrina 9 seats.csv__hit54,GORDON Douglas,GORDON Douglas,GORDON Douglas,GORDON Douglas,SLACK-SMITH Vivian,GORDON Douglas,GORDON Douglas,GORDON Douglas,GORDON Douglas,GORDON Douglas
NSW_Local_Government_2024_Brewarrina 9 seats.csv__hit55,GORDON Douglas,GORDON Douglas,GORDON Douglas,GORDON Douglas,GORDON Douglas,GORDON Douglas,GORDON Douglas,GORDON Douglas,GORDON Douglas,GORDON Douglas
NSW_Local_Government_2024_Brewarrina 9 seats.csv__hit56,GORDON Douglas,GORDON Douglas,GORDON Douglas,GORDON Douglas,SLACK-SMITH Vivian,GORDON Douglas,GORDON Douglas,GORDON Douglas,GORDON Douglas,GORDON Douglas
NSW_Local_Government_2024_Brewarrina 9 seats.csv__hit57,GORDON Douglas,GORDON Douglas,GORDON Douglas,GORDON Douglas,SLACK-SMITH Vivian,GORDON Douglas,GORDON Douglas,GORDON Douglas,GORDON Douglas,GORDON Douglas
NSW_Local_Government_2024_Brewarrina 9 seats.csv__hit58,GORDON Douglas,GORDON Douglas,GORDON Douglas,SLACK-SMITH Vivian,SLACK-SMITH Vivian,GORDON Douglas,GORDON Douglas,GORDON Douglas,GORDON Douglas,GORDON Douglas
NSW_Local_Government_2024_Brewarrina 9 seats.csv__hit59,GORDON Douglas,GORDON Douglas,GORDON Douglas,GORDON Douglas,SLACK-SMITH Vivian,GORDON Douglas,GORDON Douglas,GORDON Douglas,GORDON Douglas,GORDON Douglas
NSW_Local_Government_2024_Brewarrina 9 seats.csv__hit60,GORDON Douglas,GORDON Douglas,GORDON Douglas,GORDON Douglas,SLACK-SMITH Vivian,GORDON Douglas,GORDON Douglas,GORDON Douglas,GORDON Douglas,GORDON Douglas
NSW_Local_Government_2024_Brewarrina 9 seats.csv__hit61,GORDON Douglas,GORDON Douglas,GORDON Douglas,GORDON Douglas,SLACK-SMITH Vivian,PIPPOS Angelo,GORDON Douglas,GORDON Douglas,GORDON Douglas,GORDON Douglas
NSW_Local_Government_2024_Brewarrina 9 seats.csv__hit62,GORDON Douglas,GORDON Douglas,GORDON Douglas,GORDON Douglas,PIPPOS Angelo,PIPPOS Angelo,GORDON Douglas,GORDON Douglas,GORDON Douglas,GORDON Douglas
NSW_Local_Government_2024_Brewarrina 9 seats.csv__hit63,GORDON Douglas,GORDON Douglas,GORDON Douglas,GORDON Douglas,SLACK-SMITH Vivian,PIPPOS Angelo,GORDON Douglas,GORDON Douglas,GORDON Douglas,GORDON Douglas
NSW_Local_Government_2024_Brewarrina 9 seats.csv__hit64,GORDON Douglas,GORDON Douglas,GORDON Douglas,GORDON Douglas,GORDON Douglas,GORDON Douglas,GORDON Douglas,GORDON Douglas,GORDON Douglas,GORDON Douglas
NSW_Local_Government_2024_Brewarrina 9 seats.csv__hit65,GORDON Douglas,GORDON Douglas,GORDON Douglas,SLACK-SMITH Vivian,SLACK-SMITH Vivian,SLACK-SMITH Vivian,GORDON Douglas,GORDON Douglas,GORDON Douglas,GORDON Douglas
NSW_Local_Government_2024_Brewarrina 9 seats.csv__hit66,GORDON Douglas,GORDON Douglas,GORDON Douglas,GORDON Douglas,SLACK-SMITH Vivian,SLACK-SMITH Vivian,GORDON Douglas,GORDON Douglas,GORDON Douglas,GORDON Douglas
NSW_Local_Government_2024_Brewarrina 9 seats.csv__hit67,GORDON Douglas,GORDON Douglas,GORDON Douglas,GORDON Douglas,SLACK-SMITH Vivian,GORDON Douglas,GORDON Douglas,GORDON Douglas,GORDON Douglas,GORDON Douglas
NSW_Local_Government_2024_Brewarrina 9 seats.csv__hit68,GORDON Douglas,GORDON Douglas,GORDON Douglas,GORDON Douglas,SLACK-SMITH Vivian,PIPPOS Angelo,GORDON Douglas,GORDON Douglas,GORDON Douglas,GORDON Douglas
NSW_Local_Government_2024_Brewarrina 9 seats.csv__hit69,GORDON Douglas,GORDON Douglas,GORDON Douglas,GORDON Douglas,SLACK-SMITH Vivian,PIPPOS Angelo,PIPPOS Angelo,GORDON Douglas,GORDON Douglas,GORDON Douglas
NSW_Local_Government_2024_Brewarrina 9 seats.csv__hit70,GORDON Douglas,GORDON Douglas,GORDON Douglas,GORDON Douglas,SLACK-SMITH Vivian,PIPPOS Angelo,GORDON Douglas,GORDON Douglas,GORDON Douglas,GORDON Douglas
NSW_Local_Government_2024_Brewarrina 9 seats.csv__hit71,GORDON Douglas,GORDON Douglas,GORDON Douglas,GORDON Douglas,GORDON Douglas,PIPPOS Angelo,GORDON Douglas,GORDON Douglas,GORDON Douglas,GORDON Douglas
NSW_Local_Government_2024_Brewarrina 9 seats.csv__hit72,GORDON Douglas,GORDON Douglas,GORDON Douglas,GORDON Douglas,SLACK-SMITH Vivian,GORDON Douglas,GORDON Douglas,GORDON Douglas,GORDON Douglas,GORDON Douglas
NSW_Local_Government_2024_Brewarrina 9 seats.csv__hit73,GORDON Douglas,GORDON Douglas,GORDON Douglas,GORDON Douglas,SLACK-SMITH Vivian,GORDON Douglas,GORDON Douglas,GORDON Douglas,GORDON Douglas,GORDON Douglas
NSW_Local_Government_2024_Brewarrina 9 seats.csv__hit74,GORDON Douglas,GORDON Douglas,GORDON Douglas,GORDON Douglas,PIPPOS Angelo,GORDON Douglas,GORDON Douglas,GORDON Douglas,GORDON Douglas,GORDON Douglas
NSW_Local_Government_2024_Brewarrina 9 seats.csv__hit75,GORDON Douglas,GORDON Douglas,GORDON Douglas,GORDON Douglas,SLACK-SMITH Vivian,GORDON Douglas,GORDON Douglas,GORDON Douglas,GORDON Douglas,GORDON Douglas
NSW_Local_Government_2024_Brewarrina 9 seats.csv__hit76,GORDON Douglas,GORDON Douglas,GORDON Douglas,GORDON Douglas,SLACK-SMITH Vivian,SLACK-SMITH Vivian,GORDON Douglas,GORDON Douglas,GORDON Douglas,GORDON Douglas
NSW_Local_Government_2024_Brewarrina 9 seats.csv__hit77,GORDON Douglas,GORDON Douglas,GORDON Douglas,GORDON Douglas,SLACK-SMITH Vivian,GORDON Douglas,GORDON Douglas,GORDON Douglas,GORDON Douglas,GORDON Douglas
NSW_Local_Government_2024_Brewarrina 9 seats.csv__hit78,GORDON Douglas,GORDON Douglas,GORDON Douglas,GORDON Douglas,SLACK-SMITH Vivian,PIPPOS Angelo,GORDON Douglas,GORDON Douglas,GORDON Douglas,GORDON Douglas
NSW_Local_Government_2024_Brewarrina 9 seats.csv__hit79,GORDON Douglas,GORDON Douglas,GORDON Douglas,GORDON Douglas,SLACK-SMITH Vivian,GORDON Douglas,GORDON Douglas,GORDON Douglas,GORDON Douglas,GORDON Douglas
NSW_Local_Government_2024_Brewarrina 9 seats.csv__hit80,GORDON Douglas,GORDON Douglas,GORDON Douglas,GORDON Douglas,PIPPOS Angelo,GORDON Douglas,GORDON Douglas,GORDON Douglas,GORDON Douglas,GORDON Douglas
NSW_Local_Government_2024_Brewarrina 9 seats.csv__hit81,GORDON Douglas,GORDON Douglas,GORDON Douglas,GORDON Douglas,SLACK-SMITH Vivian,GORDON Douglas,GORDON Douglas,GORDON Douglas,GORDON Douglas,GORDON Douglas
NSW_Local_Government_2024_Brewarrina 9 seats.csv__hit82,GORDON Douglas,GORDON Douglas,GORDON Douglas,GORDON Douglas,SLACK-SMITH Vivian,GORDON Douglas,GORDON Douglas,GORDON Douglas,GORDON Douglas,GORDON Douglas
NSW_Local_Government_2024_Brewarrina 9 seats.csv__hit83,GORDON Douglas,GORDON Douglas,GORDON Douglas,GORDON Douglas,SLACK-SMITH Vivian,GORDON Douglas,GORDON Douglas,GORDON Douglas,GORDON Douglas,GORDON Douglas
NSW_Local_Government_2024_Brewarrina 9 seats.csv__hit84,GORDON Douglas,GORDON Douglas,GORDON Douglas,GORDON Douglas,SLACK-SMITH Vivian,GORDON Douglas,GORDON Douglas,GORDON Douglas,GORDON Douglas,GORDON Douglas
NSW_Local_Government_2024_Brewarrina 9 seats.csv__hit85,GORDON Douglas,GORDON Douglas,GORDON Douglas,GORDON Douglas,SLACK-SMITH Vivian,SLACK-SMITH Vivian,GORDON Douglas,GORDON Douglas,GORDON Douglas,GORDON Douglas
NSW_Local_Government_2024_Brewarrina 9 seats.csv__hit86,GORDON Douglas,GORDON Douglas,GORDON Douglas,GORDON Douglas,SLACK-SMITH Vivian,PIPPOS Angelo,GORDON Douglas,GORDON Douglas,GORDON Douglas,GORDON Douglas
NSW_Local_Government_2024_Brewarrina 9 seats.csv__hit87,GORDON Douglas,GORDON Douglas,GORDON Douglas,GORDON Douglas,GORDON Douglas,GORDON Douglas,GORDON Douglas,GORDON Douglas,GORDON Douglas,GORDON Douglas
NSW_Local_Government_2024_Brewarrina 9 seats.csv__hit88,GORDON Douglas,GORDON Douglas,GORDON Douglas,GORDON Douglas,SLACK-SMITH Vivian,PIPPOS Angelo,GORDON Douglas,GORDON Douglas,GORDON Douglas,GORDON Douglas
NSW_Local_Government_2024_Brewarrina 9 seats.csv__hit89,GORDON Douglas,GORDON Douglas,GORDON Douglas,GORDON Douglas,PIPPOS Angelo,PIPPOS Angelo,GORDON Douglas,GORDON Douglas,GORDON Douglas,GORDON Douglas
NSW_Local_Government_2024_Brewarrina 9 seats.csv__hit90,GORDON Douglas,GORDON Douglas,GORDON Douglas,GORDON Douglas,PIPPOS Angelo,PIPPOS Angelo,GORDON Douglas,GORDON Douglas,GORDON Douglas,GORDON Douglas
NSW_Local_Government_2024_Brewarrina 9 seats.csv__hit91,PIPPOS Angelo,PIPPOS Angelo,PIPPOS Angelo,PIPPOS Angelo,SLACK-SMITH Vivian,PIPPOS Angelo,PIPPOS Angelo,PIPPOS Angelo,PIPPOS Angelo,GORDON Douglas
NSW_Local_Government_2024_Brewarrina 9 seats.csv__hit92,GORDON Douglas,GORDON Douglas,GORDON Douglas,SLACK-SMITH Vivian,SLACK-SMITH Vivian,GORDON Douglas,GORDON Douglas,GORDON Douglas,GORDON Douglas,GORDON Douglas
NSW_Local_Government_2024_Brewarrina 9 seats.csv__hit93,GORDON Douglas,GORDON Douglas,GORDON Douglas,GORDON Douglas,SLACK-SMITH Vivian,GORDON Douglas,GORDON Douglas,GORDON Douglas,GORDON Douglas,GORDON Douglas
NSW_Local_Government_2024_Brewarrina 9 seats.csv__hit94,GORDON Douglas,GORDON Douglas,GORDON Douglas,GORDON Douglas,PIPPOS Angelo,GORDON Douglas,GORDON Douglas,GORDON Douglas,GORDON Douglas,GORDON Douglas
NSW_Local_Government_2024_Brewarrina 9 seats.csv__hit95,GORDON Douglas,GORDON Douglas,GORDON Douglas,GORDON Douglas,GORDON Douglas,GORDON Douglas,GORDON Douglas,GORDON Douglas,GORDON Douglas,GORDON Douglas
NSW_Local_Government_2024_Brewarrina 9 seats.csv__hit96,GORDON Douglas,GORDON Douglas,GORDON Douglas,GORDON Douglas,GORDON Douglas,PIPPOS Angelo,GORDON Douglas,GORDON Douglas,GORDON Douglas,GORDON Douglas
NSW_Local_Government_2024_Brewarrina 9 seats.csv__hit97,GORDON Douglas,GORDON Douglas,GORDON Douglas,GORDON Douglas,SLACK-SMITH Vivian,PIPPOS Angelo,GORDON Douglas,GORDON Douglas,GORDON Douglas,GORDON Douglas
NSW_Local_Government_2024_Brewarrina 9 seats.csv__hit98,GORDON Douglas,GORDON Douglas,GORDON Douglas,GORDON Douglas,SLACK-SMITH Vivian,GORDON Douglas,GORDON Douglas,GORDON Douglas,GORDON Douglas,GORDON Douglas
NSW_Local_Government_2024_Brewarrina 9 seats.csv__hit99,GORDON Douglas,GORDON Douglas,GORDON Douglas,GORDON Douglas,SLACK-SMITH Vivian,GORDON Douglas,GORDON Douglas,GORDON Douglas,GORDON Douglas,GORDON Douglas
NSW_Local_Government_2024_Brewarrina 9 seats.csv__hit100,GORDON Douglas,GORDON Douglas,GORDON Douglas,GORDON Douglas,SLACK-SMITH Vivian,PIPPOS Angelo,GORDON Douglas,GORDON Douglas,GORDON Douglas,GORDON Douglas
NSW_Local_Government_2024_Brewarrina 9 seats.csv__hit101,GORDON Douglas,GORDON Douglas,GORDON Douglas,GORDON Douglas,PIPPOS Angelo,PIPPOS Angelo,GORDON Douglas,GORDON Douglas,GORDON Douglas,GORDON Douglas
NSW_Local_Government_2024_Brewarrina 9 seats.csv__hit102,GORDON Douglas,GORDON Douglas,GORDON Douglas,GORDON Douglas,PIPPOS Angelo,GORDON Douglas,PIPPOS Angelo,GORDON Douglas,GORDON Douglas,GORDON Douglas
NSW_Local_Government_2024_Brewarrina 9 seats.csv__hit103,GORDON Douglas,GORDON Douglas,GORDON Douglas,GORDON Douglas,SLACK-SMITH Vivian,GORDON Douglas,GORDON Douglas,GORDON Douglas,GORDON Douglas,GORDON Douglas
NSW_Local_Government_2024_Brewarrina 9 seats.csv__hit104,GORDON Douglas,GORDON Douglas,GORDON Douglas,GORDON Douglas,PIPPOS Angelo,GORDON Douglas,GORDON Douglas,GORDON Douglas,GORDON Douglas,GORDON Douglas
NSW_Local_Government_2024_Brewarrina 9 seats.csv__hit105,GORDON Douglas,GORDON Douglas,GORDON Douglas,GORDON Douglas,SLACK-SMITH Vivian,GORDON Douglas,GORDON Douglas,GORDON Douglas,GORDON Douglas,GORDON Douglas
NSW_Local_Government_2024_Brewarrina 9 seats.csv__hit106,GORDON Douglas,GORDON Douglas,GORDON Douglas,GORDON Douglas,SLACK-SMITH Vivian,PIPPOS Angelo,GORDON Douglas,GORDON Douglas,GORDON Douglas,GORDON Douglas
NSW_Local_Government_2024_Brewarrina 9 seats.csv__hit107,GORDON Douglas,GORDON Douglas,GORDON Douglas,GORDON Douglas,SLACK-SMITH Vivian,PIPPOS Angelo,GORDON Douglas,GORDON Douglas,GORDON Douglas,GORDON Douglas
NSW_Local_Government_2024_Brewarrina 9 seats.csv__hit108,GORDON Douglas,GORDON Douglas,SLACK-SMITH Vivian,GORDON Douglas,SLACK-SMITH Vivian,GORDON Douglas,GORDON Douglas,GORDON Douglas,GORDON Douglas,GORDON Douglas
NSW_Local_Government_2024_Brewarrina 9 seats.csv__hit109,GORDON Douglas,GORDON Douglas,GORDON Douglas,GORDON Douglas,PIPPOS Angelo,GORDON Douglas,GORDON Douglas,GORDON Douglas,GORDON Douglas,GORDON Douglas
NSW_Local_Government_2024_Brewarrina 9 seats.csv__hit110,PIPPOS Angelo,PIPPOS Angelo,PIPPOS Angelo,PIPPOS Angelo,SLACK-SMITH Vivian,PIPPOS Angelo,PIPPOS Angelo,PIPPOS Angelo,PIPPOS Angelo,PIPPOS Angelo
NSW_Local_Government_2024_Brewarrina 9 seats.csv__hit111,GORDON Douglas,GORDON Douglas,GORDON Douglas,GORDON Douglas,SLACK-SMITH Vivian,PIPPOS Angelo,GORDON Douglas,GORDON Douglas,GORDON Douglas,GORDON Douglas
NSW_Local_Government_2024_Brewarrina 9 seats.csv__hit112,GORDON Douglas,GORDON Douglas,GORDON Douglas,SLACK-SMITH Vivian,PIPPOS Angelo,GORDON Douglas,GORDON Douglas,GORDON Douglas,GORDON Douglas,GORDON Douglas
NSW_Local_Government_2024_Brewarrina 9 seats.csv__hit113,GORDON Douglas,GORDON Douglas,GORDON Douglas,GORDON Douglas,SLACK-SMITH Vivian,GORDON Douglas,GORDON Douglas,GORDON Douglas,GORDON Douglas,GORDON Douglas
NSW_Local_Government_2024_Brewarrina 9 seats.csv__hit114,GORDON Douglas,GORDON Douglas,GORDON Douglas,GORDON Douglas,GORDON Douglas,GORDON Douglas,GORDON Douglas,GORDON Douglas,GORDON Douglas,GORDON Douglas
NSW_Local_Government_2024_Brewarrina 9 seats.csv__hit115,GORDON Douglas,GORDON Douglas,GORDON Douglas,GORDON Douglas,SLACK-SMITH Vivian,GORDON Douglas,GORDON Douglas,GORDON Douglas,GORDON Douglas,GORDON Douglas
NSW_Local_Government_2024_Brewarrina 9 seats.csv__hit116,GORDON Douglas,GORDON Douglas,GORDON Douglas,GORDON Douglas,PIPPOS Angelo,PIPPOS Angelo,GORDON Douglas,GORDON Douglas,GORDON Douglas,GORDON Douglas
NSW_Local_Government_2024_Brewarrina 9 seats.csv__hit117,GORDON Douglas,GORDON Douglas,GORDON Douglas,GORDON Douglas,SLACK-SMITH Vivian,GORDON Douglas,GORDON Douglas,GORDON Douglas,PIPPOS Angelo,GORDON Douglas
NSW_Local_Government_2024_Brewarrina 9 seats.csv__hit118,GORDON Douglas,GORDON Douglas,GORDON Douglas,GORDON Douglas,PIPPOS Angelo,PIPPOS Angelo,GORDON Douglas,GORDON Douglas,GORDON Douglas,GORDON Douglas
NSW_Local_Government_2024_Brewarrina 9 seats.csv__hit119,GORDON Douglas,GORDON Douglas,GORDON Douglas,GORDON Douglas,SLACK-SMITH Vivian,PIPPOS Angelo,PIPPOS Angelo,GORDON Douglas,GORDON Douglas,GORDON Douglas
NSW_Local_Government_2024_Brewarrina 9 seats.csv__hit120,GORDON Douglas,GORDON Douglas,GORDON Douglas,GORDON Douglas,SLACK-SMITH Vivian,GORDON Douglas,GORDON Douglas,GORDON Douglas,GORDON Douglas,GORDON Douglas
NSW_Local_Government_2024_Brewarrina 9 seats.csv__hit121,GORDON Douglas,GORDON Douglas,GORDON Douglas,GORDON Douglas,SLACK-SMITH Vivian,GORDON Douglas,GORDON Douglas,GORDON Douglas,GORDON Douglas,GORDON Douglas
NSW_Local_Government_2024_Brewarrina 9 seats.csv__hit122,GORDON Douglas,GORDON Douglas,GORDON Douglas,GORDON Douglas,PIPPOS Angelo,GORDON Douglas,GORDON Douglas,GORDON Douglas,GORDON Douglas,GORDON Douglas
NSW_Local_Government_2024_Brewarrina 9 seats.csv__hit123,GORDON Douglas,GORDON Douglas,GORDON Douglas,GORDON Douglas,SLACK-SMITH Vivian,GORDON Douglas,GORDON Douglas,GORDON Douglas,GORDON Douglas,GORDON Douglas
NSW_Local_Government_2024_Brewarrina 9 seats.csv__hit124,GORDON Douglas,GORDON Douglas,GORDON Douglas,GORDON Douglas,SLACK-SMITH Vivian,GORDON Douglas,GORDON Douglas,GORDON Douglas,GORDON Douglas,GORDON Douglas
NSW_Local_Government_2024_Brewarrina 9 seats.csv__hit125,GORDON Douglas,SLACK-SMITH Vivian,GORDON Douglas,GORDON Douglas,SLACK-SMITH Vivian,PIPPOS Angelo,GORDON Douglas,GORDON Douglas,GORDON Douglas,GORDON Douglas
NSW_Local_Government_2024_Brewarrina 9 seats.csv__hit126,GORDON Douglas,GORDON Douglas,GORDON Douglas,GORDON Douglas,SLACK-SMITH Vivian,GORDON Douglas,GORDON Douglas,GORDON Douglas,GORDON Douglas,GORDON Douglas
NSW_Local_Government_2024_Brewarrina 9 seats.csv__hit127,GORDON Douglas,GORDON Douglas,GORDON Douglas,GORDON Douglas,GORDON Douglas,GORDON Douglas,GORDON Douglas,GORDON Douglas,GORDON Douglas,GORDON Douglas
NSW_Local_Government_2024_Brewarrina 9 seats.csv__hit128,GORDON Douglas,GORDON Douglas,GORDON Douglas,GORDON Douglas,SLACK-SMITH Vivian,GORDON Douglas,GORDON Douglas,GORDON Douglas,GORDON Douglas,GORDON Douglas
NSW_Local_Government_2024_Brewarrina 9 seats.csv__hit129,GORDON Douglas,GORDON Douglas,GORDON Douglas,GORDON Douglas,PIPPOS Angelo,GORDON Douglas,GORDON Douglas,GORDON Douglas,GORDON Douglas,GORDON Douglas
NSW_Local_Government_2024_Brewarrina 9 seats.csv__hit130,GORDON Douglas,GORDON Douglas,GORDON Douglas,GORDON Douglas,SLACK-SMITH Vivian,GORDON Douglas,GORDON Douglas,GORDON Douglas,GORDON Douglas,GORDON Douglas
NSW_Local_Government_2024_Brewarrina 9 seats.csv__hit131,GORDON Douglas,GORDON Douglas,GORDON Douglas,GORDON Douglas,PIPPOS Angelo,PIPPOS Angelo,GORDON Douglas,GORDON Douglas,GORDON Douglas,GORDON Douglas
NSW_Local_Government_2024_Brewarrina 9 seats.csv__hit132,GORDON Douglas,GORDON Douglas,GORDON Douglas,GORDON Douglas,SLACK-SMITH Vivian,SLACK-SMITH Vivian,GORDON Douglas,GORDON Douglas,GORDON Douglas,GORDON Douglas
NSW_Local_Government_2024_Brewarrina 9 seats.csv__hit133,GORDON Douglas,GORDON Douglas,GORDON Douglas,SLACK-SMITH Vivian,SLACK-SMITH Vivian,GORDON Douglas,GORDON Douglas,GORDON Douglas,GORDON Douglas,GORDON Douglas
NSW_Local_Government_2024_Brewarrina 9 seats.csv__hit134,GORDON Douglas,GORDON Douglas,GORDON Douglas,GORDON Douglas,PIPPOS Angelo,GORDON Douglas,GORDON Douglas,GORDON Douglas,GORDON Douglas,GORDON Douglas
NSW_Local_Government_2024_Brewarrina 9 seats.csv__hit135,GORDON Douglas,GORDON Douglas,GORDON Douglas,GORDON Douglas,PIPPOS Angelo,GORDON Douglas,GORDON Douglas,GORDON Douglas,GORDON Douglas,GORDON Douglas
NSW_Local_Government_2024_Brewarrina 9 seats.csv__hit136,GORDON Douglas,GORDON Douglas,GORDON Douglas,GORDON Douglas,SLACK-SMITH Vivian,GORDON Douglas,GORDON Douglas,GORDON Douglas,GORDON Douglas,GORDON Douglas
NSW_Local_Government_2024_Brewarrina 9 seats.csv__hit137,GORDON Douglas,GORDON Douglas,GORDON Douglas,GORDON Douglas,SLACK-SMITH Vivian,GORDON Douglas,GORDON Douglas,GORDON Douglas,GORDON Douglas,GORDON Douglas
NSW_Local_Government_2024_Brewarrina 9 seats.csv__hit138,GORDON Douglas,GORDON Douglas,GORDON Douglas,GORDON Douglas,SLACK-SMITH Vivian,GORDON Douglas,GORDON Douglas,GORDON Douglas,GORDON Douglas,GORDON Douglas
NSW_Local_Government_2024_Brewarrina 9 seats.csv__hit139,GORDON Douglas,GORDON Douglas,GORDON Douglas,GORDON Douglas,SLACK-SMITH Vivian,GORDON Douglas,GORDON Douglas,GORDON Douglas,GORDON Douglas,GORDON Douglas
NSW_Local_Government_2024_Brewarrina 9 seats.csv__hit140,GORDON Douglas,GORDON Douglas,GORDON Douglas,GORDON Douglas,SLACK-SMITH Vivian,PIPPOS Angelo,GORDON Douglas,GORDON Douglas,GORDON Douglas,GORDON Douglas
NSW_Local_Government_2024_Brewarrina 9 seats.csv__hit141,GORDON Douglas,GORDON Douglas,GORDON Douglas,GORDON Douglas,SLACK-SMITH Vivian,GORDON Douglas,GORDON Douglas,GORDON Douglas,SLACK-SMITH Vivian,GORDON Douglas
NSW_Local_Government_2024_Brewarrina 9 seats.csv__hit142,GORDON Douglas,GORDON Douglas,GORDON Douglas,GORDON Douglas,GORDON Douglas,PIPPOS Angelo,GORDON Douglas,GORDON Douglas,GORDON Douglas,GORDON Douglas
NSW_Local_Government_2024_Brewarrina 9 seats.csv__hit143,GORDON Douglas,GORDON Douglas,GORDON Douglas,GORDON Douglas,SLACK-SMITH Vivian,PIPPOS Angelo,GORDON Douglas,GORDON Douglas,GORDON Douglas,GORDON Douglas
NSW_Local_Government_2024_Brewarrina 9 seats.csv__hit144,GORDON Douglas,GORDON Douglas,GORDON Douglas,GORDON Douglas,SLACK-SMITH Vivian,PIPPOS Angelo,GORDON Douglas,GORDON Douglas,GORDON Douglas,GORDON Douglas
NSW_Local_Government_2024_Brewarrina 9 seats.csv__hit145,GORDON Douglas,GORDON Douglas,GORDON Douglas,GORDON Douglas,PIPPOS Angelo,GORDON Douglas,GORDON Douglas,GORDON Douglas,GORDON Douglas,GORDON Douglas
NSW_Local_Government_2024_Brewarrina 9 seats.csv__hit146,GORDON Douglas,GORDON Douglas,GORDON Douglas,GORDON Douglas,SLACK-SMITH Vivian,PIPPOS Angelo,GORDON Douglas,GORDON Douglas,GORDON Douglas,GORDON Douglas
NSW_Local_Government_2024_Brewarrina 9 seats.csv__hit147,GORDON Douglas,GORDON Douglas,GORDON Douglas,GORDON Douglas,SLACK-SMITH Vivian,GORDON Douglas,GORDON Douglas,GORDON Douglas,GORDON Douglas,GORDON Douglas
NSW_Local_Government_2024_Brewarrina 9 seats.csv__hit148,GORDON Douglas,GORDON Douglas,GORDON Douglas,GORDON Douglas,PIPPOS Angelo,GORDON Douglas,GORDON Douglas,GORDON Douglas,GORDON Douglas,GORDON Douglas
NSW_Local_Government_2024_Brewarrina 9 seats.csv__hit149,PIPPOS Angelo,PIPPOS Angelo,PIPPOS Angelo,PIPPOS Angelo,SLACK-SMITH Vivian,PIPPOS Angelo,PIPPOS Angelo,PIPPOS Angelo,PIPPOS Angelo,PIPPOS Angelo
NSW_Local_Government_2024_Brewarrina 9 seats.csv__hit150,GORDON Douglas,GORDON Douglas,GORDON Douglas,GORDON Douglas,SLACK-SMITH Vivian,GORDON Douglas,GORDON Douglas,GORDON Douglas,GORDON Douglas,GORDON Douglas
NSW_Local_Government_2024_Brewarrina 9 seats.csv__hit151,GORDON Douglas,GORDON Douglas,GORDON Douglas,GORDON Douglas,SLACK-SMITH Vivian,GORDON Douglas,GORDON Douglas,GORDON Douglas,GORDON Douglas,GORDON Douglas
NSW_Local_Government_2024_Brewarrina 9 seats.csv__hit152,GORDON Douglas,GORDON Douglas,GORDON Douglas,GORDON Douglas,PIPPOS Angelo,GORDON Douglas,GORDON Douglas,GORDON Douglas,GORDON Douglas,GORDON Douglas
NSW_Local_Government_2024_Brewarrina 9 seats.csv__hit153,GORDON Douglas,GORDON Douglas,GORDON Douglas,GORDON Douglas,SLACK-SMITH Vivian,GORDON Douglas,GORDON Douglas,GORDON Douglas,GORDON Douglas,GORDON Douglas
NSW_Local_Government_2024_Brewarrina 9 seats.csv__hit154,GORDON Douglas,GORDON Douglas,GORDON Douglas,GORDON Douglas,SLACK-SMITH Vivian,PIPPOS Angelo,GORDON Douglas,GORDON Douglas,GORDON Douglas,GORDON Douglas
NSW_Local_Government_2024_Brewarrina 9 seats.csv__hit155,GORDON Douglas,GORDON Douglas,GORDON Douglas,GORDON Douglas,SLACK-SMITH Vivian,PIPPOS Angelo,GORDON Douglas,GORDON Douglas,GORDON Douglas,GORDON Douglas
NSW_Local_Government_2024_Brewarrina 9 seats.csv__hit156,GORDON Douglas,GORDON Douglas,GORDON Douglas,GORDON Douglas,SLACK-SMITH Vivian,GORDON Douglas,GORDON Douglas,GORDON Douglas,GORDON Douglas,GORDON Douglas
NSW_Local_Government_2024_Brewarrina 9 seats.csv__hit157,GORDON Douglas,GORDON Douglas,GORDON Douglas,GORDON Douglas,SLACK-SMITH Vivian,GORDON Douglas,GORDON Douglas,GORDON Douglas,GORDON Douglas,GORDON Douglas
NSW_Local_Government_2024_Brewarrina 9 seats.csv__hit158,GORDON Douglas,GORDON Douglas,GORDON Douglas,GORDON Douglas,PIPPOS Angelo,GORDON Douglas,GORDON Douglas,GORDON Douglas,GORDON Douglas,GORDON Douglas
NSW_Local_Government_2024_Brewarrina 9 seats.csv__hit159,GORDON Douglas,GORDON Douglas,GORDON Douglas,GORDON Douglas,PIPPOS Angelo,GORDON Douglas,GORDON Douglas,GORDON Douglas,GORDON Douglas,GORDON Douglas
NSW_Local_Government_2024_Brewarrina 9 seats.csv__hit160,SLACK-SMITH Vivian,SLACK-SMITH Vivian,SLACK-SMITH Vivian,SLACK-SMITH Vivian,SLACK-SMITH Vivian,SLACK-SMITH Vivian,SLACK-SMITH Vivian,GORDON Douglas,SLACK-SMITH Vivian,SLACK-SMITH Vivian
NSW_Local_Government_2024_Brewarrina 9 seats.csv__hit161,GORDON Douglas,GORDON Douglas,GORDON Douglas,GORDON Douglas,SLACK-SMITH Vivian,GORDON Douglas,GORDON Douglas,GORDON Douglas,GORDON Douglas,GORDON Douglas
NSW_Local_Government_2024_Brewarrina 9 seats.csv__hit162,GORDON Douglas,GORDON Douglas,GORDON Douglas,GORDON Douglas,GORDON Douglas,PIPPOS Angelo,GORDON Douglas,GORDON Douglas,GORDON Douglas,GORDON Douglas
NSW_Local_Government_2024_Brewarrina 9 seats.csv__hit163,GORDON Douglas,GORDON Douglas,GORDON Douglas,GORDON Douglas,SLACK-SMITH Vivian,PIPPOS Angelo,GORDON Douglas,GORDON Douglas,GORDON Douglas,GORDON Douglas
NSW_Local_Government_2024_Brewarrina 9 seats.csv__hit164,GORDON Douglas,GORDON Douglas,GORDON Douglas,GORDON Douglas,SLACK-SMITH Vivian,GORDON Douglas,GORDON Douglas,GORDON Douglas,GORDON Douglas,GORDON Douglas
NSW_Local_Government_2024_Brewarrina 9 seats.csv__hit165,GORDON Douglas,GORDON Douglas,GORDON Douglas,SLACK-SMITH Vivian,SLACK-SMITH Vivian,GORDON Douglas,GORDON Douglas,GORDON Douglas,GORDON Douglas,GORDON Douglas
NSW_Local_Government_2024_Brewarrina 9 seats.csv__hit166,GORDON Douglas,GORDON Douglas,GORDON Douglas,GORDON Douglas,GORDON Douglas,SLACK-SMITH Vivian,GORDON Douglas,GORDON Douglas,GORDON Douglas,GORDON Douglas
NSW_Local_Government_2024_Brewarrina 9 seats.csv__hit167,GORDON Douglas,GORDON Douglas,GORDON Douglas,GORDON Douglas,SLACK-SMITH Vivian,GORDON Douglas,PIPPOS Angelo,GORDON Douglas,GORDON Douglas,GORDON Douglas
NSW_Local_Government_2024_Brewarrina 9 seats.csv__hit168,GORDON Douglas,GORDON Douglas,GORDON Douglas,GORDON Douglas,SLACK-SMITH Vivian,GORDON Douglas,GORDON Douglas,GORDON Douglas,GORDON Douglas,GORDON Douglas
NSW_Local_Government_2024_Brewarrina 9 seats.csv__hit169,GORDON Douglas,GORDON Douglas,GORDON Douglas,GORDON Douglas,SLACK-SMITH Vivian,PIPPOS Angelo,GORDON Douglas,GORDON Douglas,GORDON Douglas,GORDON Douglas
NSW_Local_Government_2024_Brewarrina 9 seats.csv__hit170,GORDON Douglas,GORDON Douglas,GORDON Douglas,GORDON Douglas,SLACK-SMITH Vivian,GORDON Douglas,GORDON Douglas,GORDON Douglas,GORDON Douglas,GORDON Douglas
NSW_Local_Government_2024_Brewarrina 9 seats.csv__hit171,GORDON Douglas,GORDON Douglas,GORDON Douglas,GORDON Douglas,SLACK-SMITH Vivian,GORDON Douglas,PIPPOS Angelo,GORDON Douglas,GORDON Douglas,GORDON Douglas
NSW_Local_Government_2024_Brewarrina 9 seats.csv__hit172,SLACK-SMITH Vivian,SLACK-SMITH Vivian,SLACK-SMITH Vivian,SLACK-SMITH Vivian,SLACK-SMITH Vivian,SLACK-SMITH Vivian,PIPPOS Angelo,SLACK-SMITH Vivian,GORDON Douglas,SLACK-SMITH Vivian
NSW_Local_Government_2024_Brewarrina 9 seats.csv__hit173,GORDON Douglas,GORDON Douglas,GORDON Douglas,GORDON Douglas,GORDON Douglas,GORDON Douglas,GORDON Douglas,GORDON Douglas,GORDON Douglas,GORDON Douglas
NSW_Local_Government_2024_Brewarrina 9 seats.csv__hit174,GORDON Douglas,GORDON Douglas,GORDON Douglas,SLACK-SMITH Vivian,SLACK-SMITH Vivian,SLACK-SMITH Vivian,GORDON Douglas,GORDON Douglas,GORDON Douglas,GORDON Douglas
NSW_Local_Government_2024_Brewarrina 9 seats.csv__hit175,GORDON Douglas,GORDON Douglas,GORDON Douglas,GORDON Douglas,SLACK-SMITH Vivian,GORDON Douglas,GORDON Douglas,GORDON Douglas,GORDON Douglas,GORDON Douglas
NSW_Local_Government_2024_Brewarrina 9 seats.csv__hit176,GORDON Douglas,GORDON Douglas,GORDON Douglas,GORDON Douglas,SLACK-SMITH Vivian,GORDON Douglas,GORDON Douglas,GORDON Douglas,GORDON Douglas,GORDON Douglas
NSW_Local_Government_2024_Brewarrina 9 seats.csv__hit177,GORDON Douglas,GORDON Douglas,GORDON Douglas,GORDON Douglas,SLACK-SMITH Vivian,GORDON Douglas,GORDON Douglas,GORDON Douglas,GORDON Douglas,GORDON Douglas
NSW_Local_Government_2024_Brewarrina 9 seats.csv__hit178,GORDON Douglas,GORDON Douglas,GORDON Douglas,GORDON Douglas,PIPPOS Angelo,PIPPOS Angelo,GORDON Douglas,GORDON Douglas,GORDON Douglas,GORDON Douglas
NSW_Local_Government_2024_Brewarrina 9 seats.csv__hit179,GORDON Douglas,GORDON Douglas,GORDON Douglas,SLACK-SMITH Vivian,SLACK-SMITH Vivian,GORDON Douglas,GORDON Douglas,GORDON Douglas,GORDON Douglas,GORDON Douglas
NSW_Local_Government_2024_Brewarrina 9 seats.csv__hit180,GORDON Douglas,GORDON Douglas,GORDON Douglas,GORDON Douglas,SLACK-SMITH Vivian,PIPPOS Angelo,GORDON Douglas,GORDON Douglas,GORDON Douglas,GORDON Douglas
NSW_Local_Government_2024_Brewarrina 9 seats.csv__hit181,GORDON Douglas,GORDON Douglas,GORDON Douglas,GORDON Douglas,PIPPOS Angelo,GORDON Douglas,GORDON Douglas,GORDON Douglas,GORDON Douglas,GORDON Douglas
NSW_Local_Government_2024_Brewarrina 9 seats.csv__hit182,GORDON Douglas,GORDON Douglas,GORDON Douglas,SLACK-SMITH Vivian,SLACK-SMITH Vivian,GORDON Douglas,GORDON Douglas,GORDON Douglas,GORDON Douglas,GORDON Douglas
NSW_Local_Government_2024_Brewarrina 9 seats.csv__hit183,GORDON Douglas,GORDON Douglas,GORDON Douglas,GORDON Douglas,SLACK-SMITH Vivian,PIPPOS Angelo,GORDON Douglas,GORDON Douglas,GORDON Douglas,GORDON Douglas
NSW_Local_Government_2024_Brewarrina 9 seats.csv__hit184,GORDON Douglas,GORDON Douglas,GORDON Douglas,GORDON Douglas,SLACK-SMITH Vivian,GORDON Douglas,PIPPOS Angelo,GORDON Douglas,GORDON Douglas,GORDON Douglas
NSW_Local_Government_2024_Brewarrina 9 seats.csv__hit185,GORDON Douglas,GORDON Douglas,GORDON Douglas,SLACK-SMITH Vivian,SLACK-SMITH Vivian,GORDON Douglas,GORDON Douglas,GORDON Douglas,GORDON Douglas,GORDON Douglas
NSW_Local_Government_2024_Brewarrina 9 seats.csv__hit186,GORDON Douglas,GORDON Douglas,GORDON Douglas,SLACK-SMITH Vivian,SLACK-SMITH Vivian,GORDON Douglas,GORDON Douglas,GORDON Douglas,GORDON Douglas,GORDON Douglas
NSW_Local_Government_2024_Brewarrina 9 seats.csv__hit187,GORDON Douglas,GORDON Douglas,GORDON Douglas,GORDON Douglas,SLACK-SMITH Vivian,PIPPOS Angelo,GORDON Douglas,GORDON Douglas,GORDON Douglas,GORDON Douglas
NSW_Local_Government_2024_Brewarrina 9 seats.csv__hit188,GORDON Douglas,GORDON Douglas,GORDON Douglas,GORDON Douglas,SLACK-SMITH Vivian,GORDON Douglas,GORDON Douglas,GORDON Douglas,GORDON Douglas,GORDON Douglas
NSW_Local_Government_2024_Brewarrina 9 seats.csv__hit189,GORDON Douglas,GORDON Douglas,GORDON Douglas,GORDON Douglas,PIPPOS Angelo,PIPPOS Angelo,GORDON Douglas,GORDON Douglas,GORDON Douglas,GORDON Douglas
NSW_Local_Government_2024_Brewarrina 9 seats.csv__hit190,GORDON Douglas,GORDON Douglas,GORDON Douglas,GORDON Douglas,SLACK-SMITH Vivian,GORDON Douglas,GORDON Douglas,GORDON Douglas,GORDON Douglas,GORDON Douglas
NSW_Local_Government_2024_Brewarrina 9 seats.csv__hit191,GORDON Douglas,GORDON Douglas,GORDON Douglas,GORDON Douglas,PIPPOS Angelo,PIPPOS Angelo,GORDON Douglas,GORDON Douglas,GORDON Douglas,GORDON Douglas
NSW_Local_Government_2024_Brewarrina 9 seats.csv__hit192,GORDON Douglas,GORDON Douglas,GORDON Douglas,GORDON Douglas,GORDON Douglas,GORDON Douglas,GORDON Douglas,GORDON Douglas,GORDON Douglas,GORDON Douglas
NSW_Local_Government_2024_Brewarrina 9 seats.csv__hit193,GORDON Douglas,GORDON Douglas,GORDON Douglas,GORDON Douglas,SLACK-SMITH Vivian,GORDON Douglas,GORDON Douglas,GORDON Douglas,GORDON Douglas,GORDON Douglas
NSW_Local_Government_2024_Brewarrina 9 seats.csv__hit194,GORDON Douglas,GORDON Douglas,GORDON Douglas,GORDON Douglas,PIPPOS Angelo,SLACK-SMITH Vivian,GORDON Douglas,GORDON Douglas,GORDON Douglas,GORDON Douglas
NSW_Local_Government_2024_Brewarrina 9 seats.csv__hit195,GORDON Douglas,GORDON Douglas,GORDON Douglas,GORDON Douglas,GORDON Douglas,GORDON Douglas,GORDON Douglas,GORDON Douglas,GORDON Douglas,GORDON Douglas
NSW_Local_Government_2024_Brewarrina 9 seats.csv__hit196,GORDON Douglas,GORDON Douglas,GORDON Douglas,GORDON Douglas,SLACK-SMITH Vivian,GORDON Douglas,GORDON Douglas,GORDON Douglas,GORDON Douglas,GORDON Douglas
NSW_Local_Government_2024_Brewarrina 9 seats.csv__hit197,GORDON Douglas,GORDON Douglas,GORDON Douglas,GORDON Douglas,SLACK-SMITH Vivian,GORDON Douglas,GORDON Douglas,GORDON Douglas,GORDON Douglas,GORDON Douglas
NSW_Local_Government_2024_Brewarrina 9 seats.csv__hit198,GORDON Douglas,GORDON Douglas,GORDON Douglas,GORDON Douglas,PIPPOS Angelo,PIPPOS Angelo,GORDON Douglas,GORDON Douglas,GORDON Douglas,GORDON Douglas
NSW_Local_Government_2024_Brewarrina 9 seats.csv__hit199,GORDON Douglas,GORDON Douglas,GORDON Douglas,GORDON Douglas,SLACK-SMITH Vivian,GORDON Douglas,GORDON Douglas,GORDON Douglas,GORDON Douglas,GORDON Douglas
NSW_Local_Government_2012_Rockdale_City_Council_-_Fourth_Ward 3 seats.csv__hit0,SEDRAK Paul (C),SEDRAK Paul (C),SEDRAK Paul (C),SEDRAK Paul (C),SEDRAK Paul (C),SEDRAK Paul (C),SEDRAK Paul (C),SEDRAK Paul (C),SEDRAK Paul (C),SEDRAK Paul (C)
NSW_Local_Government_2012_Rockdale_City_Council_-_Fourth_Ward 3 seats.csv__hit1,AWADA Joe (D),AWADA Joe (D),AWADA Joe (D),AWADA Joe (D),AWADA Joe (D),AWADA Joe (D),AWADA Joe (D),AWADA Joe (D),AWADA Joe (D),AWADA Joe (D)
NSW_Local_Government_2012_Rockdale_City_Council_-_Fourth_Ward 3 seats.csv__hit2,BARLOW Liz (E),BARLOW Liz (E),BARLOW Liz (E),BARLOW Liz (E),BARLOW Liz (E),BARLOW Liz (E),BARLOW Liz (E),BARLOW Liz (E),BARLOW Liz (E),BARLOW Liz (E)
NSW_Local_Government_2012_Rockdale_City_Council_-_Fourth_Ward 3 seats.csv__hit3,BARLOW Liz (E),AWADA Joe (D),BARLOW Liz (E),BARLOW Liz (E),BARLOW Liz (E),BARLOW Liz (E),BARLOW Liz (E),BARLOW Liz (E),BARLOW Liz (E),BARLOW Liz (E)
NSW_Local_Government_2012_Rockdale_City_Council_-_Fourth_Ward 3 seats.csv__hit4,BARLOW Liz (E),BARLOW Liz (E),BARLOW Liz (E),BARLOW Liz (E),BARLOW Liz (E),BARLOW Liz (E),BARLOW Liz (E),BARLOW Liz (E),BARLOW Liz (E),BARLOW Liz (E)
NSW_Local_Government_2012_Rockdale_City_Council_-_Fourth_Ward 3 seats.csv__hit5,BARLOW Liz (E),BARLOW Liz (E),BARLOW Liz (E),BARLOW Liz (E),BARLOW Liz (E),BARLOW Liz (E),BARLOW Liz (E),BARLOW Liz (E),BARLOW Liz (E),BARLOW Liz (E)
NSW_Local_Government_2012_Rockdale_City_Council_-_Fourth_Ward 3 seats.csv__hit6,BARLOW Liz (E),BARLOW Liz (E),BARLOW Liz (E),BARLOW Liz (E),BARLOW Liz (E),BARLOW Liz (E),BARLOW Liz (E),BARLOW Liz (E),BARLOW Liz (E),BARLOW Liz (E)
NSW_Local_Government_2012_Rockdale_City_Council_-_Fourth_Ward 3 seats.csv__hit7,AWADA Joe (D),BARLOW Liz (E),AWADA Joe (D),AWADA Joe (D),AWADA Joe (D),AWADA Joe (D),AWADA Joe (D),AWADA Joe (D),AWADA Joe (D),AWADA Joe (D)
NSW_Local_Government_2012_Rockdale_City_Council_-_Fourth_Ward 3 seats.csv__hit8,BARLOW Liz (E),BARLOW Liz (E),BARLOW Liz (E),BARLOW Liz (E),BARLOW Liz (E),BARLOW Liz (E),BARLOW Liz (E),BARLOW Liz (E),BARLOW Liz (E),BARLOW Liz (E)
NSW_Local_Government_2012_Rockdale_City_Council_-_Fourth_Ward 3 seats.csv__hit9,AWADA Joe (D),AWADA Joe (D),AWADA Joe (D),AWADA Joe (D),AWADA Joe (D),AWADA Joe (D),AWADA Joe (D),AWADA Joe (D),AWADA Joe (D),AWADA Joe (D)
NSW_Local_Government_2012_Rockdale_City_Council_-_Fourth_Ward 3 seats.csv__hit10,BARLOW Liz (E),BARLOW Liz (E),BARLOW Liz (E),BARLOW Liz (E),BARLOW Liz (E),BARLOW Liz (E),BARLOW Liz (E),BARLOW Liz (E),BARLOW Liz (E),BARLOW Liz (E)
NSW_Local_Government_2012_Rockdale_City_Council_-_Fourth_Ward 3 seats.csv__hit11,BARLOW Liz (E),BARLOW Liz (E),BARLOW Liz (E),BARLOW Liz (E),BARLOW Liz (E),BARLOW Liz (E),BARLOW Liz (E),BARLOW Liz (E),BARLOW Liz (E),BARLOW Liz (E)
NSW_Local_Government_2012_Rockdale_City_Council_-_Fourth_Ward 3 seats.csv__hit12,BARLOW Liz (E),BARLOW Liz (E),BARLOW Liz (E),BARLOW Liz (E),BARLOW Liz (E),BARLOW Liz (E),BARLOW Liz (E),BARLOW Liz (E),BARLOW Liz (E),BARLOW Liz (E)
NSW_Local_Government_2012_Rockdale_City_Council_-_Fourth_Ward 3 seats.csv__hit13,BARLOW Liz (E),BARLOW Liz (E),BARLOW Liz (E),BARLOW Liz (E),BARLOW Liz (E),BARLOW Liz (E),BARLOW Liz (E),BARLOW Liz (E),BARLOW Liz (E),BARLOW Liz (E)
NSW_Local_Government_2012_Rockdale_City_Council_-_Fourth_Ward 3 seats.csv__hit14,BARLOW Liz (E),BARLOW Liz (E),BARLOW Liz (E),BARLOW Liz (E),BARLOW Liz (E),BARLOW Liz (E),BARLOW Liz (E),BARLOW Liz (E),BARLOW Liz (E),BARLOW Liz (E)
NSW_Local_Government_2012_Rockdale_City_Council_-_Fourth_Ward 3 seats.csv__hit15,BARLOW Liz (E),BARLOW Liz (E),BARLOW Liz (E),BARLOW Liz (E),BARLOW Liz (E),BARLOW Liz (E),BARLOW Liz (E),BARLOW Liz (E),BARLOW Liz (E),BARLOW Liz (E)
NSW_Local_Government_2012_Rockdale_City_Council_-_Fourth_Ward 3 seats.csv__hit16,SEDRAK Paul (C),SEDRAK Paul (C),SEDRAK Paul (C),SEDRAK Paul (C),SEDRAK Paul (C),SEDRAK Paul (C),SEDRAK Paul (C),SEDRAK Paul (C),SEDRAK Paul (C),SEDRAK Paul (C)
NSW_Local_Government_2012_Rockdale_City_Council_-_Fourth_Ward 3 seats.csv__hit17,SEDRAK Paul (C),SEDRAK Paul (C),SEDRAK Paul (C),SEDRAK Paul (C),SEDRAK Paul (C),SEDRAK Paul (C),SEDRAK Paul (C),SEDRAK Paul (C),SEDRAK Paul (C),SEDRAK Paul (C)
NSW_Local_Government_2012_Rockdale_City_Council_-_Fourth_Ward 3 seats.csv__hit18,BARLOW Liz (E),BARLOW Liz (E),BARLOW Liz (E),BARLOW Liz (E),BARLOW Liz (E),BARLOW Liz (E),BARLOW Liz (E),BARLOW Liz (E),BARLOW Liz (E),BARLOW Liz (E)
NSW_Local_Government_2012_Rockdale_City_Council_-_Fourth_Ward 3 seats.csv__hit19,BARLOW Liz (E),BARLOW Liz (E),BARLOW Liz (E),BARLOW Liz (E),BARLOW Liz (E),BARLOW Liz (E),BARLOW Liz (E),BARLOW Liz (E),BARLOW Liz (E),BARLOW Liz (E)
NSW_Local_Government_2012_Rockdale_City_Council_-_Fourth_Ward 3 seats.csv__hit20,BARLOW Liz (E),BARLOW Liz (E),BARLOW Liz (E),BARLOW Liz (E),BARLOW Liz (E),BARLOW Liz (E),BARLOW Liz (E),BARLOW Liz (E),BARLOW Liz (E),BARLOW Liz (E)
NSW_Local_Government_2012_Rockdale_City_Council_-_Fourth_Ward 3 seats.csv__hit21,SEDRAK Paul (C),SEDRAK Paul (C),SEDRAK Paul (C),SEDRAK Paul (C),SEDRAK Paul (C),SEDRAK Paul (C),SEDRAK Paul (C),SEDRAK Paul (C),SEDRAK Paul (C),SEDRAK Paul (C)
NSW_Local_Government_2012_Rockdale_City_Council_-_Fourth_Ward 3 seats.csv__hit22,BARLOW Liz (E),BARLOW Liz (E),BARLOW Liz (E),BARLOW Liz (E),BARLOW Liz (E),BARLOW Liz (E),BARLOW Liz (E),BARLOW Liz (E),BARLOW Liz (E),BARLOW Liz (E)
NSW_Local_Government_2012_Rockdale_City_Council_-_Fourth_Ward 3 seats.csv__hit23,BARLOW Liz (E),BARLOW Liz (E),BARLOW Liz (E),BARLOW Liz (E),BARLOW Liz (E),BARLOW Liz (E),BARLOW Liz (E),BARLOW Liz (E),BARLOW Liz (E),BARLOW Liz (E)
NSW_Local_Government_2012_Rockdale_City_Council_-_Fourth_Ward 3 seats.csv__hit24,AWADA Joe (D),SEDRAK Paul (C),AWADA Joe (D),AWADA Joe (D),AWADA Joe (D),AWADA Joe (D),AWADA Joe (D),AWADA Joe (D),AWADA Joe (D),AWADA Joe (D)
NSW_Local_Government_2012_Rockdale_City_Council_-_Fourth_Ward 3 seats.csv__hit25,AWADA Joe (D),AWADA Joe (D),AWADA Joe (D),AWADA Joe (D),AWADA Joe (D),AWADA Joe (D),AWADA Joe (D),AWADA Joe (D),AWADA Joe (D),AWADA Joe (D)
NSW_Local_Government_2012_Rockdale_City_Council_-_Fourth_Ward 3 seats.csv__hit26,AWADA Joe (D),BARLOW Liz (E),AWADA Joe (D),AWADA Joe (D),AWADA Joe (D),AWADA Joe (D),AWADA Joe (D),AWADA Joe (D),AWADA Joe (D),AWADA Joe (D)
NSW_Local_Government_2012_Rockdale_City_Council_-_Fourth_Ward 3 seats.csv__hit27,SEDRAK Paul (C),AWADA Joe (D),SEDRAK Paul (C),SEDRAK Paul (C),SEDRAK Paul (C),SEDRAK Paul (C),SEDRAK Paul (C),SEDRAK Paul (C),SEDRAK Paul (C),SEDRAK Paul (C)
NSW_Local_Government_2012_Rockdale_City_Council_-_Fourth_Ward 3 seats.csv__hit28,BARLOW Liz (E),BARLOW Liz (E),BARLOW Liz (E),BARLOW Liz (E),BARLOW Liz (E),BARLOW Liz (E),BARLOW Liz (E),BARLOW Liz (E),BARLOW Liz (E),BARLOW Liz (E)
NSW_Local_Government_2012_Rockdale_City_Council_-_Fourth_Ward 3 seats.csv__hit29,AWADA Joe (D),BARLOW Liz (E),AWADA Joe (D),AWADA Joe (D),AWADA Joe (D),BARLOW Liz (E),AWADA Joe (D),AWADA Joe (D),AWADA Joe (D),AWADA Joe (D)
NSW_Local_Government_2012_Rockdale_City_Council_-_Fourth_Ward 3 seats.csv__hit30,AWADA Joe (D),AWADA Joe (D),AWADA Joe (D),AWADA Joe (D),AWADA Joe (D),AWADA Joe (D),AWADA Joe (D),AWADA Joe (D),AWADA Joe (D),AWADA Joe (D)
NSW_Local_Government_2012_Rockdale_City_Council_-_Fourth_Ward 3 seats.csv__hit31,BARLOW Liz (E),BARLOW Liz (E),BARLOW Liz (E),BARLOW Liz (E),BARLOW Liz (E),BARLOW Liz (E),BARLOW Liz (E),BARLOW Liz (E),BARLOW Liz (E),BARLOW Liz (E)
NSW_Local_Government_2012_Rockdale_City_Council_-_Fourth_Ward 3 seats.csv__hit32,BARLOW Liz (E),BARLOW Liz (E),BARLOW Liz (E),BARLOW Liz (E),BARLOW Liz (E),BARLOW Liz (E),BARLOW Liz (E),BARLOW Liz (E),BARLOW Liz (E),BARLOW Liz (E)
NSW_Local_Government_2012_Rockdale_City_Council_-_Fourth_Ward 3 seats.csv__hit33,BARLOW Liz (E),BARLOW Liz (E),BARLOW Liz (E),BARLOW Liz (E),BARLOW Liz (E),BARLOW Liz (E),BARLOW Liz (E),BARLOW Liz (E),BARLOW Liz (E),BARLOW Liz (E)
NSW_Local_Government_2012_Rockdale_City_Council_-_Fourth_Ward 3 seats.csv__hit34,BARLOW Liz (E),BARLOW Liz (E),BARLOW Liz (E),BARLOW Liz (E),BARLOW Liz (E),BARLOW Liz (E),BARLOW Liz (E),BARLOW Liz (E),BARLOW Liz (E),BARLOW Liz (E)
NSW_Local_Government_2012_Rockdale_City_Council_-_Fourth_Ward 3 seats.csv__hit35,BARLOW Liz (E),BARLOW Liz (E),BARLOW Liz (E),BARLOW Liz (E),BARLOW Liz (E),BARLOW Liz (E),BARLOW Liz (E),BARLOW Liz (E),BARLOW Liz (E),BARLOW Liz (E)
NSW_Local_Government_2012_Rockdale_City_Council_-_Fourth_Ward 3 seats.csv__hit36,BARLOW Liz (E),BARLOW Liz (E),BARLOW Liz (E),BARLOW Liz (E),BARLOW Liz (E),BARLOW Liz (E),BARLOW Liz (E),BARLOW Liz (E),BARLOW Liz (E),BARLOW Liz (E)
NSW_Local_Government_2012_Rockdale_City_Council_-_Fourth_Ward 3 seats.csv__hit37,SEDRAK Paul (C),SEDRAK Paul (C),SEDRAK Paul (C),SEDRAK Paul (C),SEDRAK Paul (C),SEDRAK Paul (C),SEDRAK Paul (C),SEDRAK Paul (C),SEDRAK Paul (C),SEDRAK Paul (C)
NSW_Local_Government_2012_Rockdale_City_Council_-_Fourth_Ward 3 seats.csv__hit38,SEDRAK Paul (C),BARLOW Liz (E),SEDRAK Paul (C),SEDRAK Paul (C),SEDRAK Paul (C),SEDRAK Paul (C),SEDRAK Paul (C),SEDRAK Paul (C),SEDRAK Paul (C),SEDRAK Paul (C)
NSW_Local_Government_2012_Rockdale_City_Council_-_Fourth_Ward 3 seats.csv__hit39,BARLOW Liz (E),BARLOW Liz (E),BARLOW Liz (E),BARLOW Liz (E),BARLOW Liz (E),BARLOW Liz (E),BARLOW Liz (E),BARLOW Liz (E),BARLOW Liz (E),BARLOW Liz (E)
NSW_Local_Government_2012_Rockdale_City_Council_-_Fourth_Ward 3 seats.csv__hit40,BARLOW Liz (E),BARLOW Liz (E),BARLOW Liz (E),BARLOW Liz (E),BARLOW Liz (E),BARLOW Liz (E),BARLOW Liz (E),BARLOW Liz (E),BARLOW Liz (E),BARLOW Liz (E)
NSW_Local_Government_2012_Rockdale_City_Council_-_Fourth_Ward 3 seats.csv__hit41,BARLOW Liz (E),BARLOW Liz (E),BARLOW Liz (E),BARLOW Liz (E),BARLOW Liz (E),BARLOW Liz (E),BARLOW Liz (E),BARLOW Liz (E),BARLOW Liz (E),BARLOW Liz (E)
NSW_Local_Government_2012_Rockdale_City_Council_-_Fourth_Ward 3 seats.csv__hit42,BARLOW Liz (E),BARLOW Liz (E),BARLOW Liz (E),BARLOW Liz (E),BARLOW Liz (E),BARLOW Liz (E),BARLOW Liz (E),BARLOW Liz (E),BARLOW Liz (E),BARLOW Liz (E)
NSW_Local_Government_2012_Rockdale_City_Council_-_Fourth_Ward 3 seats.csv__hit43,BARLOW Liz (E),BARLOW Liz (E),BARLOW Liz (E),BARLOW Liz (E),BARLOW Liz (E),BARLOW Liz (E),BARLOW Liz (E),BARLOW Liz (E),BARLOW Liz (E),BARLOW Liz (E)
NSW_Local_Government_2012_Rockdale_City_Council_-_Fourth_Ward 3 seats.csv__hit44,SEDRAK Paul (C),SEDRAK Paul (C),SEDRAK Paul (C),SEDRAK Paul (C),SEDRAK Paul (C),SEDRAK Paul (C),SEDRAK Paul (C),SEDRAK Paul (C),SEDRAK Paul (C),SEDRAK Paul (C)
NSW_Local_Government_2012_Rockdale_City_Council_-_Fourth_Ward 3 seats.csv__hit45,SEDRAK Paul (C),SEDRAK Paul (C),SEDRAK Paul (C),SEDRAK Paul (C),SEDRAK Paul (C),SEDRAK Paul (C),SEDRAK Paul (C),SEDRAK Paul (C),SEDRAK Paul (C),SEDRAK Paul (C)
NSW_Local_Government_2012_Rockdale_City_Council_-_Fourth_Ward 3 seats.csv__hit46,SEDRAK Paul (C),BARLOW Liz (E),SEDRAK Paul (C),SEDRAK Paul (C),SEDRAK Paul (C),SEDRAK Paul (C),SEDRAK Paul (C),SEDRAK Paul (C),SEDRAK Paul (C),SEDRAK Paul (C)
NSW_Local_Government_2012_Rockdale_City_Council_-_Fourth_Ward 3 seats.csv__hit47,BARLOW Liz (E),BARLOW Liz (E),BARLOW Liz (E),BARLOW Liz (E),BARLOW Liz (E),BARLOW Liz (E),BARLOW Liz (E),BARLOW Liz (E),BARLOW Liz (E),BARLOW Liz (E)
NSW_Local_Government_2012_Rockdale_City_Council_-_Fourth_Ward 3 seats.csv__hit48,BARLOW Liz (E),BARLOW Liz (E),BARLOW Liz (E),BARLOW Liz (E),BARLOW Liz (E),BARLOW Liz (E),BARLOW Liz (E),BARLOW Liz (E),BARLOW Liz (E),BARLOW Liz (E)
NSW_Local_Government_2012_Rockdale_City_Council_-_Fourth_Ward 3 seats.csv__hit49,BARLOW Liz (E),AWADA Joe (D),BARLOW Liz (E),BARLOW Liz (E),BARLOW Liz (E),BARLOW Liz (E),BARLOW Liz (E),BARLOW Liz (E),BARLOW Liz (E),BARLOW Liz (E)
NSW_Local_Government_2012_Rockdale_City_Council_-_Fourth_Ward 3 seats.csv__hit50,SEDRAK Paul (C),BARLOW Liz (E),SEDRAK Paul (C),SEDRAK Paul (C),SEDRAK Paul (C),SEDRAK Paul (C),SEDRAK Paul (C),SEDRAK Paul (C),SEDRAK Paul (C),SEDRAK Paul (C)
NSW_Local_Government_2012_Rockdale_City_Council_-_Fourth_Ward 3 seats.csv__hit51,AWADA Joe (D),BARLOW Liz (E),AWADA Joe (D),AWADA Joe (D),AWADA Joe (D),AWADA Joe (D),AWADA Joe (D),AWADA Joe (D),AWADA Joe (D),AWADA Joe (D)
NSW_Local_Government_2012_Rockdale_City_Council_-_Fourth_Ward 3 seats.csv__hit52,BARLOW Liz (E),BARLOW Liz (E),BARLOW Liz (E),BARLOW Liz (E),BARLOW Liz (E),BARLOW Liz (E),BARLOW Liz (E),BARLOW Liz (E),BARLOW Liz (E),BARLOW Liz (E)
NSW_Local_Government_2012_Rockdale_City_Council_-_Fourth_Ward 3 seats.csv__hit53,SEDRAK Paul (C),AWADA Joe (D),SEDRAK Paul (C),SEDRAK Paul (C),SEDRAK Paul (C),SEDRAK Paul (C),SEDRAK Paul (C),SEDRAK Paul (C),SEDRAK Paul (C),SEDRAK Paul (C)
NSW_Local_Government_2012_Rockdale_City_Council_-_Fourth_Ward 3 seats.csv__hit54,BARLOW Liz (E),BARLOW Liz (E),BARLOW Liz (E),BARLOW Liz (E),BARLOW Liz (E),BARLOW Liz (E),BARLOW Liz (E),BARLOW Liz (E),BARLOW Liz (E),BARLOW Liz (E)
NSW_Local_Government_2012_Rockdale_City_Council_-_Fourth_Ward 3 seats.csv__hit55,SEDRAK Paul (C),SEDRAK Paul (C),SEDRAK Paul (C),SEDRAK Paul (C),SEDRAK Paul (C),SEDRAK Paul (C),SEDRAK Paul (C),SEDRAK Paul (C),SEDRAK Paul (C),SEDRAK Paul (C)
NSW_Local_Government_2012_Rockdale_City_Council_-_Fourth_Ward 3 seats.csv__hit56,AWADA Joe (D),SEDRAK Paul (C),AWADA Joe (D),AWADA Joe (D),AWADA Joe (D),AWADA Joe (D),AWADA Joe (D),AWADA Joe (D),AWADA Joe (D),AWADA Joe (D)
NSW_Local_Government_2012_Rockdale_City_Council_-_Fourth_Ward 3 seats.csv__hit57,SEDRAK Paul (C),SEDRAK Paul (C),SEDRAK Paul (C),SEDRAK Paul (C),SEDRAK Paul (C),SEDRAK Paul (C),SEDRAK Paul (C),SEDRAK Paul (C),SEDRAK Paul (C),SEDRAK Paul (C)
NSW_Local_Government_2012_Rockdale_City_Council_-_Fourth_Ward 3 seats.csv__hit58,BARLOW Liz (E),BARLOW Liz (E),BARLOW Liz (E),BARLOW Liz (E),BARLOW Liz (E),BARLOW Liz (E),BARLOW Liz (E),BARLOW Liz (E),BARLOW Liz (E),BARLOW Liz (E)
NSW_Local_Government_2012_Rockdale_City_Council_-_Fourth_Ward 3 seats.csv__hit59,BARLOW Liz (E),BARLOW Liz (E),BARLOW Liz (E),BARLOW Liz (E),BARLOW Liz (E),BARLOW Liz (E),BARLOW Liz (E),BARLOW Liz (E),BARLOW Liz (E),BARLOW Liz (E)
NSW_Local_Government_2012_Rockdale_City_Council_-_Fourth_Ward 3 seats.csv__hit60,BARLOW Liz (E),BARLOW Liz (E),BARLOW Liz (E),BARLOW Liz (E),BARLOW Liz (E),BARLOW Liz (E),BARLOW Liz (E),BARLOW Liz (E),BARLOW Liz (E),BARLOW Liz (E)
NSW_Local_Government_2012_Rockdale_City_Council_-_Fourth_Ward 3 seats.csv__hit61,SEDRAK Paul (C),AWADA Joe (D),SEDRAK Paul (C),SEDRAK Paul (C),SEDRAK Paul (C),SEDRAK Paul (C),SEDRAK Paul (C),SEDRAK Paul (C),SEDRAK Paul (C),SEDRAK Paul (C)
NSW_Local_Government_2012_Rockdale_City_Council_-_Fourth_Ward 3 seats.csv__hit62,BARLOW Liz (E),BARLOW Liz (E),BARLOW Liz (E),BARLOW Liz (E),BARLOW Liz (E),BARLOW Liz (E),BARLOW Liz (E),BARLOW Liz (E),BARLOW Liz (E),BARLOW Liz (E)
NSW_Local_Government_2012_Rockdale_City_Council_-_Fourth_Ward 3 seats.csv__hit63,BARLOW Liz (E),BARLOW Liz (E),BARLOW Liz (E),BARLOW Liz (E),BARLOW Liz (E),BARLOW Liz (E),BARLOW Liz (E),BARLOW Liz (E),BARLOW Liz (E),BARLOW Liz (E)
NSW_Local_Government_2012_Rockdale_City_Council_-_Fourth_Ward 3 seats.csv__hit64,SEDRAK Paul (C),BARLOW Liz (E),SEDRAK Paul (C),SEDRAK Paul (C),SEDRAK Paul (C),SEDRAK Paul (C),SEDRAK Paul (C),SEDRAK Paul (C),SEDRAK Paul (C),SEDRAK Paul (C)
NSW_Local_Government_2012_Rockdale_City_Council_-_Fourth_Ward 3 seats.csv__hit65,AWADA Joe (D),AWADA Joe (D),AWADA Joe (D),AWADA Joe (D),AWADA Joe (D),AWADA Joe (D),AWADA Joe (D),AWADA Joe (D),AWADA Joe (D),AWADA Joe (D)
NSW_Local_Government_2012_Rockdale_City_Council_-_Fourth_Ward 3 seats.csv__hit66,SEDRAK Paul (C),AWADA Joe (D),SEDRAK Paul (C),SEDRAK Paul (C),SEDRAK Paul (C),SEDRAK Paul (C),SEDRAK Paul (C),SEDRAK Paul (C),SEDRAK Paul (C),SEDRAK Paul (C)
NSW_Local_Government_2012_Rockdale_City_Council_-_Fourth_Ward 3 seats.csv__hit67,BARLOW Liz (E),BARLOW Liz (E),BARLOW Liz (E),BARLOW Liz (E),BARLOW Liz (E),BARLOW Liz (E),BARLOW Liz (E),BARLOW Liz (E),BARLOW Liz (E),BARLOW Liz (E)
NSW_Local_Government_2012_Rockdale_City_Council_-_Fourth_Ward 3 seats.csv__hit68,SEDRAK Paul (C),SEDRAK Paul (C),SEDRAK Paul (C),SEDRAK Paul (C),SEDRAK Paul (C),SEDRAK Paul (C),SEDRAK Paul (C),SEDRAK Paul (C),SEDRAK Paul (C),SEDRAK Paul (C)
NSW_Local_Government_2012_Rockdale_City_Council_-_Fourth_Ward 3 seats.csv__hit69,AWADA Joe (D),AWADA Joe (D),AWADA Joe (D),AWADA Joe (D),AWADA Joe (D),AWADA Joe (D),AWADA Joe (D),AWADA Joe (D),AWADA Joe (D),AWADA Joe (D)
NSW_Local_Government_2012_Rockdale_City_Council_-_Fourth_Ward 3 seats.csv__hit70,AWADA Joe (D),AWADA Joe (D),AWADA Joe (D),AWADA Joe (D),AWADA Joe (D),AWADA Joe (D),AWADA Joe (D),AWADA Joe (D),AWADA Joe (D),AWADA Joe (D)
NSW_Local_Government_2012_Rockdale_City_Council_-_Fourth_Ward 3 seats.csv__hit71,BARLOW Liz (E),BARLOW Liz (E),BARLOW Liz (E),BARLOW Liz (E),BARLOW Liz (E),BARLOW Liz (E),BARLOW Liz (E),BARLOW Liz (E),BARLOW Liz (E),BARLOW Liz (E)
NSW_Local_Government_2012_Rockdale_City_Council_-_Fourth_Ward 3 seats.csv__hit72,BARLOW Liz (E),BARLOW Liz (E),BARLOW Liz (E),BARLOW Liz (E),BARLOW Liz (E),BARLOW Liz (E),BARLOW Liz (E),BARLOW Liz (E),BARLOW Liz (E),BARLOW Liz (E)
NSW_Local_Government_2012_Rockdale_City_Council_-_Fourth_Ward 3 seats.csv__hit73,BARLOW Liz (E),BARLOW Liz (E),BARLOW Liz (E),BARLOW Liz (E),BARLOW Liz (E),BARLOW Liz (E),BARLOW Liz (E),BARLOW Liz (E),BARLOW Liz (E),BARLOW Liz (E)
NSW_Local_Government_2012_Rockdale_City_Council_-_Fourth_Ward 3 seats.csv__hit74,BARLOW Liz (E),SEDRAK Paul (C),BARLOW Liz (E),BARLOW Liz (E),BARLOW Liz (E),BARLOW Liz (E),BARLOW Liz (E),BARLOW Liz (E),BARLOW Liz (E),BARLOW Liz (E)
NSW_Local_Government_2012_Rockdale_City_Council_-_Fourth_Ward 3 seats.csv__hit75,SEDRAK Paul (C),AWADA Joe (D),SEDRAK Paul (C),SEDRAK Paul (C),SEDRAK Paul (C),SEDRAK Paul (C),SEDRAK Paul (C),SEDRAK Paul (C),SEDRAK Paul (C),SEDRAK Paul (C)
NSW_Local_Government_2012_Rockdale_City_Council_-_Fourth_Ward 3 seats.csv__hit76,SEDRAK Paul (C),AWADA Joe (D),SEDRAK Paul (C),SEDRAK Paul (C),SEDRAK Paul (C),SEDRAK Paul (C),SEDRAK Paul (C),SEDRAK Paul (C),SEDRAK Paul (C),SEDRAK Paul (C)
NSW_Local_Government_2012_Rockdale_City_Council_-_Fourth_Ward 3 seats.csv__hit77,SEDRAK Paul (C),SEDRAK Paul (C),SEDRAK Paul (C),SEDRAK Paul (C),SEDRAK Paul (C),SEDRAK Paul (C),SEDRAK Paul (C),SEDRAK Paul (C),SEDRAK Paul (C),SEDRAK Paul (C)
NSW_Local_Government_2012_Rockdale_City_Council_-_Fourth_Ward 3 seats.csv__hit78,BARLOW Liz (E),BARLOW Liz (E),BARLOW Liz (E),BARLOW Liz (E),BARLOW Liz (E),BARLOW Liz (E),BARLOW Liz (E),BARLOW Liz (E),BARLOW Liz (E),BARLOW Liz (E)
NSW_Local_Government_2012_Rockdale_City_Council_-_Fourth_Ward 3 seats.csv__hit79,BARLOW Liz (E),BARLOW Liz (E),BARLOW Liz (E),BARLOW Liz (E),BARLOW Liz (E),BARLOW Liz (E),BARLOW Liz (E),BARLOW Liz (E),BARLOW Liz (E),BARLOW Liz (E)
NSW_Local_Government_2012_Rockdale_City_Council_-_Fourth_Ward 3 seats.csv__hit80,BARLOW Liz (E),BARLOW Liz (E),BARLOW Liz (E),BARLOW Liz (E),BARLOW Liz (E),BARLOW Liz (E),BARLOW Liz (E),BARLOW Liz (E),BARLOW Liz (E),BARLOW Liz (E)
NSW_Local_Government_2012_Rockdale_City_Council_-_Fourth_Ward 3 seats.csv__hit81,SEDRAK Paul (C),BARLOW Liz (E),SEDRAK Paul (C),SEDRAK Paul (C),SEDRAK Paul (C),SEDRAK Paul (C),SEDRAK Paul (C),SEDRAK Paul (C),SEDRAK Paul (C),SEDRAK Paul (C)
NSW_Local_Government_2012_Rockdale_City_Council_-_Fourth_Ward 3 seats.csv__hit82,BARLOW Liz (E),BARLOW Liz (E),BARLOW Liz (E),BARLOW Liz (E),BARLOW Liz (E),BARLOW Liz (E),BARLOW Liz (E),BARLOW Liz (E),BARLOW Liz (E),BARLOW Liz (E)
NSW_Local_Government_2012_Rockdale_City_Council_-_Fourth_Ward 3 seats.csv__hit83,BARLOW Liz (E),BARLOW Liz (E),BARLOW Liz (E),BARLOW Liz (E),BARLOW Liz (E),BARLOW Liz (E),BARLOW Liz (E),BARLOW Liz (E),BARLOW Liz (E),BARLOW Liz (E)
NSW_Local_Government_2012_Rockdale_City_Council_-_Fourth_Ward 3 seats.csv__hit84,SEDRAK Paul (C),AWADA Joe (D),SEDRAK Paul (C),SEDRAK Paul (C),SEDRAK Paul (C),SEDRAK Paul (C),SEDRAK Paul (C),SEDRAK Paul (C),SEDRAK Paul (C),SEDRAK Paul (C)
NSW_Local_Government_2012_Rockdale_City_Council_-_Fourth_Ward 3 seats.csv__hit85,BARLOW Liz (E),BARLOW Liz (E),BARLOW Liz (E),BARLOW Liz (E),BARLOW Liz (E),BARLOW Liz (E),BARLOW Liz (E),BARLOW Liz (E),BARLOW Liz (E),BARLOW Liz (E)
NSW_Local_Government_2012_Rockdale_City_Council_-_Fourth_Ward 3 seats.csv__hit86,BARLOW Liz (E),AWADA Joe (D),BARLOW Liz (E),BARLOW Liz (E),BARLOW Liz (E),BARLOW Liz (E),BARLOW Liz (E),BARLOW Liz (E),BARLOW Liz (E),BARLOW Liz (E)
NSW_Local_Government_2012_Rockdale_City_Council_-_Fourth_Ward 3 seats.csv__hit87,BARLOW Liz (E),BARLOW Liz (E),BARLOW Liz (E),BARLOW Liz (E),BARLOW Liz (E),BARLOW Liz (E),BARLOW Liz (E),BARLOW Liz (E),BARLOW Liz (E),BARLOW Liz (E)
NSW_Local_Government_2017_Dungog_-_A_Ward 3 seats.csv__hit0,CONNORS John,CONNORS John,CONNORS John,CONNORS John,LYON Jan,CONNORS John,CONNORS John,CONNORS John,CONNORS John,CONNORS John
NSW_Local_Government_2017_Dungog_-_A_Ward 3 seats.csv__hit1,CONNORS John,CONNORS John,CONNORS John,CONNORS John,CONNORS John,CONNORS John,CONNORS John,CONNORS John,CONNORS John,CONNORS John
NSW_Local_Government_2017_Dungog_-_A_Ward 3 seats.csv__hit2,CONNORS John,NORMAN Tracy,LYON Jan,CONNORS John,CONNORS John,CONNORS John,CONNORS John,NORMAN Tracy,NORMAN Tracy,NORMAN Tracy
NSW_Local_Government_2017_Dungog_-_A_Ward 3 seats.csv__hit3,CONNORS John,CONNORS John,NORMAN Tracy,LYON Jan,CONNORS John,CONNORS John,CONNORS John,CONNORS John,CONNORS John,CONNORS John
NSW_Local_Government_2017_Dungog_-_A_Ward 3 seats.csv__hit4,CONNORS John,CONNORS John,NORMAN Tracy,CONNORS John,CONNORS John,CONNORS John,CONNORS John,CONNORS John,CONNORS John,CONNORS John
NSW_Local_Government_2017_Dungog_-_A_Ward 3 seats.csv__hit5,CONNORS John,CONNORS John,NORMAN Tracy,LYON Jan,NORMAN Tracy,CONNORS John,CONNORS John,CONNORS John,CONNORS John,CONNORS John
NSW_Local_Government_2017_Dungog_-_A_Ward 3 seats.csv__hit6,CONNORS John,NORMAN Tracy,NORMAN Tracy,NORMAN Tracy,NORMAN Tracy,NORMAN Tracy,NORMAN Tracy,NORMAN Tracy,NORMAN Tracy,NORMAN Tracy
NSW_Local_Government_2017_Dungog_-_A_Ward 3 seats.csv__hit7,CONNORS John,CONNORS John,FARROW Stephen,CONNORS John,CONNORS John,CONNORS John,CONNORS John,CONNORS John,CONNORS John,CONNORS John
NSW_Local_Government_2017_Dungog_-_A_Ward 3 seats.csv__hit8,NORMAN Tracy,NORMAN Tracy,NORMAN Tracy,NORMAN Tracy,CONNORS John,CONNORS John,CONNORS John,CONNORS John,NORMAN Tracy,NORMAN Tracy
NSW_Local_Government_2017_Dungog_-_A_Ward 3 seats.csv__hit9,NORMAN Tracy,NORMAN Tracy,NORMAN Tracy,CONNORS John,NORMAN Tracy,NORMAN Tracy,NORMAN Tracy,NORMAN Tracy,NORMAN Tracy,NORMAN Tracy
NSW_Local_Government_2017_Dungog_-_A_Ward 3 seats.csv__hit10,CONNORS John,CONNORS John,NORMAN Tracy,CONNORS John,NORMAN Tracy,CONNORS John,CONNORS John,CONNORS John,CONNORS John,CONNORS John
NSW_Local_Government_2017_Dungog_-_A_Ward 3 seats.csv__hit11,CONNORS John,CONNORS John,LYON Jan,CONNORS John,NORMAN Tracy,CONNORS John,CONNORS John,CONNORS John,CONNORS John,CONNORS John
NSW_Local_Government_2017_Dungog_-_A_Ward 3 seats.csv__hit12,CONNORS John,NORMAN Tracy,NORMAN Tracy,NORMAN Tracy,CONNORS John,CONNORS John,CONNORS John,NORMAN Tracy,NORMAN Tracy,NORMAN Tracy
NSW_Local_Government_2017_Dungog_-_A_Ward 3 seats.csv__hit13,CONNORS John,CONNORS John,CONNORS John,CONNORS John,CONNORS John,CONNORS John,CONNORS John,CONNORS John,CONNORS John,CONNORS John
NSW_Local_Government_2017_Dungog_-_A_Ward 3 seats.csv__hit14,CONNORS John,CONNORS John,CONNORS John,LYON Jan,LYON Jan,CONNORS John,CONNORS John,CONNORS John,CONNORS John,CONNORS John
NSW_Local_Government_2017_Dungog_-_A_Ward 3 seats.csv__hit15,NORMAN Tracy,NORMAN Tracy,NORMAN Tracy,CONNORS John,NORMAN Tracy,NORMAN Tracy,NORMAN Tracy,NORMAN Tracy,NORMAN Tracy,NORMAN Tracy
NSW_Local_Government_2017_Dungog_-_A_Ward 3 seats.csv__hit16,NORMAN Tracy,NORMAN Tracy,FARROW Stephen,CONNORS John,NORMAN Tracy,NORMAN Tracy,NORMAN Tracy,NORMAN Tracy,NORMAN Tracy,NORMAN Tracy
NSW_Local_Government_2017_Dungog_-_A_Ward 3 seats.csv__hit17,CONNORS John,NORMAN Tracy,NORMAN Tracy,NORMAN Tracy,NORMAN Tracy,NORMAN Tracy,NORMAN Tracy,NORMAN Tracy,NORMAN Tracy,NORMAN Tracy
NSW_Local_Government_2017_Dungog_-_A_Ward 3 seats.csv__hit18,CONNORS John,CONNORS John,FARROW Stephen,CONNORS John,CONNORS John,CONNORS John,CONNORS John,CONNORS John,CONNORS John,CONNORS John
NSW_Local_Government_2017_Dungog_-_A_Ward 3 seats.csv__hit19,CONNORS John,NORMAN Tracy,NORMAN Tracy,NORMAN Tracy,NORMAN Tracy,NORMAN Tracy,NORMAN Tracy,NORMAN Tracy,NORMAN Tracy,NORMAN Tracy
NSW_Local_Government_2017_Dungog_-_A_Ward 3 seats.csv__hit20,CONNORS John,FARROW Stephen,NORMAN Tracy,CONNORS John,NORMAN Tracy,NORMAN Tracy,NORMAN Tracy,NORMAN Tracy,NORMAN Tracy,NORMAN Tracy
NSW_Local_Government_2017_Dungog_-_A_Ward 3 seats.csv__hit21,CONNORS John,CONNORS John,CONNORS John,CONNORS John,LYON Jan,CONNORS John,CONNORS John,CONNORS John,CONNORS John,CONNORS John
NSW_Local_Government_2017_Dungog_-_A_Ward 3 seats.csv__hit22,CONNORS John,CONNORS John,CONNORS John,CONNORS John,CONNORS John,CONNORS John,CONNORS John,CONNORS John,CONNORS John,CONNORS John
NSW_Local_Government_2017_Dungog_-_A_Ward 3 seats.csv__hit23,CONNORS John,CONNORS John,FARROW Stephen,LYON Jan,LYON Jan,CONNORS John,CONNORS John,CONNORS John,CONNORS John,CONNORS John
NSW_Local_Government_2017_Dungog_-_A_Ward 3 seats.csv__hit24,NORMAN Tracy,NORMAN Tracy,NORMAN Tracy,CONNORS John,CONNORS John,CONNORS John,CONNORS John,CONNORS John,NORMAN Tracy,NORMAN Tracy
NSW_Local_Government_2017_Dungog_-_A_Ward 3 seats.csv__hit25,CONNORS John,NORMAN Tracy,NORMAN Tracy,CONNORS John,CONNORS John,CONNORS John,CONNORS John,NORMAN Tracy,NORMAN Tracy,NORMAN Tracy
NSW_Local_Government_2017_Dungog_-_A_Ward 3 seats.csv__hit26,CONNORS John,CONNORS John,CONNORS John,CONNORS John,CONNORS John,CONNORS John,CONNORS John,CONNORS John,CONNORS John,CONNORS John
NSW_Local_Government_2017_Dungog_-_A_Ward 3 seats.csv__hit27,NORMAN Tracy,NORMAN Tracy,NORMAN Tracy,CONNORS John,CONNORS John,CONNORS John,NORMAN Tracy,NORMAN Tracy,NORMAN Tracy,NORMAN Tracy
NSW_Local_Government_2017_Dungog_-_A_Ward 3 seats.csv__hit28,LYON Jan,LYON Jan,LYON Jan,LYON Jan,LYON Jan,LYON Jan,LYON Jan,LYON Jan,LYON Jan,LYON Jan
NSW_Local_Government_2017_Dungog_-_A_Ward 3 seats.csv__hit29,CONNORS John,CONNORS John,CONNORS John,LYON Jan,NORMAN Tracy,CONNORS John,CONNORS John,CONNORS John,CONNORS John,CONNORS John
NSW_Local_Government_2017_Dungog_-_A_Ward 3 seats.csv__hit30,NORMAN Tracy,NORMAN Tracy,NORMAN Tracy,CONNORS John,CONNORS John,CONNORS John,CONNORS John,CONNORS John,NORMAN Tracy,NORMAN Tracy
NSW_Local_Government_2017_Dungog_-_A_Ward 3 seats.csv__hit31,NORMAN Tracy,NORMAN Tracy,NORMAN Tracy,CONNORS John,NORMAN Tracy,CONNORS John,CONNORS John,NORMAN Tracy,NORMAN Tracy,NORMAN Tracy
NSW_Local_Government_2017_Dungog_-_A_Ward 3 seats.csv__hit32,CONNORS John,CONNORS John,LYON Jan,LYON Jan,NORMAN Tracy,CONNORS John,CONNORS John,CONNORS John,CONNORS John,CONNORS John
NSW_Local_Government_2017_Dungog_-_A_Ward 3 seats.csv__hit33,CONNORS John,CONNORS John,CONNORS John,CONNORS John,CONNORS John,CONNORS John,CONNORS John,CONNORS John,CONNORS John,CONNORS John
NSW_Local_Government_2017_Dungog_-_A_Ward 3 seats.csv__hit34,CONNORS John,NORMAN Tracy,NORMAN Tracy,LYON Jan,NORMAN Tracy,CONNORS John,CONNORS John,NORMAN Tracy,NORMAN Tracy,NORMAN Tracy
NSW_Local_Government_2017_Dungog_-_A_Ward 3 seats.csv__hit35,NORMAN Tracy,NORMAN Tracy,NORMAN Tracy,NORMAN Tracy,NORMAN Tracy,NORMAN Tracy,NORMAN Tracy,NORMAN Tracy,NORMAN Tracy,NORMAN Tracy
NSW_Local_Government_2017_Dungog_-_A_Ward 3 seats.csv__hit36,NORMAN Tracy,NORMAN Tracy,NORMAN Tracy,CONNORS John,NORMAN Tracy,CONNORS John,CONNORS John,NORMAN Tracy,NORMAN Tracy,NORMAN Tracy
NSW_Local_Government_2017_Dungog_-_A_Ward 3 seats.csv__hit37,NORMAN Tracy,NORMAN Tracy,NORMAN Tracy,LYON Jan,LYON Jan,CONNORS John,CONNORS John,NORMAN Tracy,NORMAN Tracy,NORMAN Tracy
NSW_Local_Government_2017_Dungog_-_A_Ward 3 seats.csv__hit38,NORMAN Tracy,NORMAN Tracy,NORMAN Tracy,NORMAN Tracy,NORMAN Tracy,NORMAN Tracy,NORMAN Tracy,NORMAN Tracy,NORMAN Tracy,NORMAN Tracy
NSW_Local_Government_2017_Dungog_-_A_Ward 3 seats.csv__hit39,CONNORS John,CONNORS John,CONNORS John,NORMAN Tracy,CONNORS John,CONNORS John,CONNORS John,CONNORS John,CONNORS John,CONNORS John
NSW_Local_Government_2017_Dungog_-_A_Ward 3 seats.csv__hit40,CONNORS John,CONNORS John,LYON Jan,CONNORS John,CONNORS John,CONNORS John,CONNORS John,CONNORS John,CONNORS John,CONNORS John
NSW_Local_Government_2017_Dungog_-_A_Ward 3 seats.csv__hit41,CONNORS John,CONNORS John,LYON Jan,CONNORS John,LYON Jan,CONNORS John,CONNORS John,CONNORS John,CONNORS John,CONNORS John
NSW_Local_Government_2017_Dungog_-_A_Ward 3 seats.csv__hit42,NORMAN Tracy,CONNORS John,NORMAN Tracy,CONNORS John,CONNORS John,CONNORS John,CONNORS John,CONNORS John,CONNORS John,CONNORS John
NSW_Local_Government_2017_Dungog_-_A_Ward 3 seats.csv__hit43,NORMAN Tracy,NORMAN Tracy,NORMAN Tracy,NORMAN Tracy,CONNORS John,CONNORS John,CONNORS John,NORMAN Tracy,NORMAN Tracy,NORMAN Tracy
NSW_Local_Government_2017_Dungog_-_A_Ward 3 seats.csv__hit44,CONNORS John,CONNORS John,NORMAN Tracy,CONNORS John,CONNORS John,CONNORS John,CONNORS John,CONNORS John,CONNORS John,CONNORS John
NSW_Local_Government_2017_Dungog_-_A_Ward 3 seats.csv__hit45,NORMAN Tracy,NORMAN Tracy,NORMAN Tracy,CONNORS John,LYON Jan,CONNORS John,CONNORS John,NORMAN Tracy,NORMAN Tracy,NORMAN Tracy
NSW_Local_Government_2017_Dungog_-_A_Ward 3 seats.csv__hit46,CONNORS John,CONNORS John,LYON Jan,CONNORS John,CONNORS John,CONNORS John,CONNORS John,CONNORS John,CONNORS John,CONNORS John
NSW_Local_Government_2017_Dungog_-_A_Ward 3 seats.csv__hit47,NORMAN Tracy,NORMAN Tracy,FARROW Stephen,NORMAN Tracy,NORMAN Tracy,NORMAN Tracy,NORMAN Tracy,NORMAN Tracy,NORMAN Tracy,NORMAN Tracy
NSW_Local_Government_2017_Dungog_-_A_Ward 3 seats.csv__hit48,NORMAN Tracy,NORMAN Tracy,NORMAN Tracy,NORMAN Tracy,NORMAN Tracy,NORMAN Tracy,NORMAN Tracy,NORMAN Tracy,NORMAN Tracy,NORMAN Tracy
NSW_Local_Government_2017_Dungog_-_A_Ward 3 seats.csv__hit49,CONNORS John,CONNORS John,NORMAN Tracy,CONNORS John,LYON Jan,CONNORS John,CONNORS John,CONNORS John,CONNORS John,CONNORS John
NSW_Local_Government_2017_Dungog_-_A_Ward 3 seats.csv__hit50,CONNORS John,CONNORS John,LYON Jan,LYON Jan,CONNORS John,CONNORS John,CONNORS John,CONNORS John,CONNORS John,CONNORS John
NSW_Local_Government_2017_Dungog_-_A_Ward 3 seats.csv__hit51,CONNORS John,NORMAN Tracy,FARROW Stephen,CONNORS John,NORMAN Tracy,NORMAN Tracy,NORMAN Tracy,NORMAN Tracy,NORMAN Tracy,NORMAN Tracy
NSW_Local_Government_2017_Dungog_-_A_Ward 3 seats.csv__hit52,NORMAN Tracy,NORMAN Tracy,NORMAN Tracy,CONNORS John,NORMAN Tracy,NORMAN Tracy,NORMAN Tracy,NORMAN Tracy,NORMAN Tracy,NORMAN Tracy
NSW_Local_Government_2017_Dungog_-_A_Ward 3 seats.csv__hit53,NORMAN Tracy,NORMAN Tracy,NORMAN Tracy,CONNORS John,NORMAN Tracy,NORMAN Tracy,NORMAN Tracy,NORMAN Tracy,NORMAN Tracy,NORMAN Tracy
NSW_Local_Government_2017_Dungog_-_A_Ward 3 seats.csv__hit54,CONNORS John,CONNORS John,CONNORS John,CONNORS John,LYON Jan,CONNORS John,CONNORS John,CONNORS John,CONNORS John,CONNORS John
NSW_Local_Government_2017_Dungog_-_A_Ward 3 seats.csv__hit55,CONNORS John,CONNORS John,LYON Jan,CONNORS John,NORMAN Tracy,CONNORS John,CONNORS John,CONNORS John,CONNORS John,CONNORS John
NSW_Local_Government_2017_Dungog_-_A_Ward 3 seats.csv__hit56,CONNORS John,CONNORS John,CONNORS John,CONNORS John,CONNORS John,CONNORS John,CONNORS John,CONNORS John,CONNORS John,CONNORS John
NSW_Local_Government_2017_Dungog_-_A_Ward 3 seats.csv__hit57,CONNORS John,CONNORS John,LYON Jan,CONNORS John,LYON Jan,CONNORS John,CONNORS John,CONNORS John,CONNORS John,CONNORS John
NSW_Local_Government_2017_Dungog_-_A_Ward 3 seats.csv__hit58,CONNORS John,CONNORS John,CONNORS John,CONNORS John,CONNORS John,CONNORS John,CONNORS John,CONNORS John,CONNORS John,CONNORS John
NSW_Local_Government_2017_Dungog_-_A_Ward 3 seats.csv__hit59,NORMAN Tracy,NORMAN Tracy,NORMAN Tracy,NORMAN Tracy,NORMAN Tracy,NORMAN Tracy,NORMAN Tracy,NORMAN Tracy,NORMAN Tracy,NORMAN Tracy
NSW_Local_Government_2017_Dungog_-_A_Ward 3 seats.csv__hit60,CONNORS John,CONNORS John,CONNORS John,CONNORS John,LYON Jan,CONNORS John,CONNORS John,CONNORS John,CONNORS John,CONNORS John
NSW_Local_Government_2017_Dungog_-_A_Ward 3 seats.csv__hit61,CONNORS John,CONNORS John,LYON Jan,LYON Jan,NORMAN Tracy,CONNORS John,CONNORS John,CONNORS John,CONNORS John,CONNORS John
NSW_Local_Government_2017_Dungog_-_A_Ward 3 seats.csv__hit62,FARROW Stephen,NORMAN Tracy,NORMAN Tracy,CONNORS John,NORMAN Tracy,NORMAN Tracy,NORMAN Tracy,NORMAN Tracy,NORMAN Tracy,NORMAN Tracy
NSW_Local_Government_2017_Dungog_-_A_Ward 3 seats.csv__hit63,CONNORS John,NORMAN Tracy,NORMAN Tracy,LYON Jan,CONNORS John,CONNORS John,CONNORS John,NORMAN Tracy,NORMAN Tracy,NORMAN Tracy
NSW_Local_Government_2017_Dungog_-_A_Ward 3 seats.csv__hit64,NORMAN Tracy,NORMAN Tracy,NORMAN Tracy,NORMAN Tracy,NORMAN Tracy,NORMAN Tracy,NORMAN Tracy,NORMAN Tracy,NORMAN Tracy,NORMAN Tracy
NSW_Local_Government_2017_Dungog_-_A_Ward 3 seats.csv__hit65,CONNORS John,FARROW Stephen,CONNORS John,LYON Jan,NORMAN Tracy,CONNORS John,CONNORS John,CONNORS John,CONNORS John,CONNORS John
NSW_Local_Government_2017_Dungog_-_A_Ward 3 seats.csv__hit66,NORMAN Tracy,NORMAN Tracy,NORMAN Tracy,NORMAN Tracy,NORMAN Tracy,NORMAN Tracy,NORMAN Tracy,NORMAN Tracy,NORMAN Tracy,NORMAN Tracy
NSW_Local_Government_2017_Dungog_-_A_Ward 3 seats.csv__hit67,CONNORS John,CONNORS John,NORMAN Tracy,CONNORS John,LYON Jan,CONNORS John,CONNORS John,CONNORS John,CONNORS John,CONNORS John
NSW_Local_Government_2017_Dungog_-_A_Ward 3 seats.csv__hit68,CONNORS John,CONNORS John,NORMAN Tracy,CONNORS John,LYON Jan,CONNORS John,CONNORS John,CONNORS John,CONNORS John,CONNORS John
NSW_Local_Government_2017_Dungog_-_A_Ward 3 seats.csv__hit69,CONNORS John,NORMAN Tracy,NORMAN Tracy,CONNORS John,NORMAN Tracy,CONNORS John,CONNORS John,NORMAN Tracy,NORMAN Tracy,NORMAN Tracy
NSW_Local_Government_2017_Dungog_-_A_Ward 3 seats.csv__hit70,CONNORS John,CONNORS John,CONNORS John,CONNORS John,CONNORS John,CONNORS John,CONNORS John,CONNORS John,CONNORS John,CONNORS John
NSW_Local_Government_2017_Dungog_-_A_Ward 3 seats.csv__hit71,CONNORS John,CONNORS John,NORMAN Tracy,LYON Jan,LYON Jan,CONNORS John,CONNORS John,CONNORS John,CONNORS John,CONNORS John
NSW_Local_Government_2017_Dungog_-_A_Ward 3 seats.csv__hit72,NORMAN Tracy,NORMAN Tracy,NORMAN Tracy,NORMAN Tracy,CONNORS John,NORMAN Tracy,NORMAN Tracy,NORMAN Tracy,NORMAN Tracy,NORMAN Tracy
NSW_Local_Government_2017_Dungog_-_A_Ward 3 seats.csv__hit73,CONNORS John,CONNORS John,CONNORS John,CONNORS John,LYON Jan,CONNORS John,CONNORS John,CONNORS John,CONNORS John,CONNORS John
NSW_Local_Government_2017_Dungog_-_A_Ward 3 seats.csv__hit74,CONNORS John,CONNORS John,NORMAN Tracy,CONNORS John,CONNORS John,CONNORS John,CONNORS John,CONNORS John,CONNORS John,CONNORS John
NSW_Local_Government_2017_Dungog_-_A_Ward 3 seats.csv__hit75,CONNORS John,CONNORS John,NORMAN Tracy,CONNORS John,CONNORS John,CONNORS John,CONNORS John,CONNORS John,CONNORS John,CONNORS John
NSW_Local_Government_2017_Dungog_-_A_Ward 3 seats.csv__hit76,CONNORS John,CONNORS John,NORMAN Tracy,CONNORS John,CONNORS John,CONNORS John,CONNORS John,CONNORS John,CONNORS John,CONNORS John
NSW_Local_Government_2017_Dungog_-_A_Ward 3 seats.csv__hit77,CONNORS John,CONNORS John,CONNORS John,CONNORS John,CONNORS John,CONNORS John,CONNORS John,CONNORS John,CONNORS John,CONNORS John
NSW_Local_Government_2017_Dungog_-_A_Ward 3 seats.csv__hit78,NORMAN Tracy,NORMAN Tracy,NORMAN Tracy,LYON Jan,LYON Jan,CONNORS John,CONNORS John,NORMAN Tracy,NORMAN Tracy,NORMAN Tracy
NSW_Local_Government_2017_Dungog_-_A_Ward 3 seats.csv__hit79,CONNORS John,FARROW Stephen,FARROW Stephen,CONNORS John,CONNORS John,CONNORS John,CONNORS John,CONNORS John,CONNORS John,CONNORS John
NSW_Local_Government_2017_Dungog_-_A_Ward 3 seats.csv__hit80,CONNORS John,CONNORS John,LYON Jan,CONNORS John,CONNORS John,CONNORS John,CONNORS John,CONNORS John,CONNORS John,CONNORS John
NSW_Local_Government_2017_Dungog_-_A_Ward 3 seats.csv__hit81,NORMAN Tracy,FARROW Stephen,FARROW Stephen,NORMAN Tracy,NORMAN Tracy,NORMAN Tracy,NORMAN Tracy,NORMAN Tracy,NORMAN Tracy,NORMAN Tracy
NSW_Local_Government_2017_Dungog_-_A_Ward 3 seats.csv__hit82,NORMAN Tracy,NORMAN Tracy,NORMAN Tracy,NORMAN Tracy,NORMAN Tracy,NORMAN Tracy,NORMAN Tracy,NORMAN Tracy,NORMAN Tracy,NORMAN Tracy
NSW_Local_Government_2017_Dungog_-_A_Ward 3 seats.csv__hit83,CONNORS John,CONNORS John,CONNORS John,CONNORS John,CONNORS John,CONNORS John,CONNORS John,CONNORS John,CONNORS John,CONNORS John
NSW_Local_Government_2017_Dungog_-_A_Ward 3 seats.csv__hit84,NORMAN Tracy,NORMAN Tracy,LYON Jan,CONNORS John,NORMAN Tracy,CONNORS John,NORMAN Tracy,NORMAN Tracy,NORMAN Tracy,NORMAN Tracy
NSW_Local_Government_2017_Dungog_-_A_Ward 3 seats.csv__hit85,CONNORS John,CONNORS John,CONNORS John,CONNORS John,LYON Jan,CONNORS John,CONNORS John,CONNORS John,CONNORS John,CONNORS John
NSW_Local_Government_2017_Dungog_-_A_Ward 3 seats.csv__hit86,CONNORS John,CONNORS John,CONNORS John,LYON Jan,NORMAN Tracy,CONNORS John,CONNORS John,CONNORS John,CONNORS John,CONNORS John
NSW_Local_Government_2017_Dungog_-_A_Ward 3 seats.csv__hit87,CONNORS John,CONNORS John,CONNORS John,LYON Jan,LYON Jan,CONNORS John,CONNORS John,CONNORS John,CONNORS John,CONNORS John
NSW_Local_Government_2017_Dungog_-_A_Ward 3 seats.csv__hit88,CONNORS John,CONNORS John,LYON Jan,CONNORS John,LYON Jan,CONNORS John,CONNORS John,CONNORS John,CONNORS John,CONNORS John
NSW_Local_Government_2017_Dungog_-_A_Ward 3 seats.csv__hit89,CONNORS John,CONNORS John,NORMAN Tracy,CONNORS John,CONNORS John,CONNORS John,CONNORS John,CONNORS John,CONNORS John,CONNORS John
NSW_Local_Government_2017_Dungog_-_A_Ward 3 seats.csv__hit90,CONNORS John,CONNORS John,LYON Jan,CONNORS John,CONNORS John,CONNORS John,CONNORS John,CONNORS John,CONNORS John,CONNORS John
NSW_Local_Government_2017_Dungog_-_A_Ward 3 seats.csv__hit91,CONNORS John,CONNORS John,CONNORS John,CONNORS John,CONNORS John,CONNORS John,CONNORS John,CONNORS John,CONNORS John,CONNORS John
NSW_Local_Government_2017_Dungog_-_A_Ward 3 seats.csv__hit92,CONNORS John,NORMAN Tracy,LYON Jan,LYON Jan,LYON Jan,CONNORS John,CONNORS John,NORMAN Tracy,NORMAN Tracy,NORMAN Tracy
NSW_Local_Government_2017_Dungog_-_A_Ward 3 seats.csv__hit93,CONNORS John,NORMAN Tracy,NORMAN Tracy,CONNORS John,NORMAN Tracy,NORMAN Tracy,NORMAN Tracy,NORMAN Tracy,NORMAN Tracy,NORMAN Tracy
NSW_Local_Government_2017_Dungog_-_A_Ward 3 seats.csv__hit94,CONNORS John,CONNORS John,CONNORS John,CONNORS John,LYON Jan,CONNORS John,CONNORS John,CONNORS John,CONNORS John,CONNORS John
NSW_Local_Government_2017_Dungog_-_A_Ward 3 seats.csv__hit95,CONNORS John,NORMAN Tracy,LYON Jan,CONNORS John,LYON Jan,CONNORS John,CONNORS John,NORMAN Tracy,NORMAN Tracy,NORMAN Tracy
NSW_Local_Government_2017_Dungog_-_A_Ward 3 seats.csv__hit96,CONNORS John,NORMAN Tracy,NORMAN Tracy,CONNORS John,CONNORS John,CONNORS John,CONNORS John,CONNORS John,NORMAN Tracy,NORMAN Tracy
NSW_Local_Government_2017_Dungog_-_A_Ward 3 seats.csv__hit97,CONNORS John,CONNORS John,NORMAN Tracy,CONNORS John,LYON Jan,CONNORS John,CONNORS John,CONNORS John,CONNORS John,CONNORS John
NSW_Local_Government_2017_Dungog_-_A_Ward 3 seats.csv__hit98,CONNORS John,CONNORS John,NORMAN Tracy,LYON Jan,CONNORS John,CONNORS John,CONNORS John,CONNORS John,CONNORS John,CONNORS John
NSW_Local_Government_2017_Dungog_-_A_Ward 3 seats.csv__hit99,CONNORS John,CONNORS John,NORMAN Tracy,LYON Jan,CONNORS John,CONNORS John,CONNORS John,CONNORS John,CONNORS John,CONNORS John
NSW_Local_Government_2017_Dungog_-_A_Ward 3 seats.csv__hit100,NORMAN Tracy,NORMAN Tracy,NORMAN Tracy,LYON Jan,LYON Jan,CONNORS John,CONNORS John,CONNORS John,NORMAN Tracy,NORMAN Tracy
NSW_Local_Government_2017_Dungog_-_A_Ward 3 seats.csv__hit101,CONNORS John,NORMAN Tracy,FARROW Stephen,CONNORS John,NORMAN Tracy,NORMAN Tracy,NORMAN Tracy,NORMAN Tracy,NORMAN Tracy,NORMAN Tracy
NSW_Local_Government_2017_Dungog_-_A_Ward 3 seats.csv__hit102,CONNORS John,CONNORS John,CONNORS John,CONNORS John,NORMAN Tracy,CONNORS John,CONNORS John,CONNORS John,CONNORS John,CONNORS John
NSW_Local_Government_2017_Dungog_-_A_Ward 3 seats.csv__hit103,CONNORS John,CONNORS John,NORMAN Tracy,CONNORS John,LYON Jan,CONNORS John,CONNORS John,CONNORS John,CONNORS John,CONNORS John
NSW_Local_Government_2017_Dungog_-_A_Ward 3 seats.csv__hit104,NORMAN Tracy,NORMAN Tracy,NORMAN Tracy,CONNORS John,NORMAN Tracy,NORMAN Tracy,NORMAN Tracy,NORMAN Tracy,NORMAN Tracy,NORMAN Tracy
NSW_Local_Government_2017_Dungog_-_A_Ward 3 seats.csv__hit105,NORMAN Tracy,NORMAN Tracy,NORMAN Tracy,CONNORS John,NORMAN Tracy,NORMAN Tracy,NORMAN Tracy,NORMAN Tracy,NORMAN Tracy,NORMAN Tracy
NSW_Local_Government_2017_Dungog_-_A_Ward 3 seats.csv__hit106,NORMAN Tracy,NORMAN Tracy,NORMAN Tracy,CONNORS John,NORMAN Tracy,NORMAN Tracy,NORMAN Tracy,NORMAN Tracy,NORMAN Tracy,NORMAN Tracy
NSW_Local_Government_2017_Dungog_-_A_Ward 3 seats.csv__hit107,CONNORS John,CONNORS John,LYON Jan,CONNORS John,CONNORS John,CONNORS John,CONNORS John,CONNORS John,CONNORS John,CONNORS John
NSW_Local_Government_2017_Dungog_-_A_Ward 3 seats.csv__hit108,NORMAN Tracy,FARROW Stephen,NORMAN Tracy,NORMAN Tracy,NORMAN Tracy,NORMAN Tracy,NORMAN Tracy,NORMAN Tracy,NORMAN Tracy,NORMAN Tracy
NSW_Local_Government_2017_Dungog_-_A_Ward 3 seats.csv__hit109,CONNORS John,CONNORS John,CONNORS John,CONNORS John,NORMAN Tracy,CONNORS John,CONNORS John,CONNORS John,CONNORS John,CONNORS John
NSW_Local_Government_2017_Dungog_-_A_Ward 3 seats.csv__hit110,NORMAN Tracy,NORMAN Tracy,NORMAN Tracy,NORMAN Tracy,NORMAN Tracy,NORMAN Tracy,NORMAN Tracy,NORMAN Tracy,NORMAN Tracy,NORMAN Tracy
NSW_Local_Government_2017_Dungog_-_A_Ward 3 seats.csv__hit111,NORMAN Tracy,NORMAN Tracy,NORMAN Tracy,NORMAN Tracy,NORMAN Tracy,NORMAN Tracy,NORMAN Tracy,NORMAN Tracy,NORMAN Tracy,NORMAN Tracy
NSW_Local_Government_2017_Dungog_-_A_Ward 3 seats.csv__hit112,NORMAN Tracy,NORMAN Tracy,NORMAN Tracy,CONNORS John,NORMAN Tracy,NORMAN Tracy,NORMAN Tracy,NORMAN Tracy,NORMAN Tracy,NORMAN Tracy
NSW_Local_Government_2017_Dungog_-_A_Ward 3 seats.csv__hit113,CONNORS John,CONNORS John,CONNORS John,LYON Jan,CONNORS John,CONNORS John,CONNORS John,CONNORS John,CONNORS John,CONNORS John
NSW_Local_Government_2017_Dungog_-_A_Ward 3 seats.csv__hit114,CONNORS John,CONNORS John,CONNORS John,CONNORS John,NORMAN Tracy,CONNORS John,CONNORS John,CONNORS John,CONNORS John,CONNORS John
NSW_Local_Government_2017_Dungog_-_A_Ward 3 seats.csv__hit115,NORMAN Tracy,NORMAN Tracy,FARROW Stephen,CONNORS John,NORMAN Tracy,NORMAN Tracy,NORMAN Tracy,NORMAN Tracy,NORMAN Tracy,NORMAN Tracy
NSW_Local_Government_2017_Dungog_-_A_Ward 3 seats.csv__hit116,CONNORS John,CONNORS John,CONNORS John,CONNORS John,NORMAN Tracy,CONNORS John,CONNORS John,CONNORS John,CONNORS John,CONNORS John
NSW_Local_Government_2017_Dungog_-_A_Ward 3 seats.csv__hit117,CONNORS John,CONNORS John,NORMAN Tracy,CONNORS John,CONNORS John,CONNORS John,CONNORS John,CONNORS John,CONNORS John,CONNORS John
NSW_Local_Government_2017_Dungog_-_A_Ward 3 seats.csv__hit118,CONNORS John,CONNORS John,CONNORS John,CONNORS John,CONNORS John,CONNORS John,CONNORS John,CONNORS John,CONNORS John,CONNORS John
NSW_Local_Government_2017_Dungog_-_A_Ward 3 seats.csv__hit119,CONNORS John,CONNORS John,NORMAN Tracy,LYON Jan,CONNORS John,CONNORS John,CONNORS John,CONNORS John,CONNORS John,CONNORS John
NSW_Local_Government_2017_Dungog_-_A_Ward 3 seats.csv__hit120,CONNORS John,CONNORS John,CONNORS John,CONNORS John,CONNORS John,CONNORS John,CONNORS John,CONNORS John,CONNORS John,CONNORS John
NSW_Local_Government_2017_Dungog_-_A_Ward 3 seats.csv__hit121,CONNORS John,CONNORS John,NORMAN Tracy,LYON Jan,LYON Jan,CONNORS John,CONNORS John,CONNORS John,CONNORS John,CONNORS John
NSW_Local_Government_2017_Dungog_-_A_Ward 3 seats.csv__hit122,NORMAN Tracy,NORMAN Tracy,NORMAN Tracy,CONNORS John,CONNORS John,CONNORS John,CONNORS John,NORMAN Tracy,NORMAN Tracy,NORMAN Tracy
NSW_Local_Government_2017_Dungog_-_A_Ward 3 seats.csv__hit123,CONNORS John,NORMAN Tracy,NORMAN Tracy,CONNORS John,CONNORS John,CONNORS John,CONNORS John,NORMAN Tracy,NORMAN Tracy,NORMAN Tracy
NSW_Local_Government_2017_Dungog_-_A_Ward 3 seats.csv__hit124,CONNORS John,CONNORS John,LYON Jan,CONNORS John,NORMAN Tracy,CONNORS John,CONNORS John,CONNORS John,CONNORS John,CONNORS John
NSW_Local_Government_2017_Dungog_-_A_Ward 3 seats.csv__hit125,CONNORS John,CONNORS John,NORMAN Tracy,CONNORS John,NORMAN Tracy,CONNORS John,CONNORS John,CONNORS John,CONNORS John,CONNORS John
NSW_Local_Government_2017_Dungog_-_A_Ward 3 seats.csv__hit126,NORMAN Tracy,NORMAN Tracy,LYON Jan,CONNORS John,CONNORS John,CONNORS John,CONNORS John,CONNORS John,NORMAN Tracy,NORMAN Tracy
NSW_Local_Government_2017_Dungog_-_A_Ward 3 seats.csv__hit127,FARROW Stephen,NORMAN Tracy,NORMAN Tracy,CONNORS John,NORMAN Tracy,NORMAN Tracy,NORMAN Tracy,NORMAN Tracy,NORMAN Tracy,NORMAN Tracy
NSW_Local_Government_2017_Dungog_-_A_Ward 3 seats.csv__hit128,NORMAN Tracy,NORMAN Tracy,NORMAN Tracy,LYON Jan,NORMAN Tracy,CONNORS John,NORMAN Tracy,NORMAN Tracy,NORMAN Tracy,NORMAN Tracy
NSW_Local_Government_2017_Dungog_-_A_Ward 3 seats.csv__hit129,NORMAN Tracy,NORMAN Tracy,NORMAN Tracy,CONNORS John,NORMAN Tracy,NORMAN Tracy,NORMAN Tracy,NORMAN Tracy,NORMAN Tracy,NORMAN Tracy
NSW_Local_Government_2017_Dungog_-_A_Ward 3 seats.csv__hit130,CONNORS John,CONNORS John,CONNORS John,CONNORS John,NORMAN Tracy,CONNORS John,CONNORS John,CONNORS John,CONNORS John,CONNORS John
NSW_Local_Government_2017_Dungog_-_A_Ward 3 seats.csv__hit131,LYON Jan,LYON Jan,LYON Jan,LYON Jan,LYON Jan,LYON Jan,LYON Jan,LYON Jan,LYON Jan,LYON Jan
NSW_Local_Government_2017_Dungog_-_A_Ward 3 seats.csv__hit132,CONNORS John,CONNORS John,LYON Jan,CONNORS John,CONNORS John,CONNORS John,CONNORS John,CONNORS John,CONNORS John,CONNORS John
NSW_Local_Government_2017_Dungog_-_A_Ward 3 seats.csv__hit133,NORMAN Tracy,NORMAN Tracy,NORMAN Tracy,NORMAN Tracy,NORMAN Tracy,NORMAN Tracy,NORMAN Tracy,NORMAN Tracy,NORMAN Tracy,NORMAN Tracy
NSW_Local_Government_2017_Dungog_-_A_Ward 3 seats.csv__hit134,CONNORS John,CONNORS John,NORMAN Tracy,LYON Jan,CONNORS John,CONNORS John,CONNORS John,CONNORS John,CONNORS John,CONNORS John
NSW_Local_Government_2017_Dungog_-_A_Ward 3 seats.csv__hit135,NORMAN Tracy,CONNORS John,NORMAN Tracy,LYON Jan,LYON Jan,CONNORS John,CONNORS John,CONNORS John,CONNORS John,CONNORS John
NSW_Local_Government_2017_Dungog_-_A_Ward 3 seats.csv__hit136,NORMAN Tracy,NORMAN Tracy,NORMAN Tracy,CONNORS John,NORMAN Tracy,NORMAN Tracy,NORMAN Tracy,NORMAN Tracy,NORMAN Tracy,NORMAN Tracy
NSW_Local_Government_2017_Dungog_-_A_Ward 3 seats.csv__hit137,CONNORS John,NORMAN Tracy,LYON Jan,CONNORS John,NORMAN Tracy,CONNORS John,CONNORS John,CONNORS John,NORMAN Tracy,NORMAN Tracy
NSW_Local_Government_2017_Dungog_-_A_Ward 3 seats.csv__hit138,CONNORS John,CONNORS John,CONNORS John,NORMAN Tracy,NORMAN Tracy,CONNORS John,CONNORS John,CONNORS John,CONNORS John,CONNORS John
NSW_Local_Government_2017_Dungog_-_A_Ward 3 seats.csv__hit139,CONNORS John,CONNORS John,NORMAN Tracy,CONNORS John,NORMAN Tracy,CONNORS John,CONNORS John,CONNORS John,CONNORS John,CONNORS John
NSW_Local_Government_2017_Dungog_-_A_Ward 3 seats.csv__hit140,CONNORS John,CONNORS John,LYON Jan,CONNORS John,LYON Jan,CONNORS John,CONNORS John,CONNORS John,CONNORS John,CONNORS John
NSW_Local_Government_2017_Dungog_-_A_Ward 3 seats.csv__hit141,CONNORS John,CONNORS John,CONNORS John,LYON Jan,CONNORS John,CONNORS John,CONNORS John,CONNORS John,CONNORS John,CONNORS John
NSW_Local_Government_2017_Dungog_-_A_Ward 3 seats.csv__hit142,NORMAN Tracy,NORMAN Tracy,NORMAN Tracy,CONNORS John,NORMAN Tracy,NORMAN Tracy,NORMAN Tracy,NORMAN Tracy,NORMAN Tracy,NORMAN Tracy
NSW_Local_Government_2017_Dungog_-_A_Ward 3 seats.csv__hit143,CONNORS John,CONNORS John,CONNORS John,LYON Jan,CONNORS John,CONNORS John,CONNORS John,CONNORS John,CONNORS John,CONNORS John
NSW_Local_Government_2017_Dungog_-_A_Ward 3 seats.csv__hit144,CONNORS John,CONNORS John,FARROW Stephen,CONNORS John,FARROW Stephen,CONNORS John,CONNORS John,CONNORS John,CONNORS John,CONNORS John
NSW_Local_Government_2017_Dungog_-_A_Ward 3 seats.csv__hit145,CONNORS John,CONNORS John,CONNORS John,CONNORS John,LYON Jan,CONNORS John,CONNORS John,CONNORS John,CONNORS John,CONNORS John
NSW_Local_Government_2017_Dungog_-_A_Ward 3 seats.csv__hit146,CONNORS John,NORMAN Tracy,NORMAN Tracy,CONNORS John,NORMAN Tracy,NORMAN Tracy,NORMAN Tracy,NORMAN Tracy,NORMAN Tracy,NORMAN Tracy
NSW_Local_Government_2017_Dungog_-_A_Ward 3 seats.csv__hit147,CONNORS John,CONNORS John,NORMAN Tracy,CONNORS John,LYON Jan,CONNORS John,CONNORS John,CONNORS John,CONNORS John,CONNORS John
NSW_Local_Government_2017_Dungog_-_A_Ward 3 seats.csv__hit148,CONNORS John,CONNORS John,CONNORS John,NORMAN Tracy,CONNORS John,CONNORS John,CONNORS John,CONNORS John,CONNORS John,CONNORS John
NSW_Local_Government_2017_Dungog_-_A_Ward 3 seats.csv__hit149,CONNORS John,CONNORS John,NORMAN Tracy,LYON Jan,CONNORS John,CONNORS John,CONNORS John,CONNORS John,CONNORS John,CONNORS John
NSW_Local_Government_2017_Dungog_-_A_Ward 3 seats.csv__hit150,CONNORS John,CONNORS John,NORMAN Tracy,CONNORS John,NORMAN Tracy,CONNORS John,CONNORS John,CONNORS John,CONNORS John,CONNORS John
NSW_Local_Government_2017_Dungog_-_A_Ward 3 seats.csv__hit151,CONNORS John,NORMAN Tracy,NORMAN Tracy,CONNORS John,NORMAN Tracy,NORMAN Tracy,NORMAN Tracy,NORMAN Tracy,NORMAN Tracy,NORMAN Tracy
NSW_Local_Government_2017_Dungog_-_A_Ward 3 seats.csv__hit152,CONNORS John,CONNORS John,LYON Jan,CONNORS John,CONNORS John,CONNORS John,CONNORS John,CONNORS John,CONNORS John,CONNORS John
NSW_Local_Government_2017_Dungog_-_A_Ward 3 seats.csv__hit153,NORMAN Tracy,NORMAN Tracy,NORMAN Tracy,CONNORS John,NORMAN Tracy,NORMAN Tracy,NORMAN Tracy,NORMAN Tracy,NORMAN Tracy,NORMAN Tracy
NSW_Local_Government_2017_Dungog_-_A_Ward 3 seats.csv__hit154,CONNORS John,CONNORS John,LYON Jan,CONNORS John,CONNORS John,CONNORS John,CONNORS John,CONNORS John,CONNORS John,CONNORS John
NSW_Local_Government_2017_Dungog_-_A_Ward 3 seats.csv__hit155,CONNORS John,CONNORS John,NORMAN Tracy,LYON Jan,CONNORS John,CONNORS John,CONNORS John,CONNORS John,CONNORS John,CONNORS John
NSW_Local_Government_2017_Dungog_-_A_Ward 3 seats.csv__hit156,FARROW Stephen,NORMAN Tracy,FARROW Stephen,NORMAN Tracy,NORMAN Tracy,NORMAN Tracy,NORMAN Tracy,NORMAN Tracy,NORMAN Tracy,NORMAN Tracy
NSW_Local_Government_2017_Dungog_-_A_Ward 3 seats.csv__hit157,CONNORS John,CONNORS John,CONNORS John,LYON Jan,CONNORS John,CONNORS John,CONNORS John,CONNORS John,CONNORS John,CONNORS John
NSW_Local_Government_2017_Dungog_-_A_Ward 3 seats.csv__hit158,NORMAN Tracy,NORMAN Tracy,NORMAN Tracy,LYON Jan,LYON Jan,CONNORS John,CONNORS John,NORMAN Tracy,NORMAN Tracy,NORMAN Tracy
NSW_Local_Government_2017_Dungog_-_A_Ward 3 seats.csv__hit159,NORMAN Tracy,NORMAN Tracy,NORMAN Tracy,LYON Jan,LYON Jan,CONNORS John,CONNORS John,NORMAN Tracy,NORMAN Tracy,NORMAN Tracy
NSW_Local_Government_2017_Dungog_-_A_Ward 3 seats.csv__hit160,NORMAN Tracy,NORMAN Tracy,NORMAN Tracy,CONNORS John,NORMAN Tracy,CONNORS John,CONNORS John,NORMAN Tracy,NORMAN Tracy,NORMAN Tracy
NSW_Local_Government_2017_Dungog_-_A_Ward 3 seats.csv__hit161,CONNORS John,CONNORS John,CONNORS John,CONNORS John,LYON Jan,CONNORS John,CONNORS John,CONNORS John,CONNORS John,CONNORS John
NSW_Local_Government_2017_Dungog_-_A_Ward 3 seats.csv__hit162,CONNORS John,NORMAN Tracy,NORMAN Tracy,NORMAN Tracy,NORMAN Tracy,NORMAN Tracy,NORMAN Tracy,NORMAN Tracy,NORMAN Tracy,NORMAN Tracy
NSW_Local_Government_2017_Dungog_-_A_Ward 3 seats.csv__hit163,CONNORS John,CONNORS John,CONNORS John,LYON Jan,CONNORS John,CONNORS John,CONNORS John,CONNORS John,CONNORS John,CONNORS John
NSW_Local_Government_2017_Dungog_-_A_Ward 3 seats.csv__hit164,CONNORS John,NORMAN Tracy,LYON Jan,CONNORS John,LYON Jan,CONNORS John,CONNORS John,CONNORS John,NORMAN Tracy,NORMAN Tracy
NSW_Local_Government_2017_Dungog_-_A_Ward 3 seats.csv__hit165,CONNORS John,NORMAN Tracy,NORMAN Tracy,CONNORS John,CONNORS John,CONNORS John,CONNORS John,CONNORS John,NORMAN Tracy,NORMAN Tracy
NSW_Local_Government_2017_Dungog_-_A_Ward 3 seats.csv__hit166,FARROW Stephen,NORMAN Tracy,FARROW Stephen,CONNORS John,NORMAN Tracy,NORMAN Tracy,NORMAN Tracy,NORMAN Tracy,NORMAN Tracy,NORMAN Tracy
NSW_Local_Government_2017_Dungog_-_A_Ward 3 seats.csv__hit167,NORMAN Tracy,NORMAN Tracy,NORMAN Tracy,CONNORS John,NORMAN Tracy,CONNORS John,CONNORS John,NORMAN Tracy,NORMAN Tracy,NORMAN Tracy
NSW_Local_Government_2017_Dungog_-_A_Ward 3 seats.csv__hit168,CONNORS John,CONNORS John,FARROW Stephen,CONNORS John,CONNORS John,CONNORS John,CONNORS John,CONNORS John,CONNORS John,CONNORS John
NSW_Local_Government_2017_Dungog_-_A_Ward 3 seats.csv__hit169,CONNORS John,CONNORS John,CONNORS John,LYON Jan,CONNORS John,CONNORS John,CONNORS John,CONNORS John,CONNORS John,CONNORS John
NSW_Local_Government_2017_Dungog_-_A_Ward 3 seats.csv__hit170,NORMAN Tracy,NORMAN Tracy,NORMAN Tracy,CONNORS John,NORMAN Tracy,NORMAN Tracy,NORMAN Tracy,NORMAN Tracy,NORMAN Tracy,NORMAN Tracy
NSW_Local_Government_2017_Dungog_-_A_Ward 3 seats.csv__hit171,NORMAN Tracy,NORMAN Tracy,NORMAN Tracy,CONNORS John,CONNORS John,CONNORS John,NORMAN Tracy,NORMAN Tracy,NORMAN Tracy,NORMAN Tracy
NSW_Local_Government_2017_Dungog_-_A_Ward 3 seats.csv__hit172,CONNORS John,CONNORS John,LYON Jan,LYON Jan,LYON Jan,CONNORS John,CONNORS John,CONNORS John,CONNORS John,CONNORS John
NSW_Local_Government_2017_Dungog_-_A_Ward 3 seats.csv__hit173,NORMAN Tracy,NORMAN Tracy,NORMAN Tracy,CONNORS John,NORMAN Tracy,NORMAN Tracy,NORMAN Tracy,NORMAN Tracy,NORMAN Tracy,NORMAN Tracy
NSW_Local_Government_2017_Dungog_-_A_Ward 3 seats.csv__hit174,CONNORS John,CONNORS John,LYON Jan,LYON Jan,CONNORS John,CONNORS John,CONNORS John,CONNORS John,CONNORS John,CONNORS John
NSW_Local_Government_2017_Dungog_-_A_Ward 3 seats.csv__hit175,NORMAN Tracy,NORMAN Tracy,NORMAN Tracy,LYON Jan,CONNORS John,CONNORS John,CONNORS John,CONNORS John,CONNORS John,NORMAN Tracy
NSW_Local_Government_2017_Dungog_-_A_Ward 3 seats.csv__hit176,NORMAN Tracy,NORMAN Tracy,NORMAN Tracy,CONNORS John,NORMAN Tracy,NORMAN Tracy,NORMAN Tracy,NORMAN Tracy,NORMAN Tracy,NORMAN Tracy
NSW_Local_Government_2017_Dungog_-_A_Ward 3 seats.csv__hit177,CONNORS John,CONNORS John,NORMAN Tracy,CONNORS John,CONNORS John,CONNORS John,CONNORS John,CONNORS John,CONNORS John,CONNORS John
NSW_Local_Government_2017_Dungog_-_A_Ward 3 seats.csv__hit178,CONNORS John,CONNORS John,NORMAN Tracy,LYON Jan,CONNORS John,CONNORS John,CONNORS John,CONNORS John,CONNORS John,CONNORS John
NSW_Local_Government_2017_Dungog_-_A_Ward 3 seats.csv__hit179,CONNORS John,LYON Jan,NORMAN Tracy,CONNORS John,CONNORS John,CONNORS John,CONNORS John,CONNORS John,CONNORS John,CONNORS John
NSW_Local_Government_2017_Dungog_-_A_Ward 3 seats.csv__hit180,NORMAN Tracy,NORMAN Tracy,NORMAN Tracy,NORMAN Tracy,NORMAN Tracy,NORMAN Tracy,NORMAN Tracy,NORMAN Tracy,NORMAN Tracy,NORMAN Tracy
NSW_Local_Government_2017_Dungog_-_A_Ward 3 seats.csv__hit181,CONNORS John,CONNORS John,NORMAN Tracy,LYON Jan,NORMAN Tracy,CONNORS John,CONNORS John,CONNORS John,CONNORS John,CONNORS John
NSW_Local_Government_2017_Dungog_-_A_Ward 3 seats.csv__hit182,CONNORS John,CONNORS John,CONNORS John,CONNORS John,CONNORS John,CONNORS John,CONNORS John,CONNORS John,CONNORS John,CONNORS John
NSW_Local_Government_2017_Dungog_-_A_Ward 3 seats.csv__hit183,LYON Jan,LYON Jan,LYON Jan,LYON Jan,LYON Jan,LYON Jan,LYON Jan,LYON Jan,LYON Jan,LYON Jan
NSW_Local_Government_2017_Dungog_-_A_Ward 3 seats.csv__hit184,CONNORS John,CONNORS John,CONNORS John,CONNORS John,LYON Jan,CONNORS John,CONNORS John,CONNORS John,CONNORS John,CONNORS John
NSW_Local_Government_2017_Dungog_-_A_Ward 3 seats.csv__hit185,CONNORS John,NORMAN Tracy,NORMAN Tracy,NORMAN Tracy,NORMAN Tracy,NORMAN Tracy,NORMAN Tracy,NORMAN Tracy,NORMAN Tracy,NORMAN Tracy
NSW_Local_Government_2017_Dungog_-_A_Ward 3 seats.csv__hit186,NORMAN Tracy,NORMAN Tracy,FARROW Stephen,CONNORS John,FARROW Stephen,NORMAN Tracy,NORMAN Tracy,NORMAN Tracy,NORMAN Tracy,NORMAN Tracy
NSW_Local_Government_2017_Dungog_-_A_Ward 3 seats.csv__hit187,CONNORS John,CONNORS John,LYON Jan,CONNORS John,CONNORS John,CONNORS John,CONNORS John,CONNORS John,CONNORS John,CONNORS John
NSW_Local_Government_2017_Dungog_-_A_Ward 3 seats.csv__hit188,CONNORS John,CONNORS John,FARROW Stephen,CONNORS John,CONNORS John,CONNORS John,CONNORS John,CONNORS John,CONNORS John,CONNORS John
NSW_Local_Government_2017_Dungog_-_A_Ward 3 seats.csv__hit189,NORMAN Tracy,NORMAN Tracy,FARROW Stephen,CONNORS John,NORMAN Tracy,NORMAN Tracy,NORMAN Tracy,NORMAN Tracy,NORMAN Tracy,NORMAN Tracy
NSW_Local_Government_2017_Dungog_-_A_Ward 3 seats.csv__hit190,CONNORS John,CONNORS John,NORMAN Tracy,CONNORS John,LYON Jan,CONNORS John,CONNORS John,CONNORS John,CONNORS John,CONNORS John
NSW_Local_Government_2017_Dungog_-_A_Ward 3 seats.csv__hit191,CONNORS John,CONNORS John,LYON Jan,CONNORS John,CONNORS John,CONNORS John,CONNORS John,CONNORS John,CONNORS John,CONNORS John
NSW_Local_Government_2017_Dungog_-_A_Ward 3 seats.csv__hit192,CONNORS John,CONNORS John,LYON Jan,LYON Jan,CONNORS John,CONNORS John,CONNORS John,CONNORS John,CONNORS John,CONNORS John
NSW_Local_Government_2017_Dungog_-_A_Ward 3 seats.csv__hit193,NORMAN Tracy,NORMAN Tracy,NORMAN Tracy,NORMAN Tracy,LYON Jan,CONNORS John,CONNORS John,NORMAN Tracy,NORMAN Tracy,NORMAN Tracy
NSW_Local_Government_2017_Dungog_-_A_Ward 3 seats.csv__hit194,CONNORS John,CONNORS John,NORMAN Tracy,CONNORS John,CONNORS John,CONNORS John,CONNORS John,CONNORS John,CONNORS John,CONNORS John
NSW_Local_Government_2017_Dungog_-_A_Ward 3 seats.csv__hit195,CONNORS John,NORMAN Tracy,NORMAN Tracy,NORMAN Tracy,NORMAN Tracy,NORMAN Tracy,NORMAN Tracy,NORMAN Tracy,NORMAN Tracy,NORMAN Tracy
NSW_Local_Government_2017_Dungog_-_A_Ward 3 seats.csv__hit196,CONNORS John,CONNORS John,LYON Jan,CONNORS John,LYON Jan,CONNORS John,CONNORS John,CONNORS John,CONNORS John,CONNORS John
NSW_Local_Government_2017_Dungog_-_A_Ward 3 seats.csv__hit197,NORMAN Tracy,NORMAN Tracy,NORMAN Tracy,CONNORS John,CONNORS John,CONNORS John,CONNORS John,NORMAN Tracy,NORMAN Tracy,NORMAN Tracy
NSW_Local_Government_2017_Dungog_-_A_Ward 3 seats.csv__hit198,CONNORS John,NORMAN Tracy,LYON Jan,NORMAN Tracy,CONNORS John,CONNORS John,CONNORS John,NORMAN Tracy,NORMAN Tracy,NORMAN Tracy
NSW_Local_Government_2017_Dungog_-_A_Ward 3 seats.csv__hit199,CONNORS John,CONNORS John,NORMAN Tracy,LYON Jan,NORMAN Tracy,CONNORS John,CONNORS John,CONNORS John,CONNORS John,CONNORS John
NSW_Local_Government_2016_Junee_Shire_Council 9 seats.csv__hit0,SMITH Neil,SMITH Neil,SMITH Neil,SMITH Neil,SMITH Neil,AUSTIN Matt,AUSTIN Matt,SMITH Neil,SMITH Neil,SMITH Neil
NSW_Local_Government_2016_Junee_Shire_Council 9 seats.csv__hit1,SMITH Neil,SMITH Neil,SMITH Neil,SMITH Neil,SMITH Neil,AUSTIN Matt,AUSTIN Matt,HALLIBURTON Pam,SMITH Neil,SMITH Neil
NSW_Local_Government_2016_Junee_Shire_Council 9 seats.csv__hit2,SMITH Neil,SMITH Neil,SMITH Neil,SMITH Neil,SMITH Neil,AUSTIN Matt,SMITH Neil,HALLIBURTON Pam,HALLIBURTON Pam,SMITH Neil
NSW_Local_Government_2016_Junee_Shire_Council 9 seats.csv__hit3,SMITH Neil,SMITH Neil,SMITH Neil,SMITH Neil,SMITH Neil,AUSTIN Matt,SMITH Neil,HALLIBURTON Pam,HALLIBURTON Pam,SMITH Neil
NSW_Local_Government_2016_Junee_Shire_Council 9 seats.csv__hit4,SMITH Neil,SMITH Neil,SMITH Neil,SMITH Neil,SMITH Neil,AUSTIN Matt,SMITH Neil,SMITH Neil,SMITH Neil,SMITH Neil
NSW_Local_Government_2016_Junee_Shire_Council 9 seats.csv__hit5,SMITH Neil,SMITH Neil,SMITH Neil,SMITH Neil,SMITH Neil,SMITH Neil,SMITH Neil,SMITH Neil,SMITH Neil,SMITH Neil
NSW_Local_Government_2016_Junee_Shire_Council 9 seats.csv__hit6,SMITH Neil,SMITH Neil,SMITH Neil,SMITH Neil,SMITH Neil,SMITH Neil,SMITH Neil,HALLIBURTON Pam,HALLIBURTON Pam,SMITH Neil
NSW_Local_Government_2016_Junee_Shire_Council 9 seats.csv__hit7,SMITH Neil,SMITH Neil,SMITH Neil,SMITH Neil,SMITH Neil,AUSTIN Matt,SMITH Neil,SMITH Neil,SMITH Neil,SMITH Neil
NSW_Local_Government_2016_Junee_Shire_Council 9 seats.csv__hit8,HALLIBURTON Pam,HALLIBURTON Pam,HALLIBURTON Pam,HALLIBURTON Pam,HALLIBURTON Pam,AUSTIN Matt,HALLIBURTON Pam,HALLIBURTON Pam,HALLIBURTON Pam,HALLIBURTON Pam
NSW_Local_Government_2016_Junee_Shire_Council 9 seats.csv__hit9,SMITH Neil,SMITH Neil,SMITH Neil,SMITH Neil,AUSTIN Matt,AUSTIN Matt,SMITH Neil,SMITH Neil,SMITH Neil,SMITH Neil
NSW_Local_Government_2016_Junee_Shire_Council 9 seats.csv__hit10,SMITH Neil,SMITH Neil,SMITH Neil,SMITH Neil,SMITH Neil,AUSTIN Matt,SMITH Neil,SMITH Neil,HALLIBURTON Pam,SMITH Neil
NSW_Local_Government_2016_Junee_Shire_Council 9 seats.csv__hit11,SMITH Neil,SMITH Neil,SMITH Neil,SMITH Neil,SMITH Neil,AUSTIN Matt,AUSTIN Matt,SMITH Neil,HALLIBURTON Pam,SMITH Neil
NSW_Local_Government_2016_Junee_Shire_Council 9 seats.csv__hit12,SMITH Neil,SMITH Neil,SMITH Neil,SMITH Neil,SMITH Neil,AUSTIN Matt,SMITH Neil,SMITH Neil,SMITH Neil,SMITH Neil
NSW_Local_Government_2016_Junee_Shire_Council 9 seats.csv__hit13,SMITH Neil,SMITH Neil,SMITH Neil,SMITH Neil,SMITH Neil,SMITH Neil,AUSTIN Matt,SMITH Neil,SMITH Neil,SMITH Neil
NSW_Local_Government_2016_Junee_Shire_Council 9 seats.csv__hit14,SMITH Neil,SMITH Neil,SMITH Neil,SMITH Neil,AUSTIN Matt,AUSTIN Matt,SMITH Neil,SMITH Neil,HALLIBURTON Pam,SMITH Neil
NSW_Local_Government_2016_Junee_Shire_Council 9 seats.csv__hit15,SMITH Neil,SMITH Neil,SMITH Neil,SMITH Neil,SMITH Neil,AUSTIN Matt,SMITH Neil,SMITH Neil,HALLIBURTON Pam,SMITH Neil
NSW_Local_Government_2016_Junee_Shire_Council 9 seats.csv__hit16,SMITH Neil,SMITH Neil,SMITH Neil,SMITH Neil,SMITH Neil,SMITH Neil,SMITH Neil,SMITH Neil,SMITH Neil,SMITH Neil
NSW_Local_Government_2016_Junee_Shire_Council 9 seats.csv__hit17,SMITH Neil,SMITH Neil,SMITH Neil,SMITH Neil,SMITH Neil,AUSTIN Matt,SMITH Neil,SMITH Neil,SMITH Neil,SMITH Neil
NSW_Local_Government_2016_Junee_Shire_Council 9 seats.csv__hit18,SMITH Neil,SMITH Neil,SMITH Neil,SMITH Neil,SMITH Neil,AUSTIN Matt,SMITH Neil,HALLIBURTON Pam,SMITH Neil,SMITH Neil
NSW_Local_Government_2016_Junee_Shire_Council 9 seats.csv__hit19,SMITH Neil,SMITH Neil,SMITH Neil,SMITH Neil,SMITH Neil,SMITH Neil,SMITH Neil,HALLIBURTON Pam,HALLIBURTON Pam,SMITH Neil
NSW_Local_Government_2016_Junee_Shire_Council 9 seats.csv__hit20,SMITH Neil,SMITH Neil,SMITH Neil,SMITH Neil,SMITH Neil,AUSTIN Matt,AUSTIN Matt,AUSTIN Matt,HALLIBURTON Pam,SMITH Neil
NSW_Local_Government_2016_Junee_Shire_Council 9 seats.csv__hit21,SMITH Neil,SMITH Neil,SMITH Neil,SMITH Neil,SMITH Neil,AUSTIN Matt,SMITH Neil,SMITH Neil,HALLIBURTON Pam,SMITH Neil
NSW_Local_Government_2016_Junee_Shire_Council 9 seats.csv__hit22,SMITH Neil,SMITH Neil,SMITH Neil,SMITH Neil,SMITH Neil,SMITH Neil,SMITH Neil,SMITH Neil,HALLIBURTON Pam,SMITH Neil
NSW_Local_Government_2016_Junee_Shire_Council 9 seats.csv__hit23,SMITH Neil,SMITH Neil,SMITH Neil,SMITH Neil,SMITH Neil,SMITH Neil,SMITH Neil,SMITH Neil,HALLIBURTON Pam,SMITH Neil
NSW_Local_Government_2016_Junee_Shire_Council 9 seats.csv__hit24,SMITH Neil,SMITH Neil,SMITH Neil,SMITH Neil,SMITH Neil,AUSTIN Matt,SMITH Neil,SMITH Neil,HALLIBURTON Pam,SMITH Neil
NSW_Local_Government_2016_Junee_Shire_Council 9 seats.csv__hit25,SMITH Neil,SMITH Neil,SMITH Neil,SMITH Neil,SMITH Neil,SMITH Neil,SMITH Neil,SMITH Neil,SMITH Neil,SMITH Neil
NSW_Local_Government_2016_Junee_Shire_Council 9 seats.csv__hit26,SMITH Neil,SMITH Neil,SMITH Neil,SMITH Neil,SMITH Neil,AUSTIN Matt,SMITH Neil,HALLIBURTON Pam,SMITH Neil,SMITH Neil
NSW_Local_Government_2016_Junee_Shire_Council 9 seats.csv__hit27,SMITH Neil,SMITH Neil,SMITH Neil,SMITH Neil,SMITH Neil,SMITH Neil,SMITH Neil,SMITH Neil,HALLIBURTON Pam,SMITH Neil
NSW_Local_Government_2016_Junee_Shire_Council 9 seats.csv__hit28,SMITH Neil,SMITH Neil,SMITH Neil,SMITH Neil,SMITH Neil,AUSTIN Matt,AUSTIN Matt,SMITH Neil,HALLIBURTON Pam,SMITH Neil
NSW_Local_Government_2016_Junee_Shire_Council 9 seats.csv__hit29,SMITH Neil,SMITH Neil,SMITH Neil,SMITH Neil,SMITH Neil,SMITH Neil,AUSTIN Matt,SMITH Neil,SMITH Neil,SMITH Neil
NSW_Local_Government_2016_Junee_Shire_Council 9 seats.csv__hit30,SMITH Neil,SMITH Neil,SMITH Neil,SMITH Neil,SMITH Neil,SMITH Neil,SMITH Neil,SMITH Neil,SMITH Neil,SMITH Neil
NSW_Local_Government_2016_Junee_Shire_Council 9 seats.csv__hit31,SMITH Neil,SMITH Neil,SMITH Neil,SMITH Neil,SMITH Neil,SMITH Neil,AUSTIN Matt,HALLIBURTON Pam,SMITH Neil,SMITH Neil
NSW_Local_Government_2016_Junee_Shire_Council 9 seats.csv__hit32,SMITH Neil,SMITH Neil,SMITH Neil,SMITH Neil,SMITH Neil,AUSTIN Matt,SMITH Neil,SMITH Neil,SMITH Neil,SMITH Neil
NSW_Local_Government_2016_Junee_Shire_Council 9 seats.csv__hit33,SMITH Neil,SMITH Neil,SMITH Neil,SMITH Neil,SMITH Neil,AUSTIN Matt,SMITH Neil,SMITH Neil,SMITH Neil,SMITH Neil
NSW_Local_Government_2016_Junee_Shire_Council 9 seats.csv__hit34,SMITH Neil,SMITH Neil,SMITH Neil,SMITH Neil,SMITH Neil,AUSTIN Matt,AUSTIN Matt,SMITH Neil,SMITH Neil,SMITH Neil
NSW_Local_Government_2016_Junee_Shire_Council 9 seats.csv__hit35,SMITH Neil,SMITH Neil,SMITH Neil,SMITH Neil,SMITH Neil,SMITH Neil,AUSTIN Matt,SMITH Neil,HALLIBURTON Pam,SMITH Neil
NSW_Local_Government_2016_Junee_Shire_Council 9 seats.csv__hit36,SMITH Neil,SMITH Neil,SMITH Neil,SMITH Neil,SMITH Neil,SMITH Neil,AUSTIN Matt,SMITH Neil,HALLIBURTON Pam,SMITH Neil
NSW_Local_Government_2016_Junee_Shire_Council 9 seats.csv__hit37,SMITH Neil,SMITH Neil,SMITH Neil,SMITH Neil,SMITH Neil,AUSTIN Matt,SMITH Neil,SMITH Neil,SMITH Neil,SMITH Neil
NSW_Local_Government_2016_Junee_Shire_Council 9 seats.csv__hit38,SMITH Neil,SMITH Neil,SMITH Neil,SMITH Neil,SMITH Neil,SMITH Neil,SMITH Neil,HALLIBURTON Pam,HALLIBURTON Pam,SMITH Neil
NSW_Local_Government_2016_Junee_Shire_Council 9 seats.csv__hit39,SMITH Neil,SMITH Neil,SMITH Neil,SMITH Neil,SMITH Neil,SMITH Neil,AUSTIN Matt,SMITH Neil,SMITH Neil,SMITH Neil
NSW_Local_Government_2016_Junee_Shire_Council 9 seats.csv__hit40,SMITH Neil,SMITH Neil,SMITH Neil,SMITH Neil,SMITH Neil,AUSTIN Matt,SMITH Neil,SMITH Neil,SMITH Neil,SMITH Neil
NSW_Local_Government_2016_Junee_Shire_Council 9 seats.csv__hit41,SMITH Neil,SMITH Neil,SMITH Neil,SMITH Neil,SMITH Neil,AUSTIN Matt,AUSTIN Matt,SMITH Neil,SMITH Neil,SMITH Neil
NSW_Local_Government_2016_Junee_Shire_Council 9 seats.csv__hit42,SMITH Neil,SMITH Neil,SMITH Neil,SMITH Neil,SMITH Neil,AUSTIN Matt,SMITH Neil,HALLIBURTON Pam,SMITH Neil,SMITH Neil
NSW_Local_Government_2016_Junee_Shire_Council 9 seats.csv__hit43,SMITH Neil,SMITH Neil,SMITH Neil,SMITH Neil,SMITH Neil,AUSTIN Matt,AUSTIN Matt,SMITH Neil,SMITH Neil,SMITH Neil
NSW_Local_Government_2016_Junee_Shire_Council 9 seats.csv__hit44,SMITH Neil,SMITH Neil,SMITH Neil,SMITH Neil,SMITH Neil,HALLIBURTON Pam,SMITH Neil,SMITH Neil,HALLIBURTON Pam,SMITH Neil
NSW_Local_Government_2016_Junee_Shire_Council 9 seats.csv__hit45,SMITH Neil,SMITH Neil,SMITH Neil,SMITH Neil,SMITH Neil,AUSTIN Matt,SMITH Neil,SMITH Neil,SMITH Neil,SMITH Neil
NSW_Local_Government_2016_Junee_Shire_Council 9 seats.csv__hit46,SMITH Neil,SMITH Neil,SMITH Neil,SMITH Neil,AUSTIN Matt,SMITH Neil,SMITH Neil,SMITH Neil,HALLIBURTON Pam,SMITH Neil
NSW_Local_Government_2016_Junee_Shire_Council 9 seats.csv__hit47,HALLIBURTON Pam,HALLIBURTON Pam,HALLIBURTON Pam,HALLIBURTON Pam,HALLIBURTON Pam,SMITH Neil,AUSTIN Matt,HALLIBURTON Pam,HALLIBURTON Pam,HALLIBURTON Pam
NSW_Local_Government_2016_Junee_Shire_Council 9 seats.csv__hit48,SMITH Neil,SMITH Neil,SMITH Neil,SMITH Neil,AUSTIN Matt,AUSTIN Matt,SMITH Neil,SMITH Neil,SMITH Neil,SMITH Neil
NSW_Local_Government_2016_Junee_Shire_Council 9 seats.csv__hit49,SMITH Neil,SMITH Neil,SMITH Neil,SMITH Neil,SMITH Neil,AUSTIN Matt,SMITH Neil,SMITH Neil,SMITH Neil,SMITH Neil
NSW_Local_Government_2016_Junee_Shire_Council 9 seats.csv__hit50,SMITH Neil,SMITH Neil,SMITH Neil,SMITH Neil,SMITH Neil,AUSTIN Matt,AUSTIN Matt,HALLIBURTON Pam,HALLIBURTON Pam,SMITH Neil
NSW_Local_Government_2016_Junee_Shire_Council 9 seats.csv__hit51,SMITH Neil,SMITH Neil,SMITH Neil,SMITH Neil,AUSTIN Matt,SMITH Neil,SMITH Neil,SMITH Neil,SMITH Neil,SMITH Neil
NSW_Local_Government_2016_Junee_Shire_Council 9 seats.csv__hit52,SMITH Neil,SMITH Neil,SMITH Neil,SMITH Neil,AUSTIN Matt,AUSTIN Matt,AUSTIN Matt,SMITH Neil,SMITH Neil,SMITH Neil
NSW_Local_Government_2016_Junee_Shire_Council 9 seats.csv__hit53,SMITH Neil,SMITH Neil,SMITH Neil,SMITH Neil,AUSTIN Matt,AUSTIN Matt,AUSTIN Matt,SMITH Neil,HALLIBURTON Pam,SMITH Neil
NSW_Local_Government_2016_Junee_Shire_Council 9 seats.csv__hit54,SMITH Neil,SMITH Neil,SMITH Neil,SMITH Neil,SMITH Neil,AUSTIN Matt,SMITH Neil,SMITH Neil,SMITH Neil,SMITH Neil
NSW_Local_Government_2016_Junee_Shire_Council 9 seats.csv__hit55,SMITH Neil,SMITH Neil,SMITH Neil,SMITH Neil,AUSTIN Matt,SMITH Neil,SMITH Neil,SMITH Neil,HALLIBURTON Pam,SMITH Neil
NSW_Local_Government_2016_Junee_Shire_Council 9 seats.csv__hit56,SMITH Neil,SMITH Neil,SMITH Neil,SMITH Neil,SMITH Neil,SMITH Neil,SMITH Neil,SMITH Neil,HALLIBURTON Pam,SMITH Neil
NSW_Local_Government_2016_Junee_Shire_Council 9 seats.csv__hit57,SMITH Neil,SMITH Neil,SMITH Neil,SMITH Neil,SMITH Neil,SMITH Neil,SMITH Neil,SMITH Neil,SMITH Neil,SMITH Neil
NSW_Local_Government_2016_Junee_Shire_Council 9 seats.csv__hit58,SMITH Neil,SMITH Neil,SMITH Neil,SMITH Neil,AUSTIN Matt,AUSTIN Matt,SMITH Neil,HALLIBURTON Pam,HALLIBURTON Pam,SMITH Neil
NSW_Local_Government_2016_Junee_Shire_Council 9 seats.csv__hit59,SMITH Neil,SMITH Neil,SMITH Neil,SMITH Neil,SMITH Neil,AUSTIN Matt,SMITH Neil,SMITH Neil,HALLIBURTON Pam,SMITH Neil
NSW_Local_Government_2016_Junee_Shire_Council 9 seats.csv__hit60,SMITH Neil,SMITH Neil,SMITH Neil,SMITH Neil,SMITH Neil,AUSTIN Matt,AUSTIN Matt,HALLIBURTON Pam,SMITH Neil,SMITH Neil
NSW_Local_Government_2016_Junee_Shire_Council 9 seats.csv__hit61,SMITH Neil,SMITH Neil,SMITH Neil,SMITH Neil,SMITH Neil,AUSTIN Matt,SMITH Neil,SMITH Neil,HALLIBURTON Pam,SMITH Neil
NSW_Local_Government_2016_Junee_Shire_Council 9 seats.csv__hit62,SMITH Neil,SMITH Neil,SMITH Neil,SMITH Neil,SMITH Neil,AUSTIN Matt,SMITH Neil,HALLIBURTON Pam,SMITH Neil,SMITH Neil
NSW_Local_Government_2016_Junee_Shire_Council 9 seats.csv__hit63,SMITH Neil,SMITH Neil,SMITH Neil,SMITH Neil,SMITH Neil,AUSTIN Matt,AUSTIN Matt,SMITH Neil,HALLIBURTON Pam,SMITH Neil
NSW_Local_Government_2016_Junee_Shire_Council 9 seats.csv__hit64,SMITH Neil,SMITH Neil,SMITH Neil,SMITH Neil,SMITH Neil,AUSTIN Matt,AUSTIN Matt,SMITH Neil,SMITH Neil,SMITH Neil
NSW_Local_Government_2016_Junee_Shire_Council 9 seats.csv__hit65,SMITH Neil,SMITH Neil,SMITH Neil,SMITH Neil,SMITH Neil,AUSTIN Matt,AUSTIN Matt,HALLIBURTON Pam,SMITH Neil,SMITH Neil
NSW_Local_Government_2016_Junee_Shire_Council 9 seats.csv__hit66,SMITH Neil,SMITH Neil,SMITH Neil,SMITH Neil,SMITH Neil,SMITH Neil,SMITH Neil,SMITH Neil,HALLIBURTON Pam,SMITH Neil
NSW_Local_Government_2016_Junee_Shire_Council 9 seats.csv__hit67,SMITH Neil,SMITH Neil,SMITH Neil,SMITH Neil,SMITH Neil,SMITH Neil,AUSTIN Matt,SMITH Neil,SMITH Neil,SMITH Neil
NSW_Local_Government_2016_Junee_Shire_Council 9 seats.csv__hit68,SMITH Neil,SMITH Neil,SMITH Neil,SMITH Neil,SMITH Neil,AUSTIN Matt,AUSTIN Matt,SMITH Neil,HALLIBURTON Pam,SMITH Neil
NSW_Local_Government_2016_Junee_Shire_Council 9 seats.csv__hit69,SMITH Neil,SMITH Neil,SMITH Neil,SMITH Neil,SMITH Neil,SMITH Neil,SMITH Neil,SMITH Neil,SMITH Neil,SMITH Neil
NSW_Local_Government_2016_Junee_Shire_Council 9 seats.csv__hit70,SMITH Neil,SMITH Neil,SMITH Neil,SMITH Neil,SMITH Neil,AUSTIN Matt,AUSTIN Matt,SMITH Neil,HALLIBURTON Pam,SMITH Neil
NSW_Local_Government_2016_Junee_Shire_Council 9 seats.csv__hit71,SMITH Neil,SMITH Neil,SMITH Neil,SMITH Neil,SMITH Neil,SMITH Neil,AUSTIN Matt,SMITH Neil,SMITH Neil,SMITH Neil
NSW_Local_Government_2016_Junee_Shire_Council 9 seats.csv__hit72,SMITH Neil,SMITH Neil,SMITH Neil,SMITH Neil,SMITH Neil,AUSTIN Matt,AUSTIN Matt,HALLIBURTON Pam,HALLIBURTON Pam,SMITH Neil
NSW_Local_Government_2016_Junee_Shire_Council 9 seats.csv__hit73,SMITH Neil,SMITH Neil,SMITH Neil,SMITH Neil,SMITH Neil,AUSTIN Matt,AUSTIN Matt,HALLIBURTON Pam,SMITH Neil,SMITH Neil
NSW_Local_Government_2016_Junee_Shire_Council 9 seats.csv__hit74,HALLIBURTON Pam,HALLIBURTON Pam,HALLIBURTON Pam,HALLIBURTON Pam,HALLIBURTON Pam,AUSTIN Matt,AUSTIN Matt,HALLIBURTON Pam,HALLIBURTON Pam,HALLIBURTON Pam
NSW_Local_Government_2016_Junee_Shire_Council 9 seats.csv__hit75,SMITH Neil,SMITH Neil,SMITH Neil,SMITH Neil,AUSTIN Matt,AUSTIN Matt,SMITH Neil,SMITH Neil,SMITH Neil,SMITH Neil
NSW_Local_Government_2016_Junee_Shire_Council 9 seats.csv__hit76,SMITH Neil,SMITH Neil,SMITH Neil,SMITH Neil,SMITH Neil,AUSTIN Matt,AUSTIN Matt,SMITH Neil,SMITH Neil,SMITH Neil
NSW_Local_Government_2016_Junee_Shire_Council 9 seats.csv__hit77,SMITH Neil,SMITH Neil,SMITH Neil,SMITH Neil,SMITH Neil,AUSTIN Matt,AUSTIN Matt,SMITH Neil,HALLIBURTON Pam,SMITH Neil
NSW_Local_Government_2016_Junee_Shire_Council 9 seats.csv__hit78,HALLIBURTON Pam,HALLIBURTON Pam,HALLIBURTON Pam,HALLIBURTON Pam,HALLIBURTON Pam,SMITH Neil,AUSTIN Matt,HALLIBURTON Pam,HALLIBURTON Pam,HALLIBURTON Pam
NSW_Local_Government_2016_Junee_Shire_Council 9 seats.csv__hit79,SMITH Neil,SMITH Neil,SMITH Neil,SMITH Neil,SMITH Neil,AUSTIN Matt,SMITH Neil,SMITH Neil,SMITH Neil,SMITH Neil
NSW_Local_Government_2016_Junee_Shire_Council 9 seats.csv__hit80,SMITH Neil,SMITH Neil,SMITH Neil,SMITH Neil,SMITH Neil,AUSTIN Matt,SMITH Neil,SMITH Neil,HALLIBURTON Pam,SMITH Neil
NSW_Local_Government_2016_Junee_Shire_Council 9 seats.csv__hit81,SMITH Neil,SMITH Neil,SMITH Neil,SMITH Neil,AUSTIN Matt,AUSTIN Matt,AUSTIN Matt,HALLIBURTON Pam,SMITH Neil,SMITH Neil
NSW_Local_Government_2016_Junee_Shire_Council 9 seats.csv__hit82,SMITH Neil,SMITH Neil,SMITH Neil,SMITH Neil,SMITH Neil,SMITH Neil,SMITH Neil,SMITH Neil,SMITH Neil,SMITH Neil
NSW_Local_Government_2016_Junee_Shire_Council 9 seats.csv__hit83,SMITH Neil,SMITH Neil,SMITH Neil,SMITH Neil,AUSTIN Matt,SMITH Neil,AUSTIN Matt,SMITH Neil,HALLIBURTON Pam,SMITH Neil
NSW_Local_Government_2016_Junee_Shire_Council 9 seats.csv__hit84,HALLIBURTON Pam,HALLIBURTON Pam,HALLIBURTON Pam,HALLIBURTON Pam,HALLIBURTON Pam,AUSTIN Matt,AUSTIN Matt,HALLIBURTON Pam,HALLIBURTON Pam,HALLIBURTON Pam
NSW_Local_Government_2016_Junee_Shire_Council 9 seats.csv__hit85,SMITH Neil,SMITH Neil,SMITH Neil,SMITH Neil,SMITH Neil,SMITH Neil,AUSTIN Matt,SMITH Neil,SMITH Neil,SMITH Neil
NSW_Local_Government_2016_Junee_Shire_Council 9 seats.csv__hit86,SMITH Neil,SMITH Neil,SMITH Neil,SMITH Neil,SMITH Neil,AUSTIN Matt,AUSTIN Matt,HALLIBURTON Pam,SMITH Neil,SMITH Neil
NSW_Local_Government_2016_Junee_Shire_Council 9 seats.csv__hit87,SMITH Neil,SMITH Neil,SMITH Neil,SMITH Neil,SMITH Neil,SMITH Neil,AUSTIN Matt,SMITH Neil,HALLIBURTON Pam,SMITH Neil
NSW_Local_Government_2016_Junee_Shire_Council 9 seats.csv__hit88,SMITH Neil,SMITH Neil,SMITH Neil,SMITH Neil,SMITH Neil,SMITH Neil,AUSTIN Matt,HALLIBURTON Pam,SMITH Neil,SMITH Neil
NSW_Local_Government_2016_Junee_Shire_Council 9 seats.csv__hit89,SMITH Neil,SMITH Neil,SMITH Neil,SMITH Neil,SMITH Neil,SMITH Neil,AUSTIN Matt,SMITH Neil,SMITH Neil,SMITH Neil
NSW_Local_Government_2016_Junee_Shire_Council 9 seats.csv__hit90,SMITH Neil,SMITH Neil,SMITH Neil,SMITH Neil,SMITH Neil,SMITH Neil,AUSTIN Matt,HALLIBURTON Pam,SMITH Neil,SMITH Neil
NSW_Local_Government_2016_Junee_Shire_Council 9 seats.csv__hit91,SMITH Neil,SMITH Neil,SMITH Neil,SMITH Neil,SMITH Neil,AUSTIN Matt,SMITH Neil,SMITH Neil,HALLIBURTON Pam,SMITH Neil
NSW_Local_Government_2016_Junee_Shire_Council 9 seats.csv__hit92,SMITH Neil,SMITH Neil,SMITH Neil,SMITH Neil,AUSTIN Matt,AUSTIN Matt,SMITH Neil,SMITH Neil,HALLIBURTON Pam,HALLIBURTON Pam
NSW_Local_Government_2016_Junee_Shire_Council 9 seats.csv__hit93,SMITH Neil,SMITH Neil,SMITH Neil,SMITH Neil,SMITH Neil,AUSTIN Matt,AUSTIN Matt,HALLIBURTON Pam,SMITH Neil,SMITH Neil
NSW_Local_Government_2016_Junee_Shire_Council 9 seats.csv__hit94,SMITH Neil,SMITH Neil,SMITH Neil,SMITH Neil,SMITH Neil,SMITH Neil,AUSTIN Matt,SMITH Neil,SMITH Neil,SMITH Neil
NSW_Local_Government_2016_Junee_Shire_Council 9 seats.csv__hit95,SMITH Neil,SMITH Neil,SMITH Neil,SMITH Neil,SMITH Neil,SMITH Neil,SMITH Neil,SMITH Neil,HALLIBURTON Pam,SMITH Neil
NSW_Local_Government_2016_Junee_Shire_Council 9 seats.csv__hit96,SMITH Neil,SMITH Neil,SMITH Neil,SMITH Neil,SMITH Neil,AUSTIN Matt,SMITH Neil,SMITH Neil,SMITH Neil,SMITH Neil
NSW_Local_Government_2016_Junee_Shire_Council 9 seats.csv__hit97,SMITH Neil,SMITH Neil,SMITH Neil,SMITH Neil,SMITH Neil,AUSTIN Matt,SMITH Neil,HALLIBURTON Pam,HALLIBURTON Pam,SMITH Neil
NSW_Local_Government_2016_Junee_Shire_Council 9 seats.csv__hit98,SMITH Neil,SMITH Neil,SMITH Neil,SMITH Neil,AUSTIN Matt,AUSTIN Matt,AUSTIN Matt,SMITH Neil,SMITH Neil,SMITH Neil
NSW_Local_Government_2016_Junee_Shire_Council 9 seats.csv__hit99,SMITH Neil,SMITH Neil,SMITH Neil,SMITH Neil,SMITH Neil,SMITH Neil,SMITH Neil,SMITH Neil,HALLIBURTON Pam,SMITH Neil
NSW_Local_Government_2016_Junee_Shire_Council 9 seats.csv__hit100,SMITH Neil,SMITH Neil,SMITH Neil,SMITH Neil,SMITH Neil,AUSTIN Matt,AUSTIN Matt,SMITH Neil,SMITH Neil,SMITH Neil
NSW_Local_Government_2016_Junee_Shire_Council 9 seats.csv__hit101,SMITH Neil,SMITH Neil,SMITH Neil,SMITH Neil,SMITH Neil,SMITH Neil,AUSTIN Matt,SMITH Neil,SMITH Neil,SMITH Neil
NSW_Local_Government_2016_Junee_Shire_Council 9 seats.csv__hit102,SMITH Neil,SMITH Neil,SMITH Neil,SMITH Neil,SMITH Neil,AUSTIN Matt,SMITH Neil,HALLIBURTON Pam,SMITH Neil,SMITH Neil
NSW_Local_Government_2016_Junee_Shire_Council 9 seats.csv__hit103,SMITH Neil,SMITH Neil,SMITH Neil,SMITH Neil,SMITH Neil,AUSTIN Matt,AUSTIN Matt,SMITH Neil,SMITH Neil,SMITH Neil
NSW_Local_Government_2016_Junee_Shire_Council 9 seats.csv__hit104,SMITH Neil,SMITH Neil,SMITH Neil,SMITH Neil,SMITH Neil,AUSTIN Matt,SMITH Neil,SMITH Neil,SMITH Neil,SMITH Neil
NSW_Local_Government_2016_Junee_Shire_Council 9 seats.csv__hit105,SMITH Neil,SMITH Neil,SMITH Neil,SMITH Neil,SMITH Neil,AUSTIN Matt,SMITH Neil,SMITH Neil,HALLIBURTON Pam,SMITH Neil
NSW_Local_Government_2016_Junee_Shire_Council 9 seats.csv__hit106,SMITH Neil,SMITH Neil,SMITH Neil,SMITH Neil,SMITH Neil,SMITH Neil,SMITH Neil,SMITH Neil,SMITH Neil,SMITH Neil
NSW_Local_Government_2016_Junee_Shire_Council 9 seats.csv__hit107,SMITH Neil,SMITH Neil,SMITH Neil,SMITH Neil,SMITH Neil,SMITH Neil,AUSTIN Matt,SMITH Neil,SMITH Neil,SMITH Neil
NSW_Local_Government_2016_Junee_Shire_Council 9 seats.csv__hit108,SMITH Neil,SMITH Neil,SMITH Neil,SMITH Neil,SMITH Neil,SMITH Neil,SMITH Neil,SMITH Neil,HALLIBURTON Pam,SMITH Neil
NSW_Local_Government_2016_Junee_Shire_Council 9 seats.csv__hit109,SMITH Neil,SMITH Neil,SMITH Neil,SMITH Neil,SMITH Neil,AUSTIN Matt,AUSTIN Matt,SMITH Neil,SMITH Neil,SMITH Neil
NSW_Local_Government_2016_Junee_Shire_Council 9 seats.csv__hit110,SMITH Neil,SMITH Neil,SMITH Neil,SMITH Neil,SMITH Neil,AUSTIN Matt,AUSTIN Matt,SMITH Neil,SMITH Neil,SMITH Neil
NSW_Local_Government_2016_Junee_Shire_Council 9 seats.csv__hit111,SMITH Neil,SMITH Neil,SMITH Neil,SMITH Neil,SMITH Neil,AUSTIN Matt,AUSTIN Matt,SMITH Neil,SMITH Neil,SMITH Neil
NSW_Local_Government_2016_Junee_Shire_Council 9 seats.csv__hit112,SMITH Neil,SMITH Neil,SMITH Neil,SMITH Neil,SMITH Neil,SMITH Neil,AUSTIN Matt,HALLIBURTON Pam,SMITH Neil,SMITH Neil
NSW_Local_Government_2016_Junee_Shire_Council 9 seats.csv__hit113,SMITH Neil,SMITH Neil,SMITH Neil,SMITH Neil,SMITH Neil,AUSTIN Matt,AUSTIN Matt,SMITH Neil,SMITH Neil,SMITH Neil
NSW_Local_Government_2016_Junee_Shire_Council 9 seats.csv__hit114,SMITH Neil,SMITH Neil,SMITH Neil,SMITH Neil,SMITH Neil,AUSTIN Matt,SMITH Neil,SMITH Neil,HALLIBURTON Pam,SMITH Neil
NSW_Local_Government_2016_Junee_Shire_Council 9 seats.csv__hit115,SMITH Neil,SMITH Neil,SMITH Neil,SMITH Neil,SMITH Neil,AUSTIN Matt,AUSTIN Matt,SMITH Neil,HALLIBURTON Pam,SMITH Neil
NSW_Local_Government_2016_Junee_Shire_Council 9 seats.csv__hit116,SMITH Neil,SMITH Neil,SMITH Neil,SMITH Neil,SMITH Neil,AUSTIN Matt,AUSTIN Matt,SMITH Neil,HALLIBURTON Pam,SMITH Neil
NSW_Local_Government_2016_Junee_Shire_Council 9 seats.csv__hit117,SMITH Neil,SMITH Neil,SMITH Neil,SMITH Neil,AUSTIN Matt,SMITH Neil,SMITH Neil,SMITH Neil,SMITH Neil,SMITH Neil
NSW_Local_Government_2016_Junee_Shire_Council 9 seats.csv__hit118,SMITH Neil,SMITH Neil,SMITH Neil,SMITH Neil,AUSTIN Matt,AUSTIN Matt,SMITH Neil,SMITH Neil,SMITH Neil,SMITH Neil
NSW_Local_Government_2016_Junee_Shire_Council 9 seats.csv__hit119,SMITH Neil,SMITH Neil,SMITH Neil,SMITH Neil,SMITH Neil,SMITH Neil,SMITH Neil,SMITH Neil,HALLIBURTON Pam,SMITH Neil
NSW_Local_Government_2016_Junee_Shire_Council 9 seats.csv__hit120,SMITH Neil,SMITH Neil,SMITH Neil,SMITH Neil,SMITH Neil,AUSTIN Matt,AUSTIN Matt,HALLIBURTON Pam,SMITH Neil,SMITH Neil
NSW_Local_Government_2016_Junee_Shire_Council 9 seats.csv__hit121,SMITH Neil,SMITH Neil,SMITH Neil,SMITH Neil,AUSTIN Matt,AUSTIN Matt,SMITH Neil,HALLIBURTON Pam,SMITH Neil,SMITH Neil
NSW_Local_Government_2016_Junee_Shire_Council 9 seats.csv__hit122,SMITH Neil,SMITH Neil,SMITH Neil,SMITH Neil,AUSTIN Matt,AUSTIN Matt,SMITH Neil,HALLIBURTON Pam,HALLIBURTON Pam,SMITH Neil
NSW_Local_Government_2016_Junee_Shire_Council 9 seats.csv__hit123,SMITH Neil,SMITH Neil,SMITH Neil,SMITH Neil,AUSTIN Matt,SMITH Neil,SMITH Neil,SMITH Neil,SMITH Neil,SMITH Neil
NSW_Local_Government_2016_Junee_Shire_Council 9 seats.csv__hit124,SMITH Neil,SMITH Neil,SMITH Neil,SMITH Neil,SMITH Neil,SMITH Neil,SMITH Neil,SMITH Neil,SMITH Neil,SMITH Neil
NSW_Local_Government_2016_Junee_Shire_Council 9 seats.csv__hit125,SMITH Neil,SMITH Neil,SMITH Neil,SMITH Neil,SMITH Neil,SMITH Neil,SMITH Neil,HALLIBURTON Pam,SMITH Neil,SMITH Neil
NSW_Local_Government_2016_Junee_Shire_Council 9 seats.csv__hit126,SMITH Neil,SMITH Neil,SMITH Neil,SMITH Neil,SMITH Neil,AUSTIN Matt,AUSTIN Matt,SMITH Neil,SMITH Neil,SMITH Neil
NSW_Local_Government_2016_Junee_Shire_Council 9 seats.csv__hit127,SMITH Neil,SMITH Neil,SMITH Neil,SMITH Neil,SMITH Neil,AUSTIN Matt,SMITH Neil,SMITH Neil,SMITH Neil,SMITH Neil
NSW_Local_Government_2016_Junee_Shire_Council 9 seats.csv__hit128,SMITH Neil,SMITH Neil,SMITH Neil,SMITH Neil,AUSTIN Matt,AUSTIN Matt,SMITH Neil,HALLIBURTON Pam,HALLIBURTON Pam,SMITH Neil
NSW_Local_Government_2016_Junee_Shire_Council 9 seats.csv__hit129,SMITH Neil,SMITH Neil,SMITH Neil,SMITH Neil,SMITH Neil,AUSTIN Matt,AUSTIN Matt,SMITH Neil,SMITH Neil,SMITH Neil
NSW_Local_Government_2016_Junee_Shire_Council 9 seats.csv__hit130,SMITH Neil,SMITH Neil,SMITH Neil,SMITH Neil,SMITH Neil,AUSTIN Matt,SMITH Neil,SMITH Neil,SMITH Neil,SMITH Neil
NSW_Local_Government_2016_Junee_Shire_Council 9 seats.csv__hit131,SMITH Neil,SMITH Neil,SMITH Neil,SMITH Neil,AUSTIN Matt,AUSTIN Matt,SMITH Neil,SMITH Neil,HALLIBURTON Pam,SMITH Neil
NSW_Local_Government_2016_Junee_Shire_Council 9 seats.csv__hit132,SMITH Neil,SMITH Neil,SMITH Neil,SMITH Neil,AUSTIN Matt,AUSTIN Matt,SMITH Neil,SMITH Neil,HALLIBURTON Pam,SMITH Neil
NSW_Local_Government_2016_Junee_Shire_Council 9 seats.csv__hit133,SMITH Neil,SMITH Neil,SMITH Neil,SMITH Neil,SMITH Neil,SMITH Neil,SMITH Neil,SMITH Neil,HALLIBURTON Pam,SMITH Neil
NSW_Local_Government_2016_Junee_Shire_Council 9 seats.csv__hit134,SMITH Neil,SMITH Neil,SMITH Neil,SMITH Neil,SMITH Neil,SMITH Neil,SMITH Neil,SMITH Neil,HALLIBURTON Pam,SMITH Neil
NSW_Local_Government_2016_Junee_Shire_Council 9 seats.csv__hit135,SMITH Neil,SMITH Neil,SMITH Neil,SMITH Neil,SMITH Neil,AUSTIN Matt,AUSTIN Matt,SMITH Neil,HALLIBURTON Pam,SMITH Neil
NSW_Local_Government_2016_Junee_Shire_Council 9 seats.csv__hit136,SMITH Neil,SMITH Neil,SMITH Neil,SMITH Neil,AUSTIN Matt,AUSTIN Matt,AUSTIN Matt,SMITH Neil,SMITH Neil,SMITH Neil
NSW_Local_Government_2016_Junee_Shire_Council 9 seats.csv__hit137,SMITH Neil,SMITH Neil,SMITH Neil,SMITH Neil,SMITH Neil,SMITH Neil,AUSTIN Matt,SMITH Neil,SMITH Neil,SMITH Neil
NSW_Local_Government_2016_Junee_Shire_Council 9 seats.csv__hit138,SMITH Neil,SMITH Neil,SMITH Neil,SMITH Neil,SMITH Neil,AUSTIN Matt,AUSTIN Matt,HALLIBURTON Pam,HALLIBURTON Pam,SMITH Neil
NSW_Local_Government_2016_Junee_Shire_Council 9 seats.csv__hit139,SMITH Neil,SMITH Neil,SMITH Neil,SMITH Neil,SMITH Neil,SMITH Neil,SMITH Neil,HALLIBURTON Pam,SMITH Neil,SMITH Neil
NSW_Local_Government_2016_Junee_Shire_Council 9 seats.csv__hit140,SMITH Neil,SMITH Neil,SMITH Neil,SMITH Neil,SMITH Neil,AUSTIN Matt,SMITH Neil,SMITH Neil,SMITH Neil,SMITH Neil
NSW_Local_Government_2016_Junee_Shire_Council 9 seats.csv__hit141,SMITH Neil,SMITH Neil,SMITH Neil,SMITH Neil,SMITH Neil,AUSTIN Matt,SMITH Neil,SMITH Neil,SMITH Neil,SMITH Neil
NSW_Local_Government_2016_Junee_Shire_Council 9 seats.csv__hit142,SMITH Neil,SMITH Neil,SMITH Neil,SMITH Neil,SMITH Neil,AUSTIN Matt,SMITH Neil,SMITH Neil,HALLIBURTON Pam,SMITH Neil
NSW_Local_Government_2016_Junee_Shire_Council 9 seats.csv__hit143,SMITH Neil,SMITH Neil,SMITH Neil,SMITH Neil,SMITH Neil,SMITH Neil,AUSTIN Matt,SMITH Neil,HALLIBURTON Pam,SMITH Neil
NSW_Local_Government_2016_Junee_Shire_Council 9 seats.csv__hit144,SMITH Neil,SMITH Neil,SMITH Neil,SMITH Neil,SMITH Neil,SMITH Neil,AUSTIN Matt,SMITH Neil,HALLIBURTON Pam,SMITH Neil
NSW_Local_Government_2016_Junee_Shire_Council 9 seats.csv__hit145,SMITH Neil,SMITH Neil,SMITH Neil,SMITH Neil,SMITH Neil,SMITH Neil,SMITH Neil,SMITH Neil,SMITH Neil,SMITH Neil
NSW_Local_Government_2016_Junee_Shire_Council 9 seats.csv__hit146,SMITH Neil,SMITH Neil,SMITH Neil,SMITH Neil,SMITH Neil,AUSTIN Matt,SMITH Neil,SMITH Neil,HALLIBURTON Pam,SMITH Neil
NSW_Local_Government_2016_Junee_Shire_Council 9 seats.csv__hit147,SMITH Neil,SMITH Neil,SMITH Neil,SMITH Neil,AUSTIN Matt,SMITH Neil,SMITH Neil,SMITH Neil,SMITH Neil,SMITH Neil
NSW_Local_Government_2016_Junee_Shire_Council 9 seats.csv__hit148,SMITH Neil,SMITH Neil,SMITH Neil,SMITH Neil,SMITH Neil,AUSTIN Matt,AUSTIN Matt,SMITH Neil,SMITH Neil,SMITH Neil
NSW_Local_Government_2016_Junee_Shire_Council 9 seats.csv__hit149,SMITH Neil,SMITH Neil,SMITH Neil,SMITH Neil,SMITH Neil,AUSTIN Matt,SMITH Neil,SMITH Neil,SMITH Neil,SMITH Neil
NSW_Local_Government_2016_Junee_Shire_Council 9 seats.csv__hit150,SMITH Neil,SMITH Neil,SMITH Neil,SMITH Neil,SMITH Neil,SMITH Neil,AUSTIN Matt,SMITH Neil,SMITH Neil,SMITH Neil
NSW_Local_Government_2016_Junee_Shire_Council 9 seats.csv__hit151,SMITH Neil,SMITH Neil,SMITH Neil,SMITH Neil,SMITH Neil,AUSTIN Matt,SMITH Neil,SMITH Neil,HALLIBURTON Pam,SMITH Neil
NSW_Local_Government_2016_Junee_Shire_Council 9 seats.csv__hit152,SMITH Neil,SMITH Neil,SMITH Neil,SMITH Neil,SMITH Neil,SMITH Neil,AUSTIN Matt,SMITH Neil,SMITH Neil,SMITH Neil
NSW_Local_Government_2016_Junee_Shire_Council 9 seats.csv__hit153,SMITH Neil,SMITH Neil,SMITH Neil,SMITH Neil,SMITH Neil,SMITH Neil,AUSTIN Matt,SMITH Neil,SMITH Neil,SMITH Neil
NSW_Local_Government_2016_Junee_Shire_Council 9 seats.csv__hit154,SMITH Neil,SMITH Neil,SMITH Neil,SMITH Neil,SMITH Neil,SMITH Neil,SMITH Neil,SMITH Neil,SMITH Neil,SMITH Neil
NSW_Local_Government_2016_Junee_Shire_Council 9 seats.csv__hit155,SMITH Neil,SMITH Neil,SMITH Neil,SMITH Neil,SMITH Neil,AUSTIN Matt,SMITH Neil,HALLIBURTON Pam,SMITH Neil,SMITH Neil
NSW_Local_Government_2016_Junee_Shire_Council 9 seats.csv__hit156,SMITH Neil,SMITH Neil,SMITH Neil,SMITH Neil,SMITH Neil,AUSTIN Matt,SMITH Neil,HALLIBURTON Pam,HALLIBURTON Pam,SMITH Neil
NSW_Local_Government_2016_Junee_Shire_Council 9 seats.csv__hit157,SMITH Neil,SMITH Neil,SMITH Neil,SMITH Neil,SMITH Neil,SMITH Neil,SMITH Neil,HALLIBURTON Pam,SMITH Neil,SMITH Neil
NSW_Local_Government_2016_Junee_Shire_Council 9 seats.csv__hit158,SMITH Neil,SMITH Neil,SMITH Neil,SMITH Neil,SMITH Neil,AUSTIN Matt,SMITH Neil,SMITH Neil,SMITH Neil,SMITH Neil
NSW_Local_Government_2016_Junee_Shire_Council 9 seats.csv__hit159,SMITH Neil,SMITH Neil,SMITH Neil,SMITH Neil,SMITH Neil,AUSTIN Matt,AUSTIN Matt,SMITH Neil,HALLIBURTON Pam,SMITH Neil
NSW_Local_Government_2016_Junee_Shire_Council 9 seats.csv__hit160,SMITH Neil,SMITH Neil,SMITH Neil,SMITH Neil,SMITH Neil,SMITH Neil,SMITH Neil,SMITH Neil,HALLIBURTON Pam,SMITH Neil
NSW_Local_Government_2016_Junee_Shire_Council 9 seats.csv__hit161,SMITH Neil,SMITH Neil,SMITH Neil,SMITH Neil,SMITH Neil,SMITH Neil,AUSTIN Matt,HALLIBURTON Pam,SMITH Neil,SMITH Neil
NSW_Local_Government_2016_Junee_Shire_Council 9 seats.csv__hit162,SMITH Neil,SMITH Neil,SMITH Neil,SMITH Neil,SMITH Neil,AUSTIN Matt,AUSTIN Matt,HALLIBURTON Pam,SMITH Neil,SMITH Neil
NSW_Local_Government_2016_Junee_Shire_Council 9 seats.csv__hit163,SMITH Neil,SMITH Neil,SMITH Neil,SMITH Neil,SMITH Neil,AUSTIN Matt,AUSTIN Matt,SMITH Neil,HALLIBURTON Pam,SMITH Neil
NSW_Local_Government_2016_Junee_Shire_Council 9 seats.csv__hit164,SMITH Neil,SMITH Neil,SMITH Neil,SMITH Neil,SMITH Neil,SMITH Neil,AUSTIN Matt,SMITH Neil,SMITH Neil,SMITH Neil
NSW_Local_Government_2016_Junee_Shire_Council 9 seats.csv__hit165,SMITH Neil,SMITH Neil,SMITH Neil,SMITH Neil,SMITH Neil,SMITH Neil,SMITH Neil,SMITH Neil,HALLIBURTON Pam,SMITH Neil
NSW_Local_Government_2016_Junee_Shire_Council 9 seats.csv__hit166,SMITH Neil,SMITH Neil,SMITH Neil,SMITH Neil,SMITH Neil,SMITH Neil,SMITH Neil,SMITH Neil,HALLIBURTON Pam,SMITH Neil
NSW_Local_Government_2016_Junee_Shire_Council 9 seats.csv__hit167,SMITH Neil,SMITH Neil,SMITH Neil,SMITH Neil,AUSTIN Matt,AUSTIN Matt,AUSTIN Matt,SMITH Neil,SMITH Neil,SMITH Neil
NSW_Local_Government_2016_Junee_Shire_Council 9 seats.csv__hit168,SMITH Neil,SMITH Neil,SMITH Neil,SMITH Neil,SMITH Neil,AUSTIN Matt,AUSTIN Matt,SMITH Neil,SMITH Neil,SMITH Neil
NSW_Local_Government_2016_Junee_Shire_Council 9 seats.csv__hit169,SMITH Neil,SMITH Neil,SMITH Neil,SMITH Neil,AUSTIN Matt,SMITH Neil,SMITH Neil,SMITH Neil,HALLIBURTON Pam,SMITH Neil
NSW_Local_Government_2016_Junee_Shire_Council 9 seats.csv__hit170,SMITH Neil,SMITH Neil,SMITH Neil,SMITH Neil,SMITH Neil,AUSTIN Matt,AUSTIN Matt,SMITH Neil,SMITH Neil,SMITH Neil
NSW_Local_Government_2016_Junee_Shire_Council 9 seats.csv__hit171,SMITH Neil,SMITH Neil,SMITH Neil,SMITH Neil,SMITH Neil,AUSTIN Matt,SMITH Neil,HALLIBURTON Pam,HALLIBURTON Pam,SMITH Neil
NSW_Local_Government_2016_Junee_Shire_Council 9 seats.csv__hit172,SMITH Neil,SMITH Neil,SMITH Neil,SMITH Neil,SMITH Neil,SMITH Neil,AUSTIN Matt,SMITH Neil,SMITH Neil,SMITH Neil
NSW_Local_Government_2016_Junee_Shire_Council 9 seats.csv__hit173,SMITH Neil,SMITH Neil,SMITH Neil,SMITH Neil,SMITH Neil,AUSTIN Matt,AUSTIN Matt,HALLIBURTON Pam,SMITH Neil,SMITH Neil
NSW_Local_Government_2016_Junee_Shire_Council 9 seats.csv__hit174,SMITH Neil,SMITH Neil,SMITH Neil,SMITH Neil,SMITH Neil,SMITH Neil,SMITH Neil,SMITH Neil,SMITH Neil,SMITH Neil
NSW_Local_Government_2016_Junee_Shire_Council 9 seats.csv__hit175,SMITH Neil,SMITH Neil,SMITH Neil,SMITH Neil,SMITH Neil,AUSTIN Matt,SMITH Neil,SMITH Neil,HALLIBURTON Pam,SMITH Neil
NSW_Local_Government_2016_Junee_Shire_Council 9 seats.csv__hit176,HALLIBURTON Pam,HALLIBURTON Pam,HALLIBURTON Pam,HALLIBURTON Pam,HALLIBURTON Pam,AUSTIN Matt,SMITH Neil,SMITH Neil,HALLIBURTON Pam,HALLIBURTON Pam
NSW_Local_Government_2016_Junee_Shire_Council 9 seats.csv__hit177,SMITH Neil,SMITH Neil,SMITH Neil,SMITH Neil,SMITH Neil,AUSTIN Matt,SMITH Neil,HALLIBURTON Pam,HALLIBURTON Pam,SMITH Neil
NSW_Local_Government_2016_Junee_Shire_Council 9 seats.csv__hit178,SMITH Neil,SMITH Neil,SMITH Neil,SMITH Neil,SMITH Neil,AUSTIN Matt,SMITH Neil,SMITH Neil,HALLIBURTON Pam,SMITH Neil
NSW_Local_Government_2016_Junee_Shire_Council 9 seats.csv__hit179,SMITH Neil,SMITH Neil,SMITH Neil,SMITH Neil,SMITH Neil,AUSTIN Matt,SMITH Neil,SMITH Neil,SMITH Neil,SMITH Neil
NSW_Local_Government_2016_Junee_Shire_Council 9 seats.csv__hit180,SMITH Neil,SMITH Neil,SMITH Neil,SMITH Neil,SMITH Neil,AUSTIN Matt,AUSTIN Matt,SMITH Neil,SMITH Neil,SMITH Neil
NSW_Local_Government_2016_Junee_Shire_Council 9 seats.csv__hit181,SMITH Neil,SMITH Neil,SMITH Neil,SMITH Neil,SMITH Neil,AUSTIN Matt,SMITH Neil,SMITH Neil,SMITH Neil,SMITH Neil
NSW_Local_Government_2016_Junee_Shire_Council 9 seats.csv__hit182,SMITH Neil,SMITH Neil,SMITH Neil,SMITH Neil,SMITH Neil,SMITH Neil,AUSTIN Matt,HALLIBURTON Pam,HALLIBURTON Pam,SMITH Neil
NSW_Local_Government_2016_Junee_Shire_Council 9 seats.csv__hit183,SMITH Neil,SMITH Neil,SMITH Neil,SMITH Neil,SMITH Neil,SMITH Neil,SMITH Neil,SMITH Neil,SMITH Neil,SMITH Neil
NSW_Local_Government_2016_Junee_Shire_Council 9 seats.csv__hit184,SMITH Neil,SMITH Neil,SMITH Neil,SMITH Neil,SMITH Neil,AUSTIN Matt,SMITH Neil,SMITH Neil,SMITH Neil,SMITH Neil
NSW_Local_Government_2016_Junee_Shire_Council 9 seats.csv__hit185,SMITH Neil,SMITH Neil,SMITH Neil,SMITH Neil,SMITH Neil,SMITH Neil,SMITH Neil,SMITH Neil,SMITH Neil,SMITH Neil
NSW_Local_Government_2016_Junee_Shire_Council 9 seats.csv__hit186,SMITH Neil,SMITH Neil,SMITH Neil,SMITH Neil,SMITH Neil,AUSTIN Matt,SMITH Neil,HALLIBURTON Pam,HALLIBURTON Pam,SMITH Neil
NSW_Local_Government_2016_Junee_Shire_Council 9 seats.csv__hit187,SMITH Neil,SMITH Neil,SMITH Neil,SMITH Neil,SMITH Neil,SMITH Neil,AUSTIN Matt,SMITH Neil,SMITH Neil,SMITH Neil
NSW_Local_Government_2016_Junee_Shire_Council 9 seats.csv__hit188,SMITH Neil,SMITH Neil,SMITH Neil,SMITH Neil,SMITH Neil,SMITH Neil,SMITH Neil,SMITH Neil,HALLIBURTON Pam,SMITH Neil
NSW_Local_Government_2016_Junee_Shire_Council 9 seats.csv__hit189,SMITH Neil,SMITH Neil,SMITH Neil,SMITH Neil,SMITH Neil,AUSTIN Matt,SMITH Neil,SMITH Neil,HALLIBURTON Pam,SMITH Neil
NSW_Local_Government_2016_Junee_Shire_Council 9 seats.csv__hit190,SMITH Neil,SMITH Neil,SMITH Neil,SMITH Neil,SMITH Neil,AUSTIN Matt,AUSTIN Matt,SMITH Neil,HALLIBURTON Pam,SMITH Neil
NSW_Local_Government_2016_Junee_Shire_Council 9 seats.csv__hit191,SMITH Neil,SMITH Neil,SMITH Neil,SMITH Neil,SMITH Neil,SMITH Neil,AUSTIN Matt,HALLIBURTON Pam,SMITH Neil,SMITH Neil
NSW_Local_Government_2016_Junee_Shire_Council 9 seats.csv__hit192,SMITH Neil,SMITH Neil,SMITH Neil,SMITH Neil,SMITH Neil,AUSTIN Matt,SMITH Neil,SMITH Neil,SMITH Neil,SMITH Neil
NSW_Local_Government_2016_Junee_Shire_Council 9 seats.csv__hit193,SMITH Neil,SMITH Neil,SMITH Neil,SMITH Neil,SMITH Neil,AUSTIN Matt,SMITH Neil,SMITH Neil,SMITH Neil,SMITH Neil
NSW_Local_Government_2016_Junee_Shire_Council 9 seats.csv__hit194,SMITH Neil,SMITH Neil,SMITH Neil,SMITH Neil,SMITH Neil,SMITH Neil,SMITH Neil,SMITH Neil,HALLIBURTON Pam,SMITH Neil
NSW_Local_Government_2016_Junee_Shire_Council 9 seats.csv__hit195,SMITH Neil,SMITH Neil,SMITH Neil,SMITH Neil,SMITH Neil,AUSTIN Matt,AUSTIN Matt,SMITH Neil,HALLIBURTON Pam,SMITH Neil
NSW_Local_Government_2016_Junee_Shire_Council 9 seats.csv__hit196,SMITH Neil,SMITH Neil,SMITH Neil,SMITH Neil,SMITH Neil,AUSTIN Matt,SMITH Neil,HALLIBURTON Pam,HALLIBURTON Pam,SMITH Neil
NSW_Local_Government_2016_Junee_Shire_Council 9 seats.csv__hit197,SMITH Neil,SMITH Neil,SMITH Neil,SMITH Neil,SMITH Neil,SMITH Neil,SMITH Neil,SMITH Neil,SMITH Neil,SMITH Neil
NSW_Local_Government_2016_Junee_Shire_Council 9 seats.csv__hit198,SMITH Neil,SMITH Neil,SMITH Neil,SMITH Neil,SMITH Neil,SMITH Neil,AUSTIN Matt,SMITH Neil,HALLIBURTON Pam,SMITH Neil
NSW_Local_Government_2016_Junee_Shire_Council 9 seats.csv__hit199,SMITH Neil,SMITH Neil,SMITH Neil,SMITH Neil,SMITH Neil,SMITH Neil,AUSTIN Matt,HALLIBURTON Pam,SMITH Neil,SMITH Neil
NSW_Local_Government_2016_Sutherland_Shire_Council_-_E_Ward 3 seats.csv__hit0,VERSI Matthew (D),SIMPSON Steve (B),SIMPSON Steve (B),SIMPSON Steve (B),SIMPSON Steve (B),SIMPSON Steve (B),SIMPSON Steve (B),SIMPSON Steve (B),SIMPSON Steve (B),SIMPSON Steve (B)
NSW_Local_Government_2016_Sutherland_Shire_Council_-_E_Ward 3 seats.csv__hit1,SIMPSON Steve (B),SIMPSON Steve (B),SIMPSON Steve (B),SIMPSON Steve (B),SIMPSON Steve (B),SIMPSON Steve (B),SIMPSON Steve (B),SIMPSON Steve (B),SIMPSON Steve (B),SIMPSON Steve (B)
NSW_Local_Government_2016_Sutherland_Shire_Council_-_E_Ward 3 seats.csv__hit2,SIMPSON Steve (B),SIMPSON Steve (B),SIMPSON Steve (B),SIMPSON Steve (B),SIMPSON Steve (B),SIMPSON Steve (B),SIMPSON Steve (B),SIMPSON Steve (B),SIMPSON Steve (B),SIMPSON Steve (B)
NSW_Local_Government_2016_Sutherland_Shire_Council_-_E_Ward 3 seats.csv__hit3,SIMPSON Steve (B),SIMPSON Steve (B),SIMPSON Steve (B),SIMPSON Steve (B),SIMPSON Steve (B),SIMPSON Steve (B),SIMPSON Steve (B),SIMPSON Steve (B),SIMPSON Steve (B),SIMPSON Steve (B)
NSW_Local_Government_2016_Sutherland_Shire_Council_-_E_Ward 3 seats.csv__hit4,VERSI Matthew (D),SIMPSON Steve (B),SIMPSON Steve (B),SIMPSON Steve (B),SIMPSON Steve (B),SIMPSON Steve (B),SIMPSON Steve (B),SIMPSON Steve (B),SIMPSON Steve (B),SIMPSON Steve (B)
NSW_Local_Government_2016_Sutherland_Shire_Council_-_E_Ward 3 seats.csv__hit5,SIMPSON Steve (B),SIMPSON Steve (B),SIMPSON Steve (B),SIMPSON Steve (B),SIMPSON Steve (B),SIMPSON Steve (B),SIMPSON Steve (B),SIMPSON Steve (B),SIMPSON Steve (B),SIMPSON Steve (B)
NSW_Local_Government_2016_Sutherland_Shire_Council_-_E_Ward 3 seats.csv__hit6,VERSI Matthew (D),SIMPSON Steve (B),SIMPSON Steve (B),SIMPSON Steve (B),SIMPSON Steve (B),SIMPSON Steve (B),SIMPSON Steve (B),SIMPSON Steve (B),SIMPSON Steve (B),SIMPSON Steve (B)
NSW_Local_Government_2016_Sutherland_Shire_Council_-_E_Ward 3 seats.csv__hit7,LAVERTY Meredith (D),SIMPSON Steve (B),SIMPSON Steve (B),SIMPSON Steve (B),SIMPSON Steve (B),SIMPSON Steve (B),SIMPSON Steve (B),SIMPSON Steve (B),SIMPSON Steve (B),SIMPSON Steve (B)
NSW_Local_Government_2016_Sutherland_Shire_Council_-_E_Ward 3 seats.csv__hit8,LAVERTY Meredith (D),SIMPSON Steve (B),SIMPSON Steve (B),SIMPSON Steve (B),SIMPSON Steve (B),SIMPSON Steve (B),SIMPSON Steve (B),SIMPSON Steve (B),SIMPSON Steve (B),SIMPSON Steve (B)
NSW_Local_Government_2016_Sutherland_Shire_Council_-_E_Ward 3 seats.csv__hit9,LAVERTY Meredith (D),SIMPSON Steve (B),SIMPSON Steve (B),SIMPSON Steve (B),SIMPSON Steve (B),SIMPSON Steve (B),SIMPSON Steve (B),SIMPSON Steve (B),SIMPSON Steve (B),SIMPSON Steve (B)
NSW_Local_Government_2016_Sutherland_Shire_Council_-_E_Ward 3 seats.csv__hit10,LAVERTY Meredith (D),SIMPSON Steve (B),SIMPSON Steve (B),SIMPSON Steve (B),SIMPSON Steve (B),SIMPSON Steve (B),SIMPSON Steve (B),SIMPSON Steve (B),SIMPSON Steve (B),SIMPSON Steve (B)
NSW_Local_Government_2016_Sutherland_Shire_Council_-_E_Ward 3 seats.csv__hit11,SIMPSON Steve (B),SIMPSON Steve (B),SIMPSON Steve (B),SIMPSON Steve (B),SIMPSON Steve (B),SIMPSON Steve (B),SIMPSON Steve (B),SIMPSON Steve (B),SIMPSON Steve (B),SIMPSON Steve (B)
NSW_Local_Government_2016_Sutherland_Shire_Council_-_E_Ward 3 seats.csv__hit12,LAVERTY Meredith (D),SIMPSON Steve (B),SIMPSON Steve (B),SIMPSON Steve (B),SIMPSON Steve (B),SIMPSON Steve (B),SIMPSON Steve (B),SIMPSON Steve (B),SIMPSON Steve (B),SIMPSON Steve (B)
NSW_Local_Government_2016_Sutherland_Shire_Council_-_E_Ward 3 seats.csv__hit13,SIMPSON Steve (B),SIMPSON Steve (B),SIMPSON Steve (B),SIMPSON Steve (B),SIMPSON Steve (B),SIMPSON Steve (B),SIMPSON Steve (B),SIMPSON Steve (B),SIMPSON Steve (B),SIMPSON Steve (B)
NSW_Local_Government_2016_Sutherland_Shire_Council_-_E_Ward 3 seats.csv__hit14,SIMPSON Steve (B),SIMPSON Steve (B),SIMPSON Steve (B),SIMPSON Steve (B),SIMPSON Steve (B),SIMPSON Steve (B),SIMPSON Steve (B),SIMPSON Steve (B),SIMPSON Steve (B),SIMPSON Steve (B)
NSW_Local_Government_2016_Tamworth_Regional_Council 9 seats.csv__hit0,RODDA Mark (UG),RODDA Mark (UG),RODDA Mark (UG),RODDA Mark (UG),RODDA Mark (UG),RODDA Mark (UG),RODDA Mark (UG),RODDA Mark (UG),RODDA Mark (UG),RODDA Mark (UG)
NSW_Local_Government_2016_Tamworth_Regional_Council 9 seats.csv__hit1,RODDA Mark (UG),RODDA Mark (UG),RODDA Mark (UG),RODDA Mark (UG),RODDA Mark (UG),RODDA Mark (UG),RODDA Mark (UG),RODDA Mark (UG),RODDA Mark (UG),RODDA Mark (UG)
NSW_Local_Government_2016_Tamworth_Regional_Council 9 seats.csv__hit2,RODDA Mark (UG),RODDA Mark (UG),RODDA Mark (UG),RODDA Mark (UG),TICKLE Helen (UG),RODDA Mark (UG),RODDA Mark (UG),RODDA Mark (UG),RODDA Mark (UG),RODDA Mark (UG)
NSW_Local_Government_2016_Tamworth_Regional_Council 9 seats.csv__hit3,RODDA Mark (UG),RODDA Mark (UG),RODDA Mark (UG),RODDA Mark (UG),RODDA Mark (UG),RODDA Mark (UG),RODDA Mark (UG),RODDA Mark (UG),RODDA Mark (UG),RODDA Mark (UG)
NSW_Local_Government_2016_Tamworth_Regional_Council 9 seats.csv__hit4,RODDA Mark (UG),RODDA Mark (UG),RODDA Mark (UG),RODDA Mark (UG),RODDA Mark (UG),RODDA Mark (UG),RODDA Mark (UG),RODDA Mark (UG),RODDA Mark (UG),RODDA Mark (UG)
NSW_Local_Government_2016_Tamworth_Regional_Council 9 seats.csv__hit5,RODDA Mark (UG),RODDA Mark (UG),RODDA Mark (UG),RODDA Mark (UG),RODDA Mark (UG),RODDA Mark (UG),RODDA Mark (UG),RODDA Mark (UG),RODDA Mark (UG),RODDA Mark (UG)
NSW_Local_Government_2016_Tamworth_Regional_Council 9 seats.csv__hit6,WEBB Russell (UG),WEBB Russell (UG),RODDA Mark (UG),TICKLE Helen (UG),WEBB Russell (UG),RODDA Mark (UG),RODDA Mark (UG),RODDA Mark (UG),WEBB Russell (UG),WEBB Russell (UG)
NSW_Local_Government_2016_Tamworth_Regional_Council 9 seats.csv__hit7,RODDA Mark (UG),RODDA Mark (UG),RODDA Mark (UG),RODDA Mark (UG),TICKLE Helen (UG),RODDA Mark (UG),RODDA Mark (UG),RODDA Mark (UG),RODDA Mark (UG),RODDA Mark (UG)
NSW_Local_Government_2016_Tamworth_Regional_Council 9 seats.csv__hit8,RODDA Mark (UG),RODDA Mark (UG),RODDA Mark (UG),RODDA Mark (UG),RODDA Mark (UG),RODDA Mark (UG),RODDA Mark (UG),RODDA Mark (UG),RODDA Mark (UG),RODDA Mark (UG)
NSW_Local_Government_2016_Tamworth_Regional_Council 9 seats.csv__hit9,RODDA Mark (UG),RODDA Mark (UG),RODDA Mark (UG),RODDA Mark (UG),RODDA Mark (UG),RODDA Mark (UG),RODDA Mark (UG),RODDA Mark (UG),RODDA Mark (UG),RODDA Mark (UG)
NSW_Local_Government_2016_Tamworth_Regional_Council 9 seats.csv__hit10,WEBB Russell (UG),WEBB Russell (UG),WEBB Russell (UG),TICKLE Helen (UG),RODDA Mark (UG),WEBB Russell (UG),WEBB Russell (UG),RODDA Mark (UG),WEBB Russell (UG),WEBB Russell (UG)
NSW_Local_Government_2016_Tamworth_Regional_Council 9 seats.csv__hit11,RODDA Mark (UG),RODDA Mark (UG),RODDA Mark (UG),RODDA Mark (UG),RODDA Mark (UG),RODDA Mark (UG),RODDA Mark (UG),RODDA Mark (UG),RODDA Mark (UG),RODDA Mark (UG)
NSW_Local_Government_2016_Tamworth_Regional_Council 9 seats.csv__hit12,RODDA Mark (UG),RODDA Mark (UG),RODDA Mark (UG),RODDA Mark (UG),TICKLE Helen (UG),RODDA Mark (UG),RODDA Mark (UG),RODDA Mark (UG),RODDA Mark (UG),RODDA Mark (UG)
NSW_Local_Government_2016_Tamworth_Regional_Council 9 seats.csv__hit13,RODDA Mark (UG),RODDA Mark (UG),RODDA Mark (UG),RODDA Mark (UG),RODDA Mark (UG),RODDA Mark (UG),RODDA Mark (UG),RODDA Mark (UG),RODDA Mark (UG),RODDA Mark (UG)
NSW_Local_Government_2016_Tamworth_Regional_Council 9 seats.csv__hit14,RODDA Mark (UG),RODDA Mark (UG),RODDA Mark (UG),RODDA Mark (UG),RODDA Mark (UG),RODDA Mark (UG),RODDA Mark (UG),RODDA Mark (UG),RODDA Mark (UG),RODDA Mark (UG)
NSW_Local_Government_2016_Tamworth_Regional_Council 9 seats.csv__hit15,RODDA Mark (UG),RODDA Mark (UG),RODDA Mark (UG),RODDA Mark (UG),RODDA Mark (UG),RODDA Mark (UG),RODDA Mark (UG),RODDA Mark (UG),RODDA Mark (UG),RODDA Mark (UG)
NSW_Local_Government_2016_Tamworth_Regional_Council 9 seats.csv__hit16,RODDA Mark (UG),RODDA Mark (UG),RODDA Mark (UG),RODDA Mark (UG),RODDA Mark (UG),RODDA Mark (UG),RODDA Mark (UG),RODDA Mark (UG),RODDA Mark (UG),RODDA Mark (UG)
NSW_Local_Government_2016_Tamworth_Regional_Council 9 seats.csv__hit17,RODDA Mark (UG),RODDA Mark (UG),RODDA Mark (UG),RODDA Mark (UG),RODDA Mark (UG),RODDA Mark (UG),RODDA Mark (UG),RODDA Mark (UG),RODDA Mark (UG),RODDA Mark (UG)
NSW_Local_Government_2016_Tamworth_Regional_Council 9 seats.csv__hit18,RODDA Mark (UG),RODDA Mark (UG),RODDA Mark (UG),RODDA Mark (UG),RODDA Mark (UG),RODDA Mark (UG),RODDA Mark (UG),RODDA Mark (UG),RODDA Mark (UG),RODDA Mark (UG)
NSW_Local_Government_2016_Tamworth_Regional_Council 9 seats.csv__hit19,RODDA Mark (UG),RODDA Mark (UG),RODDA Mark (UG),RODDA Mark (UG),RODDA Mark (UG),TICKLE Helen (UG),RODDA Mark (UG),RODDA Mark (UG),RODDA Mark (UG),RODDA Mark (UG)
NSW_Local_Government_2016_Tamworth_Regional_Council 9 seats.csv__hit20,RODDA Mark (UG),RODDA Mark (UG),RODDA Mark (UG),RODDA Mark (UG),RODDA Mark (UG),RODDA Mark (UG),RODDA Mark (UG),RODDA Mark (UG),RODDA Mark (UG),RODDA Mark (UG)
NSW_Local_Government_2016_Tamworth_Regional_Council 9 seats.csv__hit21,RODDA Mark (UG),RODDA Mark (UG),RODDA Mark (UG),RODDA Mark (UG),RODDA Mark (UG),RODDA Mark (UG),RODDA Mark (UG),RODDA Mark (UG),RODDA Mark (UG),RODDA Mark (UG)
NSW_Local_Government_2016_Tamworth_Regional_Council 9 seats.csv__hit22,WEBB Russell (UG),TICKLE Helen (UG),WEBB Russell (UG),RODDA Mark (UG),WEBB Russell (UG),WEBB Russell (UG),RODDA Mark (UG),RODDA Mark (UG),WEBB Russell (UG),WEBB Russell (UG)
NSW_Local_Government_2016_Tamworth_Regional_Council 9 seats.csv__hit23,RODDA Mark (UG),RODDA Mark (UG),RODDA Mark (UG),RODDA Mark (UG),RODDA Mark (UG),RODDA Mark (UG),RODDA Mark (UG),RODDA Mark (UG),RODDA Mark (UG),RODDA Mark (UG)
NSW_Local_Government_2016_Tamworth_Regional_Council 9 seats.csv__hit24,RODDA Mark (UG),RODDA Mark (UG),RODDA Mark (UG),RODDA Mark (UG),RODDA Mark (UG),RODDA Mark (UG),RODDA Mark (UG),RODDA Mark (UG),RODDA Mark (UG),RODDA Mark (UG)
NSW_Local_Government_2016_Tamworth_Regional_Council 9 seats.csv__hit25,RODDA Mark (UG),RODDA Mark (UG),RODDA Mark (UG),RODDA Mark (UG),RODDA Mark (UG),RODDA Mark (UG),RODDA Mark (UG),RODDA Mark (UG),RODDA Mark (UG),RODDA Mark (UG)
NSW_Local_Government_2016_Tamworth_Regional_Council 9 seats.csv__hit26,RODDA Mark (UG),RODDA Mark (UG),WEBB Russell (UG),RODDA Mark (UG),RODDA Mark (UG),RODDA Mark (UG),RODDA Mark (UG),RODDA Mark (UG),RODDA Mark (UG),RODDA Mark (UG)
NSW_Local_Government_2016_Tamworth_Regional_Council 9 seats.csv__hit27,WEBB Russell (UG),RODDA Mark (UG),WEBB Russell (UG),RODDA Mark (UG),WEBB Russell (UG),WEBB Russell (UG),RODDA Mark (UG),WEBB Russell (UG),WEBB Russell (UG),WEBB Russell (UG)
NSW_Local_Government_2016_Tamworth_Regional_Council 9 seats.csv__hit28,RODDA Mark (UG),WEBB Russell (UG),WEBB Russell (UG),RODDA Mark (UG),WEBB Russell (UG),WEBB Russell (UG),RODDA Mark (UG),WEBB Russell (UG),RODDA Mark (UG),WEBB Russell (UG)
NSW_Local_Government_2016_Tamworth_Regional_Council 9 seats.csv__hit29,RODDA Mark (UG),RODDA Mark (UG),RODDA Mark (UG),RODDA Mark (UG),RODDA Mark (UG),RODDA Mark (UG),RODDA Mark (UG),RODDA Mark (UG),RODDA Mark (UG),RODDA Mark (UG)
NSW_Local_Government_2016_Tamworth_Regional_Council 9 seats.csv__hit30,RODDA Mark (UG),RODDA Mark (UG),RODDA Mark (UG),RODDA Mark (UG),TICKLE Helen (UG),RODDA Mark (UG),RODDA Mark (UG),RODDA Mark (UG),RODDA Mark (UG),RODDA Mark (UG)
NSW_Local_Government_2016_Tamworth_Regional_Council 9 seats.csv__hit31,RODDA Mark (UG),RODDA Mark (UG),WEBB Russell (UG),RODDA Mark (UG),RODDA Mark (UG),RODDA Mark (UG),RODDA Mark (UG),RODDA Mark (UG),RODDA Mark (UG),RODDA Mark (UG)
NSW_Local_Government_2016_Tamworth_Regional_Council 9 seats.csv__hit32,RODDA Mark (UG),RODDA Mark (UG),RODDA Mark (UG),RODDA Mark (UG),RODDA Mark (UG),RODDA Mark (UG),RODDA Mark (UG),RODDA Mark (UG),RODDA Mark (UG),RODDA Mark (UG)
NSW_Local_Government_2016_Tamworth_Regional_Council 9 seats.csv__hit33,RODDA Mark (UG),RODDA Mark (UG),RODDA Mark (UG),RODDA Mark (UG),RODDA Mark (UG),RODDA Mark (UG),RODDA Mark (UG),RODDA Mark (UG),RODDA Mark (UG),RODDA Mark (UG)
NSW_Local_Government_2016_Tamworth_Regional_Council 9 seats.csv__hit34,RODDA Mark (UG),RODDA Mark (UG),RODDA Mark (UG),RODDA Mark (UG),RODDA Mark (UG),RODDA Mark (UG),RODDA Mark (UG),RODDA Mark (UG),RODDA Mark (UG),RODDA Mark (UG)
NSW_Local_Government_2016_Tamworth_Regional_Council 9 seats.csv__hit35,WEBB Russell (UG),RODDA Mark (UG),RODDA Mark (UG),WEBB Russell (UG),WEBB Russell (UG),WEBB Russell (UG),RODDA Mark (UG),WEBB Russell (UG),WEBB Russell (UG),WEBB Russell (UG)
NSW_Local_Government_2016_Tamworth_Regional_Council 9 seats.csv__hit36,RODDA Mark (UG),RODDA Mark (UG),WEBB Russell (UG),RODDA Mark (UG),TICKLE Helen (UG),RODDA Mark (UG),RODDA Mark (UG),RODDA Mark (UG),RODDA Mark (UG),RODDA Mark (UG)
NSW_Local_Government_2016_Tamworth_Regional_Council 9 seats.csv__hit37,RODDA Mark (UG),RODDA Mark (UG),RODDA Mark (UG),RODDA Mark (UG),RODDA Mark (UG),RODDA Mark (UG),RODDA Mark (UG),RODDA Mark (UG),RODDA Mark (UG),RODDA Mark (UG)
NSW_Local_Government_2016_Tamworth_Regional_Council 9 seats.csv__hit38,RODDA Mark (UG),RODDA Mark (UG),RODDA Mark (UG),RODDA Mark (UG),TICKLE Helen (UG),RODDA Mark (UG),RODDA Mark (UG),RODDA Mark (UG),RODDA Mark (UG),RODDA Mark (UG)
NSW_Local_Government_2016_Tamworth_Regional_Council 9 seats.csv__hit39,RODDA Mark (UG),RODDA Mark (UG),RODDA Mark (UG),RODDA Mark (UG),TICKLE Helen (UG),RODDA Mark (UG),RODDA Mark (UG),RODDA Mark (UG),RODDA Mark (UG),RODDA Mark (UG)
NSW_Local_Government_2016_Tamworth_Regional_Council 9 seats.csv__hit40,WEBB Russell (UG),WEBB Russell (UG),RODDA Mark (UG),WEBB Russell (UG),TICKLE Helen (UG),RODDA Mark (UG),RODDA Mark (UG),WEBB Russell (UG),WEBB Russell (UG),WEBB Russell (UG)
NSW_Local_Government_2016_Tamworth_Regional_Council 9 seats.csv__hit41,RODDA Mark (UG),RODDA Mark (UG),RODDA Mark (UG),RODDA Mark (UG),RODDA Mark (UG),RODDA Mark (UG),RODDA Mark (UG),RODDA Mark (UG),RODDA Mark (UG),RODDA Mark (UG)
NSW_Local_Government_2016_Tamworth_Regional_Council 9 seats.csv__hit42,WEBB Russell (UG),WEBB Russell (UG),WEBB Russell (UG),WEBB Russell (UG),WEBB Russell (UG),RODDA Mark (UG),WEBB Russell (UG),WEBB Russell (UG),RODDA Mark (UG),WEBB Russell (UG)
NSW_Local_Government_2016_Tamworth_Regional_Council 9 seats.csv__hit43,RODDA Mark (UG),RODDA Mark (UG),RODDA Mark (UG),RODDA Mark (UG),RODDA Mark (UG),RODDA Mark (UG),RODDA Mark (UG),RODDA Mark (UG),RODDA Mark (UG),RODDA Mark (UG)
NSW_Local_Government_2016_Tamworth_Regional_Council 9 seats.csv__hit44,RODDA Mark (UG),RODDA Mark (UG),RODDA Mark (UG),RODDA Mark (UG),TICKLE Helen (UG),RODDA Mark (UG),RODDA Mark (UG),RODDA Mark (UG),RODDA Mark (UG),RODDA Mark (UG)
NSW_Local_Government_2016_Tamworth_Regional_Council 9 seats.csv__hit45,RODDA Mark (UG),RODDA Mark (UG),RODDA Mark (UG),RODDA Mark (UG),RODDA Mark (UG),RODDA Mark (UG),RODDA Mark (UG),RODDA Mark (UG),RODDA Mark (UG),RODDA Mark (UG)
NSW_Local_Government_2016_Tamworth_Regional_Council 9 seats.csv__hit46,RODDA Mark (UG),RODDA Mark (UG),RODDA Mark (UG),RODDA Mark (UG),RODDA Mark (UG),RODDA Mark (UG),RODDA Mark (UG),RODDA Mark (UG),RODDA Mark (UG),RODDA Mark (UG)
NSW_Local_Government_2016_Tamworth_Regional_Council 9 seats.csv__hit47,RODDA Mark (UG),RODDA Mark (UG),RODDA Mark (UG),RODDA Mark (UG),RODDA Mark (UG),RODDA Mark (UG),RODDA Mark (UG),RODDA Mark (UG),RODDA Mark (UG),RODDA Mark (UG)
NSW_Local_Government_2016_Tamworth_Regional_Council 9 seats.csv__hit48,RODDA Mark (UG),RODDA Mark (UG),RODDA Mark (UG),RODDA Mark (UG),RODDA Mark (UG),RODDA Mark (UG),RODDA Mark (UG),RODDA Mark (UG),RODDA Mark (UG),RODDA Mark (UG)
NSW_Local_Government_2016_Tamworth_Regional_Council 9 seats.csv__hit49,RODDA Mark (UG),RODDA Mark (UG),RODDA Mark (UG),WEBB Russell (UG),TICKLE Helen (UG),RODDA Mark (UG),RODDA Mark (UG),RODDA Mark (UG),RODDA Mark (UG),RODDA Mark (UG)
NSW_Local_Government_2016_Tamworth_Regional_Council 9 seats.csv__hit50,WEBB Russell (UG),WEBB Russell (UG),WEBB Russell (UG),WEBB Russell (UG),WEBB Russell (UG),RODDA Mark (UG),RODDA Mark (UG),WEBB Russell (UG),WEBB Russell (UG),WEBB Russell (UG)
NSW_Local_Government_2016_Tamworth_Regional_Council 9 seats.csv__hit51,RODDA Mark (UG),RODDA Mark (UG),RODDA Mark (UG),RODDA Mark (UG),RODDA Mark (UG),RODDA Mark (UG),RODDA Mark (UG),RODDA Mark (UG),RODDA Mark (UG),RODDA Mark (UG)
NSW_Local_Government_2016_Tamworth_Regional_Council 9 seats.csv__hit52,WEBB Russell (UG),RODDA Mark (UG),RODDA Mark (UG),WEBB Russell (UG),WEBB Russell (UG),WEBB Russell (UG),RODDA Mark (UG),WEBB Russell (UG),WEBB Russell (UG),WEBB Russell (UG)
NSW_Local_Government_2016_Tamworth_Regional_Council 9 seats.csv__hit53,WEBB Russell (UG),WEBB Russell (UG),WEBB Russell (UG),RODDA Mark (UG),WEBB Russell (UG),WEBB Russell (UG),RODDA Mark (UG),RODDA Mark (UG),RODDA Mark (UG),WEBB Russell (UG)
NSW_Local_Government_2016_Tamworth_Regional_Council 9 seats.csv__hit54,RODDA Mark (UG),RODDA Mark (UG),RODDA Mark (UG),RODDA Mark (UG),TICKLE Helen (UG),RODDA Mark (UG),RODDA Mark (UG),RODDA Mark (UG),RODDA Mark (UG),RODDA Mark (UG)
NSW_Local_Government_2016_Tamworth_Regional_Council 9 seats.csv__hit55,RODDA Mark (UG),RODDA Mark (UG),RODDA Mark (UG),RODDA Mark (UG),RODDA Mark (UG),RODDA Mark (UG),RODDA Mark (UG),RODDA Mark (UG),RODDA Mark (UG),RODDA Mark (UG)
NSW_Local_Government_2016_Tamworth_Regional_Council 9 seats.csv__hit56,RODDA Mark (UG),RODDA Mark (UG),WEBB Russell (UG),RODDA Mark (UG),RODDA Mark (UG),RODDA Mark (UG),RODDA Mark (UG),RODDA Mark (UG),RODDA Mark (UG),RODDA Mark (UG)
NSW_Local_Government_2016_Tamworth_Regional_Council 9 seats.csv__hit57,RODDA Mark (UG),RODDA Mark (UG),RODDA Mark (UG),RODDA Mark (UG),RODDA Mark (UG),RODDA Mark (UG),RODDA Mark (UG),RODDA Mark (UG),RODDA Mark (UG),RODDA Mark (UG)
NSW_Local_Government_2016_Tamworth_Regional_Council 9 seats.csv__hit58,RODDA Mark (UG),RODDA Mark (UG),RODDA Mark (UG),RODDA Mark (UG),RODDA Mark (UG),RODDA Mark (UG),RODDA Mark (UG),RODDA Mark (UG),RODDA Mark (UG),RODDA Mark (UG)
NSW_Local_Government_2016_Tamworth_Regional_Council 9 seats.csv__hit59,RODDA Mark (UG),RODDA Mark (UG),RODDA Mark (UG),RODDA Mark (UG),RODDA Mark (UG),RODDA Mark (UG),RODDA Mark (UG),RODDA Mark (UG),RODDA Mark (UG),RODDA Mark (UG)
NSW_Local_Government_2016_Tamworth_Regional_Council 9 seats.csv__hit60,RODDA Mark (UG),RODDA Mark (UG),RODDA Mark (UG),RODDA Mark (UG),RODDA Mark (UG),RODDA Mark (UG),RODDA Mark (UG),RODDA Mark (UG),RODDA Mark (UG),RODDA Mark (UG)
NSW_Local_Government_2016_Tamworth_Regional_Council 9 seats.csv__hit61,RODDA Mark (UG),RODDA Mark (UG),RODDA Mark (UG),RODDA Mark (UG),RODDA Mark (UG),RODDA Mark (UG),RODDA Mark (UG),RODDA Mark (UG),RODDA Mark (UG),RODDA Mark (UG)
NSW_Local_Government_2016_Tamworth_Regional_Council 9 seats.csv__hit62,RODDA Mark (UG),RODDA Mark (UG),RODDA Mark (UG),RODDA Mark (UG),RODDA Mark (UG),RODDA Mark (UG),RODDA Mark (UG),RODDA Mark (UG),RODDA Mark (UG),RODDA Mark (UG)
NSW_Local_Government_2016_Tamworth_Regional_Council 9 seats.csv__hit63,WEBB Russell (UG),WEBB Russell (UG),WEBB Russell (UG),WEBB Russell (UG),WEBB Russell (UG),WEBB Russell (UG),WEBB Russell (UG),WEBB Russell (UG),WEBB Russell (UG),WEBB Russell (UG)
NSW_Local_Government_2016_Tamworth_Regional_Council 9 seats.csv__hit64,WEBB Russell (UG),RODDA Mark (UG),RODDA Mark (UG),RODDA Mark (UG),RODDA Mark (UG),RODDA Mark (UG),RODDA Mark (UG),WEBB Russell (UG),WEBB Russell (UG),WEBB Russell (UG)
NSW_Local_Government_2016_Tamworth_Regional_Council 9 seats.csv__hit65,RODDA Mark (UG),RODDA Mark (UG),WEBB Russell (UG),RODDA Mark (UG),RODDA Mark (UG),RODDA Mark (UG),RODDA Mark (UG),RODDA Mark (UG),RODDA Mark (UG),RODDA Mark (UG)
NSW_Local_Government_2016_Tamworth_Regional_Council 9 seats.csv__hit66,RODDA Mark (UG),RODDA Mark (UG),RODDA Mark (UG),RODDA Mark (UG),RODDA Mark (UG),RODDA Mark (UG),RODDA Mark (UG),RODDA Mark (UG),RODDA Mark (UG),RODDA Mark (UG)
NSW_Local_Government_2016_Tamworth_Regional_Council 9 seats.csv__hit67,RODDA Mark (UG),RODDA Mark (UG),RODDA Mark (UG),RODDA Mark (UG),RODDA Mark (UG),RODDA Mark (UG),RODDA Mark (UG),RODDA Mark (UG),RODDA Mark (UG),RODDA Mark (UG)
NSW_Local_Government_2016_Tamworth_Regional_Council 9 seats.csv__hit68,RODDA Mark (UG),RODDA Mark (UG),RODDA Mark (UG),RODDA Mark (UG),RODDA Mark (UG),RODDA Mark (UG),RODDA Mark (UG),RODDA Mark (UG),RODDA Mark (UG),RODDA Mark (UG)
NSW_Local_Government_2016_Tamworth_Regional_Council 9 seats.csv__hit69,WEBB Russell (UG),WEBB Russell (UG),WEBB Russell (UG),RODDA Mark (UG),WEBB Russell (UG),RODDA Mark (UG),RODDA Mark (UG),WEBB Russell (UG),RODDA Mark (UG),WEBB Russell (UG)
NSW_Local_Government_2016_Tamworth_Regional_Council 9 seats.csv__hit70,RODDA Mark (UG),WEBB Russell (UG),RODDA Mark (UG),RODDA Mark (UG),WEBB Russell (UG),WEBB Russell (UG),WEBB Russell (UG),WEBB Russell (UG),WEBB Russell (UG),WEBB Russell (UG)
NSW_Local_Government_2016_Tamworth_Regional_Council 9 seats.csv__hit71,RODDA Mark (UG),RODDA Mark (UG),RODDA Mark (UG),RODDA Mark (UG),TICKLE Helen (UG),RODDA Mark (UG),RODDA Mark (UG),RODDA Mark (UG),RODDA Mark (UG),RODDA Mark (UG)
NSW_Local_Government_2016_Tamworth_Regional_Council 9 seats.csv__hit72,WEBB Russell (UG),RODDA Mark (UG),RODDA Mark (UG),RODDA Mark (UG),WEBB Russell (UG),WEBB Russell (UG),RODDA Mark (UG),WEBB Russell (UG),RODDA Mark (UG),WEBB Russell (UG)
NSW_Local_Government_2016_Tamworth_Regional_Council 9 seats.csv__hit73,RODDA Mark (UG),RODDA Mark (UG),RODDA Mark (UG),RODDA Mark (UG),RODDA Mark (UG),RODDA Mark (UG),RODDA Mark (UG),RODDA Mark (UG),RODDA Mark (UG),RODDA Mark (UG)
NSW_Local_Government_2016_Tamworth_Regional_Council 9 seats.csv__hit74,RODDA Mark (UG),RODDA Mark (UG),RODDA Mark (UG),RODDA Mark (UG),RODDA Mark (UG),RODDA Mark (UG),RODDA Mark (UG),RODDA Mark (UG),RODDA Mark (UG),RODDA Mark (UG)
NSW_Local_Government_2016_Tamworth_Regional_Council 9 seats.csv__hit75,RODDA Mark (UG),RODDA Mark (UG),RODDA Mark (UG),WEBB Russell (UG),RODDA Mark (UG),RODDA Mark (UG),RODDA Mark (UG),RODDA Mark (UG),RODDA Mark (UG),RODDA Mark (UG)
NSW_Local_Government_2016_Tamworth_Regional_Council 9 seats.csv__hit76,RODDA Mark (UG),RODDA Mark (UG),RODDA Mark (UG),RODDA Mark (UG),RODDA Mark (UG),RODDA Mark (UG),RODDA Mark (UG),RODDA Mark (UG),RODDA Mark (UG),RODDA Mark (UG)
NSW_Local_Government_2016_Tamworth_Regional_Council 9 seats.csv__hit77,RODDA Mark (UG),RODDA Mark (UG),RODDA Mark (UG),RODDA Mark (UG),RODDA Mark (UG),RODDA Mark (UG),RODDA Mark (UG),RODDA Mark (UG),RODDA Mark (UG),RODDA Mark (UG)
NSW_Local_Government_2016_Tamworth_Regional_Council 9 seats.csv__hit78,RODDA Mark (UG),RODDA Mark (UG),TICKLE Helen (UG),RODDA Mark (UG),RODDA Mark (UG),RODDA Mark (UG),RODDA Mark (UG),RODDA Mark (UG),RODDA Mark (UG),RODDA Mark (UG)
NSW_Local_Government_2016_Tamworth_Regional_Council 9 seats.csv__hit79,WEBB Russell (UG),WEBB Russell (UG),RODDA Mark (UG),WEBB Russell (UG),WEBB Russell (UG),WEBB Russell (UG),RODDA Mark (UG),WEBB Russell (UG),WEBB Russell (UG),WEBB Russell (UG)
NSW_Local_Government_2016_Tamworth_Regional_Council 9 seats.csv__hit80,RODDA Mark (UG),RODDA Mark (UG),RODDA Mark (UG),RODDA Mark (UG),RODDA Mark (UG),RODDA Mark (UG),RODDA Mark (UG),RODDA Mark (UG),RODDA Mark (UG),RODDA Mark (UG)
NSW_Local_Government_2016_Tamworth_Regional_Council 9 seats.csv__hit81,RODDA Mark (UG),RODDA Mark (UG),RODDA Mark (UG),RODDA Mark (UG),RODDA Mark (UG),RODDA Mark (UG),RODDA Mark (UG),RODDA Mark (UG),RODDA Mark (UG),RODDA Mark (UG)
NSW_Local_Government_2016_Tamworth_Regional_Council 9 seats.csv__hit82,RODDA Mark (UG),RODDA Mark (UG),RODDA Mark (UG),RODDA Mark (UG),RODDA Mark (UG),RODDA Mark (UG),RODDA Mark (UG),RODDA Mark (UG),RODDA Mark (UG),RODDA Mark (UG)
NSW_Local_Government_2016_Tamworth_Regional_Council 9 seats.csv__hit83,RODDA Mark (UG),RODDA Mark (UG),RODDA Mark (UG),RODDA Mark (UG),RODDA Mark (UG),RODDA Mark (UG),RODDA Mark (UG),RODDA Mark (UG),RODDA Mark (UG),RODDA Mark (UG)
NSW_Local_Government_2016_Tamworth_Regional_Council 9 seats.csv__hit84,WEBB Russell (UG),RODDA Mark (UG),RODDA Mark (UG),WEBB Russell (UG),WEBB Russell (UG),RODDA Mark (UG),RODDA Mark (UG),WEBB Russell (UG),WEBB Russell (UG),WEBB Russell (UG)
NSW_Local_Government_2016_Tamworth_Regional_Council 9 seats.csv__hit85,RODDA Mark (UG),RODDA Mark (UG),WEBB Russell (UG),RODDA Mark (UG),RODDA Mark (UG),RODDA Mark (UG),RODDA Mark (UG),RODDA Mark (UG),RODDA Mark (UG),RODDA Mark (UG)
NSW_Local_Government_2016_Tamworth_Regional_Council 9 seats.csv__hit86,RODDA Mark (UG),RODDA Mark (UG),WEBB Russell (UG),RODDA Mark (UG),RODDA Mark (UG),RODDA Mark (UG),RODDA Mark (UG),RODDA Mark (UG),RODDA Mark (UG),RODDA Mark (UG)
NSW_Local_Government_2016_Tamworth_Regional_Council 9 seats.csv__hit87,WEBB Russell (UG),WEBB Russell (UG),RODDA Mark (UG),WEBB Russell (UG),WEBB Russell (UG),RODDA Mark (UG),RODDA Mark (UG),WEBB Russell (UG),WEBB Russell (UG),WEBB Russell (UG)
NSW_Local_Government_2016_Tamworth_Regional_Council 9 seats.csv__hit88,RODDA Mark (UG),RODDA Mark (UG),RODDA Mark (UG),RODDA Mark (UG),TICKLE Helen (UG),RODDA Mark (UG),RODDA Mark (UG),RODDA Mark (UG),RODDA Mark (UG),RODDA Mark (UG)
NSW_Local_Government_2016_Tamworth_Regional_Council 9 seats.csv__hit89,RODDA Mark (UG),RODDA Mark (UG),RODDA Mark (UG),RODDA Mark (UG),RODDA Mark (UG),RODDA Mark (UG),RODDA Mark (UG),RODDA Mark (UG),RODDA Mark (UG),RODDA Mark (UG)
NSW_Local_Government_2016_Tamworth_Regional_Council 9 seats.csv__hit90,RODDA Mark (UG),RODDA Mark (UG),RODDA Mark (UG),RODDA Mark (UG),RODDA Mark (UG),RODDA Mark (UG),RODDA Mark (UG),RODDA Mark (UG),RODDA Mark (UG),RODDA Mark (UG)
NSW_Local_Government_2016_Tamworth_Regional_Council 9 seats.csv__hit91,RODDA Mark (UG),RODDA Mark (UG),RODDA Mark (UG),RODDA Mark (UG),RODDA Mark (UG),RODDA Mark (UG),RODDA Mark (UG),RODDA Mark (UG),RODDA Mark (UG),RODDA Mark (UG)
NSW_Local_Government_2016_Tamworth_Regional_Council 9 seats.csv__hit92,RODDA Mark (UG),RODDA Mark (UG),WEBB Russell (UG),RODDA Mark (UG),RODDA Mark (UG),RODDA Mark (UG),RODDA Mark (UG),RODDA Mark (UG),RODDA Mark (UG),RODDA Mark (UG)
NSW_Local_Government_2016_Tamworth_Regional_Council 9 seats.csv__hit93,RODDA Mark (UG),RODDA Mark (UG),RODDA Mark (UG),RODDA Mark (UG),RODDA Mark (UG),RODDA Mark (UG),RODDA Mark (UG),RODDA Mark (UG),RODDA Mark (UG),RODDA Mark (UG)
NSW_Local_Government_2016_Tamworth_Regional_Council 9 seats.csv__hit94,WEBB Russell (UG),RODDA Mark (UG),RODDA Mark (UG),RODDA Mark (UG),RODDA Mark (UG),RODDA Mark (UG),RODDA Mark (UG),RODDA Mark (UG),RODDA Mark (UG),RODDA Mark (UG)
NSW_Local_Government_2016_Tamworth_Regional_Council 9 seats.csv__hit95,RODDA Mark (UG),RODDA Mark (UG),RODDA Mark (UG),RODDA Mark (UG),RODDA Mark (UG),RODDA Mark (UG),RODDA Mark (UG),RODDA Mark (UG),RODDA Mark (UG),RODDA Mark (UG)
NSW_Local_Government_2016_Tamworth_Regional_Council 9 seats.csv__hit96,RODDA Mark (UG),WEBB Russell (UG),RODDA Mark (UG),RODDA Mark (UG),RODDA Mark (UG),RODDA Mark (UG),RODDA Mark (UG),RODDA Mark (UG),RODDA Mark (UG),RODDA Mark (UG)
NSW_Local_Government_2016_Tamworth_Regional_Council 9 seats.csv__hit97,RODDA Mark (UG),RODDA Mark (UG),WEBB Russell (UG),RODDA Mark (UG),RODDA Mark (UG),RODDA Mark (UG),RODDA Mark (UG),RODDA Mark (UG),WEBB Russell (UG),RODDA Mark (UG)
NSW_Local_Government_2016_Tamworth_Regional_Council 9 seats.csv__hit98,RODDA Mark (UG),RODDA Mark (UG),RODDA Mark (UG),RODDA Mark (UG),RODDA Mark (UG),RODDA Mark (UG),RODDA Mark (UG),RODDA Mark (UG),RODDA Mark (UG),RODDA Mark (UG)
NSW_Local_Government_2016_Tamworth_Regional_Council 9 seats.csv__hit99,RODDA Mark (UG),WEBB Russell (UG),RODDA Mark (UG),RODDA Mark (UG),RODDA Mark (UG),RODDA Mark (UG),RODDA Mark (UG),RODDA Mark (UG),RODDA Mark (UG),RODDA Mark (UG)
NSW_Local_Government_2016_Tamworth_Regional_Council 9 seats.csv__hit100,RODDA Mark (UG),RODDA Mark (UG),RODDA Mark (UG),RODDA Mark (UG),RODDA Mark (UG),RODDA Mark (UG),RODDA Mark (UG),RODDA Mark (UG),RODDA Mark (UG),RODDA Mark (UG)
NSW_Local_Government_2016_Tamworth_Regional_Council 9 seats.csv__hit101,RODDA Mark (UG),RODDA Mark (UG),RODDA Mark (UG),RODDA Mark (UG),RODDA Mark (UG),RODDA Mark (UG),RODDA Mark (UG),RODDA Mark (UG),RODDA Mark (UG),RODDA Mark (UG)
NSW_Local_Government_2016_Tamworth_Regional_Council 9 seats.csv__hit102,RODDA Mark (UG),RODDA Mark (UG),RODDA Mark (UG),RODDA Mark (UG),RODDA Mark (UG),RODDA Mark (UG),RODDA Mark (UG),RODDA Mark (UG),RODDA Mark (UG),RODDA Mark (UG)
NSW_Local_Government_2016_Tamworth_Regional_Council 9 seats.csv__hit103,RODDA Mark (UG),RODDA Mark (UG),RODDA Mark (UG),WEBB Russell (UG),RODDA Mark (UG),RODDA Mark (UG),RODDA Mark (UG),RODDA Mark (UG),RODDA Mark (UG),RODDA Mark (UG)
NSW_Local_Government_2016_Tamworth_Regional_Council 9 seats.csv__hit104,RODDA Mark (UG),RODDA Mark (UG),RODDA Mark (UG),TICKLE Helen (UG),RODDA Mark (UG),RODDA Mark (UG),RODDA Mark (UG),RODDA Mark (UG),RODDA Mark (UG),RODDA Mark (UG)
NSW_Local_Government_2016_Tamworth_Regional_Council 9 seats.csv__hit105,RODDA Mark (UG),RODDA Mark (UG),RODDA Mark (UG),RODDA Mark (UG),RODDA Mark (UG),RODDA Mark (UG),RODDA Mark (UG),RODDA Mark (UG),RODDA Mark (UG),RODDA Mark (UG)
NSW_Local_Government_2016_Tamworth_Regional_Council 9 seats.csv__hit106,WEBB Russell (UG),WEBB Russell (UG),WEBB Russell (UG),TICKLE Helen (UG),WEBB Russell (UG),RODDA Mark (UG),RODDA Mark (UG),WEBB Russell (UG),WEBB Russell (UG),WEBB Russell (UG)
NSW_Local_Government_2016_Tamworth_Regional_Council 9 seats.csv__hit107,RODDA Mark (UG),RODDA Mark (UG),RODDA Mark (UG),RODDA Mark (UG),RODDA Mark (UG),RODDA Mark (UG),RODDA Mark (UG),RODDA Mark (UG),RODDA Mark (UG),RODDA Mark (UG)
NSW_Local_Government_2016_Tamworth_Regional_Council 9 seats.csv__hit108,RODDA Mark (UG),RODDA Mark (UG),RODDA Mark (UG),RODDA Mark (UG),TICKLE Helen (UG),RODDA Mark (UG),RODDA Mark (UG),RODDA Mark (UG),RODDA Mark (UG),RODDA Mark (UG)
NSW_Local_Government_2016_Tamworth_Regional_Council 9 seats.csv__hit109,WEBB Russell (UG),WEBB Russell (UG),WEBB Russell (UG),WEBB Russell (UG),WEBB Russell (UG),RODDA Mark (UG),RODDA Mark (UG),WEBB Russell (UG),RODDA Mark (UG),WEBB Russell (UG)
NSW_Local_Government_2016_Tamworth_Regional_Council 9 seats.csv__hit110,RODDA Mark (UG),RODDA Mark (UG),RODDA Mark (UG),RODDA Mark (UG),RODDA Mark (UG),RODDA Mark (UG),RODDA Mark (UG),RODDA Mark (UG),RODDA Mark (UG),RODDA Mark (UG)
NSW_Local_Government_2016_Tamworth_Regional_Council 9 seats.csv__hit111,RODDA Mark (UG),RODDA Mark (UG),RODDA Mark (UG),RODDA Mark (UG),RODDA Mark (UG),RODDA Mark (UG),RODDA Mark (UG),RODDA Mark (UG),RODDA Mark (UG),RODDA Mark (UG)
NSW_Local_Government_2016_Tamworth_Regional_Council 9 seats.csv__hit112,RODDA Mark (UG),RODDA Mark (UG),RODDA Mark (UG),RODDA Mark (UG),RODDA Mark (UG),RODDA Mark (UG),RODDA Mark (UG),RODDA Mark (UG),RODDA Mark (UG),RODDA Mark (UG)
NSW_Local_Government_2016_Tamworth_Regional_Council 9 seats.csv__hit113,RODDA Mark (UG),RODDA Mark (UG),RODDA Mark (UG),RODDA Mark (UG),RODDA Mark (UG),RODDA Mark (UG),RODDA Mark (UG),RODDA Mark (UG),RODDA Mark (UG),RODDA Mark (UG)
NSW_Local_Government_2016_Tamworth_Regional_Council 9 seats.csv__hit114,RODDA Mark (UG),RODDA Mark (UG),RODDA Mark (UG),RODDA Mark (UG),RODDA Mark (UG),RODDA Mark (UG),RODDA Mark (UG),RODDA Mark (UG),RODDA Mark (UG),RODDA Mark (UG)
NSW_Local_Government_2016_Tamworth_Regional_Council 9 seats.csv__hit115,RODDA Mark (UG),WEBB Russell (UG),RODDA Mark (UG),WEBB Russell (UG),WEBB Russell (UG),WEBB Russell (UG),RODDA Mark (UG),RODDA Mark (UG),WEBB Russell (UG),WEBB Russell (UG)
NSW_Local_Government_2016_Tamworth_Regional_Council 9 seats.csv__hit116,RODDA Mark (UG),RODDA Mark (UG),WEBB Russell (UG),RODDA Mark (UG),RODDA Mark (UG),RODDA Mark (UG),RODDA Mark (UG),RODDA Mark (UG),RODDA Mark (UG),RODDA Mark (UG)
NSW_Local_Government_2016_Tamworth_Regional_Council 9 seats.csv__hit117,RODDA Mark (UG),RODDA Mark (UG),WEBB Russell (UG),RODDA Mark (UG),WEBB Russell (UG),RODDA Mark (UG),WEBB Russell (UG),WEBB Russell (UG),WEBB Russell (UG),WEBB Russell (UG)
NSW_Local_Government_2016_Tamworth_Regional_Council 9 seats.csv__hit118,RODDA Mark (UG),WEBB Russell (UG),RODDA Mark (UG),RODDA Mark (UG),WEBB Russell (UG),RODDA Mark (UG),RODDA Mark (UG),WEBB Russell (UG),RODDA Mark (UG),WEBB Russell (UG)
NSW_Local_Government_2016_Tamworth_Regional_Council 9 seats.csv__hit119,RODDA Mark (UG),RODDA Mark (UG),RODDA Mark (UG),RODDA Mark (UG),RODDA Mark (UG),RODDA Mark (UG),RODDA Mark (UG),RODDA Mark (UG),RODDA Mark (UG),RODDA Mark (UG)
NSW_Local_Government_2016_Tamworth_Regional_Council 9 seats.csv__hit120,RODDA Mark (UG),RODDA Mark (UG),RODDA Mark (UG),RODDA Mark (UG),RODDA Mark (UG),RODDA Mark (UG),RODDA Mark (UG),RODDA Mark (UG),RODDA Mark (UG),RODDA Mark (UG)
NSW_Local_Government_2016_Tamworth_Regional_Council 9 seats.csv__hit121,RODDA Mark (UG),RODDA Mark (UG),RODDA Mark (UG),RODDA Mark (UG),RODDA Mark (UG),RODDA Mark (UG),RODDA Mark (UG),RODDA Mark (UG),RODDA Mark (UG),RODDA Mark (UG)
NSW_Local_Government_2016_Tamworth_Regional_Council 9 seats.csv__hit122,RODDA Mark (UG),RODDA Mark (UG),RODDA Mark (UG),RODDA Mark (UG),RODDA Mark (UG),RODDA Mark (UG),RODDA Mark (UG),RODDA Mark (UG),RODDA Mark (UG),RODDA Mark (UG)
NSW_Local_Government_2016_Tamworth_Regional_Council 9 seats.csv__hit123,RODDA Mark (UG),RODDA Mark (UG),RODDA Mark (UG),TICKLE Helen (UG),RODDA Mark (UG),RODDA Mark (UG),RODDA Mark (UG),RODDA Mark (UG),RODDA Mark (UG),RODDA Mark (UG)
NSW_Local_Government_2016_Tamworth_Regional_Council 9 seats.csv__hit124,WEBB Russell (UG),WEBB Russell (UG),WEBB Russell (UG),RODDA Mark (UG),WEBB Russell (UG),RODDA Mark (UG),RODDA Mark (UG),WEBB Russell (UG),WEBB Russell (UG),WEBB Russell (UG)
NSW_Local_Government_2016_Tamworth_Regional_Council 9 seats.csv__hit125,WEBB Russell (UG),RODDA Mark (UG),RODDA Mark (UG),WEBB Russell (UG),WEBB Russell (UG),RODDA Mark (UG),RODDA Mark (UG),WEBB Russell (UG),RODDA Mark (UG),RODDA Mark (UG)
NSW_Local_Government_2016_Tamworth_Regional_Council 9 seats.csv__hit126,RODDA Mark (UG),RODDA Mark (UG),WEBB Russell (UG),RODDA Mark (UG),RODDA Mark (UG),RODDA Mark (UG),RODDA Mark (UG),RODDA Mark (UG),RODDA Mark (UG),RODDA Mark (UG)
NSW_Local_Government_2016_Tamworth_Regional_Council 9 seats.csv__hit127,RODDA Mark (UG),RODDA Mark (UG),TICKLE Helen (UG),RODDA Mark (UG),WEBB Russell (UG),RODDA Mark (UG),RODDA Mark (UG),WEBB Russell (UG),WEBB Russell (UG),WEBB Russell (UG)
NSW_Local_Government_2016_Tamworth_Regional_Council 9 seats.csv__hit128,RODDA Mark (UG),RODDA Mark (UG),RODDA Mark (UG),RODDA Mark (UG),RODDA Mark (UG),RODDA Mark (UG),RODDA Mark (UG),RODDA Mark (UG),RODDA Mark (UG),RODDA Mark (UG)
NSW_Local_Government_2016_Tamworth_Regional_Council 9 seats.csv__hit129,RODDA Mark (UG),RODDA Mark (UG),RODDA Mark (UG),RODDA Mark (UG),RODDA Mark (UG),RODDA Mark (UG),RODDA Mark (UG),RODDA Mark (UG),RODDA Mark (UG),RODDA Mark (UG)
NSW_Local_Government_2016_Tamworth_Regional_Council 9 seats.csv__hit130,RODDA Mark (UG),RODDA Mark (UG),RODDA Mark (UG),RODDA Mark (UG),RODDA Mark (UG),RODDA Mark (UG),RODDA Mark (UG),RODDA Mark (UG),RODDA Mark (UG),RODDA Mark (UG)
NSW_Local_Government_2016_Tamworth_Regional_Council 9 seats.csv__hit131,WEBB Russell (UG),RODDA Mark (UG),WEBB Russell (UG),RODDA Mark (UG),RODDA Mark (UG),RODDA Mark (UG),RODDA Mark (UG),RODDA Mark (UG),RODDA Mark (UG),RODDA Mark (UG)
NSW_Local_Government_2016_Tamworth_Regional_Council 9 seats.csv__hit132,WEBB Russell (UG),WEBB Russell (UG),WEBB Russell (UG),TICKLE Helen (UG),TICKLE Helen (UG),WEBB Russell (UG),RODDA Mark (UG),WEBB Russell (UG),WEBB Russell (UG),WEBB Russell (UG)
NSW_Local_Government_2016_Tamworth_Regional_Council 9 seats.csv__hit133,RODDA Mark (UG),RODDA Mark (UG),RODDA Mark (UG),RODDA Mark (UG),RODDA Mark (UG),RODDA Mark (UG),RODDA Mark (UG),RODDA Mark (UG),RODDA Mark (UG),RODDA Mark (UG)
NSW_Local_Government_2016_Tamworth_Regional_Council 9 seats.csv__hit134,RODDA Mark (UG),RODDA Mark (UG),RODDA Mark (UG),RODDA Mark (UG),RODDA Mark (UG),RODDA Mark (UG),RODDA Mark (UG),RODDA Mark (UG),RODDA Mark (UG),RODDA Mark (UG)
NSW_Local_Government_2016_Tamworth_Regional_Council 9 seats.csv__hit135,RODDA Mark (UG),RODDA Mark (UG),RODDA Mark (UG),RODDA Mark (UG),RODDA Mark (UG),RODDA Mark (UG),RODDA Mark (UG),RODDA Mark (UG),RODDA Mark (UG),RODDA Mark (UG)
NSW_Local_Government_2016_Tamworth_Regional_Council 9 seats.csv__hit136,RODDA Mark (UG),RODDA Mark (UG),RODDA Mark (UG),RODDA Mark (UG),RODDA Mark (UG),RODDA Mark (UG),RODDA Mark (UG),RODDA Mark (UG),RODDA Mark (UG),RODDA Mark (UG)
NSW_Local_Government_2016_Tamworth_Regional_Council 9 seats.csv__hit137,RODDA Mark (UG),RODDA Mark (UG),RODDA Mark (UG),RODDA Mark (UG),WEBB Russell (UG),RODDA Mark (UG),RODDA Mark (UG),RODDA Mark (UG),RODDA Mark (UG),RODDA Mark (UG)
NSW_Local_Government_2016_Tamworth_Regional_Council 9 seats.csv__hit138,WEBB Russell (UG),WEBB Russell (UG),RODDA Mark (UG),WEBB Russell (UG),WEBB Russell (UG),WEBB Russell (UG),WEBB Russell (UG),WEBB Russell (UG),RODDA Mark (UG),WEBB Russell (UG)
NSW_Local_Government_2016_Tamworth_Regional_Council 9 seats.csv__hit139,WEBB Russell (UG),RODDA Mark (UG),RODDA Mark (UG),WEBB Russell (UG),RODDA Mark (UG),RODDA Mark (UG),RODDA Mark (UG),WEBB Russell (UG),WEBB Russell (UG),WEBB Russell (UG)
NSW_Local_Government_2016_Tamworth_Regional_Council 9 seats.csv__hit140,RODDA Mark (UG),TICKLE Helen (UG),WEBB Russell (UG),RODDA Mark (UG),TICKLE Helen (UG),RODDA Mark (UG),RODDA Mark (UG),RODDA Mark (UG),RODDA Mark (UG),RODDA Mark (UG)
NSW_Local_Government_2016_Tamworth_Regional_Council 9 seats.csv__hit141,RODDA Mark (UG),RODDA Mark (UG),RODDA Mark (UG),RODDA Mark (UG),RODDA Mark (UG),RODDA Mark (UG),RODDA Mark (UG),RODDA Mark (UG),RODDA Mark (UG),RODDA Mark (UG)
NSW_Local_Government_2016_Tamworth_Regional_Council 9 seats.csv__hit142,RODDA Mark (UG),RODDA Mark (UG),RODDA Mark (UG),RODDA Mark (UG),RODDA Mark (UG),RODDA Mark (UG),RODDA Mark (UG),RODDA Mark (UG),RODDA Mark (UG),RODDA Mark (UG)
NSW_Local_Government_2016_Tamworth_Regional_Council 9 seats.csv__hit143,WEBB Russell (UG),WEBB Russell (UG),RODDA Mark (UG),WEBB Russell (UG),WEBB Russell (UG),RODDA Mark (UG),RODDA Mark (UG),WEBB Russell (UG),WEBB Russell (UG),WEBB Russell (UG)
NSW_Local_Government_2016_Tamworth_Regional_Council 9 seats.csv__hit144,RODDA Mark (UG),RODDA Mark (UG),RODDA Mark (UG),RODDA Mark (UG),RODDA Mark (UG),RODDA Mark (UG),RODDA Mark (UG),RODDA Mark (UG),RODDA Mark (UG),RODDA Mark (UG)
NSW_Local_Government_2016_Tamworth_Regional_Council 9 seats.csv__hit145,RODDA Mark (UG),RODDA Mark (UG),RODDA Mark (UG),WEBB Russell (UG),RODDA Mark (UG),RODDA Mark (UG),RODDA Mark (UG),RODDA Mark (UG),RODDA Mark (UG),RODDA Mark (UG)
NSW_Local_Government_2016_Tamworth_Regional_Council 9 seats.csv__hit146,RODDA Mark (UG),RODDA Mark (UG),RODDA Mark (UG),RODDA Mark (UG),RODDA Mark (UG),RODDA Mark (UG),RODDA Mark (UG),RODDA Mark (UG),RODDA Mark (UG),RODDA Mark (UG)
NSW_Local_Government_2016_Tamworth_Regional_Council 9 seats.csv__hit147,RODDA Mark (UG),WEBB Russell (UG),WEBB Russell (UG),RODDA Mark (UG),WEBB Russell (UG),WEBB Russell (UG),RODDA Mark (UG),WEBB Russell (UG),RODDA Mark (UG),WEBB Russell (UG)
NSW_Local_Government_2016_Tamworth_Regional_Council 9 seats.csv__hit148,WEBB Russell (UG),WEBB Russell (UG),RODDA Mark (UG),WEBB Russell (UG),TICKLE Helen (UG),WEBB Russell (UG),WEBB Russell (UG),WEBB Russell (UG),RODDA Mark (UG),WEBB Russell (UG)
NSW_Local_Government_2016_Tamworth_Regional_Council 9 seats.csv__hit149,RODDA Mark (UG),WEBB Russell (UG),WEBB Russell (UG),RODDA Mark (UG),WEBB Russell (UG),WEBB Russell (UG),RODDA Mark (UG),WEBB Russell (UG),WEBB Russell (UG),WEBB Russell (UG)
NSW_Local_Government_2016_Tamworth_Regional_Council 9 seats.csv__hit150,RODDA Mark (UG),RODDA Mark (UG),WEBB Russell (UG),RODDA Mark (UG),RODDA Mark (UG),RODDA Mark (UG),RODDA Mark (UG),RODDA Mark (UG),RODDA Mark (UG),RODDA Mark (UG)
NSW_Local_Government_2016_Tamworth_Regional_Council 9 seats.csv__hit151,WEBB Russell (UG),RODDA Mark (UG),WEBB Russell (UG),WEBB Russell (UG),WEBB Russell (UG),WEBB Russell (UG),RODDA Mark (UG),WEBB Russell (UG),RODDA Mark (UG),WEBB Russell (UG)
NSW_Local_Government_2016_Tamworth_Regional_Council 9 seats.csv__hit152,RODDA Mark (UG),RODDA Mark (UG),RODDA Mark (UG),RODDA Mark (UG),RODDA Mark (UG),RODDA Mark (UG),RODDA Mark (UG),RODDA Mark (UG),RODDA Mark (UG),RODDA Mark (UG)
NSW_Local_Government_2016_Tamworth_Regional_Council 9 seats.csv__hit153,RODDA Mark (UG),RODDA Mark (UG),RODDA Mark (UG),RODDA Mark (UG),RODDA Mark (UG),RODDA Mark (UG),RODDA Mark (UG),RODDA Mark (UG),RODDA Mark (UG),RODDA Mark (UG)
NSW_Local_Government_2016_Tamworth_Regional_Council 9 seats.csv__hit154,RODDA Mark (UG),RODDA Mark (UG),RODDA Mark (UG),RODDA Mark (UG),RODDA Mark (UG),RODDA Mark (UG),RODDA Mark (UG),RODDA Mark (UG),RODDA Mark (UG),RODDA Mark (UG)
NSW_Local_Government_2016_Tamworth_Regional_Council 9 seats.csv__hit155,RODDA Mark (UG),RODDA Mark (UG),RODDA Mark (UG),RODDA Mark (UG),RODDA Mark (UG),RODDA Mark (UG),RODDA Mark (UG),RODDA Mark (UG),RODDA Mark (UG),RODDA Mark (UG)
NSW_Local_Government_2016_Tamworth_Regional_Council 9 seats.csv__hit156,RODDA Mark (UG),RODDA Mark (UG),RODDA Mark (UG),RODDA Mark (UG),RODDA Mark (UG),RODDA Mark (UG),RODDA Mark (UG),RODDA Mark (UG),RODDA Mark (UG),RODDA Mark (UG)
NSW_Local_Government_2016_Tamworth_Regional_Council 9 seats.csv__hit157,RODDA Mark (UG),RODDA Mark (UG),RODDA Mark (UG),RODDA Mark (UG),RODDA Mark (UG),RODDA Mark (UG),RODDA Mark (UG),RODDA Mark (UG),RODDA Mark (UG),RODDA Mark (UG)
NSW_Local_Government_2016_Tamworth_Regional_Council 9 seats.csv__hit158,RODDA Mark (UG),RODDA Mark (UG),RODDA Mark (UG),RODDA Mark (UG),RODDA Mark (UG),RODDA Mark (UG),RODDA Mark (UG),RODDA Mark (UG),RODDA Mark (UG),RODDA Mark (UG)
NSW_Local_Government_2016_Tamworth_Regional_Council 9 seats.csv__hit159,RODDA Mark (UG),RODDA Mark (UG),RODDA Mark (UG),RODDA Mark (UG),RODDA Mark (UG),RODDA Mark (UG),RODDA Mark (UG),RODDA Mark (UG),RODDA Mark (UG),RODDA Mark (UG)
NSW_Local_Government_2016_Tamworth_Regional_Council 9 seats.csv__hit160,RODDA Mark (UG),RODDA Mark (UG),RODDA Mark (UG),WEBB Russell (UG),RODDA Mark (UG),RODDA Mark (UG),RODDA Mark (UG),RODDA Mark (UG),RODDA Mark (UG),RODDA Mark (UG)
NSW_Local_Government_2016_Tamworth_Regional_Council 9 seats.csv__hit161,WEBB Russell (UG),WEBB Russell (UG),WEBB Russell (UG),RODDA Mark (UG),TICKLE Helen (UG),RODDA Mark (UG),RODDA Mark (UG),RODDA Mark (UG),WEBB Russell (UG),WEBB Russell (UG)
NSW_Local_Government_2016_Tamworth_Regional_Council 9 seats.csv__hit162,RODDA Mark (UG),RODDA Mark (UG),RODDA Mark (UG),RODDA Mark (UG),RODDA Mark (UG),RODDA Mark (UG),RODDA Mark (UG),RODDA Mark (UG),RODDA Mark (UG),RODDA Mark (UG)
NSW_Local_Government_2016_Tamworth_Regional_Council 9 seats.csv__hit163,RODDA Mark (UG),RODDA Mark (UG),WEBB Russell (UG),WEBB Russell (UG),RODDA Mark (UG),RODDA Mark (UG),RODDA Mark (UG),RODDA Mark (UG),RODDA Mark (UG),RODDA Mark (UG)
NSW_Local_Government_2016_Tamworth_Regional_Council 9 seats.csv__hit164,RODDA Mark (UG),RODDA Mark (UG),RODDA Mark (UG),RODDA Mark (UG),RODDA Mark (UG),RODDA Mark (UG),RODDA Mark (UG),RODDA Mark (UG),RODDA Mark (UG),RODDA Mark (UG)
NSW_Local_Government_2016_Tamworth_Regional_Council 9 seats.csv__hit165,RODDA Mark (UG),RODDA Mark (UG),RODDA Mark (UG),RODDA Mark (UG),RODDA Mark (UG),RODDA Mark (UG),RODDA Mark (UG),RODDA Mark (UG),RODDA Mark (UG),RODDA Mark (UG)
NSW_Local_Government_2016_Tamworth_Regional_Council 9 seats.csv__hit166,RODDA Mark (UG),RODDA Mark (UG),RODDA Mark (UG),RODDA Mark (UG),RODDA Mark (UG),RODDA Mark (UG),RODDA Mark (UG),RODDA Mark (UG),RODDA Mark (UG),RODDA Mark (UG)
NSW_Local_Government_2016_Tamworth_Regional_Council 9 seats.csv__hit167,WEBB Russell (UG),RODDA Mark (UG),WEBB Russell (UG),RODDA Mark (UG),WEBB Russell (UG),WEBB Russell (UG),WEBB Russell (UG),WEBB Russell (UG),WEBB Russell (UG),WEBB Russell (UG)
NSW_Local_Government_2016_Tamworth_Regional_Council 9 seats.csv__hit168,RODDA Mark (UG),RODDA Mark (UG),RODDA Mark (UG),RODDA Mark (UG),RODDA Mark (UG),RODDA Mark (UG),RODDA Mark (UG),RODDA Mark (UG),WEBB Russell (UG),RODDA Mark (UG)
NSW_Local_Government_2016_Tamworth_Regional_Council 9 seats.csv__hit169,RODDA Mark (UG),RODDA Mark (UG),WEBB Russell (UG),RODDA Mark (UG),TICKLE Helen (UG),RODDA Mark (UG),RODDA Mark (UG),RODDA Mark (UG),RODDA Mark (UG),RODDA Mark (UG)
NSW_Local_Government_2016_Tamworth_Regional_Council 9 seats.csv__hit170,RODDA Mark (UG),RODDA Mark (UG),RODDA Mark (UG),RODDA Mark (UG),RODDA Mark (UG),RODDA Mark (UG),RODDA Mark (UG),RODDA Mark (UG),RODDA Mark (UG),RODDA Mark (UG)
NSW_Local_Government_2016_Tamworth_Regional_Council 9 seats.csv__hit171,RODDA Mark (UG),RODDA Mark (UG),RODDA Mark (UG),TICKLE Helen (UG),TICKLE Helen (UG),RODDA Mark (UG),RODDA Mark (UG),RODDA Mark (UG),RODDA Mark (UG),RODDA Mark (UG)
NSW_Local_Government_2016_Tamworth_Regional_Council 9 seats.csv__hit172,WEBB Russell (UG),WEBB Russell (UG),RODDA Mark (UG),WEBB Russell (UG),WEBB Russell (UG),WEBB Russell (UG),WEBB Russell (UG),WEBB Russell (UG),TICKLE Helen (UG),WEBB Russell (UG)
NSW_Local_Government_2016_Tamworth_Regional_Council 9 seats.csv__hit173,WEBB Russell (UG),WEBB Russell (UG),WEBB Russell (UG),WEBB Russell (UG),RODDA Mark (UG),WEBB Russell (UG),WEBB Russell (UG),WEBB Russell (UG),WEBB Russell (UG),WEBB Russell (UG)
NSW_Local_Government_2016_Tamworth_Regional_Council 9 seats.csv__hit174,RODDA Mark (UG),RODDA Mark (UG),RODDA Mark (UG),RODDA Mark (UG),WEBB Russell (UG),WEBB Russell (UG),RODDA Mark (UG),WEBB Russell (UG),WEBB Russell (UG),WEBB Russell (UG)
NSW_Local_Government_2016_Tamworth_Regional_Council 9 seats.csv__hit175,RODDA Mark (UG),RODDA Mark (UG),RODDA Mark (UG),RODDA Mark (UG),RODDA Mark (UG),RODDA Mark (UG),RODDA Mark (UG),RODDA Mark (UG),RODDA Mark (UG),RODDA Mark (UG)
NSW_Local_Government_2016_Tamworth_Regional_Council 9 seats.csv__hit176,WEBB Russell (UG),RODDA Mark (UG),WEBB Russell (UG),WEBB Russell (UG),TICKLE Helen (UG),WEBB Russell (UG),RODDA Mark (UG),RODDA Mark (UG),RODDA Mark (UG),WEBB Russell (UG)
NSW_Local_Government_2016_Tamworth_Regional_Council 9 seats.csv__hit177,RODDA Mark (UG),RODDA Mark (UG),RODDA Mark (UG),RODDA Mark (UG),RODDA Mark (UG),RODDA Mark (UG),RODDA Mark (UG),RODDA Mark (UG),RODDA Mark (UG),RODDA Mark (UG)
NSW_Local_Government_2016_Tamworth_Regional_Council 9 seats.csv__hit178,RODDA Mark (UG),RODDA Mark (UG),RODDA Mark (UG),RODDA Mark (UG),RODDA Mark (UG),RODDA Mark (UG),RODDA Mark (UG),RODDA Mark (UG),RODDA Mark (UG),RODDA Mark (UG)
NSW_Local_Government_2016_Tamworth_Regional_Council 9 seats.csv__hit179,RODDA Mark (UG),RODDA Mark (UG),WEBB Russell (UG),RODDA Mark (UG),RODDA Mark (UG),RODDA Mark (UG),RODDA Mark (UG),RODDA Mark (UG),RODDA Mark (UG),RODDA Mark (UG)
NSW_Local_Government_2016_Tamworth_Regional_Council 9 seats.csv__hit180,RODDA Mark (UG),TICKLE Helen (UG),RODDA Mark (UG),WEBB Russell (UG),RODDA Mark (UG),RODDA Mark (UG),RODDA Mark (UG),RODDA Mark (UG),RODDA Mark (UG),RODDA Mark (UG)
NSW_Local_Government_2016_Tamworth_Regional_Council 9 seats.csv__hit181,WEBB Russell (UG),TICKLE Helen (UG),WEBB Russell (UG),WEBB Russell (UG),TICKLE Helen (UG),WEBB Russell (UG),RODDA Mark (UG),WEBB Russell (UG),WEBB Russell (UG),WEBB Russell (UG)
NSW_Local_Government_2016_Tamworth_Regional_Council 9 seats.csv__hit182,RODDA Mark (UG),RODDA Mark (UG),WEBB Russell (UG),RODDA Mark (UG),RODDA Mark (UG),RODDA Mark (UG),RODDA Mark (UG),RODDA Mark (UG),RODDA Mark (UG),RODDA Mark (UG)
NSW_Local_Government_2016_Tamworth_Regional_Council 9 seats.csv__hit183,RODDA Mark (UG),RODDA Mark (UG),RODDA Mark (UG),RODDA Mark (UG),RODDA Mark (UG),RODDA Mark (UG),RODDA Mark (UG),RODDA Mark (UG),RODDA Mark (UG),RODDA Mark (UG)
NSW_Local_Government_2016_Tamworth_Regional_Council 9 seats.csv__hit184,RODDA Mark (UG),RODDA Mark (UG),RODDA Mark (UG),RODDA Mark (UG),RODDA Mark (UG),RODDA Mark (UG),RODDA Mark (UG),RODDA Mark (UG),RODDA Mark (UG),RODDA Mark (UG)
NSW_Local_Government_2016_Tamworth_Regional_Council 9 seats.csv__hit185,RODDA Mark (UG),RODDA Mark (UG),RODDA Mark (UG),RODDA Mark (UG),RODDA Mark (UG),RODDA Mark (UG),RODDA Mark (UG),RODDA Mark (UG),RODDA Mark (UG),RODDA Mark (UG)
NSW_Local_Government_2016_Tamworth_Regional_Council 9 seats.csv__hit186,WEBB Russell (UG),RODDA Mark (UG),WEBB Russell (UG),RODDA Mark (UG),WEBB Russell (UG),WEBB Russell (UG),RODDA Mark (UG),WEBB Russell (UG),WEBB Russell (UG),WEBB Russell (UG)
NSW_Local_Government_2016_Tamworth_Regional_Council 9 seats.csv__hit187,RODDA Mark (UG),RODDA Mark (UG),RODDA Mark (UG),WEBB Russell (UG),RODDA Mark (UG),RODDA Mark (UG),RODDA Mark (UG),RODDA Mark (UG),RODDA Mark (UG),RODDA Mark (UG)
NSW_Local_Government_2016_Tamworth_Regional_Council 9 seats.csv__hit188,RODDA Mark (UG),RODDA Mark (UG),RODDA Mark (UG),RODDA Mark (UG),RODDA Mark (UG),RODDA Mark (UG),RODDA Mark (UG),RODDA Mark (UG),RODDA Mark (UG),RODDA Mark (UG)
NSW_Local_Government_2016_Tamworth_Regional_Council 9 seats.csv__hit189,RODDA Mark (UG),RODDA Mark (UG),RODDA Mark (UG),RODDA Mark (UG),RODDA Mark (UG),RODDA Mark (UG),RODDA Mark (UG),RODDA Mark (UG),RODDA Mark (UG),RODDA Mark (UG)
NSW_Local_Government_2016_Tamworth_Regional_Council 9 seats.csv__hit190,RODDA Mark (UG),RODDA Mark (UG),RODDA Mark (UG),RODDA Mark (UG),RODDA Mark (UG),RODDA Mark (UG),RODDA Mark (UG),RODDA Mark (UG),RODDA Mark (UG),RODDA Mark (UG)
NSW_Local_Government_2016_Tamworth_Regional_Council 9 seats.csv__hit191,WEBB Russell (UG),WEBB Russell (UG),WEBB Russell (UG),WEBB Russell (UG),WEBB Russell (UG),WEBB Russell (UG),RODDA Mark (UG),RODDA Mark (UG),RODDA Mark (UG),WEBB Russell (UG)
NSW_Local_Government_2016_Tamworth_Regional_Council 9 seats.csv__hit192,WEBB Russell (UG),WEBB Russell (UG),TICKLE Helen (UG),WEBB Russell (UG),WEBB Russell (UG),WEBB Russell (UG),WEBB Russell (UG),WEBB Russell (UG),WEBB Russell (UG),WEBB Russell (UG)
NSW_Local_Government_2016_Tamworth_Regional_Council 9 seats.csv__hit193,RODDA Mark (UG),RODDA Mark (UG),RODDA Mark (UG),RODDA Mark (UG),RODDA Mark (UG),RODDA Mark (UG),RODDA Mark (UG),RODDA Mark (UG),RODDA Mark (UG),RODDA Mark (UG)
NSW_Local_Government_2016_Tamworth_Regional_Council 9 seats.csv__hit194,RODDA Mark (UG),RODDA Mark (UG),RODDA Mark (UG),RODDA Mark (UG),TICKLE Helen (UG),RODDA Mark (UG),RODDA Mark (UG),RODDA Mark (UG),RODDA Mark (UG),RODDA Mark (UG)
NSW_Local_Government_2016_Tamworth_Regional_Council 9 seats.csv__hit195,WEBB Russell (UG),WEBB Russell (UG),WEBB Russell (UG),WEBB Russell (UG),WEBB Russell (UG),WEBB Russell (UG),RODDA Mark (UG),WEBB Russell (UG),WEBB Russell (UG),WEBB Russell (UG)
NSW_Local_Government_2016_Tamworth_Regional_Council 9 seats.csv__hit196,RODDA Mark (UG),RODDA Mark (UG),RODDA Mark (UG),RODDA Mark (UG),RODDA Mark (UG),RODDA Mark (UG),RODDA Mark (UG),RODDA Mark (UG),RODDA Mark (UG),RODDA Mark (UG)
NSW_Local_Government_2016_Tamworth_Regional_Council 9 seats.csv__hit197,RODDA Mark (UG),RODDA Mark (UG),WEBB Russell (UG),RODDA Mark (UG),RODDA Mark (UG),RODDA Mark (UG),RODDA Mark (UG),RODDA Mark (UG),RODDA Mark (UG),RODDA Mark (UG)
NSW_Local_Government_2016_Tamworth_Regional_Council 9 seats.csv__hit198,RODDA Mark (UG),RODDA Mark (UG),WEBB Russell (UG),RODDA Mark (UG),RODDA Mark (UG),RODDA Mark (UG),RODDA Mark (UG),RODDA Mark (UG),RODDA Mark (UG),RODDA Mark (UG)
NSW_Local_Government_2016_Tamworth_Regional_Council 9 seats.csv__hit199,RODDA Mark (UG),RODDA Mark (UG),WEBB Russell (UG),WEBB Russell (UG),RODDA Mark (UG),RODDA Mark (UG),RODDA Mark (UG),RODDA Mark (UG),RODDA Mark (UG),RODDA Mark (UG)
NSW_Local_Government_2021_Byron 8 seats.csv__hit0,DEY Duncan (A),LYON Michael (E),DEY Duncan (A),LYON Michael (E),LYON Michael (E),LYON Michael (E),LYON Michael (E),LYON Michael (E),LYON Michael (E),LYON Michael (E)
NSW_Local_Government_2021_Byron 8 seats.csv__hit1,LYON Michael (E),SWIVEL Mark (D),DEY Duncan (A),LYON Michael (E),LYON Michael (E),LYON Michael (E),LYON Michael (E),DEY Duncan (A),LYON Michael (E),LYON Michael (E)
NSW_Local_Government_2021_Byron 8 seats.csv__hit2,SWIVEL Mark (D),LYON Michael (E),LYON Michael (E),DEY Duncan (A),DEY Duncan (A),LYON Michael (E),DEY Duncan (A),LYON Michael (E),LYON Michael (E),LYON Michael (E)
NSW_Local_Government_2021_Byron 8 seats.csv__hit3,LYON Michael (E),LYON Michael (E),DEY Duncan (A),LYON Michael (E),LYON Michael (E),LYON Michael (E),LYON Michael (E),LYON Michael (E),LYON Michael (E),LYON Michael (E)
NSW_Local_Government_2021_Byron 8 seats.csv__hit4,DEY Duncan (A),LYON Michael (E),DEY Duncan (A),SWIVEL Mark (D),LYON Michael (E),LYON Michael (E),LYON Michael (E),LYON Michael (E),LYON Michael (E),LYON Michael (E)
NSW_Local_Government_2021_Byron 8 seats.csv__hit5,DEY Duncan (A),LYON Michael (E),LYON Michael (E),SWIVEL Mark (D),LYON Michael (E),LYON Michael (E),LYON Michael (E),LYON Michael (E),LYON Michael (E),LYON Michael (E)
NSW_Local_Government_2021_Byron 8 seats.csv__hit6,COOREY Cate (B),LYON Michael (E),SWIVEL Mark (D),DEY Duncan (A),DEY Duncan (A),LYON Michael (E),DEY Duncan (A),LYON Michael (E),LYON Michael (E),LYON Michael (E)
NSW_Local_Government_2021_Byron 8 seats.csv__hit7,DEY Duncan (A),DEY Duncan (A),DEY Duncan (A),DEY Duncan (A),DEY Duncan (A),DEY Duncan (A),DEY Duncan (A),DEY Duncan (A),DEY Duncan (A),DEY Duncan (A)
NSW_Local_Government_2021_Byron 8 seats.csv__hit8,COOREY Cate (B),LYON Michael (E),DEY Duncan (A),SWIVEL Mark (D),DEY Duncan (A),LYON Michael (E),LYON Michael (E),DEY Duncan (A),LYON Michael (E),LYON Michael (E)
NSW_Local_Government_2021_Byron 8 seats.csv__hit9,LYON Michael (E),LYON Michael (E),LYON Michael (E),LYON Michael (E),LYON Michael (E),LYON Michael (E),LYON Michael (E),DEY Duncan (A),LYON Michael (E),LYON Michael (E)
NSW_Local_Government_2021_Byron 8 seats.csv__hit10,SWIVEL Mark (D),LYON Michael (E),LYON Michael (E),LYON Michael (E),DEY Duncan (A),LYON Michael (E),LYON Michael (E),LYON Michael (E),LYON Michael (E),LYON Michael (E)
NSW_Local_Government_2021_Byron 8 seats.csv__hit11,DEY Duncan (A),SWIVEL Mark (D),SWIVEL Mark (D),LYON Michael (E),LYON Michael (E),LYON Michael (E),LYON Michael (E),LYON Michael (E),LYON Michael (E),LYON Michael (E)
NSW_Local_Government_2021_Byron 8 seats.csv__hit12,LYON Michael (E),LYON Michael (E),DEY Duncan (A),SWIVEL Mark (D),DEY Duncan (A),LYON Michael (E),LYON Michael (E),LYON Michael (E),LYON Michael (E),LYON Michael (E)
NSW_Local_Government_2021_Byron 8 seats.csv__hit13,LYON Michael (E),LYON Michael (E),LYON Michael (E),SWIVEL Mark (D),DEY Duncan (A),LYON Michael (E),DEY Duncan (A),LYON Michael (E),LYON Michael (E),LYON Michael (E)
NSW_Local_Government_2021_Byron 8 seats.csv__hit14,DEY Duncan (A),SWIVEL Mark (D),LYON Michael (E),SWIVEL Mark (D),DEY Duncan (A),LYON Michael (E),LYON Michael (E),LYON Michael (E),LYON Michael (E),LYON Michael (E)
NSW_Local_Government_2021_Byron 8 seats.csv__hit15,COOREY Cate (B),LYON Michael (E),LYON Michael (E),DEY Duncan (A),DEY Duncan (A),DEY Duncan (A),DEY Duncan (A),DEY Duncan (A),DEY Duncan (A),DEY Duncan (A)
NSW_Local_Government_2021_Byron 8 seats.csv__hit16,SWIVEL Mark (D),LYON Michael (E),LYON Michael (E),SWIVEL Mark (D),LYON Michael (E),LYON Michael (E),LYON Michael (E),DEY Duncan (A),LYON Michael (E),LYON Michael (E)
NSW_Local_Government_2021_Byron 8 seats.csv__hit17,LYON Michael (E),DEY Duncan (A),COOREY Cate (B),DEY Duncan (A),DEY Duncan (A),DEY Duncan (A),DEY Duncan (A),DEY Duncan (A),DEY Duncan (A),DEY Duncan (A)
NSW_Local_Government_2021_Byron 8 seats.csv__hit18,LYON Michael (E),DEY Duncan (A),DEY Duncan (A),DEY Duncan (A),DEY Duncan (A),DEY Duncan (A),DEY Duncan (A),DEY Duncan (A),DEY Duncan (A),DEY Duncan (A)
NSW_Local_Government_2021_Byron 8 seats.csv__hit19,SWIVEL Mark (D),SWIVEL Mark (D),DEY Duncan (A),LYON Michael (E),DEY Duncan (A),LYON Michael (E),LYON Michael (E),LYON Michael (E),LYON Michael (E),LYON Michael (E)
NSW_Local_Government_2021_Byron 8 seats.csv__hit20,SWIVEL Mark (D),LYON Michael (E),DEY Duncan (A),SWIVEL Mark (D),DEY Duncan (A),LYON Michael (E),LYON Michael (E),LYON Michael (E),LYON Michael (E),LYON Michael (E)
NSW_Local_Government_2021_Byron 8 seats.csv__hit21,DEY Duncan (A),DEY Duncan (A),DEY Duncan (A),DEY Duncan (A),DEY Duncan (A),DEY Duncan (A),DEY Duncan (A),DEY Duncan (A),DEY Duncan (A),DEY Duncan (A)
NSW_Local_Government_2021_Byron 8 seats.csv__hit22,DEY Duncan (A),SWIVEL Mark (D),SWIVEL Mark (D),SWIVEL Mark (D),LYON Michael (E),LYON Michael (E),LYON Michael (E),LYON Michael (E),LYON Michael (E),LYON Michael (E)
NSW_Local_Government_2021_Byron 8 seats.csv__hit23,DEY Duncan (A),SWIVEL Mark (D),DEY Duncan (A),DEY Duncan (A),DEY Duncan (A),DEY Duncan (A),DEY Duncan (A),DEY Duncan (A),DEY Duncan (A),DEY Duncan (A)
NSW_Local_Government_2021_Byron 8 seats.csv__hit24,LYON Michael (E),LYON Michael (E),DEY Duncan (A),LYON Michael (E),LYON Michael (E),DEY Duncan (A),DEY Duncan (A),LYON Michael (E),LYON Michael (E),LYON Michael (E)
NSW_Local_Government_2021_Byron 8 seats.csv__hit25,SWIVEL Mark (D),LYON Michael (E),LYON Michael (E),LYON Michael (E),LYON Michael (E),LYON Michael (E),LYON Michael (E),LYON Michael (E),LYON Michael (E),LYON Michael (E)
NSW_Local_Government_2021_Byron 8 seats.csv__hit26,LYON Michael (E),LYON Michael (E),LYON Michael (E),SWIVEL Mark (D),LYON Michael (E),LYON Michael (E),LYON Michael (E),DEY Duncan (A),LYON Michael (E),LYON Michael (E)
NSW_Local_Government_2021_Byron 8 seats.csv__hit27,SWIVEL Mark (D),SWIVEL Mark (D),DEY Duncan (A),DEY Duncan (A),DEY Duncan (A),DEY Duncan (A),DEY Duncan (A),DEY Duncan (A),DEY Duncan (A),DEY Duncan (A)
NSW_Local_Government_2021_Byron 8 seats.csv__hit28,SWIVEL Mark (D),LYON Michael (E),LYON Michael (E),LYON Michael (E),LYON Michael (E),LYON Michael (E),LYON Michael (E),DEY Duncan (A),LYON Michael (E),LYON Michael (E)
NSW_Local_Government_2021_Byron 8 seats.csv__hit29,SWIVEL Mark (D),SWIVEL Mark (D),SWIVEL Mark (D),SWIVEL Mark (D),LYON Michael (E),LYON Michael (E),LYON Michael (E),LYON Michael (E),LYON Michael (E),LYON Michael (E)
NSW_Local_Government_2021_Byron 8 seats.csv__hit30,LYON Michael (E),LYON Michael (E),LYON Michael (E),DEY Duncan (A),LYON Michael (E),LYON Michael (E),DEY Duncan (A),LYON Michael (E),LYON Michael (E),LYON Michael (E)
NSW_Local_Government_2021_Byron 8 seats.csv__hit31,SWIVEL Mark (D),SWIVEL Mark (D),LYON Michael (E),LYON Michael (E),LYON Michael (E),LYON Michael (E),LYON Michael (E),LYON Michael (E),LYON Michael (E),LYON Michael (E)
NSW_Local_Government_2021_Byron 8 seats.csv__hit32,LYON Michael (E),LYON Michael (E),LYON Michael (E),LYON Michael (E),LYON Michael (E),LYON Michael (E),DEY Duncan (A),DEY Duncan (A),LYON Michael (E),LYON Michael (E)
NSW_Local_Government_2021_Byron 8 seats.csv__hit33,LYON Michael (E),LYON Michael (E),DEY Duncan (A),SWIVEL Mark (D),LYON Michael (E),LYON Michael (E),LYON Michael (E),LYON Michael (E),LYON Michael (E),LYON Michael (E)
NSW_Local_Government_2021_Byron 8 seats.csv__hit34,SWIVEL Mark (D),LYON Michael (E),SWIVEL Mark (D),SWIVEL Mark (D),LYON Michael (E),LYON Michael (E),LYON Michael (E),LYON Michael (E),LYON Michael (E),LYON Michael (E)
NSW_Local_Government_2021_Byron 8 seats.csv__hit35,SWIVEL Mark (D),LYON Michael (E),DEY Duncan (A),DEY Duncan (A),LYON Michael (E),LYON Michael (E),LYON Michael (E),LYON Michael (E),LYON Michael (E),LYON Michael (E)
NSW_Local_Government_2021_Byron 8 seats.csv__hit36,SWIVEL Mark (D),SWIVEL Mark (D),LYON Michael (E),LYON Michael (E),LYON Michael (E),LYON Michael (E),LYON Michael (E),LYON Michael (E),LYON Michael (E),LYON Michael (E)
NSW_Local_Government_2021_Byron 8 seats.csv__hit37,SWIVEL Mark (D),SWIVEL Mark (D),DEY Duncan (A),LYON Michael (E),LYON Michael (E),LYON Michael (E),DEY Duncan (A),LYON Michael (E),LYON Michael (E),LYON Michael (E)
NSW_Local_Government_2021_Byron 8 seats.csv__hit38,LYON Michael (E),LYON Michael (E),LYON Michael (E),LYON Michael (E),LYON Michael (E),DEY Duncan (A),DEY Duncan (A),DEY Duncan (A),LYON Michael (E),LYON Michael (E)
NSW_Local_Government_2021_Byron 8 seats.csv__hit39,SWIVEL Mark (D),LYON Michael (E),LYON Michael (E),LYON Michael (E),DEY Duncan (A),LYON Michael (E),LYON Michael (E),LYON Michael (E),LYON Michael (E),LYON Michael (E)
NSW_Local_Government_2021_Byron 8 seats.csv__hit40,LYON Michael (E),LYON Michael (E),DEY Duncan (A),SWIVEL Mark (D),DEY Duncan (A),LYON Michael (E),DEY Duncan (A),LYON Michael (E),LYON Michael (E),LYON Michael (E)
NSW_Local_Government_2021_Byron 8 seats.csv__hit41,LYON Michael (E),LYON Michael (E),DEY Duncan (A),LYON Michael (E),LYON Michael (E),LYON Michael (E),LYON Michael (E),DEY Duncan (A),LYON Michael (E),LYON Michael (E)
NSW_Local_Government_2021_Byron 8 seats.csv__hit42,LYON Michael (E),LYON Michael (E),DEY Duncan (A),SWIVEL Mark (D),LYON Michael (E),LYON Michael (E),LYON Michael (E),LYON Michael (E),LYON Michael (E),LYON Michael (E)
NSW_Local_Government_2021_Byron 8 seats.csv__hit43,LYON Michael (E),LYON Michael (E),LYON Michael (E),SWIVEL Mark (D),LYON Michael (E),LYON Michael (E),LYON Michael (E),LYON Michael (E),LYON Michael (E),LYON Michael (E)
NSW_Local_Government_2021_Byron 8 seats.csv__hit44,DEY Duncan (A),LYON Michael (E),LYON Michael (E),LYON Michael (E),DEY Duncan (A),LYON Michael (E),LYON Michael (E),DEY Duncan (A),DEY Duncan (A),LYON Michael (E)
NSW_Local_Government_2021_Byron 8 seats.csv__hit45,SWIVEL Mark (D),LYON Michael (E),LYON Michael (E),LYON Michael (E),DEY Duncan (A),LYON Michael (E),LYON Michael (E),LYON Michael (E),LYON Michael (E),LYON Michael (E)
NSW_Local_Government_2021_Byron 8 seats.csv__hit46,LYON Michael (E),LYON Michael (E),LYON Michael (E),SWIVEL Mark (D),DEY Duncan (A),DEY Duncan (A),DEY Duncan (A),LYON Michael (E),LYON Michael (E),LYON Michael (E)
NSW_Local_Government_2021_Byron 8 seats.csv__hit47,COOREY Cate (B),LYON Michael (E),DEY Duncan (A),LYON Michael (E),SWIVEL Mark (D),LYON Michael (E),DEY Duncan (A),LYON Michael (E),LYON Michael (E),LYON Michael (E)
NSW_Local_Government_2021_Byron 8 seats.csv__hit48,SWIVEL Mark (D),LYON Michael (E),LYON Michael (E),DEY Duncan (A),LYON Michael (E),LYON Michael (E),DEY Duncan (A),DEY Duncan (A),LYON Michael (E),LYON Michael (E)
NSW_Local_Government_2021_Byron 8 seats.csv__hit49,SWIVEL Mark (D),LYON Michael (E),LYON Michael (E),LYON Michael (E),DEY Duncan (A),LYON Michael (E),LYON Michael (E),LYON Michael (E),LYON Michael (E),LYON Michael (E)
NSW_Local_Government_2021_Byron 8 seats.csv__hit50,DEY Duncan (A),LYON Michael (E),LYON Michael (E),LYON Michael (E),LYON Michael (E),LYON Michael (E),LYON Michael (E),LYON Michael (E),LYON Michael (E),LYON Michael (E)
NSW_Local_Government_2021_Byron 8 seats.csv__hit51,LYON Michael (E),LYON Michael (E),LYON Michael (E),DEY Duncan (A),LYON Michael (E),LYON Michael (E),LYON Michael (E),LYON Michael (E),LYON Michael (E),LYON Michael (E)
NSW_Local_Government_2021_Byron 8 seats.csv__hit52,LYON Michael (E),LYON Michael (E),DEY Duncan (A),SWIVEL Mark (D),LYON Michael (E),DEY Duncan (A),DEY Duncan (A),LYON Michael (E),LYON Michael (E),LYON Michael (E)
NSW_Local_Government_2021_Byron 8 seats.csv__hit53,LYON Michael (E),LYON Michael (E),LYON Michael (E),DEY Duncan (A),DEY Duncan (A),LYON Michael (E),LYON Michael (E),LYON Michael (E),LYON Michael (E),LYON Michael (E)
NSW_Local_Government_2021_Byron 8 seats.csv__hit54,LYON Michael (E),SWIVEL Mark (D),LYON Michael (E),LYON Michael (E),DEY Duncan (A),LYON Michael (E),DEY Duncan (A),LYON Michael (E),LYON Michael (E),LYON Michael (E)
NSW_Local_Government_2021_Byron 8 seats.csv__hit55,COOREY Cate (B),LYON Michael (E),LYON Michael (E),LYON Michael (E),DEY Duncan (A),LYON Michael (E),LYON Michael (E),DEY Duncan (A),LYON Michael (E),LYON Michael (E)
NSW_Local_Government_2021_Byron 8 seats.csv__hit56,LYON Michael (E),LYON Michael (E),DEY Duncan (A),DEY Duncan (A),DEY Duncan (A),LYON Michael (E),LYON Michael (E),DEY Duncan (A),LYON Michael (E),LYON Michael (E)
NSW_Local_Government_2021_Byron 8 seats.csv__hit57,LYON Michael (E),LYON Michael (E),DEY Duncan (A),SWIVEL Mark (D),DEY Duncan (A),LYON Michael (E),LYON Michael (E),LYON Michael (E),LYON Michael (E),LYON Michael (E)
NSW_Local_Government_2021_Byron 8 seats.csv__hit58,LYON Michael (E),LYON Michael (E),DEY Duncan (A),DEY Duncan (A),LYON Michael (E),LYON Michael (E),DEY Duncan (A),DEY Duncan (A),LYON Michael (E),LYON Michael (E)
NSW_Local_Government_2021_Byron 8 seats.csv__hit59,LYON Michael (E),LYON Michael (E),LYON Michael (E),LYON Michael (E),DEY Duncan (A),LYON Michael (E),LYON Michael (E),LYON Michael (E),LYON Michael (E),LYON Michael (E)
NSW_Local_Government_2021_Byron 8 seats.csv__hit60,SWIVEL Mark (D),LYON Michael (E),DEY Duncan (A),LYON Michael (E),DEY Duncan (A),DEY Duncan (A),LYON Michael (E),SWIVEL Mark (D),LYON Michael (E),LYON Michael (E)
NSW_Local_Government_2021_Byron 8 seats.csv__hit61,SWIVEL Mark (D),LYON Michael (E),DEY Duncan (A),DEY Duncan (A),DEY Duncan (A),LYON Michael (E),LYON Michael (E),DEY Duncan (A),DEY Duncan (A),LYON Michael (E)
NSW_Local_Government_2021_Byron 8 seats.csv__hit62,COOREY Cate (B),LYON Michael (E),COOREY Cate (B),DEY Duncan (A),DEY Duncan (A),DEY Duncan (A),DEY Duncan (A),DEY Duncan (A),DEY Duncan (A),DEY Duncan (A)
NSW_Local_Government_2021_Byron 8 seats.csv__hit63,LYON Michael (E),SWIVEL Mark (D),DEY Duncan (A),LYON Michael (E),DEY Duncan (A),LYON Michael (E),LYON Michael (E),DEY Duncan (A),LYON Michael (E),LYON Michael (E)
NSW_Local_Government_2021_Byron 8 seats.csv__hit64,COOREY Cate (B),LYON Michael (E),LYON Michael (E),DEY Duncan (A),DEY Duncan (A),LYON Michael (E),LYON Michael (E),LYON Michael (E),LYON Michael (E),LYON Michael (E)
NSW_Local_Government_2021_Byron 8 seats.csv__hit65,LYON Michael (E),DEY Duncan (A),DEY Duncan (A),DEY Duncan (A),DEY Duncan (A),DEY Duncan (A),DEY Duncan (A),DEY Duncan (A),DEY Duncan (A),DEY Duncan (A)
NSW_Local_Government_2021_Byron 8 seats.csv__hit66,SWIVEL Mark (D),LYON Michael (E),DEY Duncan (A),DEY Duncan (A),LYON Michael (E),LYON Michael (E),LYON Michael (E),LYON Michael (E),LYON Michael (E),LYON Michael (E)
NSW_Local_Government_2021_Byron 8 seats.csv__hit67,DEY Duncan (A),LYON Michael (E),DEY Duncan (A),LYON Michael (E),LYON Michael (E),LYON Michael (E),LYON Michael (E),LYON Michael (E),LYON Michael (E),LYON Michael (E)
NSW_Local_Government_2021_Byron 8 seats.csv__hit68,LYON Michael (E),SWIVEL Mark (D),DEY Duncan (A),SWIVEL Mark (D),LYON Michael (E),LYON Michael (E),LYON Michael (E),DEY Duncan (A),LYON Michael (E),LYON Michael (E)
NSW_Local_Government_2021_Byron 8 seats.csv__hit69,DEY Duncan (A),LYON Michael (E),DEY Duncan (A),LYON Michael (E),LYON Michael (E),LYON Michael (E),DEY Duncan (A),DEY Duncan (A),LYON Michael (E),LYON Michael (E)
NSW_Local_Government_2021_Byron 8 seats.csv__hit70,LYON Michael (E),LYON Michael (E),LYON Michael (E),DEY Duncan (A),LYON Michael (E),LYON Michael (E),DEY Duncan (A),DEY Duncan (A),LYON Michael (E),LYON Michael (E)
NSW_Local_Government_2021_Byron 8 seats.csv__hit71,DEY Duncan (A),SWIVEL Mark (D),LYON Michael (E),LYON Michael (E),DEY Duncan (A),LYON Michael (E),LYON Michael (E),DEY Duncan (A),LYON Michael (E),LYON Michael (E)
NSW_Local_Government_2021_Byron 8 seats.csv__hit72,LYON Michael (E),LYON Michael (E),DEY Duncan (A),SWIVEL Mark (D),LYON Michael (E),LYON Michael (E),LYON Michael (E),LYON Michael (E),LYON Michael (E),LYON Michael (E)
NSW_Local_Government_2021_Byron 8 seats.csv__hit73,DEY Duncan (A),DEY Duncan (A),DEY Duncan (A),DEY Duncan (A),DEY Duncan (A),DEY Duncan (A),DEY Duncan (A),DEY Duncan (A),DEY Duncan (A),DEY Duncan (A)
NSW_Local_Government_2021_Byron 8 seats.csv__hit74,SWIVEL Mark (D),LYON Michael (E),LYON Michael (E),DEY Duncan (A),LYON Michael (E),LYON Michael (E),SWIVEL Mark (D),DEY Duncan (A),LYON Michael (E),LYON Michael (E)
NSW_Local_Government_2021_Byron 8 seats.csv__hit75,LYON Michael (E),SWIVEL Mark (D),SWIVEL Mark (D),SWIVEL Mark (D),SWIVEL Mark (D),SWIVEL Mark (D),SWIVEL Mark (D),SWIVEL Mark (D),SWIVEL Mark (D),SWIVEL Mark (D)
NSW_Local_Government_2021_Byron 8 seats.csv__hit76,LYON Michael (E),LYON Michael (E),DEY Duncan (A),LYON Michael (E),LYON Michael (E),LYON Michael (E),LYON Michael (E),LYON Michael (E),LYON Michael (E),LYON Michael (E)
NSW_Local_Government_2021_Byron 8 seats.csv__hit77,COOREY Cate (B),LYON Michael (E),LYON Michael (E),LYON Michael (E),LYON Michael (E),LYON Michael (E),LYON Michael (E),LYON Michael (E),LYON Michael (E),LYON Michael (E)
NSW_Local_Government_2021_Byron 8 seats.csv__hit78,DEY Duncan (A),LYON Michael (E),DEY Duncan (A),DEY Duncan (A),DEY Duncan (A),DEY Duncan (A),DEY Duncan (A),DEY Duncan (A),DEY Duncan (A),DEY Duncan (A)
NSW_Local_Government_2021_Byron 8 seats.csv__hit79,DEY Duncan (A),DEY Duncan (A),DEY Duncan (A),DEY Duncan (A),DEY Duncan (A),DEY Duncan (A),DEY Duncan (A),DEY Duncan (A),DEY Duncan (A),DEY Duncan (A)
NSW_Local_Government_2021_Byron 8 seats.csv__hit80,SWIVEL Mark (D),LYON Michael (E),LYON Michael (E),SWIVEL Mark (D),LYON Michael (E),LYON Michael (E),LYON Michael (E),DEY Duncan (A),DEY Duncan (A),LYON Michael (E)
NSW_Local_Government_2021_Byron 8 seats.csv__hit81,LYON Michael (E),LYON Michael (E),DEY Duncan (A),LYON Michael (E),LYON Michael (E),LYON Michael (E),LYON Michael (E),LYON Michael (E),LYON Michael (E),LYON Michael (E)
NSW_Local_Government_2021_Byron 8 seats.csv__hit82,SWIVEL Mark (D),LYON Michael (E),DEY Duncan (A),SWIVEL Mark (D),LYON Michael (E),LYON Michael (E),LYON Michael (E),LYON Michael (E),LYON Michael (E),LYON Michael (E)
NSW_Local_Government_2021_Byron 8 seats.csv__hit83,SWIVEL Mark (D),LYON Michael (E),DEY Duncan (A),SWIVEL Mark (D),LYON Michael (E),LYON Michael (E),LYON Michael (E),LYON Michael (E),LYON Michael (E),LYON Michael (E)
NSW_Local_Government_2021_Byron 8 seats.csv__hit84,DEY Duncan (A),DEY Duncan (A),DEY Duncan (A),DEY Duncan (A),DEY Duncan (A),DEY Duncan (A),DEY Duncan (A),DEY Duncan (A),DEY Duncan (A),DEY Duncan (A)
NSW_Local_Government_2021_Byron 8 seats.csv__hit85,DEY Duncan (A),SWIVEL Mark (D),DEY Duncan (A),DEY Duncan (A),DEY Duncan (A),DEY Duncan (A),DEY Duncan (A),DEY Duncan (A),DEY Duncan (A),DEY Duncan (A)
NSW_Local_Government_2021_Byron 8 seats.csv__hit86,LYON Michael (E),LYON Michael (E),SWIVEL Mark (D),SWIVEL Mark (D),LYON Michael (E),LYON Michael (E),DEY Duncan (A),LYON Michael (E),LYON Michael (E),LYON Michael (E)
NSW_Local_Government_2021_Byron 8 seats.csv__hit87,LYON Michael (E),LYON Michael (E),DEY Duncan (A),SWIVEL Mark (D),DEY Duncan (A),LYON Michael (E),DEY Duncan (A),LYON Michael (E),LYON Michael (E),LYON Michael (E)
NSW_Local_Government_2021_Byron 8 seats.csv__hit88,SWIVEL Mark (D),LYON Michael (E),LYON Michael (E),SWIVEL Mark (D),LYON Michael (E),LYON Michael (E),DEY Duncan (A),LYON Michael (E),LYON Michael (E),LYON Michael (E)
NSW_Local_Government_2021_Byron 8 seats.csv__hit89,LYON Michael (E),SWIVEL Mark (D),DEY Duncan (A),SWIVEL Mark (D),LYON Michael (E),LYON Michael (E),LYON Michael (E),DEY Duncan (A),DEY Duncan (A),LYON Michael (E)
NSW_Local_Government_2021_Byron 8 seats.csv__hit90,LYON Michael (E),LYON Michael (E),LYON Michael (E),LYON Michael (E),LYON Michael (E),LYON Michael (E),DEY Duncan (A),LYON Michael (E),LYON Michael (E),LYON Michael (E)
NSW_Local_Government_2021_Byron 8 seats.csv__hit91,LYON Michael (E),LYON Michael (E),LYON Michael (E),SWIVEL Mark (D),LYON Michael (E),LYON Michael (E),DEY Duncan (A),LYON Michael (E),LYON Michael (E),LYON Michael (E)
NSW_Local_Government_2021_Byron 8 seats.csv__hit92,DEY Duncan (A),DEY Duncan (A),DEY Duncan (A),DEY Duncan (A),DEY Duncan (A),DEY Duncan (A),DEY Duncan (A),DEY Duncan (A),DEY Duncan (A),DEY Duncan (A)
NSW_Local_Government_2021_Byron 8 seats.csv__hit93,LYON Michael (E),LYON Michael (E),LYON Michael (E),LYON Michael (E),DEY Duncan (A),LYON Michael (E),LYON Michael (E),LYON Michael (E),LYON Michael (E),LYON Michael (E)
NSW_Local_Government_2021_Byron 8 seats.csv__hit94,COOREY Cate (B),LYON Michael (E),SWIVEL Mark (D),SWIVEL Mark (D),SWIVEL Mark (D),SWIVEL Mark (D),SWIVEL Mark (D),SWIVEL Mark (D),SWIVEL Mark (D),SWIVEL Mark (D)
NSW_Local_Government_2021_Byron 8 seats.csv__hit95,DEY Duncan (A),LYON Michael (E),DEY Duncan (A),SWIVEL Mark (D),LYON Michael (E),LYON Michael (E),LYON Michael (E),LYON Michael (E),LYON Michael (E),LYON Michael (E)
NSW_Local_Government_2021_Byron 8 seats.csv__hit96,LYON Michael (E),LYON Michael (E),DEY Duncan (A),SWIVEL Mark (D),LYON Michael (E),LYON Michael (E),LYON Michael (E),LYON Michael (E),LYON Michael (E),LYON Michael (E)
NSW_Local_Government_2021_Byron 8 seats.csv__hit97,LYON Michael (E),SWIVEL Mark (D),SWIVEL Mark (D),SWIVEL Mark (D),LYON Michael (E),LYON Michael (E),LYON Michael (E),LYON Michael (E),LYON Michael (E),LYON Michael (E)
NSW_Local_Government_2021_Byron 8 seats.csv__hit98,DEY Duncan (A),SWIVEL Mark (D),LYON Michael (E),DEY Duncan (A),DEY Duncan (A),DEY Duncan (A),LYON Michael (E),LYON Michael (E),LYON Michael (E),LYON Michael (E)
NSW_Local_Government_2021_Byron 8 seats.csv__hit99,LYON Michael (E),LYON Michael (E),DEY Duncan (A),DEY Duncan (A),LYON Michael (E),LYON Michael (E),LYON Michael (E),LYON Michael (E),LYON Michael (E),LYON Michael (E)
NSW_Local_Government_2021_Byron 8 seats.csv__hit100,LYON Michael (E),LYON Michael (E),LYON Michael (E),LYON Michael (E),LYON Michael (E),LYON Michael (E),DEY Duncan (A),LYON Michael (E),LYON Michael (E),LYON Michael (E)
NSW_Local_Government_2021_Byron 8 seats.csv__hit101,LYON Michael (E),LYON Michael (E),DEY Duncan (A),LYON Michael (E),DEY Duncan (A),LYON Michael (E),LYON Michael (E),DEY Duncan (A),LYON Michael (E),LYON Michael (E)
NSW_Local_Government_2021_Byron 8 seats.csv__hit102,LYON Michael (E),LYON Michael (E),LYON Michael (E),LYON Michael (E),DEY Duncan (A),LYON Michael (E),DEY Duncan (A),LYON Michael (E),LYON Michael (E),LYON Michael (E)
NSW_Local_Government_2021_Byron 8 seats.csv__hit103,DEY Duncan (A),DEY Duncan (A),DEY Duncan (A),DEY Duncan (A),DEY Duncan (A),DEY Duncan (A),DEY Duncan (A),DEY Duncan (A),DEY Duncan (A),DEY Duncan (A)
NSW_Local_Government_2021_Byron 8 seats.csv__hit104,DEY Duncan (A),SWIVEL Mark (D),DEY Duncan (A),LYON Michael (E),LYON Michael (E),LYON Michael (E),DEY Duncan (A),DEY Duncan (A),LYON Michael (E),LYON Michael (E)
NSW_Local_Government_2021_Byron 8 seats.csv__hit105,COOREY Cate (B),LYON Michael (E),DEY Duncan (A),DEY Duncan (A),LYON Michael (E),LYON Michael (E),LYON Michael (E),LYON Michael (E),LYON Michael (E),LYON Michael (E)
NSW_Local_Government_2021_Byron 8 seats.csv__hit106,SWIVEL Mark (D),LYON Michael (E),SWIVEL Mark (D),DEY Duncan (A),LYON Michael (E),LYON Michael (E),LYON Michael (E),DEY Duncan (A),LYON Michael (E),LYON Michael (E)
NSW_Local_Government_2021_Byron 8 seats.csv__hit107,DEY Duncan (A),LYON Michael (E),DEY Duncan (A),LYON Michael (E),DEY Duncan (A),LYON Michael (E),DEY Duncan (A),DEY Duncan (A),LYON Michael (E),LYON Michael (E)
NSW_Local_Government_2021_Byron 8 seats.csv__hit108,COOREY Cate (B),LYON Michael (E),LYON Michael (E),DEY Duncan (A),DEY Duncan (A),LYON Michael (E),DEY Duncan (A),LYON Michael (E),LYON Michael (E),LYON Michael (E)
NSW_Local_Government_2021_Byron 8 seats.csv__hit109,DEY Duncan (A),LYON Michael (E),DEY Duncan (A),DEY Duncan (A),DEY Duncan (A),LYON Michael (E),DEY Duncan (A),DEY Duncan (A),LYON Michael (E),LYON Michael (E)
NSW_Local_Government_2021_Byron 8 seats.csv__hit110,LYON Michael (E),SWIVEL Mark (D),SWIVEL Mark (D),SWIVEL Mark (D),LYON Michael (E),LYON Michael (E),LYON Michael (E),DEY Duncan (A),LYON Michael (E),LYON Michael (E)
NSW_Local_Government_2021_Byron 8 seats.csv__hit111,LYON Michael (E),SWIVEL Mark (D),LYON Michael (E),SWIVEL Mark (D),DEY Duncan (A),LYON Michael (E),DEY Duncan (A),DEY Duncan (A),LYON Michael (E),LYON Michael (E)
NSW_Local_Government_2021_Byron 8 seats.csv__hit112,SWIVEL Mark (D),LYON Michael (E),DEY Duncan (A),SWIVEL Mark (D),DEY Duncan (A),LYON Michael (E),LYON Michael (E),LYON Michael (E),LYON Michael (E),LYON Michael (E)
NSW_Local_Government_2021_Byron 8 seats.csv__hit113,LYON Michael (E),SWIVEL Mark (D),LYON Michael (E),SWIVEL Mark (D),LYON Michael (E),LYON Michael (E),LYON Michael (E),DEY Duncan (A),LYON Michael (E),LYON Michael (E)
NSW_Local_Government_2021_Byron 8 seats.csv__hit114,SWIVEL Mark (D),LYON Michael (E),DEY Duncan (A),LYON Michael (E),DEY Duncan (A),LYON Michael (E),DEY Duncan (A),LYON Michael (E),LYON Michael (E),LYON Michael (E)
NSW_Local_Government_2021_Byron 8 seats.csv__hit115,LYON Michael (E),LYON Michael (E),DEY Duncan (A),LYON Michael (E),LYON Michael (E),LYON Michael (E),DEY Duncan (A),LYON Michael (E),LYON Michael (E),LYON Michael (E)
NSW_Local_Government_2021_Byron 8 seats.csv__hit116,DEY Duncan (A),LYON Michael (E),LYON Michael (E),SWIVEL Mark (D),LYON Michael (E),LYON Michael (E),LYON Michael (E),DEY Duncan (A),LYON Michael (E),LYON Michael (E)
NSW_Local_Government_2021_Byron 8 seats.csv__hit117,LYON Michael (E),LYON Michael (E),DEY Duncan (A),DEY Duncan (A),LYON Michael (E),LYON Michael (E),LYON Michael (E),LYON Michael (E),LYON Michael (E),LYON Michael (E)
NSW_Local_Government_2021_Byron 8 seats.csv__hit118,COOREY Cate (B),LYON Michael (E),SWIVEL Mark (D),SWIVEL Mark (D),SWIVEL Mark (D),SWIVEL Mark (D),SWIVEL Mark (D),SWIVEL Mark (D),SWIVEL Mark (D),SWIVEL Mark (D)
NSW_Local_Government_2021_Byron 8 seats.csv__hit119,SWIVEL Mark (D),LYON Michael (E),DEY Duncan (A),LYON Michael (E),LYON Michael (E),LYON Michael (E),LYON Michael (E),LYON Michael (E),LYON Michael (E),LYON Michael (E)
NSW_Local_Government_2021_Byron 8 seats.csv__hit120,COOREY Cate (B),LYON Michael (E),DEY Duncan (A),LYON Michael (E),LYON Michael (E),LYON Michael (E),LYON Michael (E),DEY Duncan (A),LYON Michael (E),LYON Michael (E)
NSW_Local_Government_2021_Byron 8 seats.csv__hit121,SWIVEL Mark (D),LYON Michael (E),SWIVEL Mark (D),DEY Duncan (A),DEY Duncan (A),LYON Michael (E),LYON Michael (E),DEY Duncan (A),LYON Michael (E),LYON Michael (E)
NSW_Local_Government_2021_Byron 8 seats.csv__hit122,LYON Michael (E),SWIVEL Mark (D),LYON Michael (E),SWIVEL Mark (D),LYON Michael (E),LYON Michael (E),LYON Michael (E),DEY Duncan (A),LYON Michael (E),LYON Michael (E)
NSW_Local_Government_2021_Byron 8 seats.csv__hit123,DEY Duncan (A),DEY Duncan (A),DEY Duncan (A),DEY Duncan (A),DEY Duncan (A),DEY Duncan (A),DEY Duncan (A),DEY Duncan (A),DEY Duncan (A),DEY Duncan (A)
NSW_Local_Government_2021_Byron 8 seats.csv__hit124,LYON Michael (E),LYON Michael (E),LYON Michael (E),DEY Duncan (A),DEY Duncan (A),LYON Michael (E),LYON Michael (E),DEY Duncan (A),LYON Michael (E),LYON Michael (E)
NSW_Local_Government_2021_Byron 8 seats.csv__hit125,DEY Duncan (A),DEY Duncan (A),SWIVEL Mark (D),DEY Duncan (A),DEY Duncan (A),DEY Duncan (A),DEY Duncan (A),DEY Duncan (A),DEY Duncan (A),DEY Duncan (A)
NSW_Local_Government_2021_Byron 8 seats.csv__hit126,DEY Duncan (A),LYON Michael (E),LYON Michael (E),DEY Duncan (A),LYON Michael (E),LYON Michael (E),DEY Duncan (A),LYON Michael (E),LYON Michael (E),LYON Michael (E)
NSW_Local_Government_2021_Byron 8 seats.csv__hit127,SWIVEL Mark (D),SWIVEL Mark (D),DEY Duncan (A),LYON Michael (E),DEY Duncan (A),LYON Michael (E),DEY Duncan (A),LYON Michael (E),LYON Michael (E),LYON Michael (E)
NSW_Local_Government_2021_Byron 8 seats.csv__hit128,LYON Michael (E),LYON Michael (E),DEY Duncan (A),SWIVEL Mark (D),LYON Michael (E),LYON Michael (E),LYON Michael (E),LYON Michael (E),LYON Michael (E),LYON Michael (E)
NSW_Local_Government_2021_Byron 8 seats.csv__hit129,LYON Michael (E),SWIVEL Mark (D),DEY Duncan (A),SWIVEL Mark (D),LYON Michael (E),LYON Michael (E),LYON Michael (E),LYON Michael (E),LYON Michael (E),LYON Michael (E)
NSW_Local_Government_2021_Byron 8 seats.csv__hit130,DEY Duncan (A),LYON Michael (E),DEY Duncan (A),DEY Duncan (A),LYON Michael (E),LYON Michael (E),LYON Michael (E),LYON Michael (E),LYON Michael (E),LYON Michael (E)
NSW_Local_Government_2021_Byron 8 seats.csv__hit131,SWIVEL Mark (D),LYON Michael (E),LYON Michael (E),LYON Michael (E),LYON Michael (E),LYON Michael (E),DEY Duncan (A),LYON Michael (E),LYON Michael (E),LYON Michael (E)
NSW_Local_Government_2021_Byron 8 seats.csv__hit132,COOREY Cate (B),SWIVEL Mark (D),SWIVEL Mark (D),SWIVEL Mark (D),SWIVEL Mark (D),SWIVEL Mark (D),SWIVEL Mark (D),SWIVEL Mark (D),SWIVEL Mark (D),SWIVEL Mark (D)
NSW_Local_Government_2021_Byron 8 seats.csv__hit133,DEY Duncan (A),DEY Duncan (A),DEY Duncan (A),DEY Duncan (A),DEY Duncan (A),DEY Duncan (A),DEY Duncan (A),DEY Duncan (A),DEY Duncan (A),DEY Duncan (A)
NSW_Local_Government_2021_Byron 8 seats.csv__hit134,LYON Michael (E),LYON Michael (E),DEY Duncan (A),DEY Duncan (A),DEY Duncan (A),DEY Duncan (A),DEY Duncan (A),DEY Duncan (A),DEY Duncan (A),DEY Duncan (A)
NSW_Local_Government_2021_Byron 8 seats.csv__hit135,LYON Michael (E),LYON Michael (E),LYON Michael (E),LYON Michael (E),DEY Duncan (A),LYON Michael (E),LYON Michael (E),LYON Michael (E),LYON Michael (E),LYON Michael (E)
NSW_Local_Government_2021_Byron 8 seats.csv__hit136,SWIVEL Mark (D),LYON Michael (E),SWIVEL Mark (D),SWIVEL Mark (D),LYON Michael (E),LYON Michael (E),DEY Duncan (A),LYON Michael (E),LYON Michael (E),LYON Michael (E)
NSW_Local_Government_2021_Byron 8 seats.csv__hit137,LYON Michael (E),SWIVEL Mark (D),LYON Michael (E),LYON Michael (E),DEY Duncan (A),LYON Michael (E),LYON Michael (E),LYON Michael (E),LYON Michael (E),LYON Michael (E)
NSW_Local_Government_2021_Byron 8 seats.csv__hit138,COOREY Cate (B),LYON Michael (E),LYON Michael (E),LYON Michael (E),LYON Michael (E),LYON Michael (E),LYON Michael (E),LYON Michael (E),LYON Michael (E),LYON Michael (E)
NSW_Local_Government_2021_Byron 8 seats.csv__hit139,SWIVEL Mark (D),DEY Duncan (A),DEY Duncan (A),DEY Duncan (A),DEY Duncan (A),DEY Duncan (A),DEY Duncan (A),DEY Duncan (A),DEY Duncan (A),DEY Duncan (A)
NSW_Local_Government_2021_Byron 8 seats.csv__hit140,DEY Duncan (A),LYON Michael (E),LYON Michael (E),LYON Michael (E),DEY Duncan (A),LYON Michael (E),LYON Michael (E),LYON Michael (E),LYON Michael (E),LYON Michael (E)
NSW_Local_Government_2021_Byron 8 seats.csv__hit141,SWIVEL Mark (D),SWIVEL Mark (D),DEY Duncan (A),LYON Michael (E),DEY Duncan (A),LYON Michael (E),LYON Michael (E),LYON Michael (E),LYON Michael (E),LYON Michael (E)
NSW_Local_Government_2021_Byron 8 seats.csv__hit142,LYON Michael (E),LYON Michael (E),LYON Michael (E),SWIVEL Mark (D),LYON Michael (E),LYON Michael (E),LYON Michael (E),LYON Michael (E),LYON Michael (E),LYON Michael (E)
NSW_Local_Government_2021_Byron 8 seats.csv__hit143,DEY Duncan (A),SWIVEL Mark (D),DEY Duncan (A),DEY Duncan (A),DEY Duncan (A),DEY Duncan (A),DEY Duncan (A),DEY Duncan (A),DEY Duncan (A),DEY Duncan (A)
NSW_Local_Government_2021_Byron 8 seats.csv__hit144,SWIVEL Mark (D),LYON Michael (E),LYON Michael (E),DEY Duncan (A),LYON Michael (E),LYON Michael (E),LYON Michael (E),DEY Duncan (A),LYON Michael (E),LYON Michael (E)
NSW_Local_Government_2021_Byron 8 seats.csv__hit145,DEY Duncan (A),LYON Michael (E),DEY Duncan (A),SWIVEL Mark (D),LYON Michael (E),LYON Michael (E),DEY Duncan (A),LYON Michael (E),LYON Michael (E),LYON Michael (E)
NSW_Local_Government_2021_Byron 8 seats.csv__hit146,LYON Michael (E),LYON Michael (E),LYON Michael (E),LYON Michael (E),LYON Michael (E),LYON Michael (E),LYON Michael (E),LYON Michael (E),LYON Michael (E),LYON Michael (E)
NSW_Local_Government_2021_Byron 8 seats.csv__hit147,SWIVEL Mark (D),SWIVEL Mark (D),DEY Duncan (A),LYON Michael (E),LYON Michael (E),LYON Michael (E),DEY Duncan (A),LYON Michael (E),LYON Michael (E),LYON Michael (E)
NSW_Local_Government_2021_Byron 8 seats.csv__hit148,DEY Duncan (A),LYON Michael (E),LYON Michael (E),DEY Duncan (A),DEY Duncan (A),LYON Michael (E),LYON Michael (E),LYON Michael (E),LYON Michael (E),LYON Michael (E)
NSW_Local_Government_2021_Byron 8 seats.csv__hit149,LYON Michael (E),SWIVEL Mark (D),DEY Duncan (A),SWIVEL Mark (D),SWIVEL Mark (D),LYON Michael (E),DEY Duncan (A),LYON Michael (E),LYON Michael (E),LYON Michael (E)
NSW_Local_Government_2021_Byron 8 seats.csv__hit150,DEY Duncan (A),LYON Michael (E),LYON Michael (E),LYON Michael (E),DEY Duncan (A),LYON Michael (E),DEY Duncan (A),DEY Duncan (A),LYON Michael (E),LYON Michael (E)
NSW_Local_Government_2021_Byron 8 seats.csv__hit151,LYON Michael (E),DEY Duncan (A),DEY Duncan (A),DEY Duncan (A),DEY Duncan (A),DEY Duncan (A),DEY Duncan (A),DEY Duncan (A),DEY Duncan (A),DEY Duncan (A)
NSW_Local_Government_2021_Byron 8 seats.csv__hit152,LYON Michael (E),DEY Duncan (A),DEY Duncan (A),LYON Michael (E),DEY Duncan (A),LYON Michael (E),DEY Duncan (A),LYON Michael (E),LYON Michael (E),LYON Michael (E)
NSW_Local_Government_2021_Byron 8 seats.csv__hit153,LYON Michael (E),LYON Michael (E),LYON Michael (E),SWIVEL Mark (D),LYON Michael (E),LYON Michael (E),LYON Michael (E),LYON Michael (E),LYON Michael (E),LYON Michael (E)
NSW_Local_Government_2021_Byron 8 seats.csv__hit154,LYON Michael (E),LYON Michael (E),DEY Duncan (A),DEY Duncan (A),LYON Michael (E),LYON Michael (E),LYON Michael (E),LYON Michael (E),LYON Michael (E),LYON Michael (E)
NSW_Local_Government_2021_Byron 8 seats.csv__hit155,DEY Duncan (A),LYON Michael (E),DEY Duncan (A),LYON Michael (E),DEY Duncan (A),LYON Michael (E),LYON Michael (E),LYON Michael (E),LYON Michael (E),LYON Michael (E)
NSW_Local_Government_2021_Byron 8 seats.csv__hit156,DEY Duncan (A),LYON Michael (E),DEY Duncan (A),LYON Michael (E),LYON Michael (E),LYON Michael (E),LYON Michael (E),LYON Michael (E),LYON Michael (E),LYON Michael (E)
NSW_Local_Government_2021_Byron 8 seats.csv__hit157,LYON Michael (E),LYON Michael (E),DEY Duncan (A),LYON Michael (E),LYON Michael (E),LYON Michael (E),LYON Michael (E),LYON Michael (E),LYON Michael (E),LYON Michael (E)
NSW_Local_Government_2021_Byron 8 seats.csv__hit158,SWIVEL Mark (D),LYON Michael (E),DEY Duncan (A),SWIVEL Mark (D),DEY Duncan (A),LYON Michael (E),SWIVEL Mark (D),LYON Michael (E),LYON Michael (E),LYON Michael (E)
NSW_Local_Government_2021_Byron 8 seats.csv__hit159,COOREY Cate (B),LYON Michael (E),LYON Michael (E),LYON Michael (E),DEY Duncan (A),LYON Michael (E),LYON Michael (E),LYON Michael (E),LYON Michael (E),LYON Michael (E)
NSW_Local_Government_2021_Byron 8 seats.csv__hit160,LYON Michael (E),LYON Michael (E),DEY Duncan (A),LYON Michael (E),LYON Michael (E),LYON Michael (E),DEY Duncan (A),LYON Michael (E),LYON Michael (E),LYON Michael (E)
NSW_Local_Government_2021_Byron 8 seats.csv__hit161,SWIVEL Mark (D),LYON Michael (E),DEY Duncan (A),LYON Michael (E),LYON Michael (E),LYON Michael (E),LYON Michael (E),LYON Michael (E),LYON Michael (E),LYON Michael (E)
NSW_Local_Government_2021_Byron 8 seats.csv__hit162,LYON Michael (E),LYON Michael (E),DEY Duncan (A),LYON Michael (E),DEY Duncan (A),LYON Michael (E),DEY Duncan (A),LYON Michael (E),LYON Michael (E),LYON Michael (E)
NSW_Local_Government_2021_Byron 8 seats.csv__hit163,LYON Michael (E),LYON Michael (E),LYON Michael (E),LYON Michael (E),LYON Michael (E),LYON Michael (E),LYON Michael (E),LYON Michael (E),LYON Michael (E),LYON Michael (E)
NSW_Local_Government_2021_Byron 8 seats.csv__hit164,LYON Michael (E),LYON Michael (E),LYON Michael (E),LYON Michael (E),DEY Duncan (A),LYON Michael (E),DEY Duncan (A),DEY Duncan (A),LYON Michael (E),LYON Michael (E)
NSW_Local_Government_2021_Byron 8 seats.csv__hit165,DEY Duncan (A),LYON Michael (E),DEY Duncan (A),LYON Michael (E),LYON Michael (E),LYON Michael (E),LYON Michael (E),LYON Michael (E),LYON Michael (E),LYON Michael (E)
NSW_Local_Government_2021_Byron 8 seats.csv__hit166,DEY Duncan (A),LYON Michael (E),DEY Duncan (A),LYON Michael (E),LYON Michael (E),LYON Michael (E),DEY Duncan (A),LYON Michael (E),LYON Michael (E),LYON Michael (E)
NSW_Local_Government_2021_Byron 8 seats.csv__hit167,COOREY Cate (B),LYON Michael (E),DEY Duncan (A),DEY Duncan (A),DEY Duncan (A),LYON Michael (E),DEY Duncan (A),LYON Michael (E),LYON Michael (E),LYON Michael (E)
NSW_Local_Government_2021_Byron 8 seats.csv__hit168,LYON Michael (E),SWIVEL Mark (D),LYON Michael (E),SWIVEL Mark (D),LYON Michael (E),LYON Michael (E),LYON Michael (E),LYON Michael (E),LYON Michael (E),LYON Michael (E)
NSW_Local_Government_2021_Byron 8 seats.csv__hit169,LYON Michael (E),LYON Michael (E),DEY Duncan (A),SWIVEL Mark (D),LYON Michael (E),LYON Michael (E),LYON Michael (E),LYON Michael (E),LYON Michael (E),LYON Michael (E)
NSW_Local_Government_2021_Byron 8 seats.csv__hit170,SWIVEL Mark (D),LYON Michael (E),DEY Duncan (A),SWIVEL Mark (D),DEY Duncan (A),LYON Michael (E),LYON Michael (E),LYON Michael (E),LYON Michael (E),LYON Michael (E)
NSW_Local_Government_2021_Byron 8 seats.csv__hit171,DEY Duncan (A),SWIVEL Mark (D),SWIVEL Mark (D),DEY Duncan (A),DEY Duncan (A),DEY Duncan (A),DEY Duncan (A),DEY Duncan (A),DEY Duncan (A),DEY Duncan (A)
NSW_Local_Government_2021_Byron 8 seats.csv__hit172,SWIVEL Mark (D),LYON Michael (E),DEY Duncan (A),LYON Michael (E),LYON Michael (E),LYON Michael (E),LYON Michael (E),DEY Duncan (A),LYON Michael (E),LYON Michael (E)
NSW_Local_Government_2021_Byron 8 seats.csv__hit173,DEY Duncan (A),LYON Michael (E),SWIVEL Mark (D),LYON Michael (E),LYON Michael (E),LYON Michael (E),DEY Duncan (A),DEY Duncan (A),LYON Michael (E),LYON Michael (E)
NSW_Local_Government_2021_Byron 8 seats.csv__hit174,LYON Michael (E),LYON Michael (E),LYON Michael (E),LYON Michael (E),LYON Michael (E),LYON Michael (E),LYON Michael (E),LYON Michael (E),LYON Michael (E),LYON Michael (E)
NSW_Local_Government_2021_Byron 8 seats.csv__hit175,LYON Michael (E),LYON Michael (E),DEY Duncan (A),LYON Michael (E),LYON Michael (E),LYON Michael (E),DEY Duncan (A),DEY Duncan (A),LYON Michael (E),LYON Michael (E)
NSW_Local_Government_2021_Byron 8 seats.csv__hit176,COOREY Cate (B),LYON Michael (E),LYON Michael (E),SWIVEL Mark (D),LYON Michael (E),LYON Michael (E),DEY Duncan (A),DEY Duncan (A),LYON Michael (E),LYON Michael (E)
NSW_Local_Government_2021_Byron 8 seats.csv__hit177,SWIVEL Mark (D),LYON Michael (E),DEY Duncan (A),LYON Michael (E),LYON Michael (E),LYON Michael (E),LYON Michael (E),DEY Duncan (A),LYON Michael (E),LYON Michael (E)
NSW_Local_Government_2021_Byron 8 seats.csv__hit178,SWIVEL Mark (D),SWIVEL Mark (D),DEY Duncan (A),DEY Duncan (A),LYON Michael (E),LYON Michael (E),LYON Michael (E),DEY Duncan (A),LYON Michael (E),LYON Michael (E)
NSW_Local_Government_2021_Byron 8 seats.csv__hit179,LYON Michael (E),LYON Michael (E),DEY Duncan (A),DEY Duncan (A),DEY Duncan (A),LYON Michael (E),LYON Michael (E),LYON Michael (E),LYON Michael (E),LYON Michael (E)
NSW_Local_Government_2021_Byron 8 seats.csv__hit180,DEY Duncan (A),LYON Michael (E),DEY Duncan (A),SWIVEL Mark (D),DEY Duncan (A),LYON Michael (E),LYON Michael (E),DEY Duncan (A),LYON Michael (E),LYON Michael (E)
NSW_Local_Government_2021_Byron 8 seats.csv__hit181,LYON Michael (E),LYON Michael (E),LYON Michael (E),DEY Duncan (A),DEY Duncan (A),LYON Michael (E),DEY Duncan (A),DEY Duncan (A),LYON Michael (E),LYON Michael (E)
NSW_Local_Government_2021_Byron 8 seats.csv__hit182,SWIVEL Mark (D),LYON Michael (E),LYON Michael (E),LYON Michael (E),SWIVEL Mark (D),LYON Michael (E),LYON Michael (E),LYON Michael (E),LYON Michael (E),LYON Michael (E)
NSW_Local_Government_2021_Byron 8 seats.csv__hit183,LYON Michael (E),LYON Michael (E),LYON Michael (E),LYON Michael (E),LYON Michael (E),LYON Michael (E),LYON Michael (E),DEY Duncan (A),LYON Michael (E),LYON Michael (E)
NSW_Local_Government_2021_Byron 8 seats.csv__hit184,DEY Duncan (A),SWIVEL Mark (D),SWIVEL Mark (D),SWIVEL Mark (D),DEY Duncan (A),LYON Michael (E),DEY Duncan (A),DEY Duncan (A),LYON Michael (E),LYON Michael (E)
NSW_Local_Government_2021_Byron 8 seats.csv__hit185,LYON Michael (E),DEY Duncan (A),LYON Michael (E),SWIVEL Mark (D),DEY Duncan (A),LYON Michael (E),LYON Michael (E),DEY Duncan (A),LYON Michael (E),LYON Michael (E)
NSW_Local_Government_2021_Byron 8 seats.csv__hit186,LYON Michael (E),SWIVEL Mark (D),SWIVEL Mark (D),SWIVEL Mark (D),DEY Duncan (A),LYON Michael (E),LYON Michael (E),LYON Michael (E),LYON Michael (E),LYON Michael (E)
NSW_Local_Government_2021_Byron 8 seats.csv__hit187,LYON Michael (E),LYON Michael (E),LYON Michael (E),SWIVEL Mark (D),LYON Michael (E),DEY Duncan (A),DEY Duncan (A),DEY Duncan (A),LYON Michael (E),LYON Michael (E)
NSW_Local_Government_2021_Byron 8 seats.csv__hit188,DEY Duncan (A),LYON Michael (E),DEY Duncan (A),SWIVEL Mark (D),LYON Michael (E),LYON Michael (E),DEY Duncan (A),DEY Duncan (A),LYON Michael (E),LYON Michael (E)
NSW_Local_Government_2021_Byron 8 seats.csv__hit189,LYON Michael (E),LYON Michael (E),LYON Michael (E),LYON Michael (E),LYON Michael (E),LYON Michael (E),LYON Michael (E),LYON Michael (E),LYON Michael (E),LYON Michael (E)
NSW_Local_Government_2021_Byron 8 seats.csv__hit190,DEY Duncan (A),LYON Michael (E),LYON Michael (E),DEY Duncan (A),DEY Duncan (A),LYON Michael (E),LYON Michael (E),LYON Michael (E),LYON Michael (E),LYON Michael (E)
NSW_Local_Government_2021_Byron 8 seats.csv__hit191,LYON Michael (E),LYON Michael (E),LYON Michael (E),SWIVEL Mark (D),LYON Michael (E),LYON Michael (E),LYON Michael (E),LYON Michael (E),LYON Michael (E),LYON Michael (E)
NSW_Local_Government_2021_Byron 8 seats.csv__hit192,LYON Michael (E),LYON Michael (E),LYON Michael (E),LYON Michael (E),DEY Duncan (A),LYON Michael (E),DEY Duncan (A),DEY Duncan (A),LYON Michael (E),LYON Michael (E)
NSW_Local_Government_2021_Byron 8 seats.csv__hit193,LYON Michael (E),LYON Michael (E),LYON Michael (E),SWIVEL Mark (D),LYON Michael (E),LYON Michael (E),LYON Michael (E),LYON Michael (E),LYON Michael (E),LYON Michael (E)
NSW_Local_Government_2021_Byron 8 seats.csv__hit194,LYON Michael (E),LYON Michael (E),SWIVEL Mark (D),LYON Michael (E),LYON Michael (E),LYON Michael (E),LYON Michael (E),DEY Duncan (A),LYON Michael (E),LYON Michael (E)
NSW_Local_Government_2021_Byron 8 seats.csv__hit195,LYON Michael (E),LYON Michael (E),DEY Duncan (A),LYON Michael (E),LYON Michael (E),LYON Michael (E),DEY Duncan (A),DEY Duncan (A),LYON Michael (E),LYON Michael (E)
NSW_Local_Government_2021_Byron 8 seats.csv__hit196,SWIVEL Mark (D),LYON Michael (E),LYON Michael (E),SWIVEL Mark (D),DEY Duncan (A),LYON Michael (E),LYON Michael (E),SWIVEL Mark (D),LYON Michael (E),LYON Michael (E)
NSW_Local_Government_2021_Byron 8 seats.csv__hit197,LYON Michael (E),LYON Michael (E),LYON Michael (E),LYON Michael (E),LYON Michael (E),LYON Michael (E),LYON Michael (E),LYON Michael (E),LYON Michael (E),LYON Michael (E)
NSW_Local_Government_2021_Byron 8 seats.csv__hit198,COOREY Cate (B),LYON Michael (E),LYON Michael (E),SWIVEL Mark (D),DEY Duncan (A),DEY Duncan (A),DEY Duncan (A),LYON Michael (E),LYON Michael (E),LYON Michael (E)
NSW_Local_Government_2021_Byron 8 seats.csv__hit199,DEY Duncan (A),SWIVEL Mark (D),DEY Duncan (A),DEY Duncan (A),DEY Duncan (A),DEY Duncan (A),DEY Duncan (A),DEY Duncan (A),DEY Duncan (A),DEY Duncan (A)
NSW_Local_Government_2017_Ku-ring-gai_-_St_Ives_Ward 2 seats.csv__hit0,SMITH Martin (C),CITER David (B),CITER David (B),CITER David (B),CITER David (B),CITER David (B),CITER David (B),CITER David (B),CITER David (B),CITER David (B)
NSW_Local_Government_2017_Ku-ring-gai_-_St_Ives_Ward 2 seats.csv__hit1,SMITH Martin (C),CITER David (B),CITER David (B),CITER David (B),CITER David (B),CITER David (B),CITER David (B),CITER David (B),CITER David (B),CITER David (B)
NSW_Local_Government_2017_Ku-ring-gai_-_St_Ives_Ward 2 seats.csv__hit2,SMITH Martin (C),CITER David (B),CITER David (B),CITER David (B),CITER David (B),CITER David (B),CITER David (B),CITER David (B),CITER David (B),CITER David (B)
NSW_Local_Government_2017_Ku-ring-gai_-_St_Ives_Ward 2 seats.csv__hit3,BERLIOZ Christiane (C),CITER David (B),CITER David (B),CITER David (B),CITER David (B),CITER David (B),CITER David (B),CITER David (B),CITER David (B),CITER David (B)
NSW_Local_Government_2017_Ku-ring-gai_-_St_Ives_Ward 2 seats.csv__hit4,CITER David (B),CITER David (B),CITER David (B),CITER David (B),CITER David (B),CITER David (B),CITER David (B),CITER David (B),CITER David (B),CITER David (B)
NSW_Local_Government_2017_Ku-ring-gai_-_St_Ives_Ward 2 seats.csv__hit5,SMITH Martin (C),CITER David (B),CITER David (B),CITER David (B),CITER David (B),CITER David (B),CITER David (B),CITER David (B),CITER David (B),CITER David (B)
NSW_Local_Government_2017_Ku-ring-gai_-_St_Ives_Ward 2 seats.csv__hit6,SMITH Martin (C),CITER David (B),CITER David (B),CITER David (B),CITER David (B),CITER David (B),CITER David (B),CITER David (B),CITER David (B),CITER David (B)
NSW_Local_Government_2017_Ku-ring-gai_-_St_Ives_Ward 2 seats.csv__hit7,BERLIOZ Christiane (C),CITER David (B),CITER David (B),CITER David (B),CITER David (B),CITER David (B),CITER David (B),CITER David (B),CITER David (B),CITER David (B)
NSW_Local_Government_2017_Ku-ring-gai_-_St_Ives_Ward 2 seats.csv__hit8,BERLIOZ Christiane (C),CITER David (B),CITER David (B),CITER David (B),CITER David (B),CITER David (B),CITER David (B),CITER David (B),CITER David (B),CITER David (B)
NSW_Local_Government_2017_Ku-ring-gai_-_St_Ives_Ward 2 seats.csv__hit9,BERLIOZ Christiane (C),CITER David (B),CITER David (B),CITER David (B),CITER David (B),CITER David (B),CITER David (B),CITER David (B),CITER David (B),CITER David (B)
NSW_Local_Government_2017_Ku-ring-gai_-_St_Ives_Ward 2 seats.csv__hit10,BERLIOZ Christiane (C),CITER David (B),CITER David (B),CITER David (B),CITER David (B),CITER David (B),CITER David (B),CITER David (B),CITER David (B),CITER David (B)
NSW_Local_Government_2017_Ku-ring-gai_-_St_Ives_Ward 2 seats.csv__hit11,CITER David (B),CITER David (B),CITER David (B),CITER David (B),CITER David (B),CITER David (B),CITER David (B),CITER David (B),CITER David (B),CITER David (B)
NSW_Local_Government_2017_Ku-ring-gai_-_St_Ives_Ward 2 seats.csv__hit12,CITER David (B),CITER David (B),CITER David (B),CITER David (B),CITER David (B),CITER David (B),CITER David (B),CITER David (B),CITER David (B),CITER David (B)
NSW_Local_Government_2017_Ku-ring-gai_-_St_Ives_Ward 2 seats.csv__hit13,BERLIOZ Christiane (C),CITER David (B),CITER David (B),CITER David (B),CITER David (B),CITER David (B),CITER David (B),CITER David (B),CITER David (B),CITER David (B)
NSW_Local_Government_2017_Ku-ring-gai_-_St_Ives_Ward 2 seats.csv__hit14,BERLIOZ Christiane (C),CITER David (B),CITER David (B),CITER David (B),CITER David (B),CITER David (B),CITER David (B),CITER David (B),CITER David (B),CITER David (B)
NSW_Local_Government_2017_Ku-ring-gai_-_St_Ives_Ward 2 seats.csv__hit15,CITER David (B),CITER David (B),CITER David (B),CITER David (B),CITER David (B),CITER David (B),CITER David (B),CITER David (B),CITER David (B),CITER David (B)
NSW_Local_Government_2017_Ku-ring-gai_-_St_Ives_Ward 2 seats.csv__hit16,SMITH Martin (C),CITER David (B),CITER David (B),CITER David (B),CITER David (B),CITER David (B),CITER David (B),CITER David (B),CITER David (B),CITER David (B)
NSW_Local_Government_2017_Ku-ring-gai_-_St_Ives_Ward 2 seats.csv__hit17,BERLIOZ Christiane (C),CITER David (B),CITER David (B),CITER David (B),CITER David (B),CITER David (B),CITER David (B),CITER David (B),CITER David (B),CITER David (B)
NSW_Local_Government_2017_Ku-ring-gai_-_St_Ives_Ward 2 seats.csv__hit18,SMITH Martin (C),CITER David (B),CITER David (B),CITER David (B),CITER David (B),CITER David (B),CITER David (B),CITER David (B),CITER David (B),CITER David (B)
NSW_Local_Government_2017_Ku-ring-gai_-_St_Ives_Ward 2 seats.csv__hit19,CITER David (B),CITER David (B),CITER David (B),CITER David (B),CITER David (B),CITER David (B),CITER David (B),CITER David (B),CITER David (B),CITER David (B)
NSW_Local_Government_2017_Ku-ring-gai_-_St_Ives_Ward 2 seats.csv__hit20,CITER David (B),CITER David (B),CITER David (B),CITER David (B),CITER David (B),CITER David (B),CITER David (B),CITER David (B),CITER David (B),CITER David (B)
NSW_Local_Government_2017_Ku-ring-gai_-_St_Ives_Ward 2 seats.csv__hit21,BERLIOZ Christiane (C),CITER David (B),CITER David (B),CITER David (B),CITER David (B),CITER David (B),CITER David (B),CITER David (B),CITER David (B),CITER David (B)
NSW_Local_Government_2017_Ku-ring-gai_-_St_Ives_Ward 2 seats.csv__hit22,CITER David (B),CITER David (B),CITER David (B),CITER David (B),CITER David (B),CITER David (B),CITER David (B),CITER David (B),CITER David (B),CITER David (B)
NSW_Local_Government_2017_Ku-ring-gai_-_St_Ives_Ward 2 seats.csv__hit23,CITER David (B),CITER David (B),CITER David (B),CITER David (B),CITER David (B),CITER David (B),CITER David (B),CITER David (B),CITER David (B),CITER David (B)
NSW_Local_Government_2017_Ku-ring-gai_-_St_Ives_Ward 2 seats.csv__hit24,CITER David (B),CITER David (B),CITER David (B),CITER David (B),CITER David (B),CITER David (B),CITER David (B),CITER David (B),CITER David (B),CITER David (B)
NSW_Local_Government_2017_Ku-ring-gai_-_St_Ives_Ward 2 seats.csv__hit25,CITER David (B),CITER David (B),CITER David (B),CITER David (B),CITER David (B),CITER David (B),CITER David (B),CITER David (B),CITER David (B),CITER David (B)
NSW_Local_Government_2017_Ku-ring-gai_-_St_Ives_Ward 2 seats.csv__hit26,SMITH Martin (C),CITER David (B),CITER David (B),CITER David (B),CITER David (B),CITER David (B),CITER David (B),CITER David (B),CITER David (B),CITER David (B)
NSW_Local_Government_2017_Ku-ring-gai_-_St_Ives_Ward 2 seats.csv__hit27,CITER David (B),CITER David (B),CITER David (B),CITER David (B),CITER David (B),CITER David (B),CITER David (B),CITER David (B),CITER David (B),CITER David (B)
NSW_Local_Government_2017_Ku-ring-gai_-_St_Ives_Ward 2 seats.csv__hit28,BERLIOZ Christiane (C),CITER David (B),CITER David (B),CITER David (B),CITER David (B),CITER David (B),CITER David (B),CITER David (B),CITER David (B),CITER David (B)
NSW_Local_Government_2017_Ku-ring-gai_-_St_Ives_Ward 2 seats.csv__hit29,CITER David (B),CITER David (B),CITER David (B),CITER David (B),CITER David (B),CITER David (B),CITER David (B),CITER David (B),CITER David (B),CITER David (B)
NSW_Local_Government_2017_Ku-ring-gai_-_St_Ives_Ward 2 seats.csv__hit30,BERLIOZ Christiane (C),CITER David (B),CITER David (B),CITER David (B),CITER David (B),CITER David (B),CITER David (B),CITER David (B),CITER David (B),CITER David (B)
NSW_Local_Government_2017_Ku-ring-gai_-_St_Ives_Ward 2 seats.csv__hit31,SMITH Martin (C),CITER David (B),CITER David (B),CITER David (B),CITER David (B),CITER David (B),CITER David (B),CITER David (B),CITER David (B),CITER David (B)
NSW_Local_Government_2017_Ku-ring-gai_-_St_Ives_Ward 2 seats.csv__hit32,BERLIOZ Christiane (C),CITER David (B),CITER David (B),CITER David (B),CITER David (B),CITER David (B),CITER David (B),CITER David (B),CITER David (B),CITER David (B)
NSW_Local_Government_2017_Ku-ring-gai_-_St_Ives_Ward 2 seats.csv__hit33,BERLIOZ Christiane (C),CITER David (B),CITER David (B),CITER David (B),CITER David (B),CITER David (B),CITER David (B),CITER David (B),CITER David (B),CITER David (B)
NSW_Local_Government_2017_Ku-ring-gai_-_St_Ives_Ward 2 seats.csv__hit34,SMITH Martin (C),CITER David (B),CITER David (B),CITER David (B),CITER David (B),CITER David (B),CITER David (B),CITER David (B),CITER David (B),CITER David (B)
NSW_Local_Government_2017_Ku-ring-gai_-_St_Ives_Ward 2 seats.csv__hit35,CITER David (B),CITER David (B),CITER David (B),CITER David (B),CITER David (B),CITER David (B),CITER David (B),CITER David (B),CITER David (B),CITER David (B)
NSW_Local_Government_2017_Ku-ring-gai_-_St_Ives_Ward 2 seats.csv__hit36,CITER David (B),CITER David (B),CITER David (B),CITER David (B),CITER David (B),CITER David (B),CITER David (B),CITER David (B),CITER David (B),CITER David (B)
NSW_Local_Government_2017_Ku-ring-gai_-_St_Ives_Ward 2 seats.csv__hit37,CITER David (B),CITER David (B),CITER David (B),CITER David (B),CITER David (B),CITER David (B),CITER David (B),CITER David (B),CITER David (B),CITER David (B)
NSW_Local_Government_2017_Ku-ring-gai_-_St_Ives_Ward 2 seats.csv__hit38,SMITH Martin (C),CITER David (B),CITER David (B),CITER David (B),CITER David (B),CITER David (B),CITER David (B),CITER David (B),CITER David (B),CITER David (B)
NSW_Local_Government_2017_Ku-ring-gai_-_St_Ives_Ward 2 seats.csv__hit39,SMITH Martin (C),CITER David (B),CITER David (B),CITER David (B),CITER David (B),CITER David (B),CITER David (B),CITER David (B),CITER David (B),CITER David (B)
NSW_Local_Government_2017_Ku-ring-gai_-_St_Ives_Ward 2 seats.csv__hit40,CITER David (B),CITER David (B),CITER David (B),CITER David (B),CITER David (B),CITER David (B),CITER David (B),CITER David (B),CITER David (B),CITER David (B)
NSW_Local_Government_2017_Ku-ring-gai_-_St_Ives_Ward 2 seats.csv__hit41,SMITH Martin (C),CITER David (B),CITER David (B),CITER David (B),CITER David (B),CITER David (B),CITER David (B),CITER David (B),CITER David (B),CITER David (B)
NSW_Local_Government_2017_Ku-ring-gai_-_St_Ives_Ward 2 seats.csv__hit42,CITER David (B),CITER David (B),CITER David (B),CITER David (B),CITER David (B),CITER David (B),CITER David (B),CITER David (B),CITER David (B),CITER David (B)
NSW_Local_Government_2017_Ku-ring-gai_-_St_Ives_Ward 2 seats.csv__hit43,SMITH Martin (C),CITER David (B),CITER David (B),CITER David (B),CITER David (B),CITER David (B),CITER David (B),CITER David (B),CITER David (B),CITER David (B)
NSW_Local_Government_2017_Ku-ring-gai_-_St_Ives_Ward 2 seats.csv__hit44,CITER David (B),CITER David (B),CITER David (B),CITER David (B),CITER David (B),CITER David (B),CITER David (B),CITER David (B),CITER David (B),CITER David (B)
NSW_Local_Government_2017_Ku-ring-gai_-_St_Ives_Ward 2 seats.csv__hit45,BERLIOZ Christiane (C),CITER David (B),CITER David (B),CITER David (B),CITER David (B),CITER David (B),CITER David (B),CITER David (B),CITER David (B),CITER David (B)
NSW_Local_Government_2017_Ku-ring-gai_-_St_Ives_Ward 2 seats.csv__hit46,CITER David (B),CITER David (B),CITER David (B),CITER David (B),CITER David (B),CITER David (B),CITER David (B),CITER David (B),CITER David (B),CITER David (B)
NSW_Local_Government_2017_Ku-ring-gai_-_St_Ives_Ward 2 seats.csv__hit47,CITER David (B),CITER David (B),CITER David (B),CITER David (B),CITER David (B),CITER David (B),CITER David (B),CITER David (B),CITER David (B),CITER David (B)
NSW_Local_Government_2017_Ku-ring-gai_-_St_Ives_Ward 2 seats.csv__hit48,CITER David (B),CITER David (B),CITER David (B),CITER David (B),CITER David (B),CITER David (B),CITER David (B),CITER David (B),CITER David (B),CITER David (B)
NSW_Local_Government_2017_Ku-ring-gai_-_St_Ives_Ward 2 seats.csv__hit49,SMITH Martin (C),CITER David (B),CITER David (B),CITER David (B),CITER David (B),CITER David (B),CITER David (B),CITER David (B),CITER David (B),CITER David (B)
NSW_Local_Government_2017_Ku-ring-gai_-_St_Ives_Ward 2 seats.csv__hit50,SMITH Martin (C),CITER David (B),CITER David (B),CITER David (B),CITER David (B),CITER David (B),CITER David (B),CITER David (B),CITER David (B),CITER David (B)
NSW_Local_Government_2017_Ku-ring-gai_-_St_Ives_Ward 2 seats.csv__hit51,SMITH Martin (C),CITER David (B),CITER David (B),CITER David (B),CITER David (B),CITER David (B),CITER David (B),CITER David (B),CITER David (B),CITER David (B)
NSW_Local_Government_2017_Ku-ring-gai_-_St_Ives_Ward 2 seats.csv__hit52,CITER David (B),CITER David (B),CITER David (B),CITER David (B),CITER David (B),CITER David (B),CITER David (B),CITER David (B),CITER David (B),CITER David (B)
NSW_Local_Government_2017_Ku-ring-gai_-_St_Ives_Ward 2 seats.csv__hit53,CITER David (B),CITER David (B),CITER David (B),CITER David (B),CITER David (B),CITER David (B),CITER David (B),CITER David (B),CITER David (B),CITER David (B)
NSW_Local_Government_2017_Ku-ring-gai_-_St_Ives_Ward 2 seats.csv__hit54,BERLIOZ Christiane (C),CITER David (B),CITER David (B),CITER David (B),CITER David (B),CITER David (B),CITER David (B),CITER David (B),CITER David (B),CITER David (B)
NSW_Local_Government_2017_Ku-ring-gai_-_St_Ives_Ward 2 seats.csv__hit55,SMITH Martin (C),CITER David (B),CITER David (B),CITER David (B),CITER David (B),CITER David (B),CITER David (B),CITER David (B),CITER David (B),CITER David (B)
NSW_Local_Government_2017_Ku-ring-gai_-_St_Ives_Ward 2 seats.csv__hit56,CITER David (B),CITER David (B),CITER David (B),CITER David (B),CITER David (B),CITER David (B),CITER David (B),CITER David (B),CITER David (B),CITER David (B)
NSW_Local_Government_2017_Ku-ring-gai_-_St_Ives_Ward 2 seats.csv__hit57,BERLIOZ Christiane (C),CITER David (B),CITER David (B),CITER David (B),CITER David (B),CITER David (B),CITER David (B),CITER David (B),CITER David (B),CITER David (B)
NSW_Local_Government_2017_Ku-ring-gai_-_St_Ives_Ward 2 seats.csv__hit58,BERLIOZ Christiane (C),CITER David (B),CITER David (B),CITER David (B),CITER David (B),CITER David (B),CITER David (B),CITER David (B),CITER David (B),CITER David (B)
NSW_Local_Government_2017_Ku-ring-gai_-_St_Ives_Ward 2 seats.csv__hit59,BERLIOZ Christiane (C),CITER David (B),CITER David (B),CITER David (B),CITER David (B),CITER David (B),CITER David (B),CITER David (B),CITER David (B),CITER David (B)
NSW_Local_Government_2017_Ku-ring-gai_-_St_Ives_Ward 2 seats.csv__hit60,BERLIOZ Christiane (C),CITER David (B),CITER David (B),CITER David (B),CITER David (B),CITER David (B),CITER David (B),CITER David (B),CITER David (B),CITER David (B)
NSW_Local_Government_2017_Ku-ring-gai_-_St_Ives_Ward 2 seats.csv__hit61,BERLIOZ Christiane (C),CITER David (B),CITER David (B),CITER David (B),CITER David (B),CITER David (B),CITER David (B),CITER David (B),CITER David (B),CITER David (B)
NSW_Local_Government_2017_Ku-ring-gai_-_St_Ives_Ward 2 seats.csv__hit62,BERLIOZ Christiane (C),CITER David (B),CITER David (B),CITER David (B),CITER David (B),CITER David (B),CITER David (B),CITER David (B),CITER David (B),CITER David (B)
NSW_Local_Government_2017_Ku-ring-gai_-_St_Ives_Ward 2 seats.csv__hit63,SMITH Martin (C),CITER David (B),CITER David (B),CITER David (B),CITER David (B),CITER David (B),CITER David (B),CITER David (B),CITER David (B),CITER David (B)
NSW_Local_Government_2017_Ku-ring-gai_-_St_Ives_Ward 2 seats.csv__hit64,CITER David (B),CITER David (B),CITER David (B),CITER David (B),CITER David (B),CITER David (B),CITER David (B),CITER David (B),CITER David (B),CITER David (B)
NSW_Local_Government_2017_Ku-ring-gai_-_St_Ives_Ward 2 seats.csv__hit65,BERLIOZ Christiane (C),CITER David (B),CITER David (B),CITER David (B),CITER David (B),CITER David (B),CITER David (B),CITER David (B),CITER David (B),CITER David (B)
NSW_Local_Government_2017_Ku-ring-gai_-_St_Ives_Ward 2 seats.csv__hit66,BERLIOZ Christiane (C),CITER David (B),CITER David (B),CITER David (B),CITER David (B),CITER David (B),CITER David (B),CITER David (B),CITER David (B),CITER David (B)
NSW_Local_Government_2017_Ku-ring-gai_-_St_Ives_Ward 2 seats.csv__hit67,BERLIOZ Christiane (C),CITER David (B),CITER David (B),CITER David (B),CITER David (B),CITER David (B),CITER David (B),CITER David (B),CITER David (B),CITER David (B)
NSW_Local_Government_2017_Ku-ring-gai_-_St_Ives_Ward 2 seats.csv__hit68,BERLIOZ Christiane (C),CITER David (B),CITER David (B),CITER David (B),CITER David (B),CITER David (B),CITER David (B),CITER David (B),CITER David (B),CITER David (B)
NSW_Local_Government_2017_Ku-ring-gai_-_St_Ives_Ward 2 seats.csv__hit69,SMITH Martin (C),CITER David (B),CITER David (B),CITER David (B),CITER David (B),CITER David (B),CITER David (B),CITER David (B),CITER David (B),CITER David (B)
NSW_Local_Government_2017_Ku-ring-gai_-_St_Ives_Ward 2 seats.csv__hit70,BERLIOZ Christiane (C),CITER David (B),CITER David (B),CITER David (B),CITER David (B),CITER David (B),CITER David (B),CITER David (B),CITER David (B),CITER David (B)
NSW_Local_Government_2017_Ku-ring-gai_-_St_Ives_Ward 2 seats.csv__hit71,CITER David (B),CITER David (B),CITER David (B),CITER David (B),CITER David (B),CITER David (B),CITER David (B),CITER David (B),CITER David (B),CITER David (B)
NSW_Local_Government_2017_Ku-ring-gai_-_St_Ives_Ward 2 seats.csv__hit72,BERLIOZ Christiane (C),CITER David (B),CITER David (B),CITER David (B),CITER David (B),CITER David (B),CITER David (B),CITER David (B),CITER David (B),CITER David (B)
NSW_Local_Government_2017_Ku-ring-gai_-_St_Ives_Ward 2 seats.csv__hit73,SMITH Martin (C),CITER David (B),CITER David (B),CITER David (B),CITER David (B),CITER David (B),CITER David (B),CITER David (B),CITER David (B),CITER David (B)
NSW_Local_Government_2017_Ku-ring-gai_-_St_Ives_Ward 2 seats.csv__hit74,CITER David (B),CITER David (B),CITER David (B),CITER David (B),CITER David (B),CITER David (B),CITER David (B),CITER David (B),CITER David (B),CITER David (B)
NSW_Local_Government_2017_Ku-ring-gai_-_St_Ives_Ward 2 seats.csv__hit75,CITER David (B),CITER David (B),CITER David (B),CITER David (B),CITER David (B),CITER David (B),CITER David (B),CITER David (B),CITER David (B),CITER David (B)
NSW_Local_Government_2017_Ku-ring-gai_-_St_Ives_Ward 2 seats.csv__hit76,BERLIOZ Christiane (C),CITER David (B),CITER David (B),CITER David (B),CITER David (B),CITER David (B),CITER David (B),CITER David (B),CITER David (B),CITER David (B)
NSW_Local_Government_2017_Ku-ring-gai_-_St_Ives_Ward 2 seats.csv__hit77,CITER David (B),CITER David (B),CITER David (B),CITER David (B),CITER David (B),CITER David (B),CITER David (B),CITER David (B),CITER David (B),CITER David (B)
NSW_Local_Government_2017_Ku-ring-gai_-_St_Ives_Ward 2 seats.csv__hit78,CITER David (B),CITER David (B),CITER David (B),CITER David (B),CITER David (B),CITER David (B),CITER David (B),CITER David (B),CITER David (B),CITER David (B)
NSW_Local_Government_2017_Ku-ring-gai_-_St_Ives_Ward 2 seats.csv__hit79,CITER David (B),CITER David (B),CITER David (B),CITER David (B),CITER David (B),CITER David (B),CITER David (B),CITER David (B),CITER David (B),CITER David (B)
NSW_Local_Government_2017_Ku-ring-gai_-_St_Ives_Ward 2 seats.csv__hit80,BERLIOZ Christiane (C),CITER David (B),CITER David (B),CITER David (B),CITER David (B),CITER David (B),CITER David (B),CITER David (B),CITER David (B),CITER David (B)
NSW_Local_Government_2017_Ku-ring-gai_-_St_Ives_Ward 2 seats.csv__hit81,CITER David (B),CITER David (B),CITER David (B),CITER David (B),CITER David (B),CITER David (B),CITER David (B),CITER David (B),CITER David (B),CITER David (B)
NSW_Local_Government_2017_Ku-ring-gai_-_St_Ives_Ward 2 seats.csv__hit82,SMITH Martin (C),CITER David (B),CITER David (B),CITER David (B),CITER David (B),CITER David (B),CITER David (B),CITER David (B),CITER David (B),CITER David (B)
NSW_Local_Government_2017_Ku-ring-gai_-_St_Ives_Ward 2 seats.csv__hit83,SMITH Martin (C),CITER David (B),CITER David (B),CITER David (B),CITER David (B),CITER David (B),CITER David (B),CITER David (B),CITER David (B),CITER David (B)
NSW_Local_Government_2017_Ku-ring-gai_-_St_Ives_Ward 2 seats.csv__hit84,CITER David (B),CITER David (B),CITER David (B),CITER David (B),CITER David (B),CITER David (B),CITER David (B),CITER David (B),CITER David (B),CITER David (B)
NSW_Local_Government_2017_Ku-ring-gai_-_St_Ives_Ward 2 seats.csv__hit85,CITER David (B),CITER David (B),CITER David (B),CITER David (B),CITER David (B),CITER David (B),CITER David (B),CITER David (B),CITER David (B),CITER David (B)
NSW_Local_Government_2017_Ku-ring-gai_-_St_Ives_Ward 2 seats.csv__hit86,CITER David (B),CITER David (B),CITER David (B),CITER David (B),CITER David (B),CITER David (B),CITER David (B),CITER David (B),CITER David (B),CITER David (B)
NSW_Local_Government_2017_Ku-ring-gai_-_St_Ives_Ward 2 seats.csv__hit87,CITER David (B),CITER David (B),CITER David (B),CITER David (B),CITER David (B),CITER David (B),CITER David (B),CITER David (B),CITER David (B),CITER David (B)
NSW_Local_Government_2017_Ku-ring-gai_-_St_Ives_Ward 2 seats.csv__hit88,CITER David (B),CITER David (B),CITER David (B),CITER David (B),CITER David (B),CITER David (B),CITER David (B),CITER David (B),CITER David (B),CITER David (B)
NSW_Local_Government_2017_Ku-ring-gai_-_St_Ives_Ward 2 seats.csv__hit89,SMITH Martin (C),CITER David (B),CITER David (B),CITER David (B),CITER David (B),CITER David (B),CITER David (B),CITER David (B),CITER David (B),CITER David (B)
NSW_Local_Government_2017_Ku-ring-gai_-_St_Ives_Ward 2 seats.csv__hit90,BERLIOZ Christiane (C),CITER David (B),CITER David (B),CITER David (B),CITER David (B),CITER David (B),CITER David (B),CITER David (B),CITER David (B),CITER David (B)
NSW_Local_Government_2017_Ku-ring-gai_-_St_Ives_Ward 2 seats.csv__hit91,CITER David (B),CITER David (B),CITER David (B),CITER David (B),CITER David (B),CITER David (B),CITER David (B),CITER David (B),CITER David (B),CITER David (B)
NSW_Local_Government_2017_Ku-ring-gai_-_St_Ives_Ward 2 seats.csv__hit92,CITER David (B),CITER David (B),CITER David (B),CITER David (B),CITER David (B),CITER David (B),CITER David (B),CITER David (B),CITER David (B),CITER David (B)
NSW_Local_Government_2017_Ku-ring-gai_-_St_Ives_Ward 2 seats.csv__hit93,CITER David (B),CITER David (B),CITER David (B),CITER David (B),CITER David (B),CITER David (B),CITER David (B),CITER David (B),CITER David (B),CITER David (B)
NSW_Local_Government_2017_Ku-ring-gai_-_St_Ives_Ward 2 seats.csv__hit94,CITER David (B),CITER David (B),CITER David (B),CITER David (B),CITER David (B),CITER David (B),CITER David (B),CITER David (B),CITER David (B),CITER David (B)
NSW_Local_Government_2017_Ku-ring-gai_-_St_Ives_Ward 2 seats.csv__hit95,CITER David (B),CITER David (B),CITER David (B),CITER David (B),CITER David (B),CITER David (B),CITER David (B),CITER David (B),CITER David (B),CITER David (B)
NSW_Local_Government_2017_Ku-ring-gai_-_St_Ives_Ward 2 seats.csv__hit96,SMITH Martin (C),CITER David (B),CITER David (B),CITER David (B),CITER David (B),CITER David (B),CITER David (B),CITER David (B),CITER David (B),CITER David (B)
NSW_Local_Government_2017_Ku-ring-gai_-_St_Ives_Ward 2 seats.csv__hit97,SMITH Martin (C),CITER David (B),CITER David (B),CITER David (B),CITER David (B),CITER David (B),CITER David (B),CITER David (B),CITER David (B),CITER David (B)
NSW_Local_Government_2017_Ku-ring-gai_-_St_Ives_Ward 2 seats.csv__hit98,BERLIOZ Christiane (C),CITER David (B),CITER David (B),CITER David (B),CITER David (B),CITER David (B),CITER David (B),CITER David (B),CITER David (B),CITER David (B)
NSW_Local_Government_2017_Ku-ring-gai_-_St_Ives_Ward 2 seats.csv__hit99,CITER David (B),CITER David (B),CITER David (B),CITER David (B),CITER David (B),CITER David (B),CITER David (B),CITER David (B),CITER David (B),CITER David (B)
NSW_Local_Government_2017_Ku-ring-gai_-_St_Ives_Ward 2 seats.csv__hit100,BERLIOZ Christiane (C),CITER David (B),CITER David (B),CITER David (B),CITER David (B),CITER David (B),CITER David (B),CITER David (B),CITER David (B),CITER David (B)
NSW_Local_Government_2017_Ku-ring-gai_-_St_Ives_Ward 2 seats.csv__hit101,CITER David (B),CITER David (B),CITER David (B),CITER David (B),CITER David (B),CITER David (B),CITER David (B),CITER David (B),CITER David (B),CITER David (B)
NSW_Local_Government_2017_Ku-ring-gai_-_St_Ives_Ward 2 seats.csv__hit102,SMITH Martin (C),CITER David (B),CITER David (B),CITER David (B),CITER David (B),CITER David (B),CITER David (B),CITER David (B),CITER David (B),CITER David (B)
NSW_Local_Government_2017_Ku-ring-gai_-_St_Ives_Ward 2 seats.csv__hit103,BERLIOZ Christiane (C),CITER David (B),CITER David (B),CITER David (B),CITER David (B),CITER David (B),CITER David (B),CITER David (B),CITER David (B),CITER David (B)
NSW_Local_Government_2017_Ku-ring-gai_-_St_Ives_Ward 2 seats.csv__hit104,SMITH Martin (C),CITER David (B),CITER David (B),CITER David (B),CITER David (B),CITER David (B),CITER David (B),CITER David (B),CITER David (B),CITER David (B)
NSW_Local_Government_2017_Ku-ring-gai_-_St_Ives_Ward 2 seats.csv__hit105,SMITH Martin (C),CITER David (B),CITER David (B),CITER David (B),CITER David (B),CITER David (B),CITER David (B),CITER David (B),CITER David (B),CITER David (B)
NSW_Local_Government_2017_Ku-ring-gai_-_St_Ives_Ward 2 seats.csv__hit106,SMITH Martin (C),CITER David (B),CITER David (B),CITER David (B),CITER David (B),CITER David (B),CITER David (B),CITER David (B),CITER David (B),CITER David (B)
NSW_Local_Government_2017_Ku-ring-gai_-_St_Ives_Ward 2 seats.csv__hit107,BERLIOZ Christiane (C),CITER David (B),CITER David (B),CITER David (B),CITER David (B),CITER David (B),CITER David (B),CITER David (B),CITER David (B),CITER David (B)
NSW_Local_Government_2017_Ku-ring-gai_-_St_Ives_Ward 2 seats.csv__hit108,CITER David (B),CITER David (B),CITER David (B),CITER David (B),CITER David (B),CITER David (B),CITER David (B),CITER David (B),CITER David (B),CITER David (B)
NSW_Local_Government_2017_Ku-ring-gai_-_St_Ives_Ward 2 seats.csv__hit109,CITER David (B),CITER David (B),CITER David (B),CITER David (B),CITER David (B),CITER David (B),CITER David (B),CITER David (B),CITER David (B),CITER David (B)
NSW_Local_Government_2017_Ku-ring-gai_-_St_Ives_Ward 2 seats.csv__hit110,SMITH Martin (C),CITER David (B),CITER David (B),CITER David (B),CITER David (B),CITER David (B),CITER David (B),CITER David (B),CITER David (B),CITER David (B)
NSW_Local_Government_2017_Ku-ring-gai_-_St_Ives_Ward 2 seats.csv__hit111,CITER David (B),CITER David (B),CITER David (B),CITER David (B),CITER David (B),CITER David (B),CITER David (B),CITER David (B),CITER David (B),CITER David (B)
NSW_Local_Government_2017_Ku-ring-gai_-_St_Ives_Ward 2 seats.csv__hit112,CITER David (B),CITER David (B),CITER David (B),CITER David (B),CITER David (B),CITER David (B),CITER David (B),CITER David (B),CITER David (B),CITER David (B)
NSW_Local_Government_2017_Ku-ring-gai_-_St_Ives_Ward 2 seats.csv__hit113,CITER David (B),CITER David (B),CITER David (B),CITER David (B),CITER David (B),CITER David (B),CITER David (B),CITER David (B),CITER David (B),CITER David (B)
NSW_Local_Government_2017_Ku-ring-gai_-_St_Ives_Ward 2 seats.csv__hit114,BERLIOZ Christiane (C),CITER David (B),CITER David (B),CITER David (B),CITER David (B),CITER David (B),CITER David (B),CITER David (B),CITER David (B),CITER David (B)
NSW_Local_Government_2017_Ku-ring-gai_-_St_Ives_Ward 2 seats.csv__hit115,CITER David (B),CITER David (B),CITER David (B),CITER David (B),CITER David (B),CITER David (B),CITER David (B),CITER David (B),CITER David (B),CITER David (B)
NSW_Local_Government_2017_Ku-ring-gai_-_St_Ives_Ward 2 seats.csv__hit116,CITER David (B),CITER David (B),CITER David (B),CITER David (B),CITER David (B),CITER David (B),CITER David (B),CITER David (B),CITER David (B),CITER David (B)
NSW_Local_Government_2017_Ku-ring-gai_-_St_Ives_Ward 2 seats.csv__hit117,SMITH Martin (C),CITER David (B),CITER David (B),CITER David (B),CITER David (B),CITER David (B),CITER David (B),CITER David (B),CITER David (B),CITER David (B)
NSW_Local_Government_2017_Ku-ring-gai_-_St_Ives_Ward 2 seats.csv__hit118,BERLIOZ Christiane (C),CITER David (B),CITER David (B),CITER David (B),CITER David (B),CITER David (B),CITER David (B),CITER David (B),CITER David (B),CITER David (B)
NSW_Local_Government_2017_Ku-ring-gai_-_St_Ives_Ward 2 seats.csv__hit119,BERLIOZ Christiane (C),CITER David (B),CITER David (B),CITER David (B),CITER David (B),CITER David (B),CITER David (B),CITER David (B),CITER David (B),CITER David (B)
NSW_Local_Government_2017_Ku-ring-gai_-_St_Ives_Ward 2 seats.csv__hit120,BERLIOZ Christiane (C),CITER David (B),CITER David (B),CITER David (B),CITER David (B),CITER David (B),CITER David (B),CITER David (B),CITER David (B),CITER David (B)
NSW_Local_Government_2017_Ku-ring-gai_-_St_Ives_Ward 2 seats.csv__hit121,CITER David (B),CITER David (B),CITER David (B),CITER David (B),CITER David (B),CITER David (B),CITER David (B),CITER David (B),CITER David (B),CITER David (B)
NSW_Local_Government_2017_Ku-ring-gai_-_St_Ives_Ward 2 seats.csv__hit122,CITER David (B),CITER David (B),CITER David (B),CITER David (B),CITER David (B),CITER David (B),CITER David (B),CITER David (B),CITER David (B),CITER David (B)
NSW_Local_Government_2017_Ku-ring-gai_-_St_Ives_Ward 2 seats.csv__hit123,BERLIOZ Christiane (C),CITER David (B),CITER David (B),CITER David (B),CITER David (B),CITER David (B),CITER David (B),CITER David (B),CITER David (B),CITER David (B)
NSW_Local_Government_2017_Ku-ring-gai_-_St_Ives_Ward 2 seats.csv__hit124,CITER David (B),CITER David (B),CITER David (B),CITER David (B),CITER David (B),CITER David (B),CITER David (B),CITER David (B),CITER David (B),CITER David (B)
NSW_Local_Government_2017_Ku-ring-gai_-_St_Ives_Ward 2 seats.csv__hit125,SMITH Martin (C),CITER David (B),CITER David (B),CITER David (B),CITER David (B),CITER David (B),CITER David (B),CITER David (B),CITER David (B),CITER David (B)
NSW_Local_Government_2017_Ku-ring-gai_-_St_Ives_Ward 2 seats.csv__hit126,BERLIOZ Christiane (C),CITER David (B),CITER David (B),CITER David (B),CITER David (B),CITER David (B),CITER David (B),CITER David (B),CITER David (B),CITER David (B)
NSW_Local_Government_2017_Ku-ring-gai_-_St_Ives_Ward 2 seats.csv__hit127,CITER David (B),CITER David (B),CITER David (B),CITER David (B),CITER David (B),CITER David (B),CITER David (B),CITER David (B),CITER David (B),CITER David (B)
NSW_Local_Government_2017_Ku-ring-gai_-_St_Ives_Ward 2 seats.csv__hit128,CITER David (B),CITER David (B),CITER David (B),CITER David (B),CITER David (B),CITER David (B),CITER David (B),CITER David (B),CITER David (B),CITER David (B)
NSW_Local_Government_2017_Ku-ring-gai_-_St_Ives_Ward 2 seats.csv__hit129,BERLIOZ Christiane (C),CITER David (B),CITER David (B),CITER David (B),CITER David (B),CITER David (B),CITER David (B),CITER David (B),CITER David (B),CITER David (B)
NSW_Local_Government_2017_Ku-ring-gai_-_St_Ives_Ward 2 seats.csv__hit130,CITER David (B),CITER David (B),CITER David (B),CITER David (B),CITER David (B),CITER David (B),CITER David (B),CITER David (B),CITER David (B),CITER David (B)
NSW_Local_Government_2017_Ku-ring-gai_-_St_Ives_Ward 2 seats.csv__hit131,CITER David (B),CITER David (B),CITER David (B),CITER David (B),CITER David (B),CITER David (B),CITER David (B),CITER David (B),CITER David (B),CITER David (B)
NSW_Local_Government_2017_Ku-ring-gai_-_St_Ives_Ward 2 seats.csv__hit132,SMITH Martin (C),CITER David (B),CITER David (B),CITER David (B),CITER David (B),CITER David (B),CITER David (B),CITER David (B),CITER David (B),CITER David (B)
NSW_Local_Government_2017_Ku-ring-gai_-_St_Ives_Ward 2 seats.csv__hit133,BERLIOZ Christiane (C),CITER David (B),CITER David (B),CITER David (B),CITER David (B),CITER David (B),CITER David (B),CITER David (B),CITER David (B),CITER David (B)
NSW_Local_Government_2017_Ku-ring-gai_-_St_Ives_Ward 2 seats.csv__hit134,CITER David (B),CITER David (B),CITER David (B),CITER David (B),CITER David (B),CITER David (B),CITER David (B),CITER David (B),CITER David (B),CITER David (B)
NSW_Local_Government_2017_Ku-ring-gai_-_St_Ives_Ward 2 seats.csv__hit135,SMITH Martin (C),CITER David (B),CITER David (B),CITER David (B),CITER David (B),CITER David (B),CITER David (B),CITER David (B),CITER David (B),CITER David (B)
NSW_Local_Government_2017_Ku-ring-gai_-_St_Ives_Ward 2 seats.csv__hit136,CITER David (B),CITER David (B),CITER David (B),CITER David (B),CITER David (B),CITER David (B),CITER David (B),CITER David (B),CITER David (B),CITER David (B)
NSW_Local_Government_2017_Ku-ring-gai_-_St_Ives_Ward 2 seats.csv__hit137,CITER David (B),CITER David (B),CITER David (B),CITER David (B),CITER David (B),CITER David (B),CITER David (B),CITER David (B),CITER David (B),CITER David (B)
NSW_Local_Government_2017_Ku-ring-gai_-_St_Ives_Ward 2 seats.csv__hit138,SMITH Martin (C),CITER David (B),CITER David (B),CITER David (B),CITER David (B),CITER David (B),CITER David (B),CITER David (B),CITER David (B),CITER David (B)
NSW_Local_Government_2017_Ku-ring-gai_-_St_Ives_Ward 2 seats.csv__hit139,CITER David (B),CITER David (B),CITER David (B),CITER David (B),CITER David (B),CITER David (B),CITER David (B),CITER David (B),CITER David (B),CITER David (B)
NSW_Local_Government_2017_Ku-ring-gai_-_St_Ives_Ward 2 seats.csv__hit140,CITER David (B),CITER David (B),CITER David (B),CITER David (B),CITER David (B),CITER David (B),CITER David (B),CITER David (B),CITER David (B),CITER David (B)
NSW_Local_Government_2017_Ku-ring-gai_-_St_Ives_Ward 2 seats.csv__hit141,SMITH Martin (C),CITER David (B),CITER David (B),CITER David (B),CITER David (B),CITER David (B),CITER David (B),CITER David (B),CITER David (B),CITER David (B)
NSW_Local_Government_2017_Ku-ring-gai_-_St_Ives_Ward 2 seats.csv__hit142,BERLIOZ Christiane (C),CITER David (B),CITER David (B),CITER David (B),CITER David (B),CITER David (B),CITER David (B),CITER David (B),CITER David (B),CITER David (B)
NSW_Local_Government_2017_Ku-ring-gai_-_St_Ives_Ward 2 seats.csv__hit143,BERLIOZ Christiane (C),CITER David (B),CITER David (B),CITER David (B),CITER David (B),CITER David (B),CITER David (B),CITER David (B),CITER David (B),CITER David (B)
NSW_Local_Government_2017_Ku-ring-gai_-_St_Ives_Ward 2 seats.csv__hit144,BERLIOZ Christiane (C),CITER David (B),CITER David (B),CITER David (B),CITER David (B),CITER David (B),CITER David (B),CITER David (B),CITER David (B),CITER David (B)
NSW_Local_Government_2017_Ku-ring-gai_-_St_Ives_Ward 2 seats.csv__hit145,BERLIOZ Christiane (C),CITER David (B),CITER David (B),CITER David (B),CITER David (B),CITER David (B),CITER David (B),CITER David (B),CITER David (B),CITER David (B)
NSW_Local_Government_2017_Ku-ring-gai_-_St_Ives_Ward 2 seats.csv__hit146,BERLIOZ Christiane (C),CITER David (B),CITER David (B),CITER David (B),CITER David (B),CITER David (B),CITER David (B),CITER David (B),CITER David (B),CITER David (B)
NSW_Local_Government_2017_Ku-ring-gai_-_St_Ives_Ward 2 seats.csv__hit147,SMITH Martin (C),CITER David (B),CITER David (B),CITER David (B),CITER David (B),CITER David (B),CITER David (B),CITER David (B),CITER David (B),CITER David (B)
NSW_Local_Government_2017_Ku-ring-gai_-_St_Ives_Ward 2 seats.csv__hit148,SMITH Martin (C),CITER David (B),CITER David (B),CITER David (B),CITER David (B),CITER David (B),CITER David (B),CITER David (B),CITER David (B),CITER David (B)
NSW_Local_Government_2017_Ku-ring-gai_-_St_Ives_Ward 2 seats.csv__hit149,BERLIOZ Christiane (C),CITER David (B),CITER David (B),CITER David (B),CITER David (B),CITER David (B),CITER David (B),CITER David (B),CITER David (B),CITER David (B)
NSW_Local_Government_2017_Ku-ring-gai_-_St_Ives_Ward 2 seats.csv__hit150,CITER David (B),CITER David (B),CITER David (B),CITER David (B),CITER David (B),CITER David (B),CITER David (B),CITER David (B),CITER David (B),CITER David (B)
NSW_Local_Government_2017_Ku-ring-gai_-_St_Ives_Ward 2 seats.csv__hit151,SMITH Martin (C),CITER David (B),CITER David (B),CITER David (B),CITER David (B),CITER David (B),CITER David (B),CITER David (B),CITER David (B),CITER David (B)
NSW_Local_Government_2017_Ku-ring-gai_-_St_Ives_Ward 2 seats.csv__hit152,BERLIOZ Christiane (C),CITER David (B),CITER David (B),CITER David (B),CITER David (B),CITER David (B),CITER David (B),CITER David (B),CITER David (B),CITER David (B)
NSW_Local_Government_2017_Ku-ring-gai_-_St_Ives_Ward 2 seats.csv__hit153,CITER David (B),CITER David (B),CITER David (B),CITER David (B),CITER David (B),CITER David (B),CITER David (B),CITER David (B),CITER David (B),CITER David (B)
NSW_Local_Government_2017_Ku-ring-gai_-_St_Ives_Ward 2 seats.csv__hit154,BERLIOZ Christiane (C),CITER David (B),CITER David (B),CITER David (B),CITER David (B),CITER David (B),CITER David (B),CITER David (B),CITER David (B),CITER David (B)
NSW_Local_Government_2017_Ku-ring-gai_-_St_Ives_Ward 2 seats.csv__hit155,CITER David (B),CITER David (B),CITER David (B),CITER David (B),CITER David (B),CITER David (B),CITER David (B),CITER David (B),CITER David (B),CITER David (B)
NSW_Local_Government_2017_Ku-ring-gai_-_St_Ives_Ward 2 seats.csv__hit156,CITER David (B),CITER David (B),CITER David (B),CITER David (B),CITER David (B),CITER David (B),CITER David (B),CITER David (B),CITER David (B),CITER David (B)
NSW_Local_Government_2017_Ku-ring-gai_-_St_Ives_Ward 2 seats.csv__hit157,SMITH Martin (C),CITER David (B),CITER David (B),CITER David (B),CITER David (B),CITER David (B),CITER David (B),CITER David (B),CITER David (B),CITER David (B)
NSW_Local_Government_2017_Ku-ring-gai_-_St_Ives_Ward 2 seats.csv__hit158,SMITH Martin (C),CITER David (B),CITER David (B),CITER David (B),CITER David (B),CITER David (B),CITER David (B),CITER David (B),CITER David (B),CITER David (B)
NSW_Local_Government_2017_Ku-ring-gai_-_St_Ives_Ward 2 seats.csv__hit159,CITER David (B),CITER David (B),CITER David (B),CITER David (B),CITER David (B),CITER David (B),CITER David (B),CITER David (B),CITER David (B),CITER David (B)
NSW_Local_Government_2017_Ku-ring-gai_-_St_Ives_Ward 2 seats.csv__hit160,SMITH Martin (C),CITER David (B),CITER David (B),CITER David (B),CITER David (B),CITER David (B),CITER David (B),CITER David (B),CITER David (B),CITER David (B)
NSW_Local_Government_2017_Ku-ring-gai_-_St_Ives_Ward 2 seats.csv__hit161,SMITH Martin (C),CITER David (B),CITER David (B),CITER David (B),CITER David (B),CITER David (B),CITER David (B),CITER David (B),CITER David (B),CITER David (B)
NSW_Local_Government_2017_Ku-ring-gai_-_St_Ives_Ward 2 seats.csv__hit162,CITER David (B),CITER David (B),CITER David (B),CITER David (B),CITER David (B),CITER David (B),CITER David (B),CITER David (B),CITER David (B),CITER David (B)
NSW_Local_Government_2017_Ku-ring-gai_-_St_Ives_Ward 2 seats.csv__hit163,CITER David (B),CITER David (B),CITER David (B),CITER David (B),CITER David (B),CITER David (B),CITER David (B),CITER David (B),CITER David (B),CITER David (B)
NSW_Local_Government_2017_Ku-ring-gai_-_St_Ives_Ward 2 seats.csv__hit164,CITER David (B),CITER David (B),CITER David (B),CITER David (B),CITER David (B),CITER David (B),CITER David (B),CITER David (B),CITER David (B),CITER David (B)
NSW_Local_Government_2017_Ku-ring-gai_-_St_Ives_Ward 2 seats.csv__hit165,SMITH Martin (C),CITER David (B),CITER David (B),CITER David (B),CITER David (B),CITER David (B),CITER David (B),CITER David (B),CITER David (B),CITER David (B)
NSW_Local_Government_2017_Ku-ring-gai_-_St_Ives_Ward 2 seats.csv__hit166,SMITH Martin (C),CITER David (B),CITER David (B),CITER David (B),CITER David (B),CITER David (B),CITER David (B),CITER David (B),CITER David (B),CITER David (B)
NSW_Local_Government_2017_Ku-ring-gai_-_St_Ives_Ward 2 seats.csv__hit167,CITER David (B),CITER David (B),CITER David (B),CITER David (B),CITER David (B),CITER David (B),CITER David (B),CITER David (B),CITER David (B),CITER David (B)
NSW_Local_Government_2017_Ku-ring-gai_-_St_Ives_Ward 2 seats.csv__hit168,CITER David (B),CITER David (B),CITER David (B),CITER David (B),CITER David (B),CITER David (B),CITER David (B),CITER David (B),CITER David (B),CITER David (B)
NSW_Local_Government_2017_Ku-ring-gai_-_St_Ives_Ward 2 seats.csv__hit169,CITER David (B),CITER David (B),CITER David (B),CITER David (B),CITER David (B),CITER David (B),CITER David (B),CITER David (B),CITER David (B),CITER David (B)
NSW_Local_Government_2017_Ku-ring-gai_-_St_Ives_Ward 2 seats.csv__hit170,BERLIOZ Christiane (C),CITER David (B),CITER David (B),CITER David (B),CITER David (B),CITER David (B),CITER David (B),CITER David (B),CITER David (B),CITER David (B)
NSW_Local_Government_2017_Ku-ring-gai_-_St_Ives_Ward 2 seats.csv__hit171,CITER David (B),CITER David (B),CITER David (B),CITER David (B),CITER David (B),CITER David (B),CITER David (B),CITER David (B),CITER David (B),CITER David (B)
NSW_Local_Government_2017_Ku-ring-gai_-_St_Ives_Ward 2 seats.csv__hit172,BERLIOZ Christiane (C),CITER David (B),CITER David (B),CITER David (B),CITER David (B),CITER David (B),CITER David (B),CITER David (B),CITER David (B),CITER David (B)
NSW_Local_Government_2017_Ku-ring-gai_-_St_Ives_Ward 2 seats.csv__hit173,CITER David (B),CITER David (B),CITER David (B),CITER David (B),CITER David (B),CITER David (B),CITER David (B),CITER David (B),CITER David (B),CITER David (B)
NSW_Local_Government_2017_Ku-ring-gai_-_St_Ives_Ward 2 seats.csv__hit174,BERLIOZ Christiane (C),CITER David (B),CITER David (B),CITER David (B),CITER David (B),CITER David (B),CITER David (B),CITER David (B),CITER David (B),CITER David (B)
NSW_Local_Government_2017_Ku-ring-gai_-_St_Ives_Ward 2 seats.csv__hit175,CITER David (B),CITER David (B),CITER David (B),CITER David (B),CITER David (B),CITER David (B),CITER David (B),CITER David (B),CITER David (B),CITER David (B)
NSW_Local_Government_2017_Ku-ring-gai_-_St_Ives_Ward 2 seats.csv__hit176,SMITH Martin (C),CITER David (B),CITER David (B),CITER David (B),CITER David (B),CITER David (B),CITER David (B),CITER David (B),CITER David (B),CITER David (B)
NSW_Local_Government_2017_Ku-ring-gai_-_St_Ives_Ward 2 seats.csv__hit177,SMITH Martin (C),CITER David (B),CITER David (B),CITER David (B),CITER David (B),CITER David (B),CITER David (B),CITER David (B),CITER David (B),CITER David (B)
NSW_Local_Government_2017_Ku-ring-gai_-_St_Ives_Ward 2 seats.csv__hit178,SMITH Martin (C),CITER David (B),CITER David (B),CITER David (B),CITER David (B),CITER David (B),CITER David (B),CITER David (B),CITER David (B),CITER David (B)
NSW_Local_Government_2017_Ku-ring-gai_-_St_Ives_Ward 2 seats.csv__hit179,CITER David (B),CITER David (B),CITER David (B),CITER David (B),CITER David (B),CITER David (B),CITER David (B),CITER David (B),CITER David (B),CITER David (B)
NSW_Local_Government_2017_Ku-ring-gai_-_St_Ives_Ward 2 seats.csv__hit180,BERLIOZ Christiane (C),CITER David (B),CITER David (B),CITER David (B),CITER David (B),CITER David (B),CITER David (B),CITER David (B),CITER David (B),CITER David (B)
NSW_Local_Government_2017_Ku-ring-gai_-_St_Ives_Ward 2 seats.csv__hit181,BERLIOZ Christiane (C),CITER David (B),CITER David (B),CITER David (B),CITER David (B),CITER David (B),CITER David (B),CITER David (B),CITER David (B),CITER David (B)
NSW_Local_Government_2017_Ku-ring-gai_-_St_Ives_Ward 2 seats.csv__hit182,SMITH Martin (C),CITER David (B),CITER David (B),CITER David (B),CITER David (B),CITER David (B),CITER David (B),CITER David (B),CITER David (B),CITER David (B)
NSW_Local_Government_2017_Ku-ring-gai_-_St_Ives_Ward 2 seats.csv__hit183,BERLIOZ Christiane (C),CITER David (B),CITER David (B),CITER David (B),CITER David (B),CITER David (B),CITER David (B),CITER David (B),CITER David (B),CITER David (B)
NSW_Local_Government_2017_Ku-ring-gai_-_St_Ives_Ward 2 seats.csv__hit184,CITER David (B),CITER David (B),CITER David (B),CITER David (B),CITER David (B),CITER David (B),CITER David (B),CITER David (B),CITER David (B),CITER David (B)
NSW_Local_Government_2017_Ku-ring-gai_-_St_Ives_Ward 2 seats.csv__hit185,CITER David (B),CITER David (B),CITER David (B),CITER David (B),CITER David (B),CITER David (B),CITER David (B),CITER David (B),CITER David (B),CITER David (B)
NSW_Local_Government_2017_Ku-ring-gai_-_St_Ives_Ward 2 seats.csv__hit186,BERLIOZ Christiane (C),CITER David (B),CITER David (B),CITER David (B),CITER David (B),CITER David (B),CITER David (B),CITER David (B),CITER David (B),CITER David (B)
NSW_Local_Government_2017_Ku-ring-gai_-_St_Ives_Ward 2 seats.csv__hit187,CITER David (B),CITER David (B),CITER David (B),CITER David (B),CITER David (B),CITER David (B),CITER David (B),CITER David (B),CITER David (B),CITER David (B)
NSW_Local_Government_2017_Ku-ring-gai_-_St_Ives_Ward 2 seats.csv__hit188,SMITH Martin (C),CITER David (B),CITER David (B),CITER David (B),CITER David (B),CITER David (B),CITER David (B),CITER David (B),CITER David (B),CITER David (B)
NSW_Local_Government_2017_Ku-ring-gai_-_St_Ives_Ward 2 seats.csv__hit189,BERLIOZ Christiane (C),CITER David (B),CITER David (B),CITER David (B),CITER David (B),CITER David (B),CITER David (B),CITER David (B),CITER David (B),CITER David (B)
NSW_Local_Government_2017_Ku-ring-gai_-_St_Ives_Ward 2 seats.csv__hit190,BERLIOZ Christiane (C),CITER David (B),CITER David (B),CITER David (B),CITER David (B),CITER David (B),CITER David (B),CITER David (B),CITER David (B),CITER David (B)
NSW_Local_Government_2017_Ku-ring-gai_-_St_Ives_Ward 2 seats.csv__hit191,SMITH Martin (C),CITER David (B),CITER David (B),CITER David (B),CITER David (B),CITER David (B),CITER David (B),CITER David (B),CITER David (B),CITER David (B)
NSW_Local_Government_2017_Ku-ring-gai_-_St_Ives_Ward 2 seats.csv__hit192,CITER David (B),CITER David (B),CITER David (B),CITER David (B),CITER David (B),CITER David (B),CITER David (B),CITER David (B),CITER David (B),CITER David (B)
NSW_Local_Government_2017_Ku-ring-gai_-_St_Ives_Ward 2 seats.csv__hit193,BERLIOZ Christiane (C),CITER David (B),CITER David (B),CITER David (B),CITER David (B),CITER David (B),CITER David (B),CITER David (B),CITER David (B),CITER David (B)
NSW_Local_Government_2017_Ku-ring-gai_-_St_Ives_Ward 2 seats.csv__hit194,BERLIOZ Christiane (C),CITER David (B),CITER David (B),CITER David (B),CITER David (B),CITER David (B),CITER David (B),CITER David (B),CITER David (B),CITER David (B)
NSW_Local_Government_2017_Ku-ring-gai_-_St_Ives_Ward 2 seats.csv__hit195,BERLIOZ Christiane (C),CITER David (B),CITER David (B),CITER David (B),CITER David (B),CITER David (B),CITER David (B),CITER David (B),CITER David (B),CITER David (B)
NSW_Local_Government_2017_Ku-ring-gai_-_St_Ives_Ward 2 seats.csv__hit196,BERLIOZ Christiane (C),CITER David (B),CITER David (B),CITER David (B),CITER David (B),CITER David (B),CITER David (B),CITER David (B),CITER David (B),CITER David (B)
NSW_Local_Government_2017_Ku-ring-gai_-_St_Ives_Ward 2 seats.csv__hit197,SMITH Martin (C),CITER David (B),CITER David (B),CITER David (B),CITER David (B),CITER David (B),CITER David (B),CITER David (B),CITER David (B),CITER David (B)
NSW_Local_Government_2017_Ku-ring-gai_-_St_Ives_Ward 2 seats.csv__hit198,BERLIOZ Christiane (C),CITER David (B),CITER David (B),CITER David (B),CITER David (B),CITER David (B),CITER David (B),CITER David (B),CITER David (B),CITER David (B)
NSW_Local_Government_2017_Ku-ring-gai_-_St_Ives_Ward 2 seats.csv__hit199,CITER David (B),CITER David (B),CITER David (B),CITER David (B),CITER David (B),CITER David (B),CITER David (B),CITER David (B),CITER David (B),CITER David (B)
NSW_Local_Government_2021_Leeton 9 seats.csv__hit0,RENEKER Tony,RENEKER Tony,RENEKER Tony,RENEKER Tony,RENEKER Tony,RENEKER Tony,SMITH Paul,RENEKER Tony,RENEKER Tony,RENEKER Tony
NSW_Local_Government_2021_Leeton 9 seats.csv__hit1,RENEKER Tony,RENEKER Tony,RENEKER Tony,RENEKER Tony,RENEKER Tony,RENEKER Tony,RENEKER Tony,RENEKER Tony,RENEKER Tony,RENEKER Tony
NSW_Local_Government_2021_Leeton 9 seats.csv__hit2,RENEKER Tony,RENEKER Tony,RENEKER Tony,RENEKER Tony,RENEKER Tony,RENEKER Tony,RENEKER Tony,RENEKER Tony,RENEKER Tony,RENEKER Tony
NSW_Local_Government_2021_Leeton 9 seats.csv__hit3,RENEKER Tony,RENEKER Tony,RENEKER Tony,RENEKER Tony,RENEKER Tony,RENEKER Tony,SMITH Paul,RENEKER Tony,RENEKER Tony,RENEKER Tony
NSW_Local_Government_2021_Leeton 9 seats.csv__hit4,RENEKER Tony,RENEKER Tony,RENEKER Tony,SMITH Paul,RENEKER Tony,RENEKER Tony,SMITH Paul,RENEKER Tony,RENEKER Tony,RENEKER Tony
NSW_Local_Government_2021_Leeton 9 seats.csv__hit5,RENEKER Tony,RENEKER Tony,RENEKER Tony,SMITH Paul,RENEKER Tony,RENEKER Tony,SMITH Paul,RENEKER Tony,RENEKER Tony,RENEKER Tony
NSW_Local_Government_2021_Leeton 9 seats.csv__hit6,RENEKER Tony,RENEKER Tony,RENEKER Tony,SMITH Paul,RENEKER Tony,RENEKER Tony,SMITH Paul,RENEKER Tony,RENEKER Tony,RENEKER Tony
NSW_Local_Government_2021_Leeton 9 seats.csv__hit7,RENEKER Tony,RENEKER Tony,RENEKER Tony,SMITH Paul,RENEKER Tony,RENEKER Tony,SMITH Paul,RENEKER Tony,RENEKER Tony,RENEKER Tony
NSW_Local_Government_2021_Leeton 9 seats.csv__hit8,RENEKER Tony,RENEKER Tony,RENEKER Tony,RENEKER Tony,RENEKER Tony,RENEKER Tony,RENEKER Tony,RENEKER Tony,RENEKER Tony,RENEKER Tony
NSW_Local_Government_2021_Leeton 9 seats.csv__hit9,RENEKER Tony,RENEKER Tony,RENEKER Tony,RENEKER Tony,RENEKER Tony,RENEKER Tony,SMITH Paul,RENEKER Tony,RENEKER Tony,RENEKER Tony
NSW_Local_Government_2021_Leeton 9 seats.csv__hit10,RENEKER Tony,RENEKER Tony,RENEKER Tony,RENEKER Tony,RENEKER Tony,RENEKER Tony,SMITH Paul,RENEKER Tony,RENEKER Tony,RENEKER Tony
NSW_Local_Government_2021_Leeton 9 seats.csv__hit11,RENEKER Tony,RENEKER Tony,SMITH Paul,SMITH Paul,RENEKER Tony,RENEKER Tony,SMITH Paul,WESTON George,RENEKER Tony,RENEKER Tony
NSW_Local_Government_2021_Leeton 9 seats.csv__hit12,RENEKER Tony,RENEKER Tony,RENEKER Tony,RENEKER Tony,RENEKER Tony,RENEKER Tony,SMITH Paul,RENEKER Tony,RENEKER Tony,RENEKER Tony
NSW_Local_Government_2021_Leeton 9 seats.csv__hit13,RENEKER Tony,RENEKER Tony,RENEKER Tony,RENEKER Tony,RENEKER Tony,RENEKER Tony,SMITH Paul,RENEKER Tony,RENEKER Tony,RENEKER Tony
NSW_Local_Government_2021_Leeton 9 seats.csv__hit14,RENEKER Tony,RENEKER Tony,SMITH Paul,RENEKER Tony,RENEKER Tony,SMITH Paul,RENEKER Tony,RENEKER Tony,RENEKER Tony,RENEKER Tony
NSW_Local_Government_2021_Leeton 9 seats.csv__hit15,RENEKER Tony,RENEKER Tony,RENEKER Tony,SMITH Paul,RENEKER Tony,RENEKER Tony,SMITH Paul,RENEKER Tony,RENEKER Tony,RENEKER Tony
NSW_Local_Government_2021_Leeton 9 seats.csv__hit16,RENEKER Tony,RENEKER Tony,RENEKER Tony,RENEKER Tony,RENEKER Tony,RENEKER Tony,SMITH Paul,RENEKER Tony,RENEKER Tony,RENEKER Tony
NSW_Local_Government_2021_Leeton 9 seats.csv__hit17,RENEKER Tony,RENEKER Tony,RENEKER Tony,SMITH Paul,RENEKER Tony,RENEKER Tony,SMITH Paul,SMITH Paul,RENEKER Tony,RENEKER Tony
NSW_Local_Government_2021_Leeton 9 seats.csv__hit18,RENEKER Tony,RENEKER Tony,SMITH Paul,SMITH Paul,RENEKER Tony,SMITH Paul,SMITH Paul,SMITH Paul,RENEKER Tony,RENEKER Tony
NSW_Local_Government_2021_Leeton 9 seats.csv__hit19,RENEKER Tony,RENEKER Tony,RENEKER Tony,RENEKER Tony,RENEKER Tony,RENEKER Tony,SMITH Paul,SMITH Paul,RENEKER Tony,RENEKER Tony
NSW_Local_Government_2021_Leeton 9 seats.csv__hit20,RENEKER Tony,RENEKER Tony,RENEKER Tony,SMITH Paul,RENEKER Tony,RENEKER Tony,SMITH Paul,RENEKER Tony,RENEKER Tony,RENEKER Tony
NSW_Local_Government_2021_Leeton 9 seats.csv__hit21,RENEKER Tony,RENEKER Tony,RENEKER Tony,RENEKER Tony,RENEKER Tony,RENEKER Tony,SMITH Paul,RENEKER Tony,RENEKER Tony,RENEKER Tony
NSW_Local_Government_2021_Leeton 9 seats.csv__hit22,RENEKER Tony,RENEKER Tony,RENEKER Tony,SMITH Paul,RENEKER Tony,RENEKER Tony,SMITH Paul,RENEKER Tony,RENEKER Tony,RENEKER Tony
NSW_Local_Government_2021_Leeton 9 seats.csv__hit23,RENEKER Tony,RENEKER Tony,RENEKER Tony,RENEKER Tony,RENEKER Tony,RENEKER Tony,SMITH Paul,RENEKER Tony,RENEKER Tony,RENEKER Tony
NSW_Local_Government_2021_Leeton 9 seats.csv__hit24,RENEKER Tony,RENEKER Tony,RENEKER Tony,SMITH Paul,RENEKER Tony,RENEKER Tony,SMITH Paul,RENEKER Tony,RENEKER Tony,RENEKER Tony
NSW_Local_Government_2021_Leeton 9 seats.csv__hit25,RENEKER Tony,RENEKER Tony,RENEKER Tony,RENEKER Tony,RENEKER Tony,SMITH Paul,SMITH Paul,RENEKER Tony,RENEKER Tony,RENEKER Tony
NSW_Local_Government_2021_Leeton 9 seats.csv__hit26,RENEKER Tony,RENEKER Tony,RENEKER Tony,RENEKER Tony,RENEKER Tony,RENEKER Tony,SMITH Paul,RENEKER Tony,WESTON George,RENEKER Tony
NSW_Local_Government_2021_Leeton 9 seats.csv__hit27,RENEKER Tony,RENEKER Tony,RENEKER Tony,SMITH Paul,RENEKER Tony,SMITH Paul,SMITH Paul,SMITH Paul,RENEKER Tony,RENEKER Tony
NSW_Local_Government_2021_Leeton 9 seats.csv__hit28,SMITH Paul,SMITH Paul,RENEKER Tony,SMITH Paul,SMITH Paul,RENEKER Tony,SMITH Paul,SMITH Paul,SMITH Paul,SMITH Paul
NSW_Local_Government_2021_Leeton 9 seats.csv__hit29,RENEKER Tony,RENEKER Tony,RENEKER Tony,RENEKER Tony,RENEKER Tony,RENEKER Tony,SMITH Paul,RENEKER Tony,RENEKER Tony,RENEKER Tony
NSW_Local_Government_2021_Leeton 9 seats.csv__hit30,RENEKER Tony,RENEKER Tony,RENEKER Tony,RENEKER Tony,RENEKER Tony,RENEKER Tony,RENEKER Tony,RENEKER Tony,SMITH Paul,RENEKER Tony
NSW_Local_Government_2021_Leeton 9 seats.csv__hit31,RENEKER Tony,RENEKER Tony,RENEKER Tony,RENEKER Tony,RENEKER Tony,RENEKER Tony,RENEKER Tony,RENEKER Tony,RENEKER Tony,RENEKER Tony
NSW_Local_Government_2021_Leeton 9 seats.csv__hit32,RENEKER Tony,RENEKER Tony,RENEKER Tony,RENEKER Tony,RENEKER Tony,SMITH Paul,SMITH Paul,RENEKER Tony,RENEKER Tony,RENEKER Tony
NSW_Local_Government_2021_Leeton 9 seats.csv__hit33,RENEKER Tony,RENEKER Tony,RENEKER Tony,RENEKER Tony,RENEKER Tony,SMITH Paul,SMITH Paul,RENEKER Tony,RENEKER Tony,RENEKER Tony
NSW_Local_Government_2021_Leeton 9 seats.csv__hit34,RENEKER Tony,RENEKER Tony,RENEKER Tony,SMITH Paul,RENEKER Tony,RENEKER Tony,SMITH Paul,RENEKER Tony,RENEKER Tony,RENEKER Tony
NSW_Local_Government_2021_Leeton 9 seats.csv__hit35,SMITH Paul,RENEKER Tony,RENEKER Tony,SMITH Paul,RENEKER Tony,RENEKER Tony,SMITH Paul,SMITH Paul,SMITH Paul,SMITH Paul
NSW_Local_Government_2021_Leeton 9 seats.csv__hit36,RENEKER Tony,RENEKER Tony,RENEKER Tony,SMITH Paul,RENEKER Tony,RENEKER Tony,SMITH Paul,SMITH Paul,RENEKER Tony,RENEKER Tony
NSW_Local_Government_2021_Leeton 9 seats.csv__hit37,RENEKER Tony,RENEKER Tony,RENEKER Tony,RENEKER Tony,RENEKER Tony,RENEKER Tony,RENEKER Tony,RENEKER Tony,RENEKER Tony,RENEKER Tony
NSW_Local_Government_2021_Leeton 9 seats.csv__hit38,RENEKER Tony,RENEKER Tony,RENEKER Tony,RENEKER Tony,RENEKER Tony,RENEKER Tony,SMITH Paul,RENEKER Tony,RENEKER Tony,RENEKER Tony
NSW_Local_Government_2021_Leeton 9 seats.csv__hit39,RENEKER Tony,RENEKER Tony,RENEKER Tony,SMITH Paul,RENEKER Tony,RENEKER Tony,SMITH Paul,SMITH Paul,RENEKER Tony,RENEKER Tony
NSW_Local_Government_2021_Leeton 9 seats.csv__hit40,RENEKER Tony,RENEKER Tony,RENEKER Tony,SMITH Paul,RENEKER Tony,RENEKER Tony,RENEKER Tony,RENEKER Tony,RENEKER Tony,RENEKER Tony
NSW_Local_Government_2021_Leeton 9 seats.csv__hit41,RENEKER Tony,RENEKER Tony,RENEKER Tony,RENEKER Tony,RENEKER Tony,SMITH Paul,SMITH Paul,RENEKER Tony,RENEKER Tony,RENEKER Tony
NSW_Local_Government_2021_Leeton 9 seats.csv__hit42,RENEKER Tony,RENEKER Tony,RENEKER Tony,RENEKER Tony,RENEKER Tony,SMITH Paul,SMITH Paul,RENEKER Tony,RENEKER Tony,RENEKER Tony
NSW_Local_Government_2021_Leeton 9 seats.csv__hit43,RENEKER Tony,RENEKER Tony,RENEKER Tony,RENEKER Tony,RENEKER Tony,RENEKER Tony,SMITH Paul,RENEKER Tony,RENEKER Tony,RENEKER Tony
NSW_Local_Government_2021_Leeton 9 seats.csv__hit44,RENEKER Tony,RENEKER Tony,RENEKER Tony,SMITH Paul,RENEKER Tony,RENEKER Tony,SMITH Paul,RENEKER Tony,RENEKER Tony,RENEKER Tony
NSW_Local_Government_2021_Leeton 9 seats.csv__hit45,RENEKER Tony,RENEKER Tony,RENEKER Tony,SMITH Paul,RENEKER Tony,SMITH Paul,SMITH Paul,RENEKER Tony,RENEKER Tony,RENEKER Tony
NSW_Local_Government_2021_Leeton 9 seats.csv__hit46,RENEKER Tony,RENEKER Tony,RENEKER Tony,SMITH Paul,RENEKER Tony,RENEKER Tony,SMITH Paul,WESTON George,RENEKER Tony,RENEKER Tony
NSW_Local_Government_2021_Leeton 9 seats.csv__hit47,RENEKER Tony,RENEKER Tony,RENEKER Tony,RENEKER Tony,RENEKER Tony,RENEKER Tony,SMITH Paul,RENEKER Tony,RENEKER Tony,RENEKER Tony
NSW_Local_Government_2021_Leeton 9 seats.csv__hit48,RENEKER Tony,RENEKER Tony,SMITH Paul,RENEKER Tony,RENEKER Tony,RENEKER Tony,RENEKER Tony,RENEKER Tony,RENEKER Tony,RENEKER Tony
NSW_Local_Government_2021_Leeton 9 seats.csv__hit49,RENEKER Tony,RENEKER Tony,RENEKER Tony,SMITH Paul,RENEKER Tony,RENEKER Tony,SMITH Paul,RENEKER Tony,RENEKER Tony,RENEKER Tony
NSW_Local_Government_2021_Leeton 9 seats.csv__hit50,RENEKER Tony,RENEKER Tony,SMITH Paul,SMITH Paul,RENEKER Tony,SMITH Paul,SMITH Paul,RENEKER Tony,RENEKER Tony,RENEKER Tony
NSW_Local_Government_2021_Leeton 9 seats.csv__hit51,SMITH Paul,SMITH Paul,RENEKER Tony,SMITH Paul,SMITH Paul,WESTON George,SMITH Paul,SMITH Paul,SMITH Paul,SMITH Paul
NSW_Local_Government_2021_Leeton 9 seats.csv__hit52,RENEKER Tony,RENEKER Tony,RENEKER Tony,RENEKER Tony,RENEKER Tony,WESTON George,SMITH Paul,RENEKER Tony,RENEKER Tony,RENEKER Tony
NSW_Local_Government_2021_Leeton 9 seats.csv__hit53,RENEKER Tony,RENEKER Tony,RENEKER Tony,SMITH Paul,RENEKER Tony,RENEKER Tony,SMITH Paul,RENEKER Tony,RENEKER Tony,RENEKER Tony
NSW_Local_Government_2021_Leeton 9 seats.csv__hit54,RENEKER Tony,RENEKER Tony,RENEKER Tony,SMITH Paul,RENEKER Tony,WESTON George,SMITH Paul,RENEKER Tony,RENEKER Tony,RENEKER Tony
NSW_Local_Government_2021_Leeton 9 seats.csv__hit55,RENEKER Tony,RENEKER Tony,RENEKER Tony,SMITH Paul,RENEKER Tony,RENEKER Tony,SMITH Paul,RENEKER Tony,RENEKER Tony,RENEKER Tony
NSW_Local_Government_2021_Leeton 9 seats.csv__hit56,RENEKER Tony,RENEKER Tony,RENEKER Tony,RENEKER Tony,RENEKER Tony,RENEKER Tony,SMITH Paul,RENEKER Tony,RENEKER Tony,RENEKER Tony
NSW_Local_Government_2021_Leeton 9 seats.csv__hit57,RENEKER Tony,RENEKER Tony,RENEKER Tony,SMITH Paul,RENEKER Tony,RENEKER Tony,SMITH Paul,RENEKER Tony,RENEKER Tony,RENEKER Tony
NSW_Local_Government_2021_Leeton 9 seats.csv__hit58,RENEKER Tony,RENEKER Tony,RENEKER Tony,RENEKER Tony,RENEKER Tony,RENEKER Tony,SMITH Paul,RENEKER Tony,RENEKER Tony,RENEKER Tony
NSW_Local_Government_2021_Leeton 9 seats.csv__hit59,RENEKER Tony,RENEKER Tony,RENEKER Tony,SMITH Paul,RENEKER Tony,RENEKER Tony,SMITH Paul,RENEKER Tony,RENEKER Tony,RENEKER Tony
NSW_Local_Government_2021_Leeton 9 seats.csv__hit60,RENEKER Tony,RENEKER Tony,WESTON George,SMITH Paul,RENEKER Tony,RENEKER Tony,SMITH Paul,RENEKER Tony,RENEKER Tony,RENEKER Tony
NSW_Local_Government_2021_Leeton 9 seats.csv__hit61,RENEKER Tony,RENEKER Tony,RENEKER Tony,SMITH Paul,RENEKER Tony,RENEKER Tony,SMITH Paul,RENEKER Tony,RENEKER Tony,RENEKER Tony
NSW_Local_Government_2021_Leeton 9 seats.csv__hit62,RENEKER Tony,RENEKER Tony,RENEKER Tony,RENEKER Tony,RENEKER Tony,SMITH Paul,SMITH Paul,RENEKER Tony,RENEKER Tony,RENEKER Tony
NSW_Local_Government_2021_Leeton 9 seats.csv__hit63,RENEKER Tony,RENEKER Tony,SMITH Paul,RENEKER Tony,RENEKER Tony,SMITH Paul,SMITH Paul,RENEKER Tony,RENEKER Tony,RENEKER Tony
NSW_Local_Government_2021_Leeton 9 seats.csv__hit64,RENEKER Tony,RENEKER Tony,RENEKER Tony,SMITH Paul,RENEKER Tony,RENEKER Tony,SMITH Paul,SMITH Paul,RENEKER Tony,RENEKER Tony
NSW_Local_Government_2021_Leeton 9 seats.csv__hit65,RENEKER Tony,RENEKER Tony,RENEKER Tony,RENEKER Tony,RENEKER Tony,RENEKER Tony,RENEKER Tony,RENEKER Tony,RENEKER Tony,RENEKER Tony
NSW_Local_Government_2021_Leeton 9 seats.csv__hit66,RENEKER Tony,RENEKER Tony,RENEKER Tony,RENEKER Tony,RENEKER Tony,SMITH Paul,SMITH Paul,SMITH Paul,RENEKER Tony,RENEKER Tony
NSW_Local_Government_2021_Leeton 9 seats.csv__hit67,RENEKER Tony,RENEKER Tony,RENEKER Tony,RENEKER Tony,RENEKER Tony,RENEKER Tony,SMITH Paul,RENEKER Tony,RENEKER Tony,RENEKER Tony
NSW_Local_Government_2021_Leeton 9 seats.csv__hit68,RENEKER Tony,RENEKER Tony,SMITH Paul,RENEKER Tony,RENEKER Tony,SMITH Paul,SMITH Paul,RENEKER Tony,RENEKER Tony,RENEKER Tony
NSW_Local_Government_2021_Leeton 9 seats.csv__hit69,RENEKER Tony,RENEKER Tony,SMITH Paul,SMITH Paul,RENEKER Tony,RENEKER Tony,SMITH Paul,RENEKER Tony,RENEKER Tony,RENEKER Tony
NSW_Local_Government_2021_Leeton 9 seats.csv__hit70,RENEKER Tony,RENEKER Tony,RENEKER Tony,RENEKER Tony,RENEKER Tony,RENEKER Tony,SMITH Paul,RENEKER Tony,RENEKER Tony,RENEKER Tony
NSW_Local_Government_2021_Leeton 9 seats.csv__hit71,RENEKER Tony,RENEKER Tony,RENEKER Tony,SMITH Paul,RENEKER Tony,RENEKER Tony,SMITH Paul,RENEKER Tony,RENEKER Tony,RENEKER Tony
NSW_Local_Government_2021_Leeton 9 seats.csv__hit72,RENEKER Tony,RENEKER Tony,RENEKER Tony,RENEKER Tony,RENEKER Tony,RENEKER Tony,SMITH Paul,RENEKER Tony,RENEKER Tony,RENEKER Tony
NSW_Local_Government_2021_Leeton 9 seats.csv__hit73,RENEKER Tony,RENEKER Tony,RENEKER Tony,SMITH Paul,RENEKER Tony,RENEKER Tony,SMITH Paul,WESTON George,RENEKER Tony,RENEKER Tony
NSW_Local_Government_2021_Leeton 9 seats.csv__hit74,RENEKER Tony,RENEKER Tony,RENEKER Tony,RENEKER Tony,RENEKER Tony,WESTON George,RENEKER Tony,RENEKER Tony,RENEKER Tony,RENEKER Tony
NSW_Local_Government_2021_Leeton 9 seats.csv__hit75,RENEKER Tony,RENEKER Tony,SMITH Paul,RENEKER Tony,RENEKER Tony,RENEKER Tony,SMITH Paul,RENEKER Tony,RENEKER Tony,RENEKER Tony
NSW_Local_Government_2021_Leeton 9 seats.csv__hit76,RENEKER Tony,RENEKER Tony,RENEKER Tony,SMITH Paul,RENEKER Tony,RENEKER Tony,SMITH Paul,RENEKER Tony,RENEKER Tony,RENEKER Tony
NSW_Local_Government_2021_Leeton 9 seats.csv__hit77,RENEKER Tony,RENEKER Tony,RENEKER Tony,RENEKER Tony,RENEKER Tony,SMITH Paul,RENEKER Tony,RENEKER Tony,RENEKER Tony,RENEKER Tony
NSW_Local_Government_2021_Leeton 9 seats.csv__hit78,RENEKER Tony,RENEKER Tony,RENEKER Tony,RENEKER Tony,RENEKER Tony,RENEKER Tony,SMITH Paul,SMITH Paul,RENEKER Tony,RENEKER Tony
NSW_Local_Government_2021_Leeton 9 seats.csv__hit79,RENEKER Tony,RENEKER Tony,RENEKER Tony,SMITH Paul,RENEKER Tony,SMITH Paul,SMITH Paul,SMITH Paul,RENEKER Tony,RENEKER Tony
NSW_Local_Government_2021_Leeton 9 seats.csv__hit80,RENEKER Tony,RENEKER Tony,RENEKER Tony,RENEKER Tony,RENEKER Tony,RENEKER Tony,SMITH Paul,RENEKER Tony,RENEKER Tony,RENEKER Tony
NSW_Local_Government_2021_Leeton 9 seats.csv__hit81,RENEKER Tony,RENEKER Tony,RENEKER Tony,SMITH Paul,RENEKER Tony,RENEKER Tony,SMITH Paul,RENEKER Tony,WESTON George,RENEKER Tony
NSW_Local_Government_2021_Leeton 9 seats.csv__hit82,RENEKER Tony,RENEKER Tony,RENEKER Tony,SMITH Paul,RENEKER Tony,RENEKER Tony,SMITH Paul,RENEKER Tony,RENEKER Tony,RENEKER Tony
NSW_Local_Government_2021_Leeton 9 seats.csv__hit83,RENEKER Tony,RENEKER Tony,RENEKER Tony,SMITH Paul,RENEKER Tony,RENEKER Tony,SMITH Paul,RENEKER Tony,RENEKER Tony,RENEKER Tony
NSW_Local_Government_2021_Leeton 9 seats.csv__hit84,SMITH Paul,SMITH Paul,RENEKER Tony,SMITH Paul,RENEKER Tony,RENEKER Tony,SMITH Paul,RENEKER Tony,SMITH Paul,SMITH Paul
NSW_Local_Government_2021_Leeton 9 seats.csv__hit85,RENEKER Tony,RENEKER Tony,RENEKER Tony,RENEKER Tony,RENEKER Tony,SMITH Paul,WESTON George,RENEKER Tony,RENEKER Tony,RENEKER Tony
NSW_Local_Government_2021_Leeton 9 seats.csv__hit86,RENEKER Tony,RENEKER Tony,RENEKER Tony,SMITH Paul,RENEKER Tony,SMITH Paul,SMITH Paul,RENEKER Tony,RENEKER Tony,RENEKER Tony
NSW_Local_Government_2021_Leeton 9 seats.csv__hit87,RENEKER Tony,RENEKER Tony,RENEKER Tony,SMITH Paul,RENEKER Tony,RENEKER Tony,SMITH Paul,SMITH Paul,RENEKER Tony,RENEKER Tony
NSW_Local_Government_2021_Leeton 9 seats.csv__hit88,RENEKER Tony,RENEKER Tony,RENEKER Tony,RENEKER Tony,RENEKER Tony,RENEKER Tony,SMITH Paul,RENEKER Tony,RENEKER Tony,RENEKER Tony
NSW_Local_Government_2021_Leeton 9 seats.csv__hit89,RENEKER Tony,RENEKER Tony,RENEKER Tony,SMITH Paul,RENEKER Tony,RENEKER Tony,SMITH Paul,SMITH Paul,RENEKER Tony,RENEKER Tony
NSW_Local_Government_2021_Leeton 9 seats.csv__hit90,RENEKER Tony,RENEKER Tony,SMITH Paul,RENEKER Tony,RENEKER Tony,RENEKER Tony,SMITH Paul,RENEKER Tony,RENEKER Tony,RENEKER Tony
NSW_Local_Government_2021_Leeton 9 seats.csv__hit91,RENEKER Tony,RENEKER Tony,WESTON George,SMITH Paul,RENEKER Tony,RENEKER Tony,SMITH Paul,SMITH Paul,RENEKER Tony,RENEKER Tony
NSW_Local_Government_2021_Leeton 9 seats.csv__hit92,RENEKER Tony,RENEKER Tony,RENEKER Tony,SMITH Paul,RENEKER Tony,RENEKER Tony,SMITH Paul,RENEKER Tony,RENEKER Tony,RENEKER Tony
NSW_Local_Government_2021_Leeton 9 seats.csv__hit93,RENEKER Tony,RENEKER Tony,SMITH Paul,SMITH Paul,SMITH Paul,SMITH Paul,SMITH Paul,SMITH Paul,RENEKER Tony,RENEKER Tony
NSW_Local_Government_2021_Leeton 9 seats.csv__hit94,WESTON George,RENEKER Tony,RENEKER Tony,RENEKER Tony,RENEKER Tony,RENEKER Tony,RENEKER Tony,RENEKER Tony,RENEKER Tony,RENEKER Tony
NSW_Local_Government_2021_Leeton 9 seats.csv__hit95,RENEKER Tony,RENEKER Tony,RENEKER Tony,SMITH Paul,RENEKER Tony,RENEKER Tony,RENEKER Tony,RENEKER Tony,RENEKER Tony,RENEKER Tony
NSW_Local_Government_2021_Leeton 9 seats.csv__hit96,RENEKER Tony,RENEKER Tony,SMITH Paul,RENEKER Tony,RENEKER Tony,SMITH Paul,SMITH Paul,SMITH Paul,RENEKER Tony,RENEKER Tony
NSW_Local_Government_2021_Leeton 9 seats.csv__hit97,RENEKER Tony,RENEKER Tony,RENEKER Tony,RENEKER Tony,RENEKER Tony,RENEKER Tony,RENEKER Tony,RENEKER Tony,RENEKER Tony,RENEKER Tony
NSW_Local_Government_2021_Leeton 9 seats.csv__hit98,RENEKER Tony,RENEKER Tony,RENEKER Tony,RENEKER Tony,RENEKER Tony,RENEKER Tony,SMITH Paul,RENEKER Tony,RENEKER Tony,RENEKER Tony
NSW_Local_Government_2021_Leeton 9 seats.csv__hit99,RENEKER Tony,RENEKER Tony,RENEKER Tony,SMITH Paul,RENEKER Tony,RENEKER Tony,SMITH Paul,SMITH Paul,RENEKER Tony,RENEKER Tony
NSW_Local_Government_2021_Leeton 9 seats.csv__hit100,RENEKER Tony,RENEKER Tony,RENEKER Tony,RENEKER Tony,RENEKER Tony,RENEKER Tony,RENEKER Tony,RENEKER Tony,RENEKER Tony,RENEKER Tony
NSW_Local_Government_2021_Leeton 9 seats.csv__hit101,RENEKER Tony,RENEKER Tony,RENEKER Tony,SMITH Paul,RENEKER Tony,RENEKER Tony,SMITH Paul,RENEKER Tony,RENEKER Tony,RENEKER Tony
NSW_Local_Government_2021_Leeton 9 seats.csv__hit102,RENEKER Tony,RENEKER Tony,RENEKER Tony,RENEKER Tony,RENEKER Tony,RENEKER Tony,SMITH Paul,SMITH Paul,RENEKER Tony,RENEKER Tony
NSW_Local_Government_2021_Leeton 9 seats.csv__hit103,RENEKER Tony,RENEKER Tony,RENEKER Tony,SMITH Paul,RENEKER Tony,RENEKER Tony,SMITH Paul,RENEKER Tony,RENEKER Tony,RENEKER Tony
NSW_Local_Government_2021_Leeton 9 seats.csv__hit104,RENEKER Tony,RENEKER Tony,RENEKER Tony,RENEKER Tony,RENEKER Tony,SMITH Paul,SMITH Paul,RENEKER Tony,RENEKER Tony,RENEKER Tony
NSW_Local_Government_2021_Leeton 9 seats.csv__hit105,RENEKER Tony,RENEKER Tony,RENEKER Tony,RENEKER Tony,RENEKER Tony,RENEKER Tony,RENEKER Tony,RENEKER Tony,RENEKER Tony,RENEKER Tony
NSW_Local_Government_2021_Leeton 9 seats.csv__hit106,RENEKER Tony,RENEKER Tony,RENEKER Tony,SMITH Paul,RENEKER Tony,SMITH Paul,SMITH Paul,RENEKER Tony,RENEKER Tony,RENEKER Tony
NSW_Local_Government_2021_Leeton 9 seats.csv__hit107,WESTON George,WESTON George,WESTON George,RENEKER Tony,WESTON George,SMITH Paul,SMITH Paul,WESTON George,WESTON George,WESTON George
NSW_Local_Government_2021_Leeton 9 seats.csv__hit108,RENEKER Tony,RENEKER Tony,RENEKER Tony,SMITH Paul,RENEKER Tony,RENEKER Tony,SMITH Paul,SMITH Paul,RENEKER Tony,RENEKER Tony
NSW_Local_Government_2021_Leeton 9 seats.csv__hit109,RENEKER Tony,RENEKER Tony,RENEKER Tony,RENEKER Tony,RENEKER Tony,RENEKER Tony,SMITH Paul,RENEKER Tony,RENEKER Tony,RENEKER Tony
NSW_Local_Government_2021_Leeton 9 seats.csv__hit110,RENEKER Tony,RENEKER Tony,RENEKER Tony,RENEKER Tony,RENEKER Tony,RENEKER Tony,RENEKER Tony,RENEKER Tony,RENEKER Tony,RENEKER Tony
NSW_Local_Government_2021_Leeton 9 seats.csv__hit111,RENEKER Tony,RENEKER Tony,RENEKER Tony,RENEKER Tony,RENEKER Tony,RENEKER Tony,SMITH Paul,RENEKER Tony,RENEKER Tony,RENEKER Tony
NSW_Local_Government_2021_Leeton 9 seats.csv__hit112,RENEKER Tony,RENEKER Tony,RENEKER Tony,RENEKER Tony,RENEKER Tony,SMITH Paul,SMITH Paul,WESTON George,RENEKER Tony,RENEKER Tony
NSW_Local_Government_2021_Leeton 9 seats.csv__hit113,RENEKER Tony,RENEKER Tony,RENEKER Tony,SMITH Paul,RENEKER Tony,RENEKER Tony,SMITH Paul,RENEKER Tony,RENEKER Tony,RENEKER Tony
NSW_Local_Government_2021_Leeton 9 seats.csv__hit114,RENEKER Tony,RENEKER Tony,RENEKER Tony,RENEKER Tony,RENEKER Tony,SMITH Paul,SMITH Paul,RENEKER Tony,RENEKER Tony,RENEKER Tony
NSW_Local_Government_2021_Leeton 9 seats.csv__hit115,RENEKER Tony,SMITH Paul,SMITH Paul,RENEKER Tony,RENEKER Tony,RENEKER Tony,SMITH Paul,SMITH Paul,SMITH Paul,SMITH Paul
NSW_Local_Government_2021_Leeton 9 seats.csv__hit116,RENEKER Tony,RENEKER Tony,SMITH Paul,RENEKER Tony,RENEKER Tony,SMITH Paul,SMITH Paul,RENEKER Tony,RENEKER Tony,RENEKER Tony
NSW_Local_Government_2021_Leeton 9 seats.csv__hit117,RENEKER Tony,RENEKER Tony,RENEKER Tony,RENEKER Tony,RENEKER Tony,RENEKER Tony,RENEKER Tony,RENEKER Tony,RENEKER Tony,RENEKER Tony
NSW_Local_Government_2021_Leeton 9 seats.csv__hit118,RENEKER Tony,RENEKER Tony,RENEKER Tony,RENEKER Tony,RENEKER Tony,RENEKER Tony,SMITH Paul,RENEKER Tony,RENEKER Tony,RENEKER Tony
NSW_Local_Government_2021_Leeton 9 seats.csv__hit119,RENEKER Tony,RENEKER Tony,RENEKER Tony,SMITH Paul,RENEKER Tony,RENEKER Tony,RENEKER Tony,RENEKER Tony,RENEKER Tony,RENEKER Tony
NSW_Local_Government_2021_Leeton 9 seats.csv__hit120,RENEKER Tony,RENEKER Tony,RENEKER Tony,SMITH Paul,RENEKER Tony,RENEKER Tony,SMITH Paul,RENEKER Tony,RENEKER Tony,RENEKER Tony
NSW_Local_Government_2021_Leeton 9 seats.csv__hit121,RENEKER Tony,RENEKER Tony,RENEKER Tony,SMITH Paul,RENEKER Tony,RENEKER Tony,SMITH Paul,RENEKER Tony,RENEKER Tony,RENEKER Tony
NSW_Local_Government_2021_Leeton 9 seats.csv__hit122,RENEKER Tony,RENEKER Tony,RENEKER Tony,SMITH Paul,RENEKER Tony,RENEKER Tony,SMITH Paul,SMITH Paul,RENEKER Tony,RENEKER Tony
NSW_Local_Government_2021_Leeton 9 seats.csv__hit123,SMITH Paul,RENEKER Tony,RENEKER Tony,SMITH Paul,RENEKER Tony,RENEKER Tony,SMITH Paul,RENEKER Tony,SMITH Paul,SMITH Paul
NSW_Local_Government_2021_Leeton 9 seats.csv__hit124,RENEKER Tony,RENEKER Tony,RENEKER Tony,RENEKER Tony,RENEKER Tony,RENEKER Tony,SMITH Paul,RENEKER Tony,RENEKER Tony,RENEKER Tony
NSW_Local_Government_2021_Leeton 9 seats.csv__hit125,RENEKER Tony,RENEKER Tony,RENEKER Tony,SMITH Paul,RENEKER Tony,RENEKER Tony,SMITH Paul,RENEKER Tony,RENEKER Tony,RENEKER Tony
NSW_Local_Government_2021_Leeton 9 seats.csv__hit126,RENEKER Tony,RENEKER Tony,WESTON George,SMITH Paul,RENEKER Tony,SMITH Paul,SMITH Paul,SMITH Paul,RENEKER Tony,RENEKER Tony
NSW_Local_Government_2021_Leeton 9 seats.csv__hit127,RENEKER Tony,RENEKER Tony,RENEKER Tony,SMITH Paul,RENEKER Tony,RENEKER Tony,SMITH Paul,RENEKER Tony,RENEKER Tony,RENEKER Tony
NSW_Local_Government_2021_Leeton 9 seats.csv__hit128,RENEKER Tony,RENEKER Tony,SMITH Paul,RENEKER Tony,RENEKER Tony,SMITH Paul,SMITH Paul,WESTON George,RENEKER Tony,RENEKER Tony
NSW_Local_Government_2021_Leeton 9 seats.csv__hit129,RENEKER Tony,RENEKER Tony,RENEKER Tony,RENEKER Tony,RENEKER Tony,RENEKER Tony,SMITH Paul,RENEKER Tony,RENEKER Tony,RENEKER Tony
NSW_Local_Government_2021_Leeton 9 seats.csv__hit130,RENEKER Tony,RENEKER Tony,SMITH Paul,RENEKER Tony,RENEKER Tony,RENEKER Tony,SMITH Paul,RENEKER Tony,RENEKER Tony,RENEKER Tony
NSW_Local_Government_2021_Leeton 9 seats.csv__hit131,RENEKER Tony,RENEKER Tony,RENEKER Tony,SMITH Paul,RENEKER Tony,RENEKER Tony,SMITH Paul,RENEKER Tony,RENEKER Tony,RENEKER Tony
NSW_Local_Government_2021_Leeton 9 seats.csv__hit132,RENEKER Tony,RENEKER Tony,RENEKER Tony,SMITH Paul,RENEKER Tony,SMITH Paul,SMITH Paul,RENEKER Tony,RENEKER Tony,RENEKER Tony
NSW_Local_Government_2021_Leeton 9 seats.csv__hit133,RENEKER Tony,RENEKER Tony,RENEKER Tony,SMITH Paul,RENEKER Tony,SMITH Paul,SMITH Paul,RENEKER Tony,RENEKER Tony,RENEKER Tony
NSW_Local_Government_2021_Leeton 9 seats.csv__hit134,RENEKER Tony,RENEKER Tony,SMITH Paul,SMITH Paul,RENEKER Tony,RENEKER Tony,SMITH Paul,SMITH Paul,RENEKER Tony,RENEKER Tony
NSW_Local_Government_2021_Leeton 9 seats.csv__hit135,RENEKER Tony,RENEKER Tony,RENEKER Tony,SMITH Paul,RENEKER Tony,RENEKER Tony,SMITH Paul,RENEKER Tony,RENEKER Tony,RENEKER Tony
NSW_Local_Government_2021_Leeton 9 seats.csv__hit136,RENEKER Tony,WESTON George,RENEKER Tony,SMITH Paul,RENEKER Tony,RENEKER Tony,SMITH Paul,SMITH Paul,RENEKER Tony,RENEKER Tony
NSW_Local_Government_2021_Leeton 9 seats.csv__hit137,RENEKER Tony,RENEKER Tony,RENEKER Tony,SMITH Paul,RENEKER Tony,RENEKER Tony,SMITH Paul,SMITH Paul,RENEKER Tony,RENEKER Tony
NSW_Local_Government_2021_Leeton 9 seats.csv__hit138,RENEKER Tony,RENEKER Tony,SMITH Paul,SMITH Paul,SMITH Paul,SMITH Paul,SMITH Paul,RENEKER Tony,RENEKER Tony,RENEKER Tony
NSW_Local_Government_2021_Leeton 9 seats.csv__hit139,RENEKER Tony,RENEKER Tony,RENEKER Tony,RENEKER Tony,RENEKER Tony,RENEKER Tony,SMITH Paul,RENEKER Tony,RENEKER Tony,RENEKER Tony
NSW_Local_Government_2021_Leeton 9 seats.csv__hit140,RENEKER Tony,RENEKER Tony,RENEKER Tony,SMITH Paul,RENEKER Tony,RENEKER Tony,RENEKER Tony,SMITH Paul,RENEKER Tony,RENEKER Tony
NSW_Local_Government_2021_Leeton 9 seats.csv__hit141,RENEKER Tony,RENEKER Tony,RENEKER Tony,SMITH Paul,RENEKER Tony,RENEKER Tony,SMITH Paul,RENEKER Tony,RENEKER Tony,RENEKER Tony
NSW_Local_Government_2021_Leeton 9 seats.csv__hit142,WESTON George,WESTON George,WESTON George,SMITH Paul,WESTON George,SMITH Paul,SMITH Paul,WESTON George,WESTON George,WESTON George
NSW_Local_Government_2021_Leeton 9 seats.csv__hit143,RENEKER Tony,RENEKER Tony,RENEKER Tony,RENEKER Tony,RENEKER Tony,RENEKER Tony,SMITH Paul,RENEKER Tony,RENEKER Tony,RENEKER Tony
NSW_Local_Government_2021_Leeton 9 seats.csv__hit144,WESTON George,RENEKER Tony,RENEKER Tony,SMITH Paul,RENEKER Tony,RENEKER Tony,SMITH Paul,SMITH Paul,RENEKER Tony,RENEKER Tony
NSW_Local_Government_2021_Leeton 9 seats.csv__hit145,RENEKER Tony,RENEKER Tony,RENEKER Tony,RENEKER Tony,RENEKER Tony,RENEKER Tony,SMITH Paul,RENEKER Tony,RENEKER Tony,RENEKER Tony
NSW_Local_Government_2021_Leeton 9 seats.csv__hit146,RENEKER Tony,RENEKER Tony,RENEKER Tony,SMITH Paul,RENEKER Tony,SMITH Paul,SMITH Paul,RENEKER Tony,RENEKER Tony,RENEKER Tony
NSW_Local_Government_2021_Leeton 9 seats.csv__hit147,SMITH Paul,SMITH Paul,SMITH Paul,WESTON George,SMITH Paul,SMITH Paul,SMITH Paul,SMITH Paul,SMITH Paul,SMITH Paul
NSW_Local_Government_2021_Leeton 9 seats.csv__hit148,RENEKER Tony,RENEKER Tony,RENEKER Tony,SMITH Paul,RENEKER Tony,RENEKER Tony,SMITH Paul,WESTON George,RENEKER Tony,RENEKER Tony
NSW_Local_Government_2021_Leeton 9 seats.csv__hit149,RENEKER Tony,RENEKER Tony,RENEKER Tony,RENEKER Tony,RENEKER Tony,RENEKER Tony,SMITH Paul,RENEKER Tony,SMITH Paul,RENEKER Tony
NSW_Local_Government_2021_Leeton 9 seats.csv__hit150,RENEKER Tony,RENEKER Tony,RENEKER Tony,RENEKER Tony,RENEKER Tony,RENEKER Tony,SMITH Paul,SMITH Paul,RENEKER Tony,RENEKER Tony
NSW_Local_Government_2021_Leeton 9 seats.csv__hit151,RENEKER Tony,RENEKER Tony,RENEKER Tony,RENEKER Tony,RENEKER Tony,RENEKER Tony,RENEKER Tony,SMITH Paul,RENEKER Tony,RENEKER Tony
NSW_Local_Government_2021_Leeton 9 seats.csv__hit152,RENEKER Tony,RENEKER Tony,RENEKER Tony,RENEKER Tony,RENEKER Tony,RENEKER Tony,SMITH Paul,RENEKER Tony,RENEKER Tony,RENEKER Tony
NSW_Local_Government_2021_Leeton 9 seats.csv__hit153,RENEKER Tony,RENEKER Tony,RENEKER Tony,RENEKER Tony,RENEKER Tony,RENEKER Tony,RENEKER Tony,RENEKER Tony,SMITH Paul,RENEKER Tony
NSW_Local_Government_2021_Leeton 9 seats.csv__hit154,RENEKER Tony,RENEKER Tony,RENEKER Tony,RENEKER Tony,RENEKER Tony,RENEKER Tony,SMITH Paul,RENEKER Tony,RENEKER Tony,RENEKER Tony
NSW_Local_Government_2021_Leeton 9 seats.csv__hit155,RENEKER Tony,RENEKER Tony,RENEKER Tony,RENEKER Tony,RENEKER Tony,RENEKER Tony,RENEKER Tony,RENEKER Tony,RENEKER Tony,RENEKER Tony
NSW_Local_Government_2021_Leeton 9 seats.csv__hit156,RENEKER Tony,RENEKER Tony,RENEKER Tony,RENEKER Tony,RENEKER Tony,RENEKER Tony,SMITH Paul,RENEKER Tony,RENEKER Tony,RENEKER Tony
NSW_Local_Government_2021_Leeton 9 seats.csv__hit157,RENEKER Tony,RENEKER Tony,RENEKER Tony,RENEKER Tony,RENEKER Tony,RENEKER Tony,SMITH Paul,RENEKER Tony,RENEKER Tony,RENEKER Tony
NSW_Local_Government_2021_Leeton 9 seats.csv__hit158,RENEKER Tony,RENEKER Tony,RENEKER Tony,RENEKER Tony,RENEKER Tony,RENEKER Tony,SMITH Paul,RENEKER Tony,RENEKER Tony,RENEKER Tony
NSW_Local_Government_2021_Leeton 9 seats.csv__hit159,RENEKER Tony,RENEKER Tony,RENEKER Tony,SMITH Paul,RENEKER Tony,RENEKER Tony,SMITH Paul,SMITH Paul,RENEKER Tony,RENEKER Tony
NSW_Local_Government_2021_Leeton 9 seats.csv__hit160,RENEKER Tony,RENEKER Tony,RENEKER Tony,RENEKER Tony,RENEKER Tony,SMITH Paul,SMITH Paul,RENEKER Tony,RENEKER Tony,RENEKER Tony
NSW_Local_Government_2021_Leeton 9 seats.csv__hit161,RENEKER Tony,RENEKER Tony,RENEKER Tony,RENEKER Tony,RENEKER Tony,RENEKER Tony,SMITH Paul,RENEKER Tony,WESTON George,RENEKER Tony
NSW_Local_Government_2021_Leeton 9 seats.csv__hit162,RENEKER Tony,RENEKER Tony,RENEKER Tony,RENEKER Tony,RENEKER Tony,RENEKER Tony,SMITH Paul,RENEKER Tony,RENEKER Tony,RENEKER Tony
NSW_Local_Government_2021_Leeton 9 seats.csv__hit163,RENEKER Tony,RENEKER Tony,RENEKER Tony,SMITH Paul,RENEKER Tony,SMITH Paul,SMITH Paul,RENEKER Tony,RENEKER Tony,RENEKER Tony
NSW_Local_Government_2021_Leeton 9 seats.csv__hit164,RENEKER Tony,RENEKER Tony,RENEKER Tony,RENEKER Tony,RENEKER Tony,SMITH Paul,SMITH Paul,RENEKER Tony,RENEKER Tony,RENEKER Tony
NSW_Local_Government_2021_Leeton 9 seats.csv__hit165,RENEKER Tony,WESTON George,RENEKER Tony,RENEKER Tony,RENEKER Tony,SMITH Paul,SMITH Paul,RENEKER Tony,RENEKER Tony,RENEKER Tony
NSW_Local_Government_2021_Leeton 9 seats.csv__hit166,RENEKER Tony,RENEKER Tony,SMITH Paul,SMITH Paul,RENEKER Tony,RENEKER Tony,SMITH Paul,RENEKER Tony,RENEKER Tony,RENEKER Tony
NSW_Local_Government_2021_Leeton 9 seats.csv__hit167,RENEKER Tony,RENEKER Tony,SMITH Paul,SMITH Paul,RENEKER Tony,RENEKER Tony,SMITH Paul,RENEKER Tony,RENEKER Tony,RENEKER Tony
NSW_Local_Government_2021_Leeton 9 seats.csv__hit168,RENEKER Tony,RENEKER Tony,RENEKER Tony,SMITH Paul,RENEKER Tony,SMITH Paul,SMITH Paul,SMITH Paul,RENEKER Tony,RENEKER Tony
NSW_Local_Government_2021_Leeton 9 seats.csv__hit169,RENEKER Tony,RENEKER Tony,RENEKER Tony,SMITH Paul,RENEKER Tony,RENEKER Tony,SMITH Paul,SMITH Paul,RENEKER Tony,RENEKER Tony
NSW_Local_Government_2021_Leeton 9 seats.csv__hit170,RENEKER Tony,RENEKER Tony,RENEKER Tony,SMITH Paul,RENEKER Tony,RENEKER Tony,SMITH Paul,SMITH Paul,RENEKER Tony,RENEKER Tony
NSW_Local_Government_2021_Leeton 9 seats.csv__hit171,RENEKER Tony,RENEKER Tony,RENEKER Tony,SMITH Paul,RENEKER Tony,RENEKER Tony,SMITH Paul,RENEKER Tony,RENEKER Tony,RENEKER Tony
NSW_Local_Government_2021_Leeton 9 seats.csv__hit172,RENEKER Tony,RENEKER Tony,RENEKER Tony,RENEKER Tony,RENEKER Tony,SMITH Paul,SMITH Paul,RENEKER Tony,RENEKER Tony,RENEKER Tony
NSW_Local_Government_2021_Leeton 9 seats.csv__hit173,RENEKER Tony,RENEKER Tony,RENEKER Tony,RENEKER Tony,RENEKER Tony,RENEKER Tony,SMITH Paul,RENEKER Tony,RENEKER Tony,RENEKER Tony
NSW_Local_Government_2021_Leeton 9 seats.csv__hit174,RENEKER Tony,RENEKER Tony,RENEKER Tony,RENEKER Tony,RENEKER Tony,RENEKER Tony,SMITH Paul,RENEKER Tony,RENEKER Tony,RENEKER Tony
NSW_Local_Government_2021_Leeton 9 seats.csv__hit175,RENEKER Tony,RENEKER Tony,RENEKER Tony,RENEKER Tony,RENEKER Tony,RENEKER Tony,SMITH Paul,RENEKER Tony,RENEKER Tony,RENEKER Tony
NSW_Local_Government_2021_Leeton 9 seats.csv__hit176,WESTON George,RENEKER Tony,RENEKER Tony,RENEKER Tony,RENEKER Tony,SMITH Paul,RENEKER Tony,RENEKER Tony,RENEKER Tony,RENEKER Tony
NSW_Local_Government_2021_Leeton 9 seats.csv__hit177,RENEKER Tony,RENEKER Tony,SMITH Paul,RENEKER Tony,RENEKER Tony,SMITH Paul,SMITH Paul,SMITH Paul,RENEKER Tony,RENEKER Tony
NSW_Local_Government_2021_Leeton 9 seats.csv__hit178,RENEKER Tony,WESTON George,RENEKER Tony,RENEKER Tony,RENEKER Tony,RENEKER Tony,SMITH Paul,RENEKER Tony,RENEKER Tony,RENEKER Tony
NSW_Local_Government_2021_Leeton 9 seats.csv__hit179,RENEKER Tony,RENEKER Tony,RENEKER Tony,RENEKER Tony,RENEKER Tony,SMITH Paul,SMITH Paul,RENEKER Tony,SMITH Paul,RENEKER Tony
NSW_Local_Government_2021_Leeton 9 seats.csv__hit180,RENEKER Tony,RENEKER Tony,RENEKER Tony,SMITH Paul,RENEKER Tony,RENEKER Tony,SMITH Paul,RENEKER Tony,RENEKER Tony,RENEKER Tony
NSW_Local_Government_2021_Leeton 9 seats.csv__hit181,RENEKER Tony,RENEKER Tony,RENEKER Tony,SMITH Paul,RENEKER Tony,SMITH Paul,SMITH Paul,RENEKER Tony,RENEKER Tony,RENEKER Tony
NSW_Local_Government_2021_Leeton 9 seats.csv__hit182,SMITH Paul,SMITH Paul,SMITH Paul,SMITH Paul,SMITH Paul,SMITH Paul,SMITH Paul,RENEKER Tony,SMITH Paul,SMITH Paul
NSW_Local_Government_2021_Leeton 9 seats.csv__hit183,RENEKER Tony,RENEKER Tony,RENEKER Tony,SMITH Paul,RENEKER Tony,RENEKER Tony,SMITH Paul,RENEKER Tony,RENEKER Tony,RENEKER Tony
NSW_Local_Government_2021_Leeton 9 seats.csv__hit184,RENEKER Tony,RENEKER Tony,RENEKER Tony,SMITH Paul,RENEKER Tony,RENEKER Tony,SMITH Paul,RENEKER Tony,RENEKER Tony,RENEKER Tony
NSW_Local_Government_2021_Leeton 9 seats.csv__hit185,RENEKER Tony,RENEKER Tony,RENEKER Tony,SMITH Paul,RENEKER Tony,RENEKER Tony,RENEKER Tony,WESTON George,RENEKER Tony,RENEKER Tony
NSW_Local_Government_2021_Leeton 9 seats.csv__hit186,RENEKER Tony,RENEKER Tony,RENEKER Tony,RENEKER Tony,RENEKER Tony,RENEKER Tony,SMITH Paul,SMITH Paul,RENEKER Tony,RENEKER Tony
NSW_Local_Government_2021_Leeton 9 seats.csv__hit187,RENEKER Tony,RENEKER Tony,RENEKER Tony,SMITH Paul,RENEKER Tony,RENEKER Tony,SMITH Paul,RENEKER Tony,RENEKER Tony,RENEKER Tony
NSW_Local_Government_2021_Leeton 9 seats.csv__hit188,RENEKER Tony,RENEKER Tony,RENEKER Tony,RENEKER Tony,RENEKER Tony,RENEKER Tony,RENEKER Tony,RENEKER Tony,RENEKER Tony,RENEKER Tony
NSW_Local_Government_2021_Leeton 9 seats.csv__hit189,RENEKER Tony,RENEKER Tony,RENEKER Tony,RENEKER Tony,RENEKER Tony,RENEKER Tony,SMITH Paul,RENEKER Tony,RENEKER Tony,RENEKER Tony
NSW_Local_Government_2021_Leeton 9 seats.csv__hit190,RENEKER Tony,RENEKER Tony,RENEKER Tony,RENEKER Tony,RENEKER Tony,RENEKER Tony,SMITH Paul,RENEKER Tony,RENEKER Tony,RENEKER Tony
NSW_Local_Government_2021_Leeton 9 seats.csv__hit191,RENEKER Tony,RENEKER Tony,RENEKER Tony,RENEKER Tony,RENEKER Tony,RENEKER Tony,SMITH Paul,RENEKER Tony,RENEKER Tony,RENEKER Tony
NSW_Local_Government_2021_Leeton 9 seats.csv__hit192,RENEKER Tony,RENEKER Tony,RENEKER Tony,RENEKER Tony,RENEKER Tony,SMITH Paul,SMITH Paul,RENEKER Tony,RENEKER Tony,RENEKER Tony
NSW_Local_Government_2021_Leeton 9 seats.csv__hit193,RENEKER Tony,RENEKER Tony,RENEKER Tony,SMITH Paul,RENEKER Tony,SMITH Paul,SMITH Paul,RENEKER Tony,RENEKER Tony,RENEKER Tony
NSW_Local_Government_2021_Leeton 9 seats.csv__hit194,SMITH Paul,SMITH Paul,SMITH Paul,RENEKER Tony,RENEKER Tony,RENEKER Tony,RENEKER Tony,SMITH Paul,SMITH Paul,SMITH Paul
NSW_Local_Government_2021_Leeton 9 seats.csv__hit195,RENEKER Tony,RENEKER Tony,RENEKER Tony,SMITH Paul,RENEKER Tony,SMITH Paul,SMITH Paul,RENEKER Tony,RENEKER Tony,RENEKER Tony
NSW_Local_Government_2021_Leeton 9 seats.csv__hit196,RENEKER Tony,RENEKER Tony,RENEKER Tony,RENEKER Tony,RENEKER Tony,RENEKER Tony,SMITH Paul,RENEKER Tony,RENEKER Tony,RENEKER Tony
NSW_Local_Government_2021_Leeton 9 seats.csv__hit197,RENEKER Tony,SMITH Paul,RENEKER Tony,SMITH Paul,RENEKER Tony,RENEKER Tony,RENEKER Tony,RENEKER Tony,RENEKER Tony,RENEKER Tony
NSW_Local_Government_2021_Leeton 9 seats.csv__hit198,RENEKER Tony,RENEKER Tony,RENEKER Tony,RENEKER Tony,RENEKER Tony,RENEKER Tony,SMITH Paul,RENEKER Tony,RENEKER Tony,RENEKER Tony
NSW_Local_Government_2021_Leeton 9 seats.csv__hit199,RENEKER Tony,RENEKER Tony,RENEKER Tony,SMITH Paul,RENEKER Tony,RENEKER Tony,SMITH Paul,RENEKER Tony,RENEKER Tony,RENEKER Tony
NSW_Local_Government_2017_Dungog_-_B_Ward 3 seats.csv__hit0,RILEY Greg (UG),RILEY Greg (UG),RILEY Greg (UG),RAYWARD Digby (UG),RAYWARD Digby (UG),RAYWARD Digby (UG),RAYWARD Digby (UG),RAYWARD Digby (UG),RAYWARD Digby (UG),RAYWARD Digby (UG)
NSW_Local_Government_2017_Dungog_-_B_Ward 3 seats.csv__hit1,RILEY Greg (UG),RILEY Greg (UG),RILEY Greg (UG),RILEY Greg (UG),RAYWARD Digby (UG),RILEY Greg (UG),RILEY Greg (UG),RILEY Greg (UG),RILEY Greg (UG),RILEY Greg (UG)
NSW_Local_Government_2017_Dungog_-_B_Ward 3 seats.csv__hit2,RAYWARD Digby (UG),RILEY Greg (UG),RILEY Greg (UG),RILEY Greg (UG),RAYWARD Digby (UG),RAYWARD Digby (UG),RAYWARD Digby (UG),RAYWARD Digby (UG),RAYWARD Digby (UG),RAYWARD Digby (UG)
