file,first_flip_percent,method
Ward21NorthEast_glasgow17-021.csv,0.0,AVG
COWALWARD_argyll-bute12-06.csv,0.1,AVG
DingwallandSeaforthWard_highland12-09,0.1,AVG
Dunoon_argyll-bute17-07.csv,0.1,AVG
KirkwallEastWard_orkney17-01,0.1,AVG
KirkwallEast_orkney12-01,0.1,AVG
KirkwallWestandOrphir_orkney12-02,0.1,AVG
LerwickSouth_shetland12-07,0.1,AVG
NorthIslesWard_orkney17-06,0.1,AVG
OBANNORTHANDLORNWARD_argyll-bute12-05.csv,0.1,AVG
ObanNorthandLorn_argyll-bute17-05.csv,0.1,AVG
SgireAnRubha_eilean-siar12-05.csv,0.1,AVG
ShetlandWest_shetland12-03,0.1,AVG
StAndrewsWard_fife12-19.csv,0.1,AVG
SteornabhaghaTuath_eilean-siar12-07.csv,0.1,AVG
Ward12-LeithWalk_edinburgh17-12.csv,0.1,AVG
Ward2-KirkwallWestandOrphirWard_ward2,0.1,AVG
Ward2UibhistaDeasEirisgeighagusBeinnnaFaoghla_ward02_preferenceprofile.csv,0.1,AVG
Ward3-FraserburghandDistrict_aberdeenshire17-03.csv,0.1,AVG
Ward3-WickandEastCaithness_highland17-03,0.1,AVG
Ward6-CromartyFirth_Highland 2023 by-election Ward 6,0.1,AVG
Ward6-CromartyFirth_highland17-06,0.1,AVG
Ward6-LerwickSouth_ward-6-lerwick-south-preference-profile,0.1,AVG
Ward9-BurntislandKinghornWesternKirkcaldy_fife17-09.csv,0.1,AVG
Ward9SteornabhaghaTuath_ward09_preferenceprofile.csv,0.1,AVG
WestMainland_orkney12-04,0.1,AVG
Andersonward_anderston.csv,0.2,AVG
BarraighBhatarsaighEirisgeighAgusUibhistADeas_eilean-siar12-01.csv,0.2,AVG
BarraighBhatarsaighEirisgeighagusUibhistaDeas_eilean-siar17-01.csv,0.2,AVG
BeinnnaFoghlaagusUibhistaTuath_eilean-siar17-02.csv,0.2,AVG
BlackIsleWard_highland12-10,0.2,AVG
BlackIsle_PreferenceProfile_V0001_Black_Isle_06052022_161539,0.2,AVG
ClarkstonNetherleeandWilliamwood_e-renfs17-4.csv,0.2,AVG
CromartyFirthWard_highland12-07,0.2,AVG
CromartyFirth_PreferenceProfile_V0001_Cromarty_Firth_06052022_161538,0.2,AVG
CullodenandArdersierWard_highland12-18,0.2,AVG
Eileana_Cheo_PreferenceProfile_V0001_Eilean_a__Che___06052022_161539,0.2,AVG
FortWilliamandArdnamurchanWard_highland12-22,0.2,AVG
Kinross-shire_perth-kinross12-08,0.2,AVG
Nith_dumgal17-09.csv,0.2,AVG
NorthWestandCentralSutherlandWard_highland12-01,0.2,AVG
ObanSouthandtheIsles_argyll-bute17-04.csv,0.2,AVG
ShetlandNorth_shetland12-02,0.2,AVG
StonehavenandLowerDeesideWard_aberdeenshire12-18.csv,0.2,AVG
Ward1-NorthWestandCentralSutherland_highland17-01,0.2,AVG
Ward10SteornabhaghaDeas_ward10_preferenceprofile.csv,0.2,AVG
Ward18-StAndrews_fife17-18.csv,0.2,AVG
Ward19-Mearns_preferenceprofile_v0001_ward-19-mearns_06052022_172124.csv,0.2,AVG
Ward1Linn_glasgow17-001.csv,0.2,AVG
Ward3-ShetlandWest_ward-3-shetland-west-preference-profile,0.2,AVG
Ward4-ObanSouthandtheIsles_ward4.csv,0.2,AVG
Ward5-WesterRossStrathpefferandLochalsh_highland17-05,0.2,AVG
7.JohnstoneSouthElderslieHowwoodWard_renfs12-07,0.3,AVG
AnTaobhSiaragusNis_eilean-siar12-09.csv,0.3,AVG
AnTaobhSiaragusNis_eilean-siar17-09.csv,0.3,AVG
AnnandaleEastandEskdaleWard_dumgal12-13.csv,0.3,AVG
AnnandaleNorthWard_dumgal12-12.csv,0.3,AVG
ArbroathEastandLunan_angus17-07.csv,0.3,AVG
ArbroathWestandLetham_angus12-06.csv,0.3,AVG
BadenochandStrathspey_PreferenceProfile_V0001_Badenoch_and_Strathspey_06052022_161540,0.3,AVG
BeinnNaFoghlaAgusUibhistATuath_eilean-siar12-02.csv,0.3,AVG
BridgeofDonWard_aberdeen17-02.csv,0.3,AVG
CastleWard_stirling12-04,0.3,AVG
Coldside_dundee17-04.csv,0.3,AVG
DalryandWestKilbride_n-ayrshire17-06,0.3,AVG
DeeandGlenkens_dumgal17-03.csv,0.3,AVG
EastMainlandSouthRonaldsayandBurray_orkney12-05,0.3,AVG
FraserburghandDistrictWard_aberdeenshire12-03.csv,0.3,AVG
GalashielsandDistrictWard_sc-borders12-03,0.3,AVG
GeorgeStHarbourWard_aberdeen17-08.csv,0.3,AVG
Greaterpollok_greater pollok,0.3,AVG
InvernessCentral_PreferenceProfile_V0001_Inverness_Central_06052022_161539,0.3,AVG
InvernessNess-sideWard_highland12-16,0.3,AVG
InvernessSouthWard_highland12-20,0.3,AVG
InvernessWestWard_highland12-14,0.3,AVG
InvernessWest_PreferenceProfile_V0001_Inverness_West_06052022_161539,0.3,AVG
InverurieandDistrictWard_aberdeenshire12-11.csv,0.3,AVG
JedburghandDistrictWard_sc-borders12-09,0.3,AVG
KelsoDistrictWard_sc-borders12-08,0.3,AVG
KirkwallWestandOrphirWard_orkney17-02,0.3,AVG
LOMONDNORTHWARD_argyll-bute12-09.csv,0.3,AVG
Langside_langside,0.3,AVG
LeithWalkWard_edinburgh12-12.csv,0.3,AVG
LenzieandKirkintillochSouth_e-duns17-06.csv,0.3,AVG
LerwickNorth_shetland12-06,0.3,AVG
Maryhill_maryhill,0.3,AVG
MidlothianWes0_midlothian12-04_cleaned,0.3,AVG
MidlothianWest_midlothian17-04,0.3,AVG
MidstocketRosemountWard_aberdeen17-07.csv,0.3,AVG
Musselburgh_e-lothian17-01.csv,0.3,AVG
NaHearadhagusCeannaDeasnanLoch_eilean-siar17-03.csv,0.3,AVG
NairnWard_highland12-19,0.3,AVG
NeilstonUplawmoorandNewtonMearnsNorthWard_e-renfs12-01.csv,0.3,AVG
Newlands_newlands,0.3,AVG
OBANSOUTHANDTHEISLESWARD_argyll-bute12-04.csv,0.3,AVG
PerthCitySouth_perth-kinross12-10,0.3,AVG
Pollokshields_pollokshields,0.3,AVG
Sgir_UigeAgusCeannATuathNanLoch_eilean-siar12-04.csv,0.3,AVG
ShetlandCentral_shetland12-04,0.3,AVG
SouthsideCentral_southsidecentral,0.3,AVG
SteornabhaghaDeas_eilean-siar17-06.csv,0.3,AVG
Stevenston_n-ayrshire17-04,0.3,AVG
Tillydrone-Seaton-OldAberdeenWard_Ward6.csv,0.3,AVG
TillydroneSeatonOldAberdeenWard_aberdeen17-06.csv,0.3,AVG
Torry-FerryhillWard_Ward12.csv,0.3,AVG
TorryFerryhillWard_aberdeen17-12.csv,0.3,AVG
Ward05-ArdrossanandArran_n-ayrshire12-05,0.3,AVG
Ward07-IrvineWest_Preference-Profile-Irvine-West_copy,0.3,AVG
Ward1-BanffandDistrict_ward1.csv,0.3,AVG
Ward10-WestGarioch_preferenceprofile_v0001_ward-10-west-garioch_06052022_172124.csv,0.3,AVG
Ward10Anderston-City-Yorkhill_Ward10,0.3,AVG
Ward10AnderstonCityYorkhill_glasgow17-010.csv,0.3,AVG
Ward11-KirkcaldyCentral_fife17-11.csv,0.3,AVG
Ward11Hillhead_glasgow12-11.csv,0.3,AVG
Ward12-ErskineandInchinnan_renfs17-12,0.3,AVG
Ward12-KirkcaldyEast_fife17-12.csv,0.3,AVG
Ward12-PerthCityCentre_Ward12,0.3,AVG
Ward12-Torry-Ferryhill_aberdeen12-12.csv,0.3,AVG
Ward13GarscaddenScotstounhill_glasgow17-013.csv,0.3,AVG
Ward14-InvernessCentral_highland17-14,0.3,AVG
Ward14DrumchapelAnniesland_glasgow17-014.csv,0.3,AVG
Ward15-GlenrothesCentralThornton_fife17-15.csv,0.3,AVG
Ward16Canal_Ward16,0.3,AVG
Ward16Canal_glasgow17-016.csv,0.3,AVG
Ward17-CullodenandArdersier_highland17-17,0.3,AVG
Ward17-NorthKincardine_preferenceprofile_v0001_ward-17-north-kincardine_06052022_172124.csv,0.3,AVG
Ward18-StonehavenandLowerDeeside_preferenceprofile_v0001_ward-18-stonehaven-and-lower-deeside_06052022_172124.csv,0.3,AVG
Ward19-InvernessSouth_Highland 2024 by-election Ward 19,0.3,AVG
Ward19-InvernessSouth_highland17-19,0.3,AVG
Ward1ClackmannanshireWest_clacks17-001.csv,0.3,AVG
Ward1Linn_Ward1,0.3,AVG
Ward2-BridgeofDon_aberdeen12-02.csv,0.3,AVG
Ward2-BroxburnUphallandWinchburgh_w-lothian17-02,0.3,AVG
Ward2-ThursoandNorthwestCaithness_highland17-02,0.3,AVG
Ward20-BadenochandStrathspey_highland17-20,0.3,AVG
Ward20-Murdostoun_n-lanarks17-020,0.3,AVG
Ward2ClackmannanshireNorth_clacks17-002.csv,0.3,AVG
Ward2ClackmannanshireNorth_ward2.csv,0.3,AVG
Ward3-DennyandBanknock_falkirk17-03.csv,0.3,AVG
Ward3-DunfermlineCentral_fife17-03.csv,0.3,AVG
Ward3-GalashielsDistrict_sc borders2022ward 3,0.3,AVG
Ward3-GalashielsandDistrict_sc-borders17-03,0.3,AVG
Ward3-Mid-Argyll_ward3.csv,0.3,AVG
Ward3-PaisleyNortheastandRalston_renfs17-03,0.3,AVG
Ward3-ShetlandWest_shetland17-03,0.3,AVG
Ward3-StromnessandSouthIslesWard_ward3,0.3,AVG
Ward4-CastleDouglasandCrocketford_ward4.csv,0.3,AVG
Ward4-CentralBuchan_preferenceprofile_v0001_ward-4-central-buchan_06052022_172124.csv,0.3,AVG
Ward4-DunfermlineSouth_PreferenceProfile_V0001_Ward-4-Dunfermline-South_06052022_151924.csv,0.3,AVG
Ward4-EastSutherlandandEdderton_highland17-04,0.3,AVG
Ward4-Forth_edinburgh17-04.csv,0.3,AVG
Ward4-InverclydeNorth_PreferenceProfile_Ward-4,0.3,AVG
Ward4-PaisleyNorthwest_Preference_profile_for_Ward_4_Paisley_Northwest_copy,0.3,AVG
Ward4-PaisleyNorthwest_renfs17-04,0.3,AVG
Ward4-Selkirkshire_sc-borders17-04,0.3,AVG
Ward4Cardonald_glasgow17-004.csv,0.3,AVG
Ward4ClarkstonNetherleeandWilliamwood_ward4_copy.csv,0.3,AVG
Ward5-EastLivingstonandEastCalder_west lothian2022ward 5,0.3,AVG
Ward5-ObanNorthandLorn_ward5.csv,0.3,AVG
Ward5-PeterheadNorthandRattray_preferenceprofile_v0001_ward-5-peterhead-north-and-rattray_06052022_172118.csv,0.3,AVG
Ward5-Rosyth_fife17-05.csv,0.3,AVG
Ward5Govan_glasgow17-005.csv,0.3,AVG
Ward6-ArbroathWestLethamandFriockheim_ward6.csv,0.3,AVG
Ward6-PaisleySoutheast_Preference_profile_for_Ward_6_Paisley_Southeast_copy,0.3,AVG
Ward6-PaisleySoutheast_renfs17-06,0.3,AVG
Ward7-CoatbridgeNorth_n-lanarks17-007,0.3,AVG
Ward7AnTaobhSiaragusNis_ward07_preferenceprofile.csv,0.3,AVG
Ward8-GeorgeStreet-Harbour_aberdeen12-08.csv,0.3,AVG
Ward8-IsleofBute_ward8.csv,0.3,AVG
Ward8-Kinross-shire_perth-kinross17-08,0.3,AVG
Ward8-MontroseandDistrict_ward8.csv,0.3,AVG
Ward8SouthsideCentral_glasgow17-008.csv,0.3,AVG
Ward9-DoonValley_East Ayrshire by-election 2024 Ward 9,0.3,AVG
Ward9-JohnstoneNorthKilbarchanHowwoodandLochwinnoch_renfs17-09,0.3,AVG
Ward9-LomondNorth_ward9.csv,0.3,AVG
Ward9-UpperBraes_ward9.csv,0.3,AVG
Ward9Calton_Ward9,0.3,AVG
WestEnd_dundee17-03.csv,0.3,AVG
WestMainlandWard_orkney17-04,0.3,AVG
11.ErskineInchinnanWard_renfs12-11,0.4,AVG
4.PaisleyNorthWestWard_renfs12-04,0.4,AVG
5.PaisleySouthWard_renfs12-05,0.4,AVG
Abbey_dumgal17-05.csv,0.4,AVG
AirdandLochNessWard_highland12-13,0.4,AVG
AirdandLochNess_PreferenceProfile_V0001_Aird_and_Loch_Ness_06052022_161539,0.4,AVG
AlmondWard_edinburgh12-01.csv,0.4,AVG
AnnandaleSouthWard_dumgal12-11.csv,0.4,AVG
AnnandaleSouth_dumgal17-10.csv,0.4,AVG
Annick_e-ayrshire17-01.csv,0.4,AVG
ArdrossanandArran_n-ayrshire17-05,0.4,AVG
BadenochandStrathspeyWard_highland12-21,0.4,AVG
Bailliestonward_baillieston.csv,0.4,AVG
Ballochmyle_e-ayrshire17-07.csv,0.4,AVG
Bannockburn_stirling17-07,0.4,AVG
BarrheadLibosideandUplawmoor_e-renfs17-1.csv,0.4,AVG
BarrheadWard_e-renfs12-02.csv,0.4,AVG
Bathgate_w-lothian12-08,0.4,AVG
BearsdenNorth_e-duns12-02.csv,0.4,AVG
BishopbriggsNorthandCampsie_e-duns17-04.csv,0.4,AVG
Bonnyrig0_midlothian12-02_cleaned,0.4,AVG
BrechinandEdzell_angus17-02.csv,0.4,AVG
BridgeofDonWard_Ward2.csv,0.4,AVG
BuckhavenMethilAndWemyssVillagesWard_fife12-23.csv,0.4,AVG
BurntislandKinghornAndWesternKirkcaldyWard_fife12-10.csv,0.4,AVG
Caltonward_calton.csv,0.4,AVG
CaolandMallaigWard_highland12-12,0.4,AVG
CarnoustieandDistrict_angus17-05.csv,0.4,AVG
CastleDouglasandGlenkensWard_dumgal12-05.csv,0.4,AVG
CentralBuchanWard_aberdeenshire12-04.csv,0.4,AVG
ClackmannanshireNorth_clacks12-02.csv,0.4,AVG
ClackmannanshireWest_clacks12-01.csv,0.4,AVG
ClydebankWaterfrontWard_w-duns12-06,0.4,AVG
ClydebankWaterfront_w-duns17-06,0.4,AVG
ColdsideWard_dundee12-04.csv,0.4,AVG
Craigentinny_DuddingstonWard_edinburgh12-14.csv,0.4,AVG
CullodenandArdersier_PreferenceProfile_V0001_Culloden_and_Ardersier_06052022_161539,0.4,AVG
CumnockandNewCumnock_e-ayrshire17-08.csv,0.4,AVG
DUNOONWARD_argyll-bute12-07.csv,0.4,AVG
Dalkeit0_midlothian12-03_cleaned,0.4,AVG
Dalkeith_midlothian17-03,0.4,AVG
DeeWard_dumgal12-04.csv,0.4,AVG
DennyandBanknock_falkirk12-03.csv,0.4,AVG
DingwallandSeaforth_PreferenceProfile_V0001_Dingwall_and_Seaforth_06052022_161539,0.4,AVG
DoonValley_e-ayrshire17-09.csv,0.4,AVG
DrumBrae_GyleWard_edinburgh12-03.csv,0.4,AVG
DumbartonWard_w-duns12-03,0.4,AVG
DunfermlineCentralWard_fife12-03.csv,0.4,AVG
DunfermlineSouthWard_fife12-04.csv,0.4,AVG
Dyce-Bucksburn-DanestoneWard_Ward1.csv,0.4,AVG
DyceBucksburnDanestoneWard_Aberdeen_2023_by_election_Dyce_Bucksburn_Danestone,0.4,AVG
DyceBucksburnDanestoneWard_aberdeen17-01.csv,0.4,AVG
EastBerwickshireWard_sc-borders12-07,0.4,AVG
EastEnd_dundee17-07.csv,0.4,AVG
EastGariochWard_aberdeenshire12-12.csv,0.4,AVG
EastSutherlandandEddertonWard_highland12-05,0.4,AVG
Eileana_CheWard_highland12-11,0.4,AVG
FalkirkSouth_falkirk12-07.csv,0.4,AVG
FochabersLhanbryde_moray17-04,0.4,AVG
ForfarandDistrict_angus12-03.csv,0.4,AVG
ForfarandDistrict_angus17-03.csv,0.4,AVG
Forres_moray17-08,0.4,AVG
ForthWard_edinburgh12-04.csv,0.4,AVG
ForthandEndrickWard_stirling12-02,0.4,AVG
GeorgeSt-HarbourWard_Ward8.csv,0.4,AVG
GiffnockandThornliebank_e-renfs17-3.csv,0.4,AVG
GlenrothesCentralAndThorntonWard_fife12-16.csv,0.4,AVG
GlenrothesNorthLeslieAndMarkinchWard_fife12-15.csv,0.4,AVG
GlenrothesWestAndKinglassieWard_fife12-14.csv,0.4,AVG
Grangemouth_falkirk12-02.csv,0.4,AVG
HELENSBURGHCENTRALWARD_argyll-bute12-10.csv,0.4,AVG
HaddingtonandLammermuir_e-lothian17-05.csv,0.4,AVG
HawickandDenholmWard_sc-borders12-10,0.4,AVG
HawickandHermitageWard_sc-borders12-11,0.4,AVG
HeldonandLaichWard_moray12-05,0.4,AVG
HeldonandLaich_moray17-05,0.4,AVG
HelensburghandLomondSouth_argyll-bute17-11.csv,0.4,AVG
Highland_perth-kinross12-04,0.4,AVG
Hilton-Woodside-StockethillWard_Ward5.csv,0.4,AVG
HiltonWoodsideStockethillWard_aberdeen17-05.csv,0.4,AVG
HoweOfFifeAndTayCoastWard_fife12-17.csv,0.4,AVG
HuntlyStrathbogieandHoweofAlfordWard_aberdeenshire12-14.csv,0.4,AVG
ISLEOFBUTEWARD_argyll-bute12-08.csv,0.4,AVG
InverclydeNorth_inverclyde17-04,0.4,AVG
InverclydeSouthWest_inverclyde17-06,0.4,AVG
InverclydeSouth_inverclyde17-07,0.4,AVG
InverkeithingAndDalgetyBayWard_fife12-06.csv,0.4,AVG
InvernessCentralWard_highland12-15,0.4,AVG
InvernessNess-side_PreferenceProfile_V0001_Inverness_Ness_side_06052022_161539,0.4,AVG
InvernessSouth_PreferenceProfile_V0001_Inverness_South_06052022_161540,0.4,AVG
IrvineSouth_n-ayrshire17-10,0.4,AVG
IrvineValley_e-ayrshire17-06.csv,0.4,AVG
IrvineWest_n-ayrshire17-01,0.4,AVG
IsleofBute_argyll-bute17-08.csv,0.4,AVG
KINTYREANDTHEISLANDSWARD_argyll-bute12-02.csv,0.4,AVG
KilbirnieandBeith_n-ayrshire17-07,0.4,AVG
Kincorth-Nigg-CoveWard_Ward13.csv,0.4,AVG
KincorthNiggCoveWard_aberdeen17-13.csv,0.4,AVG
KintyreandtheIslands_argyll-bute17-02.csv,0.4,AVG
KirkintillochEastandNorthandTwechar_e-duns17-07.csv,0.4,AVG
KirkintillochEastandTwechar_e-duns12-08.csv,0.4,AVG
LandwardCaithnessWard_highland12-04,0.4,AVG
LeithWalkWard_edinburgh by-election 2015 Leith Walk,0.4,AVG
LeithWard_edinburgh12-13.csv,0.4,AVG
LevenKennowayAndLargoWard_fife12-22.csv,0.4,AVG
LevenWard_w-duns12-02,0.4,AVG
Leven_w-duns17-02,0.4,AVG
Liberton_GilmertonWard_edinburgh12-16.csv,0.4,AVG
LivingstonNorth_w-lothian12-03,0.4,AVG
LochaTuath_eilean-siar12-08.csv,0.4,AVG
LochaTuath_eilean-siar17-08.csv,0.4,AVG
Lochar_dumgal17-08.csv,0.4,AVG
LocheeWard_dundee12-02.csv,0.4,AVG
Lochee_dundee17-02.csv,0.4,AVG
LomondNorth_argyll-bute17-09.csv,0.4,AVG
LomondWard_w-duns12-01,0.4,AVG
Lomond_w-duns17-01,0.4,AVG
LowerDeesideWard_Ward9.csv,0.4,AVG
LowerDeesideWard_aberdeen17-09.csv,0.4,AVG
Maryfield_dundee17-05.csv,0.4,AVG
MearnsWard_aberdeenshire12-19.csv,0.4,AVG
MidArgyll_argyll-bute17-03.csv,0.4,AVG
MidFormartineWard_aberdeenshire12-08.csv,0.4,AVG
MidGallowayandWigtownWest_dumgal17-02.csv,0.4,AVG
MidlothianEas0_midlothian12-05_cleaned,0.4,AVG
MidlothianSouth_midlothian17-06,0.4,AVG
MontroseandDistrict_angus12-08.csv,0.4,AVG
MontroseandDistrict_angus17-08.csv,0.4,AVG
NairnandCawdor_PreferenceProfile_V0001_Nairn_and_Cawdor_06052022_161539,0.4,AVG
NewtonMearnsNorthandNeilston_e-renfs17-2.csv,0.4,AVG
NithWard_dumgal12-10.csv,0.4,AVG
NorthEast_dundee17-06.csv,0.4,AVG
NorthKincardineWard_aberdeenshire12-17.csv,0.4,AVG
NorthWestDumfries_dumgal17-06.csv,0.4,AVG
NorthWestandCentralSutherland_PreferenceProfile_V0001_North_West_and_Central_Sutherland_06052022_161534,0.4,AVG
Northfield-MastrickNorthWard_Ward4.csv,0.4,AVG
NorthfieldMastrickNorthWard_aberdeen17-04.csv,0.4,AVG
PentlandHillsWard_edinburgh12-02.csv,0.4,AVG
PerthCityCentre_perth-kinross12-12,0.4,AVG
PerthCityNorth_perth-kinross12-11,0.4,AVG
PeterheadNorthandRattrayWard_aberdeenshire12-05.csv,0.4,AVG
Portobello_CraigmillarWard_edinburgh12-17.csv,0.4,AVG
PrestonSetonandGosford_e-lothian17-02.csv,0.4,AVG
RosythWard_fife12-05.csv,0.4,AVG
SOUTHKINTYREWARD_argyll-bute12-01.csv,0.4,AVG
SelkirkshireWard_sc-borders12-04,0.4,AVG
SgireanRubha_eilean-siar17-05.csv,0.4,AVG
Southside_NewingtonWard_edinburgh12-15.csv,0.4,AVG
Springburn_springburn,0.4,AVG
SteornabhaghaDeas_eilean-siar12-06.csv,0.4,AVG
StirlingEast_stirling17-06,0.4,AVG
StirlingNorth_stirling17-04,0.4,AVG
StranraerandtheRhins_dumgal17-01.csv,0.4,AVG
StrathmartineWard_dundee12-01.csv,0.4,AVG
Strathmartine_dundee17-01.csv,0.4,AVG
Strathmore_perth-kinross12-02,0.4,AVG
StromnessandSouthIsles_orkney12-03,0.4,AVG
TainandEasterRossWard_highland12-08,0.4,AVG
TheFerry_dundee17-08.csv,0.4,AVG
ThursoWard_highland12-02,0.4,AVG
Torry-FerryhillWard_Aberdeen City Torry-Ferryhill Ward by election 2019,0.4,AVG
TranentWallyfordandMacmerry_e-lothian17-03.csv,0.4,AVG
TroupWard_aberdeenshire12-02.csv,0.4,AVG
TweeddaleEastWard_sc-borders12-02,0.4,AVG
TweeddaleWestWard_sc-borders12-01,0.4,AVG
Ward01-IrvineWest_n-ayrshire12-01,0.4,AVG
Ward02-IrvineEast_n-ayrshire12-02,0.4,AVG
Ward03-Ardrossan_Preference-Profile-Ardrossan_copy,0.4,AVG
Ward04-Arran_Preference-Profile-Arran_copy,0.4,AVG
Ward04-SaltcoatsandStevenston_n-ayrshire12-04,0.4,AVG
Ward05-SaltcoatsandStevenston_Preference-Profile-Saltcoats-and-Stevenston_copy,0.4,AVG
Ward06-DalryandWestKilbride_n-ayrshire12-06,0.4,AVG
Ward07-KilbirnieandBeith_n-ayrshire12-07,0.4,AVG
Ward08-IrvineEast_Preference-Profile-Irvine-East_copy,0.4,AVG
Ward09-IrvineSouth_Preference-Profile-Irvine-South_copy,0.4,AVG
Ward1-CarseofGowrie_Ward1,0.4,AVG
Ward1-ClydesdaleWest_s-lanarks12-01,0.4,AVG
Ward1-ClydesdaleWest_s-lanarks17-01,0.4,AVG
Ward1-Dyce-Bucksburn-Danestone_aberdeen12-01.csv,0.4,AVG
Ward1-Musselburgh_Ward1.csv,0.4,AVG
Ward1-RenfrewNorthandBraehead_renfs17-01,0.4,AVG
Ward1-StranraerandtheRhins_ward1.csv,0.4,AVG
Ward1-Strathmartine_Ward1.csv,0.4,AVG
Ward1-Troon_south ayrshire2022ward 1,0.4,AVG
Ward1-TrossachsandTeith_preferenceprofile_v0001_ward-1-trossachs-and-teith_06052022_124254,0.4,AVG
Ward1-TweeddaleWest_sc-borders17-01,0.4,AVG
Ward1-WestFifeCoastalVillages_PreferenceProfile_V0001_Ward-1-West-Fife-and-Coastal-Villages_06052022_145537.csv,0.4,AVG
Ward1-WestFifeCoastalVillages_fife17-01.csv,0.4,AVG
Ward10-EastKilbrideEast_s-lanarks17-10,0.4,AVG
Ward10-EastKilbrideEast_ward_10_east_kilbride_east_preference_profile,0.4,AVG
Ward10-Hazlehead-Ashley-QueensCross_aberdeen12-10.csv,0.4,AVG
Ward10-HelensburghCentral_ward10.csv,0.4,AVG
Ward10-HoustonCrossleeandLinwood_renfs17-10,0.4,AVG
Ward10-PerthCitySouth_perth-kinross17-10,0.4,AVG
Ward10Anderston-City_glasgow12-10.csv,0.4,AVG
Ward11-CaolandMallaig_highland17-11,0.4,AVG
Ward11-CoatbridgeSouth_n-lanarks17-011,0.4,AVG
Ward11-HawickHermitage_sc borders2022ward 11,0.4,AVG
Ward11-KirkcaldyCentral_PreferenceProfile_V0001_Ward-11-Kirkcaldy-Central_06052022_145551.csv,0.4,AVG
Ward11-PerthCityNorth_Perth and Kinross 2024 by-election Ward 11,0.4,AVG
Ward11-PerthCityNorth_perth-kinross17-11,0.4,AVG
Ward11AirdrieSouth_n-lanarks12-11,0.4,AVG
Ward11Hillhead_Glasgow 2023 by-election Hillhead,0.4,AVG
Ward11Hillhead_glasgow17-011.csv,0.4,AVG
Ward12-AirdandLochNess_highland17-12,0.4,AVG
Ward12-AirdrieSouth_n-lanarks17-012,0.4,AVG
Ward12-AnnandaleEastandEskdale_ward12.csv,0.4,AVG
Ward12-KirkcaldyEast_PreferenceProfile_V0001_Ward-12-Kirkcaldy-East_06052022_151925.csv,0.4,AVG
Ward12-PerthCityCentre_perth-kinross17-12,0.4,AVG
Ward13-CambuslangWest_s-lanarks17-13,0.4,AVG
Ward13-Fortissat_n-lanarks17-013,0.4,AVG
Ward13-GlenrothesWestKinglassie_fife17-13.csv,0.4,AVG
Ward13-InvernessWest_highland 2021 by-election Inverness West,0.4,AVG
Ward13-InvernessWest_highland17-13,0.4,AVG
Ward13-Kincorth-Loirston_aberdeen12-13.csv,0.4,AVG
Ward13-Leith_ward13.csv,0.4,AVG
Ward13Fortissat_North Lanarkshire 2024 by-election Ward 13,0.4,AVG
Ward13Garscadden-Scotstounhill_Ward13,0.4,AVG
Ward14-CambuslangEast_s-lanarks17-14,0.4,AVG
Ward14-CambuslangEast_ward_14_cambuslang_east_preference_profile,0.4,AVG
Ward14-Craigentinny-Duddingston_edinburgh17-14.csv,0.4,AVG
Ward14-GlenrothesNorthLeslieMarkinch_PreferenceProfile_V0001_Ward-14-Glenrothes-North-Leslie-and-Markinch_06052022_151925.csv,0.4,AVG
Ward14-GlenrothesNorthLeslieMarkinch_fife17-14.csv,0.4,AVG
Ward14-HuntlyStrathbogieandHoweofAlford_preferenceprofile_v0001_ward-14-huntly-strathbogie-and-howe-of-alford_06052022_172124.csv,0.4,AVG
Ward14-InvernessCentral_Highland 2024 by-election Ward 14,0.4,AVG
Ward14Drumchapel-Anniesland_Glasgow 2024 by-election Ward 14,0.4,AVG
Ward14Drumchapel-Anniesland_glasgow12-14.csv,0.4,AVG
Ward15-Blantyre_s-lanarks12-15,0.4,AVG
Ward15-Blantyre_s-lanarks17-15,0.4,AVG
Ward15-GlenrothesCentralThornton_PreferenceProfile_V0001_Ward-15-Glenrothes-Central-and-Thornton_06052022_145551.csv,0.4,AVG
Ward15Maryhill-Kelvin_glasgow12-15.csv,0.4,AVG
Ward15Maryhill_Glasgow 2024 by-election Ward 15,0.4,AVG
Ward15Maryhill_Ward15,0.4,AVG
Ward16-InvernessMillburn_highland17-16,0.4,AVG
Ward16-Liberton-Gilmerton_ward16.csv,0.4,AVG
Ward16Canal_glasgow12-16.csv,0.4,AVG
Ward17-HamiltonNorthandEast_s-lanarks12-17,0.4,AVG
Ward17-HamiltonNorthandEast_s-lanarks17-17,0.4,AVG
Ward17-MotherwellWest_n-lanarks17-017,0.4,AVG
Ward17-NorthKincardine_aberdeenshire17-17.csv,0.4,AVG
Ward17-Portobello-Craigmillar_ward17.csv,0.4,AVG
Ward17-TayBridgehead_PreferenceProfile_V0001_Ward-17-Tay-Bridgehead_06052022_145551.csv,0.4,AVG
Ward17Springburn-Robroyston_Ward17,0.4,AVG
Ward17SpringburnRobroyston_glasgow17-017.csv,0.4,AVG
Ward17Springburn_glasgow12-17.csv,0.4,AVG
Ward18-HamiltonWestandEarnock_s-lanarks17-18,0.4,AVG
Ward18-HamiltonWestandEarnock_ward_18_hamilton_west_and_earnock_preference_profile,0.4,AVG
Ward18-StonehavenandLowerDeeside_aberdeenshire17-18.csv,0.4,AVG
Ward18EastCentre_glasgow12-18.csv,0.4,AVG
Ward18EastCentre_glasgow17-018.csv,0.4,AVG
Ward18MotherwellSouthEastandRavenscraig_n-lanarks12-18,0.4,AVG
Ward19-EastNeukLandward_PreferenceProfile_V0001_Ward-19-East-Neuk-and-Landward_06052022_145551.csv,0.4,AVG
Ward19-Mearns_aberdeenshire17-19.csv,0.4,AVG
Ward19-MotherwellSouthEastandRavenscraig_Preference Profile Ward 19 Motherwell South East and Ravenscraig,0.4,AVG
Ward19Shettleston_Ward19,0.4,AVG
Ward19Shettleston_glasgow17-019.csv,0.4,AVG
Ward1BarrheadLibosideandUplawmoor_ward1_copy.csv,0.4,AVG
Ward1ClackmannanshireWest_ward1.csv,0.4,AVG
Ward1Linn_Glasgow 2022 Linn Ward,0.4,AVG
Ward1Linn_glasgow12-01.csv,0.4,AVG
Ward1MusselburghWest_e-lothian12-01.csv,0.4,AVG
Ward2-BroxburnUphallandWinchburgh_west lothian2022ward 2,0.4,AVG
Ward2-ClydesdaleNorth_s-lanarks17-02,0.4,AVG
Ward2-CumbernauldNorth_Preference Profile Ward 2 Cumbernauld North,0.4,AVG
Ward2-DunfermlineNorth_PreferenceProfile_V0001_Ward-2-Dunfermline-North_06052022_151927.csv,0.4,AVG
Ward2-DunfermlineNorth_fife17-02.csv,0.4,AVG
Ward2-ForthandEndrick_preferenceprofile_v0001_ward-2-forth-and-endrick_06052022_124253,0.4,AVG
Ward2-Grangemouth_ward2.csv,0.4,AVG
Ward2-KintyreandtheIslands_ward2.csv,0.4,AVG
Ward2-Leven_west dunbartonshire2022ward 2,0.4,AVG
Ward2-Lochee_Dundee 2024 by-election Lochee,0.4,AVG
Ward2-Lochee_Ward2.csv,0.4,AVG
Ward2-PentlandHills_ward2.csv,0.4,AVG
Ward2-PrestonSetonandGosford_Ward2.csv,0.4,AVG
Ward2-RenfrewSouthandGallowhill_renfs17-02,0.4,AVG
Ward2-TweeddaleEast_sc borders2022ward 2,0.4,AVG
Ward20-Cupar_PreferenceProfile_V0001_Ward-20-Cupar_06052022_151928.csv,0.4,AVG
Ward20-Larkhall_s-lanarks17-20,0.4,AVG
Ward20-Larkhall_ward_20_larkhall_preference_profile,0.4,AVG
Ward20-Murdostoun_Preference Profile Ward 20 Murdostoun,0.4,AVG
Ward20Baillieston_glasgow12-20.csv,0.4,AVG
Ward20Baillieston_glasgow17-020.csv,0.4,AVG
Ward21-FortWilliamandArdnamurchan_Highland 2021 by-election Fort William,0.4,AVG
Ward21-FortWilliamandArdnamurchan_highland17-21,0.4,AVG
Ward21-LevenKennowayLargo_PreferenceProfile_V0001_Ward-21-Leven-Kennoway-and-Largo_06052022_145552.csv,0.4,AVG
Ward21-LevenKennowayLargo_fife17-21.csv,0.4,AVG
Ward21-Wishaw_n-lanarks17-021,0.4,AVG
Ward21NorthEast_Glasgow 2024 by-election Ward 21,0.4,AVG
Ward21NorthEast_Ward21,0.4,AVG
Ward22-BuckhavenMethilWemyssVillages_PreferenceProfile_V0001_Ward-22-Buckhaven-Methil-and-Wemyss-Villages_06052022_151928.csv,0.4,AVG
Ward22-BuckhavenMethilWemyssVillages_fife17-22.csv,0.4,AVG
Ward23PartickEast-Kelvindale_Ward23,0.4,AVG
Ward23PartickEastKelvindale_glasgow17-023.csv,0.4,AVG
Ward2CumbernauldNorth_n-lanarks12-02,0.4,AVG
Ward2Newlands-Auldburn_glasgow12-02.csv,0.4,AVG
Ward3-AyrNorth_south ayrshire2022ward 3,0.4,AVG
Ward3-BearsdenSouth_ward3.csv,0.4,AVG
Ward3-BlairgowrieandGlens_Ward3,0.4,AVG
Ward3-ClydesdaleEast_s-lanarks17-03,0.4,AVG
Ward3-ClydesdaleEast_ward_3_clydesdale_east_preference_profile,0.4,AVG
Ward3-CumbernauldSouth_Preference Profile Ward 3 Cumbernauld South,0.4,AVG
Ward3-CumbernauldSouth_n-lanarks17-003,0.4,AVG
Ward3-DeeandGlenkens_ward3.csv,0.4,AVG
Ward3-Dumbarton_west dunbartonshire2022ward 3,0.4,AVG
Ward3-DunfermlineCentral_PreferenceProfile_V0001_Ward-3-Dunfermline-Central_06052022_145551.csv,0.4,AVG
Ward3-ForfarandDistrict_ward3.csv,0.4,AVG
Ward3-FraserburghandDistrict_preferenceprofile_v0001_ward-3-fraserburgh-and-district_06052022_172124.csv,0.4,AVG
Ward3-InverclydeNorth_inverclyde12-03,0.4,AVG
Ward3-KilmarnockWestandCrosshouse_Ward3.csv,0.4,AVG
Ward3-Kingswells-Sheddocksley_aberdeen12-03.csv,0.4,AVG
Ward3-LivingstonNorth_w-lothian17-03,0.4,AVG
Ward3-LivingstonNorth_west lothian2022ward 3,0.4,AVG
Ward3-TranentWallyfordandMacmerry_Ward3.csv,0.4,AVG
Ward3-WestEnd_Ward3.csv,0.4,AVG
Ward3ClackmannanshireCentral_clackmannanshire 2019 by-election ward 3 central,0.4,AVG
Ward3ClackmannanshireCentral_ward3.csv,0.4,AVG
Ward3CumbernauldSouth_n-lanarks12-03,0.4,AVG
Ward3GreaterPollok_glasgow12-03.csv,0.4,AVG
Ward3GreaterPollok_glasgow17-003.csv,0.4,AVG
Ward4-AyrEast_s-ayrshire12-04,0.4,AVG
Ward4-AyrEast_south ayrshire2022ward 4,0.4,AVG
Ward4-BishopbriggsNorthCampsie_ward4.csv,0.4,AVG
Ward4-CarseKinnairdandTryst_falkirk17-04.csv,0.4,AVG
Ward4-ClydesdaleSouth_s-lanarks17-04,0.4,AVG
Ward4-ClydesdaleSouth_ward_4_clydesdale_south_preference_profile,0.4,AVG
Ward4-Coldside_Ward4.csv,0.4,AVG
Ward4-CumbernauldEast_Preference Profile WArd 4 Cumbernauld East,0.4,AVG
Ward4-CumbernauldEast_n-lanarks17-004,0.4,AVG
Ward4-DunfermlineSouth_fife17-04.csv,0.4,AVG
Ward4-Forth_ward4.csv,0.4,AVG
Ward4-Highland_Perth Kinross 2018 by-election Ward 4,0.4,AVG
Ward4-Highland_Ward4,0.4,AVG
Ward4-LivingstonSouth_w-lothian17-04,0.4,AVG
Ward4-MonifiethandSidlaw_ward4.csv,0.4,AVG
Ward4-NorthBerwickCoastal_Ward4.csv,0.4,AVG
Ward4-ShetlandCentral_ward-4-shetland-central-preference-profile,0.4,AVG
Ward4-StirlingNorth_preferenceprofile_v0001_ward-4-stirling-north_06052022_124253,0.4,AVG
Ward4-WestMainlandWard_ward4,0.4,AVG
Ward4Cardonald_Ward4,0.4,AVG
Ward4ClackmannanshireSouth_clacks17-004.csv,0.4,AVG
Ward4ClackmannanshireSouth_ward4.csv,0.4,AVG
Ward4Craigton_glasgow12-04.csv,0.4,AVG
Ward5-AvondaleandStonehouse_s-lanarks17-05,0.4,AVG
Ward5-AvondaleandStonehouse_ward_5_avondale_and_stonehouse_preference_profile,0.4,AVG
Ward5-AyrWest_south ayrshire2022ward 5,0.4,AVG
Ward5-CarnoustieandDistrict_ward5.csv,0.4,AVG
Ward5-EastLivingstonandEastCalder_w-lothian17-05,0.4,AVG
Ward5-HaddingtonandLammermuir_Ward5.csv,0.4,AVG
Ward5-Hilton-Stockethill_aberdeen12-05.csv,0.4,AVG
Ward5-InverclydeWest_PreferenceProfile_Ward-5,0.4,AVG
Ward5-Inverleith_edinburgh17-05.csv,0.4,AVG
Ward5-LeaderdaleMelrose_sc borders2022ward 5,0.4,AVG
Ward5-LeaderdaleandMelrose_Scottish Borders 2021 by-elction Ward 5,0.4,AVG
Ward5-LeaderdaleandMelrose_sc-borders17-05,0.4,AVG
Ward5-LerwickNorthandBressay_ward-5-lerwick-north-and-bressay-preference-profile,0.4,AVG
Ward5-Maryfield_Ward5.csv,0.4,AVG
Ward5-PaisleyEastandCentral_renfs17-05,0.4,AVG
Ward5-Rosyth_PreferenceProfile_V0001_Ward-5-Rosyth_06052022_145544.csv,0.4,AVG
Ward5-SteppsChrystonandMuirhead_Preference Profile Ward 5 Stepps Chryston and Muirhead,0.4,AVG
Ward5ClackmannanshireEast_ward5.csv,0.4,AVG
Ward5Strathkelvin_n-lanarks12-05,0.4,AVG
Ward6-Cowal_ward6.csv,0.4,AVG
Ward6-EastKilbrideSouth_s-lanarks12-06,0.4,AVG
Ward6-EastKilbrideSouth_s-lanarks17-06,0.4,AVG
Ward6-EastKilbrideSouth_ward_6_east_kilbride_south_preference_profile,0.4,AVG
Ward6-FauldhouseandtheBreichValley_west lothian2022ward 6,0.4,AVG
Ward6-GartcoshGlenboigandMoodiesburn_n-lanarks17-006,0.4,AVG
Ward6-InverclydeSouthWest_inverclyde12-06,0.4,AVG
Ward6-InverkeithingDalgetyBay_PreferenceProfile_V0001_Ward-6-Inverkeithing-and-Dalgety-Bay_06052022_151927.csv,0.4,AVG
Ward6-InverkeithingDalgetyBay_fife17-06.csv,0.4,AVG
Ward6-MidBerwickshire_sc borders2022ward 6,0.4,AVG
Ward6-MidlothianSouth_ward_6_midlothian_south_dalkeith_preference_profile_open_from_within_ms_word_or_similar,0.4,AVG
Ward6-StirlingEast_preferenceprofile_v0001_ward-6-stirling-east_06052022_124253,0.4,AVG
Ward6-Strathearn_perth-kinross17-06,0.4,AVG
Ward6-Tillydrone-Seaton-OldAberdeen_aberdeen12-06.csv,0.4,AVG
Ward6Pollokshields_glasgow12-06.csv,0.4,AVG
Ward6Pollokshields_glasgow17-006.csv,0.4,AVG
Ward7-Bannockburn_preferenceprofile_v0001_ward-7-bannockburn_06052022_124254,0.4,AVG
Ward7-CoatbridgeNorth_Preference Profile WArd 7 Coatbridge North,0.4,AVG
Ward7-Cowdenbeath_PreferenceProfile_V0001_Ward-7-Cowdenbeath_06052022_145532.csv,0.4,AVG
Ward7-Dunoon_ward7.csv,0.4,AVG
Ward7-EastBerwickshire_sc borders2022ward 7,0.4,AVG
Ward7-EastKilbrideCentralSouth_ward_7_east_kilbride_central_south_preference_profile,0.4,AVG
Ward7-FalkirkSouth_Falkirk 2024 Ward 7 by-election,0.4,AVG
Ward7-Midstocket-Rosemount_aberdeen12-07.csv,0.4,AVG
Ward7-PaisleySouthwest_renfs17-07,0.4,AVG
Ward7-Sighthill-Gorgie_ward7.csv,0.4,AVG
Ward7-SighthillGorgie_edinburgh17-07.csv,0.4,AVG
Ward7-Strathallan_perth-kinross17-07,0.4,AVG
Ward7-TainandEasterRoss_Highland 2023 by-election Ward 7,0.4,AVG
Ward7-TainandEasterRoss_Highland 2024 by-election Ward 7,0.4,AVG
Ward7-TainandEasterRoss_highland17-07,0.4,AVG
Ward7-WhitburnandBlackburn_West Lothian 2024 by-election Ward 7,0.4,AVG
Ward7AirdrieNorth_n-lanarks12-07,0.4,AVG
Ward7Langside_glasgow12-07-recalc.csv,0.4,AVG
Ward7Langside_glasgow17-007.csv,0.4,AVG
Ward8-AirdrieNorth_Preference Profile Ward 8 Airdrie North,0.4,AVG
Ward8-AirdrieNorth_n-lanarks17-008,0.4,AVG
Ward8-Bathgate_w-lothian17-08,0.4,AVG
Ward8-Bathgate_west lothian2022ward 8,0.4,AVG
Ward8-DingwallandSeaforth_highland17-08,0.4,AVG
Ward8-EastKilbrideCentralNorth_s-lanarks12-08,0.4,AVG
Ward8-EastKilbrideCentralNorth_s-lanarks17-08,0.4,AVG
Ward8-GirvanandSouthCarrick_south ayrshire2022ward 8,0.4,AVG
Ward8-JohnstoneSouthandElderslie_renfs17-08,0.4,AVG
Ward8-KelsoDistrict_sc-borders17-08,0.4,AVG
Ward8-Kinross-Shire_Ward8,0.4,AVG
Ward8-LochgellyCardendenBenarty_PreferenceProfile_V0001_Ward-8-Lochgelly-Cardenden-and-Benarty_06052022_151928.csv,0.4,AVG
Ward8-LowerBraes_falkirk17-08.csv,0.4,AVG
Ward8-LowerBraes_ward8.csv,0.4,AVG
Ward8-MidFormartine_aberdeenshire17-08.csv,0.4,AVG
Ward8-TheFerry_Ward8.csv,0.4,AVG
Ward8CumnockandNewCumnock_e-ayrshire12-08.csv,0.4,AVG
Ward8SouthsideCentral_glasgow12-08.csv,0.4,AVG
Ward9-AirdrieCentral_n-lanarks17-009,0.4,AVG
Ward9-BlackIsle_highland17-09,0.4,AVG
Ward9-BurntislandKinghornWesternKirkcaldy_PreferenceProfile_V0001_Ward-9-Burntisland-Kinghorn-and-Western-Kirkcaldy_06052022_145551.csv,0.4,AVG
Ward9-EastKilbrideWest_ward_9_east_kilbride_west_preference_profile,0.4,AVG
Ward9-EllonandDistrict_preferenceprofile_v0001_ward-9-ellon-and-district_06052022_172124.csv,0.4,AVG
Ward9-JohnstoneNorthKilbarchanHowwoodandLochwinnoch_Preference_profile_for_Ward_9_Johnstone_North_Kilbarchan_Howwood_and_Lochwinnoch_copy,0.4,AVG
Ward9-LowerDeeside_aberdeen12-09.csv,0.4,AVG
Ward9-UpperBraes_falkirk17-09.csv,0.4,AVG
Ward9Calton_glasgow12-09.csv,0.4,AVG
Ward9Calton_glasgow17-009.csv,0.4,AVG
WestEndWard_dundee12-03.csv,0.4,AVG
WestFifeAndCoastalVillagesWard_fife12-01.csv,0.4,AVG
WesterRossStrathpefferandLochalshWard_highland12-06,0.4,AVG
WhitburnandBlackburn_w-lothian12-07,0.4,AVG
WickandEastCaithness_PreferenceProfile_V0001_Wick_and_East_Caithness_06052022_161532,0.4,AVG
Bathgate_w-lothian12-08,0.0,OM
BishopbriggsSouth_e-duns17-05.csv,0.0,OM
BusbyClarkstonandEagleshamWard_e-renfs12-06.csv,0.0,OM
Dumbarton_w-duns17-03,0.0,OM
ElginCityNorth_moray17-06,0.0,OM
GlenrothesWestAndKinglassieWard_fife12-14.csv,0.0,OM
InvernessSouthWard_highland12-20,0.0,OM
LenzieandKirkintillochSouth_e-duns17-06.csv,0.0,OM
MontroseandDistrict_angus17-08.csv,0.0,OM
NorthCoastandCumbraes_n-ayrshire17-08,0.0,OM
Saltcoats_n-ayrshire17-09,0.0,OM
Sighthill_GorgieWard_edinburgh12-07.csv,0.0,OM
Stevenston_n-ayrshire17-04,0.0,OM
StirlingWest_stirling17-05,0.0,OM
TweeddaleEastWard_sc-borders12-02,0.0,OM
Ward07-IrvineWest_Preference-Profile-Irvine-West_copy,0.0,OM
Ward1-Troon_south ayrshire2022ward 1,0.0,OM
Ward1-TrossachsandTeith_preferenceprofile_v0001_ward-1-trossachs-and-teith_06052022_124254,0.0,OM
Ward12-PerthCityCentre_perth-kinross17-12,0.0,OM
Ward13Garscadden-Scotstounhill_Ward13,0.0,OM
Ward15-Bellshill_Preference Profile WArd 15 Bellshill,0.0,OM
Ward15-Blantyre_s-lanarks17-15,0.0,OM
Ward16Canal_Ward16,0.0,OM
Ward2-ForthandEndrick_preferenceprofile_v0001_ward-2-forth-and-endrick_06052022_124253,0.0,OM
Ward2-PentlandHills_ward2.csv,0.0,OM
Ward2-Prestwick_south ayrshire2022ward 2,0.0,OM
Ward2-Strathmore_Ward2,0.0,OM
Ward23PartickEast-Kelvindale_Ward23,0.0,OM
Ward3-BlairgowrieandGlens_Ward3,0.0,OM
Ward3-DunfermlineCentral_fife17-03.csv,0.0,OM
Ward3-GalashielsandDistrict_sc-borders17-03,0.0,OM
Ward3GreaterPollok_glasgow17-003.csv,0.0,OM
Ward4-CentralBuchan_preferenceprofile_v0001_ward-4-central-buchan_06052022_172124.csv,0.0,OM
Ward7-Ballochmyle_Ward7.csv,0.0,OM
Ward7-CoatbridgeNorth_n-lanarks17-007,0.0,OM
Ward8-JohnstoneSouthandElderslie_renfs17-08,0.0,OM
Ward8SouthsideCentral_glasgow12-08.csv,0.0,OM
Ward9-EastKilbrideWest_s-lanarks12-09,0.0,OM
Andersonward_anderston.csv,0.1,OM
AnnandaleEastandEskdaleWard_dumgal12-13.csv,0.1,OM
AnnandaleSouth_dumgal17-10.csv,0.1,OM
Annick_e-ayrshire17-01.csv,0.1,OM
ArbroathEastandLunan_angus17-07.csv,0.1,OM
BadenochandStrathspeyWard_highland12-21,0.1,OM
Bailliestonward_baillieston.csv,0.1,OM
BannockburnWard_stirling12-07,0.1,OM
BarrheadLibosideandUplawmoor_e-renfs17-1.csv,0.1,OM
BlackIsle_PreferenceProfile_V0001_Black_Isle_06052022_161539,0.1,OM
BridgeofDonWard_aberdeen17-02.csv,0.1,OM
BurntislandKinghornAndWesternKirkcaldyWard_fife12-10.csv,0.1,OM
COWALWARD_argyll-bute12-06.csv,0.1,OM
Canalward_canal.csv,0.1,OM
CastleWard_stirling12-04,0.1,OM
ClackmannanshireCentral_clacks12-03.csv,0.1,OM
ClackmannanshireWest_clacks12-01.csv,0.1,OM
ClarkstonNetherleeandWilliamwood_e-renfs17-4.csv,0.1,OM
Craigentinny_DuddingstonWard_edinburgh12-14.csv,0.1,OM
CromartyFirthWard_highland12-07,0.1,OM
CromartyFirth_PreferenceProfile_V0001_Cromarty_Firth_06052022_161538,0.1,OM
CumnockandNewCumnock_e-ayrshire17-08.csv,0.1,OM
DalryandWestKilbride_n-ayrshire17-06,0.1,OM
DeeWard_dumgal12-04.csv,0.1,OM
DingwallandSeaforthWard_highland12-09,0.1,OM
DrumBrae_GyleWard_edinburgh12-03.csv,0.1,OM
Dunoon_argyll-bute17-07.csv,0.1,OM
DyceBucksburnDanestoneWard_Aberdeen_2023_by_election_Dyce_Bucksburn_Danestone,0.1,OM
DyceBucksburnDanestoneWard_aberdeen17-01.csv,0.1,OM
FochabersLhanbryde_moray17-04,0.1,OM
FortWilliamandArdnamurchanWard_highland12-22,0.1,OM
GalashielsandDistrictWard_sc-borders12-03,0.1,OM
GiffnockandThornliebank_e-renfs17-3.csv,0.1,OM
GlenrothesNorthLeslieAndMarkinchWard_fife12-15.csv,0.1,OM
Grangemouth_falkirk12-02.csv,0.1,OM
HeldonandLaichWard_moray12-05,0.1,OM
HuntlyStrathbogieandHoweofAlfordWard_aberdeenshire12-14.csv,0.1,OM
InverclydeNorth_inverclyde17-04,0.1,OM
InverclydeSouthWest_inverclyde17-06,0.1,OM
InverclydeSouth_inverclyde17-07,0.1,OM
InverleithWard_edinburgh12-05.csv,0.1,OM
InvernessNess-sideWard_highland12-16,0.1,OM
InvernessWestWard_highland12-14,0.1,OM
IrvineSouth_n-ayrshire17-10,0.1,OM
IrvineWest_n-ayrshire17-01,0.1,OM
JedburghandDistrictWard_sc-borders12-09,0.1,OM
KelsoDistrictWard_sc-borders12-08,0.1,OM
KilbirnieandBeith_n-ayrshire17-07,0.1,OM
KilmarnockEastandHurlford_e-ayrshire12-04.csv,0.1,OM
Kinross-shire_perth-kinross12-08,0.1,OM
KirkwallEastWard_orkney17-01,0.1,OM
KirkwallEast_orkney12-01,0.1,OM
KirkwallWestandOrphir_orkney12-02,0.1,OM
Langside_langside,0.1,OM
LeithWalkWard_edinburgh12-12.csv,0.1,OM
LeithWard_edinburgh12-13.csv,0.1,OM
LerwickSouth_shetland12-07,0.1,OM
LevenKennowayAndLargoWard_fife12-22.csv,0.1,OM
Leven_w-duns17-02,0.1,OM
LivingstonSouth_w-lothian12-04,0.1,OM
LomondNorth_argyll-bute17-09.csv,0.1,OM
Maryhill_maryhill,0.1,OM
MearnsWard_aberdeenshire12-19.csv,0.1,OM
MidBerwickshireWard_sc-borders12-06,0.1,OM
MidFormartineWard_aberdeenshire12-08.csv,0.1,OM
MidlothianSouth_midlothian17-06,0.1,OM
MidlothianWes0_midlothian12-04_cleaned,0.1,OM
MidlothianWest_midlothian17-04,0.1,OM
MidstocketRosemountWard_aberdeen17-07.csv,0.1,OM
Musselburgh_e-lothian17-01.csv,0.1,OM
Newlands_newlands,0.1,OM
NewtonMearnsNorthandNeilston_e-renfs17-2.csv,0.1,OM
Nith_dumgal17-09.csv,0.1,OM
NorthIslesWard_orkney17-06,0.1,OM
NorthKincardineWard_aberdeenshire12-17.csv,0.1,OM
NorthWestDumfries_dumgal17-06.csv,0.1,OM
NorthWestandCentralSutherlandWard_highland12-01,0.1,OM
NorthWestandCentralSutherland_PreferenceProfile_V0001_North_West_and_Central_Sutherland_06052022_161534,0.1,OM
OBANNORTHANDLORNWARD_argyll-bute12-05.csv,0.1,OM
OBANSOUTHANDTHEISLESWARD_argyll-bute12-04.csv,0.1,OM
ObanNorthandLorn_argyll-bute17-05.csv,0.1,OM
ObanSouthandtheIsles_argyll-bute17-04.csv,0.1,OM
Pollokshields_pollokshields,0.1,OM
Sgir_UigeAgusCeannATuathNanLoch_eilean-siar12-04.csv,0.1,OM
SgireAnRubha_eilean-siar12-05.csv,0.1,OM
ShetlandWest_shetland12-03,0.1,OM
SouthsideCentral_southsidecentral,0.1,OM
StAndrewsWard_fife12-19.csv,0.1,OM
SteornabhaghaTuath_eilean-siar12-07.csv,0.1,OM
Strathearn_perth-kinross12-06,0.1,OM
TheFerry_dundee17-08.csv,0.1,OM
TrossachsandTeith_stirling17-01,0.1,OM
Ward01-IrvineWest_n-ayrshire12-01,0.1,OM
Ward02-IrvineEast_n-ayrshire12-02,0.1,OM
Ward04-Arran_Preference-Profile-Arran_copy,0.1,OM
Ward05-SaltcoatsandStevenston_Preference-Profile-Saltcoats-and-Stevenston_copy,0.1,OM
Ward1-BanffandDistrict_ward1.csv,0.1,OM
Ward1-CarseofGowrie_perth-kinross17-01,0.1,OM
Ward1-ClydesdaleWest_s-lanarks12-01,0.1,OM
Ward1-Dyce-Bucksburn-Danestone_aberdeen12-01.csv,0.1,OM
Ward1-KirriemuirandDean_ward1.csv,0.1,OM
Ward1-Musselburgh_Ward1.csv,0.1,OM
Ward1-NorthWestandCentralSutherland_highland17-01,0.1,OM
Ward1-RenfrewNorthandBraehead_renfs17-01,0.1,OM
Ward1-WestFifeCoastalVillages_PreferenceProfile_V0001_Ward-1-West-Fife-and-Coastal-Villages_06052022_145537.csv,0.1,OM
Ward1-WestFifeCoastalVillages_fife17-01.csv,0.1,OM
Ward10-AnnandaleSouth_ward10.csv,0.1,OM
Ward10-EastKilbrideEast_s-lanarks12-10,0.1,OM
Ward10-HelensburghCentral_ward10.csv,0.1,OM
Ward10-HoustonCrossleeandLinwood_renfs17-10,0.1,OM
Ward10-WestGarioch_preferenceprofile_v0001_ward-10-west-garioch_06052022_172124.csv,0.1,OM
Ward11AirdrieSouth_n-lanarks12-11,0.1,OM
Ward11Hillhead_glasgow12-11.csv,0.1,OM
Ward12-AirdrieSouth_n-lanarks17-012,0.1,OM
Ward12-AnnandaleEastandEskdale_ward12.csv,0.1,OM
Ward12-ErskineandInchinnan_renfs17-12,0.1,OM
Ward12-KirkcaldyEast_PreferenceProfile_V0001_Ward-12-Kirkcaldy-East_06052022_151925.csv,0.1,OM
Ward12-LeithWalk_edinburgh17-12.csv,0.1,OM
Ward12-Torry-Ferryhill_aberdeen12-12.csv,0.1,OM
Ward12PartickWest_glasgow12-12.csv,0.1,OM
Ward13-InvernessWest_highland 2021 by-election Inverness West,0.1,OM
Ward13-Kincorth-Loirston_aberdeen12-13.csv,0.1,OM
Ward14-HuntlyStrathbogieandHoweofAlford_preferenceprofile_v0001_ward-14-huntly-strathbogie-and-howe-of-alford_06052022_172124.csv,0.1,OM
Ward14-InvernessCentral_Highland 2024 by-election Ward 14,0.1,OM
Ward16-Liberton-Gilmerton_edinburgh17-16.csv,0.1,OM
Ward16Canal_glasgow17-016.csv,0.1,OM
Ward17-CullodenandArdersier_highland17-17,0.1,OM
Ward17-HamiltonNorthandEast_s-lanarks12-17,0.1,OM
Ward17-HamiltonNorthandEast_s-lanarks17-17,0.1,OM
Ward17-MotherwellWest_n-lanarks17-017,0.1,OM
Ward17-Portobello-Craigmillar_edinburgh17-17.csv,0.1,OM
Ward18-HamiltonWestandEarnock_s-lanarks17-18,0.1,OM
Ward18-MotherwellNorth_n-lanarks17-018,0.1,OM
Ward19-HamiltonSouth_s-lanarks17-19,0.1,OM
Ward19-InvernessSouth_Highland 2024 by-election Ward 19,0.1,OM
Ward19-InvernessSouth_highland17-19,0.1,OM
Ward19-Mearns_preferenceprofile_v0001_ward-19-mearns_06052022_172124.csv,0.1,OM
Ward1ClackmannanshireWest_clacks17-001.csv,0.1,OM
Ward1Linn_Ward1,0.1,OM
Ward2-BridgeofDon_aberdeen12-02.csv,0.1,OM
Ward2-DunfermlineNorth_fife17-02.csv,0.1,OM
Ward2-KirkwallWestandOrphirWard_ward2,0.1,OM
Ward2-Leven_west dunbartonshire2022ward 2,0.1,OM
Ward2-Lochee_Dundee 2024 by-election Lochee,0.1,OM
Ward2-RenfrewSouthandGallowhill_renfs17-02,0.1,OM
Ward2-TweeddaleEast_sc borders2022ward 2,0.1,OM
Ward20Baillieston_Ward20,0.1,OM
Ward20Baillieston_glasgow12-20.csv,0.1,OM
Ward2CumbernauldNorth_n-lanarks12-02,0.1,OM
Ward2UibhistaDeasEirisgeighagusBeinnnaFaoghla_ward02_preferenceprofile.csv,0.1,OM
Ward3-ClydesdaleEast_s-lanarks12-03,0.1,OM
Ward3-DeeandGlenkens_ward3.csv,0.1,OM
Ward3-DunfermlineCentral_PreferenceProfile_V0001_Ward-3-Dunfermline-Central_06052022_145551.csv,0.1,OM
Ward3-FraserburghandDistrict_aberdeenshire17-03.csv,0.1,OM
Ward3-Kingswells-Sheddocksley_aberdeen12-03.csv,0.1,OM
Ward3-WestEnd_Ward3.csv,0.1,OM
Ward3-WickandEastCaithness_highland17-03,0.1,OM
Ward3CumbernauldSouth_n-lanarks12-03,0.1,OM
Ward4-CarseKinnairdandTryst_falkirk17-04.csv,0.1,OM
Ward4-CastleDouglasandCrocketford_ward4.csv,0.1,OM
Ward4-ClydesdaleSouth_s-lanarks17-04,0.1,OM
Ward4-ClydesdaleSouth_ward_4_clydesdale_south_preference_profile,0.1,OM
Ward4-Highland_perth-kinross17-04,0.1,OM
Ward4-InverclydeNorth_PreferenceProfile_Ward-4,0.1,OM
Ward4-LivingstonSouth_w-lothian17-04,0.1,OM
Ward4-ObanSouthandtheIsles_ward4.csv,0.1,OM
Ward4Cardonald_Ward4,0.1,OM
Ward4ClarkstonNetherleeandWilliamwood_ward4_copy.csv,0.1,OM
Ward5-AvondaleandStonehouse_s-lanarks17-05,0.1,OM
Ward5-BonnybridgeandLarbert_ward5.csv,0.1,OM
Ward5-ObanNorthandLorn_ward5.csv,0.1,OM
Ward5-StirlingWest_preferenceprofile_v0001_ward-5-stirling-west_06052022_124253,0.1,OM
Ward5-WesterRossStrathpefferandLochalsh_highland17-05,0.1,OM
Ward5ClackmannanshireEast_ward5.csv,0.1,OM
Ward5Govan_glasgow12-05.csv,0.1,OM
Ward6-CromartyFirth_Highland 2023 by-election Ward 6,0.1,OM
Ward6-CromartyFirth_highland17-06,0.1,OM
Ward6-DunbarandEastLinton_Ward6.csv,0.1,OM
Ward6-InverclydeSouthWest_inverclyde12-06,0.1,OM
Ward6-InverkeithingDalgetyBay_fife17-06.csv,0.1,OM
Ward6-Kyle_south ayrshire2022ward 6,0.1,OM
Ward6-LerwickSouth_ward-6-lerwick-south-preference-profile,0.1,OM
Ward6-PeterheadSouthandCruden_aberdeenshire17-06.csv,0.1,OM
Ward7-MayboleNorthCarrickandCoylton_south ayrshire2022ward 7,0.1,OM
Ward7-Midstocket-Rosemount_aberdeen12-07.csv,0.1,OM
Ward7-Strathallan_Ward7,0.1,OM
Ward7AnTaobhSiaragusNis_ward07_preferenceprofile.csv,0.1,OM
Ward7Langside_glasgow12-07-recalc.csv,0.1,OM
Ward8-AirdrieNorth_Preference Profile Ward 8 Airdrie North,0.1,OM
Ward8-Bathgate_west lothian2022ward 8,0.1,OM
Ward8-EastKilbrideCentralNorth_s-lanarks12-08,0.1,OM
Ward8-GeorgeStreet-Harbour_aberdeen12-08.csv,0.1,OM
Ward8-Kinross-shire_perth-kinross17-08,0.1,OM
Ward8-Lochar_ward8.csv,0.1,OM
Ward8-LowerBraes_falkirk17-08.csv,0.1,OM
Ward8-MidFormartine_preferenceprofile_v0001_ward-8-mid-formartine_06052022_172123.csv,0.1,OM
Ward8AirdrieCentral_n-lanarks12-08,0.1,OM
Ward9-AirdrieCentral_n-lanarks17-009,0.1,OM
Ward9-BlackIsle_highland17-09,0.1,OM
Ward9-BurntislandKinghornWesternKirkcaldy_PreferenceProfile_V0001_Ward-9-Burntisland-Kinghorn-and-Western-Kirkcaldy_06052022_145551.csv,0.1,OM
Ward9-BurntislandKinghornWesternKirkcaldy_fife17-09.csv,0.1,OM
Ward9-EastKilbrideWest_s-lanarks17-09,0.1,OM
Ward9-EastKilbrideWest_ward_9_east_kilbride_west_preference_profile,0.1,OM
Ward9-JohnstoneNorthKilbarchanHowwoodandLochwinnoch_renfs17-09,0.1,OM
Ward9-LomondNorth_ward9.csv,0.1,OM
Ward9-UpperBraes_falkirk17-09.csv,0.1,OM
Ward9Calton_Ward9,0.1,OM
Ward9SteornabhaghaTuath_ward09_preferenceprofile.csv,0.1,OM
WestMainland_orkney12-04,0.1,OM
10.BishoptonBridgeofWeirLangbankWard_renfs12-10,0.2,OM
11.ErskineInchinnanWard_renfs12-11,0.2,OM
3.PaisleyEastRalstonWard_renfs12-03,0.2,OM
7.JohnstoneSouthElderslieHowwoodWard_renfs12-07,0.2,OM
AlmondWard_edinburgh12-01.csv,0.2,OM
AnnandaleNorthWard_dumgal12-12.csv,0.2,OM
AyrEast_s-ayrshire17-04,0.2,OM
BarraighBhatarsaighEirisgeighAgusUibhistADeas_eilean-siar12-01.csv,0.2,OM
BarraighBhatarsaighEirisgeighagusUibhistaDeas_eilean-siar17-01.csv,0.2,OM
BeinnnaFoghlaagusUibhistaTuath_eilean-siar17-02.csv,0.2,OM
BlackIsleWard_highland12-10,0.2,OM
CastleDouglasandGlenkensWard_dumgal12-05.csv,0.2,OM
CentralBuchanWard_aberdeenshire12-04.csv,0.2,OM
CullodenandArdersierWard_highland12-18,0.2,OM
DunbarandEastLinton_e-lothian17-06.csv,0.2,OM
EastLivingstonandEastCalder_w-lothian12-05,0.2,OM
Eileana_Cheo_PreferenceProfile_V0001_Eilean_a__Che___06052022_161539,0.2,OM
ForfarandDistrict_angus12-03.csv,0.2,OM
ForthWard_edinburgh12-04.csv,0.2,OM
InverclydeEastCentral_inverclyde17-02,0.2,OM
InverkeithingAndDalgetyBayWard_fife12-06.csv,0.2,OM
InvernessCentralWard_highland12-15,0.2,OM
InvernessSouth_PreferenceProfile_V0001_Inverness_South_06052022_161540,0.2,OM
IrvineEast_n-ayrshire17-02,0.2,OM
IrvineValley_e-ayrshire17-06.csv,0.2,OM
IsleofBute_argyll-bute17-08.csv,0.2,OM
KintyreandtheIslands_argyll-bute17-02.csv,0.2,OM
LocheeWard_dundee12-02.csv,0.2,OM
Lomond_w-duns17-01,0.2,OM
LowerDeesideWard_Ward9.csv,0.2,OM
MidGallowayandWigtownWest_dumgal17-02.csv,0.2,OM
NeilstonUplawmoorandNewtonMearnsNorthWard_e-renfs12-01.csv,0.2,OM
Penicuik_midlothian17-01,0.2,OM
PentlandHillsWard_edinburgh12-02.csv,0.2,OM
PerthCityCentre_perth-kinross12-12,0.2,OM
PerthCitySouth_perth-kinross12-10,0.2,OM
SgireanRubha_eilean-siar17-05.csv,0.2,OM
ShetlandNorth_shetland12-02,0.2,OM
SpeysideGlenlivet_moray17-01,0.2,OM
StonehavenandLowerDeesideWard_aberdeenshire12-18.csv,0.2,OM
TillydroneSeatonOldAberdeenWard_aberdeen17-06.csv,0.2,OM
TorryFerryhillWard_aberdeen17-12.csv,0.2,OM
Ward03-Ardrossan_Preference-Profile-Ardrossan_copy,0.2,OM
Ward1-Linlithgow_w-lothian17-01,0.2,OM
Ward1-SpeysideGlenlivet_file141884,0.2,OM
Ward1-StranraerandtheRhins_ward1.csv,0.2,OM
Ward1-Strathmartine_Dundee 2024 by-election Starthmartine,0.2,OM
Ward10-EastKilbrideEast_ward_10_east_kilbride_east_preference_profile,0.2,OM
Ward10-KirkcaldyNorth_PreferenceProfile_V0001_Ward-10-Kirkcaldy-North_06052022_151928.csv,0.2,OM
Ward10Anderston-City-Yorkhill_Ward10,0.2,OM
Ward10SteornabhaghaDeas_ward10_preferenceprofile.csv,0.2,OM
Ward12-KirkcaldyEast_fife17-12.csv,0.2,OM
Ward12-PerthCityCentre_Ward12,0.2,OM
Ward12-RutherglenCentralandNorth_ward_12_rutherglen_central_and_north_preference_profile,0.2,OM
Ward14-CambuslangEast_s-lanarks17-14,0.2,OM
Ward14DrumchapelAnniesland_glasgow17-014.csv,0.2,OM
Ward15-Blantyre_ward_15_blantyre_preference_profile,0.2,OM
Ward16-Liberton-Gilmerton_ward16.csv,0.2,OM
Ward17Springburn-Robroyston_Ward17,0.2,OM
Ward18-StAndrews_fife17-18.csv,0.2,OM
Ward19Shettleston_Ward19,0.2,OM
Ward19Shettleston_glasgow17-019.csv,0.2,OM
Ward1Linn_glasgow17-001.csv,0.2,OM
Ward2-DunfermlineNorth_PreferenceProfile_V0001_Ward-2-Dunfermline-North_06052022_151927.csv,0.2,OM
Ward2-Lochee_Ward2.csv,0.2,OM
Ward20-Larkhall_s-lanarks12-20,0.2,OM
Ward20-Larkhall_s-lanarks17-20,0.2,OM
Ward21NorthEast_Glasgow 2024 by-election Ward 21,0.2,OM
Ward21NorthEast_Ward21,0.2,OM
Ward21NorthEast_glasgow17-021.csv,0.2,OM
Ward22-BuckhavenMethilWemyssVillages_fife17-22.csv,0.2,OM
Ward2NewtonMearnsNorthandNeilston_ward2_copy.csv,0.2,OM
Ward3-Dumbarton_west dunbartonshire2022ward 3,0.2,OM
Ward3-GalashielsDistrict_sc borders2022ward 3,0.2,OM
Ward3-KilmarnockWestandCrosshouse_Ward3.csv,0.2,OM
Ward3-ShetlandWest_ward-3-shetland-west-preference-profile,0.2,OM
Ward3ClackmannanshireCentral_ward3.csv,0.2,OM
Ward4-AyrEast_s-ayrshire12-04,0.2,OM
Ward4-AyrEast_south ayrshire2022ward 4,0.2,OM
Ward4-BishopbriggsNorthCampsie_ward4.csv,0.2,OM
Ward4-ClydesdaleSouth_s-lanarks12-04,0.2,OM
Ward4-DunfermlineSouth_PreferenceProfile_V0001_Ward-4-Dunfermline-South_06052022_151924.csv,0.2,OM
Ward4-Forth_edinburgh17-04.csv,0.2,OM
Ward4-Forth_ward4.csv,0.2,OM
Ward4-Highland_Perth Kinross 2018 by-election Ward 4,0.2,OM
Ward4-Highland_Ward4,0.2,OM
Ward4-NorthBerwickCoastal_Ward4.csv,0.2,OM
Ward4-Northfield_aberdeen12-04.csv,0.2,OM
Ward5-AyrWest_south ayrshire2022ward 5,0.2,OM
Ward5-Inverleith_edinburgh17-05.csv,0.2,OM
Ward5-LeaderdaleandMelrose_Scottish Borders 2021 by-elction Ward 5,0.2,OM
Ward5-PeterheadNorthandRattray_preferenceprofile_v0001_ward-5-peterhead-north-and-rattray_06052022_172118.csv,0.2,OM
Ward5-SteppsChrystonandMuirhead_Preference Profile Ward 5 Stepps Chryston and Muirhead,0.2,OM
Ward5-Strathtay_perth-kinross17-05,0.2,OM
Ward5NorthBerwickCoastal_e-lothian12-05.csv,0.2,OM
Ward6-ArbroathWestLethamandFriockheim_ward6.csv,0.2,OM
Ward6-Cowal_ward6.csv,0.2,OM
Ward6-Strathearn_perth-kinross17-06,0.2,OM
Ward7-Bannockburn_preferenceprofile_v0001_ward-7-bannockburn_06052022_124254,0.2,OM
Ward7-Cowdenbeath_PreferenceProfile_V0001_Ward-7-Cowdenbeath_06052022_145532.csv,0.2,OM
Ward7-EastKilbrideCentralSouth_s-lanarks12-07,0.2,OM
Ward7-EastKilbrideCentralSouth_ward_7_east_kilbride_central_south_preference_profile,0.2,OM
Ward7-FalkirkSouth_Falkirk 2024 Ward 7 by-election,0.2,OM
Ward7-WhitburnandBlackburn_West Lothian 2024 by-election Ward 7,0.2,OM
Ward8-AirdrieNorth_n-lanarks17-008,0.2,OM
Ward8-DingwallandSeaforth_highland17-08,0.2,OM
Ward8-EastKilbrideCentralNorth_ward_8_east_kilbride_central_north_preference_profile,0.2,OM
Ward8-Forres_file141922,0.2,OM
Ward8-IsleofBute_Argyll Bute by-election Isle of Bute 2021,0.2,OM
Ward8-LochgellyCardendenBenarty_PreferenceProfile_V0001_Ward-8-Lochgelly-Cardenden-and-Benarty_06052022_151928.csv,0.2,OM
Ward8-LowerBraes_ward8.csv,0.2,OM
Ward9-JohnstoneNorthKilbarchanHowwoodandLochwinnoch_Preference_profile_for_Ward_9_Johnstone_North_Kilbarchan_Howwood_and_Lochwinnoch_copy,0.2,OM
Ward9-UpperBraes_ward9.csv,0.2,OM
WestMainlandWard_orkney17-04,0.2,OM
WhitburnandBlackburn_w-lothian12-07,0.2,OM
4.PaisleyNorthWestWard_renfs12-04,0.3,OM
Abbey_dumgal17-05.csv,0.3,OM
AirdandLochNess_PreferenceProfile_V0001_Aird_and_Loch_Ness_06052022_161539,0.3,OM
AnTaobhSiaragusNis_eilean-siar12-09.csv,0.3,OM
AnTaobhSiaragusNis_eilean-siar17-09.csv,0.3,OM
AnnandaleSouthWard_dumgal12-11.csv,0.3,OM
ArbroathWestandLetham_angus12-06.csv,0.3,OM
BadenochandStrathspey_PreferenceProfile_V0001_Badenoch_and_Strathspey_06052022_161540,0.3,OM
Ballochmyle_e-ayrshire17-07.csv,0.3,OM
BarrheadWard_e-renfs12-02.csv,0.3,OM
BeinnNaFoghlaAgusUibhistATuath_eilean-siar12-02.csv,0.3,OM
BonnybridgeandLarbert_falkirk12-05.csv,0.3,OM
Bonnyrig0_midlothian12-02_cleaned,0.3,OM
BrechinandEdzell_angus17-02.csv,0.3,OM
BroxburnUphallandWinchburgh_w-lothian12-02,0.3,OM
BuckhavenMethilAndWemyssVillagesWard_fife12-23.csv,0.3,OM
CarnoustieandDistrict_angus17-05.csv,0.3,OM
CastleDouglasandCrocketford_dumgal17-04.csv,0.3,OM
ClackmannanshireNorth_clacks12-02.csv,0.3,OM
ColdsideWard_dundee12-04.csv,0.3,OM
Coldside_dundee17-04.csv,0.3,OM
DeeandGlenkens_dumgal17-03.csv,0.3,OM
DingwallandSeaforth_PreferenceProfile_V0001_Dingwall_and_Seaforth_06052022_161539,0.3,OM
EastMainlandSouthRonaldsayandBurray_orkney12-05,0.3,OM
FalkirkSouth_falkirk12-07.csv,0.3,OM
FochabersLhanbrydeWard_moray12-04,0.3,OM
Forres_moray17-08,0.3,OM
ForthandEndrickWard_stirling12-02,0.3,OM
FraserburghandDistrictWard_aberdeenshire12-03.csv,0.3,OM
GeorgeStHarbourWard_aberdeen17-08.csv,0.3,OM
Greaterpollok_greater pollok,0.3,OM
HELENSBURGHCENTRALWARD_argyll-bute12-10.csv,0.3,OM
HoweOfFifeAndTayCoastWard_fife12-17.csv,0.3,OM
ISLEOFBUTEWARD_argyll-bute12-08.csv,0.3,OM
InvernessCentral_PreferenceProfile_V0001_Inverness_Central_06052022_161539,0.3,OM
InvernessMillburn_PreferenceProfile_V0001_Inverness_Millburn_06052022_161539,0.3,OM
InvernessWest_PreferenceProfile_V0001_Inverness_West_06052022_161539,0.3,OM
InverurieandDistrictWard_aberdeenshire12-11.csv,0.3,OM
KINTYREANDTHEISLANDSWARD_argyll-bute12-02.csv,0.3,OM
KeithandCullen_moray17-02,0.3,OM
Kilpatrick_w-duns17-04,0.3,OM
KirkwallWestandOrphirWard_orkney17-02,0.3,OM
LOMONDNORTHWARD_argyll-bute12-09.csv,0.3,OM
LerwickNorth_shetland12-06,0.3,OM
Linlithgow_w-lothian12-01,0.3,OM
LochaTuath_eilean-siar12-08.csv,0.3,OM
LomondWard_w-duns12-01,0.3,OM
LowerBraes_falkirk12-08.csv,0.3,OM
MayboleNorthCarrickandCoylton_s-ayrshire17-07,0.3,OM
Meadows_MorningsideWard_edinburgh12-10.csv,0.3,OM
MidGallowayWard_dumgal12-03.csv,0.3,OM
MidlothianEast_midlothian17-05,0.3,OM
Midstocket-RosemountWard_Ward7.csv,0.3,OM
MontroseandDistrict_angus12-08.csv,0.3,OM
NaHearadhagusCeannaDeasnanLoch_eilean-siar17-03.csv,0.3,OM
NairnWard_highland12-19,0.3,OM
PerthCityNorth_perth-kinross12-11,0.3,OM
SelkirkshireWard_sc-borders12-04,0.3,OM
ShetlandCentral_shetland12-04,0.3,OM
SteornabhaghaDeas_eilean-siar17-06.csv,0.3,OM
SteornabhaghaTuath_eilean-siar17-07.csv,0.3,OM
Strathallan_perth-kinross12-07,0.3,OM
Tillydrone-Seaton-OldAberdeenWard_Ward6.csv,0.3,OM
Torry-FerryhillWard_Ward12.csv,0.3,OM
UpperBraes_falkirk12-09.csv,0.3,OM
Ward05-ArdrossanandArran_n-ayrshire12-05,0.3,OM
Ward08-IrvineEast_Preference-Profile-Irvine-East_copy,0.3,OM
Ward1-TweeddaleWest_sc-borders17-01,0.3,OM
Ward10-CoatbridgeWest_n-lanarks17-010,0.3,OM
Ward10AnderstonCityYorkhill_glasgow17-010.csv,0.3,OM
Ward11-BishoptonBridgeofWeirandLangbank_Preference_profile_for_Ward_11_Bishopton_Bridge_of_Weir_and_Langbank_copy,0.3,OM
Ward11-CoatbridgeSouth_n-lanarks17-011,0.3,OM
Ward11-InverurieandDistrict_preferenceprofile_v0001_ward-11-inverurie-and-district_06052022_172124.csv,0.3,OM
Ward11-KirkcaldyCentral_fife17-11.csv,0.3,OM
Ward11Hillhead_glasgow17-011.csv,0.3,OM
Ward12-ErskineandInchinnan_Preference_profile_for_Ward_12_Erskine_and_Inchinnan_copy,0.3,OM
Ward12-RutherglenCentralandNorth_s-lanarks17-12,0.3,OM
Ward13-CambuslangWest_s-lanarks17-13,0.3,OM
Ward13-CambuslangWest_ward_13_cambuslang_west_preference_profile,0.3,OM
Ward13-GlenrothesWestKinglassie_fife17-13.csv,0.3,OM
Ward13GarscaddenScotstounhill_glasgow17-013.csv,0.3,OM
Ward14-CambuslangEast_ward_14_cambuslang_east_preference_profile,0.3,OM
Ward14-Craigentinny-Duddingston_edinburgh17-14.csv,0.3,OM
Ward14-InvernessCentral_highland17-14,0.3,OM
Ward14Drumchapel-Anniesland_Glasgow 2024 by-election Ward 14,0.3,OM
Ward15-Bellshill_n-lanarks17-015,0.3,OM
Ward15-GlenrothesCentralThornton_fife17-15.csv,0.3,OM
Ward15Maryhill-Kelvin_glasgow12-15.csv,0.3,OM
Ward15Maryhill_Glasgow 2024 by-election Ward 15,0.3,OM
Ward16-BanchoryandMidDeeside_preferenceprofile_v0001_ward-16-banchory-and-mid-deeside_06052022_172124.csv,0.3,OM
Ward16-BothwellandUddingston_s-lanarks12-16,0.3,OM
Ward16-BothwellandUddingston_s-lanarks17-16,0.3,OM
Ward16MossendandHolytown_North Lanarkshire 2024 by-election Ward 16,0.3,OM
Ward17-HamiltonNorthandEast_ward_17_hamilton_north_and_east_preference_profile,0.3,OM
Ward17-NorthKincardine_preferenceprofile_v0001_ward-17-north-kincardine_06052022_172124.csv,0.3,OM
Ward17SpringburnRobroyston_glasgow17-017.csv,0.3,OM
Ward18-HamiltonWestandEarnock_s-lanarks12-18,0.3,OM
Ward18-HamiltonWestandEarnock_ward_18_hamilton_west_and_earnock_preference_profile,0.3,OM
Ward18-StonehavenandLowerDeeside_preferenceprofile_v0001_ward-18-stonehaven-and-lower-deeside_06052022_172124.csv,0.3,OM
Ward1Annick_e-ayrshire12-01.csv,0.3,OM
Ward1BarrheadLibosideandUplawmoor_ward1_copy.csv,0.3,OM
Ward2-BroxburnUphallandWinchburgh_w-lothian17-02,0.3,OM
Ward2-ClydesdaleNorth_s-lanarks12-02,0.3,OM
Ward2-KeithandCullen_file141894,0.3,OM
Ward2-KintyreandtheIslands_ward2.csv,0.3,OM
Ward2-Prestwick_s-ayrshire12-02,0.3,OM
Ward2-ThursoandNorthwestCaithness_highland17-02,0.3,OM
Ward20-BadenochandStrathspey_highland17-20,0.3,OM
Ward20-Murdostoun_n-lanarks17-020,0.3,OM
Ward21-LevenKennowayLargo_fife17-21.csv,0.3,OM
Ward22-BuckhavenMethilWemyssVillages_PreferenceProfile_V0001_Ward-22-Buckhaven-Methil-and-Wemyss-Villages_06052022_151928.csv,0.3,OM
Ward22Dennistoun_Ward22,0.3,OM
Ward2ClackmannanshireNorth_clacks17-002.csv,0.3,OM
Ward2ClackmannanshireNorth_ward2.csv,0.3,OM
Ward2NewlandsAuldburn_glasgow17-002.csv,0.3,OM
Ward3-ClydesdaleEast_ward_3_clydesdale_east_preference_profile,0.3,OM
Ward3-DennyandBanknock_falkirk17-03.csv,0.3,OM
Ward3-ForfarandDistrict_ward3.csv,0.3,OM
Ward3-InverclydeCentral_PreferenceProfile_Ward-3,0.3,OM
Ward3-Mid-Argyll_ward3.csv,0.3,OM
Ward3-PaisleyNortheastandRalston_renfs17-03,0.3,OM
Ward3-ShetlandWest_shetland17-03,0.3,OM
Ward3-StromnessandSouthIslesWard_ward3,0.3,OM
Ward3ClackmannanshireCentral_clackmannanshire 2019 by-election ward 3 central,0.3,OM
Ward3ClackmannanshireCentral_clacks17-003.csv,0.3,OM
Ward3GiffnockandThornliebank_ward3_copy.csv,0.3,OM
Ward3GreaterPollok_glasgow12-03.csv,0.3,OM
Ward4-DunfermlineSouth_fife17-04.csv,0.3,OM
Ward4-EastSutherlandandEdderton_highland17-04,0.3,OM
Ward4-MidlothianWest_ward_4_midlothian_west_preference_profile_open_from_within_ms_word_or_similar,0.3,OM
Ward4-PaisleyNorthwest_Preference_profile_for_Ward_4_Paisley_Northwest_copy,0.3,OM
Ward4-PaisleyNorthwest_renfs17-04,0.3,OM
Ward4-Selkirkshire_sc-borders17-04,0.3,OM
Ward4Cardonald_glasgow17-004.csv,0.3,OM
Ward5-BishopbriggsSouth_ward5.csv,0.3,OM
Ward5-CarnoustieandDistrict_ward5.csv,0.3,OM
Ward5-EastLivingstonandEastCalder_w-lothian17-05,0.3,OM
Ward5-EastLivingstonandEastCalder_west lothian2022ward 5,0.3,OM
Ward5-HaddingtonandLammermuir_East Lothian 2019 by-election Ward 5 haddington,0.3,OM
Ward5-HeldonandLaich_file141902,0.3,OM
Ward5-Hilton-Stockethill_aberdeen12-05.csv,0.3,OM
Ward5-InverclydeWest_Inverclyde 2024 by-election ward 5,0.3,OM
Ward5-LeaderdaleandMelrose_sc-borders17-05,0.3,OM
Ward5-PaisleyEastandCentral_Preference_profile_for_Ward_5_Paisley_East_and_Central_copy,0.3,OM
Ward5-Rosyth_PreferenceProfile_V0001_Ward-5-Rosyth_06052022_145544.csv,0.3,OM
Ward5-Rosyth_fife17-05.csv,0.3,OM
Ward5Govan_glasgow17-005.csv,0.3,OM
Ward5KilmarnockSouth_e-ayrshire12-05.csv,0.3,OM
Ward6-FauldhouseandtheBreichValley_west lothian2022ward 6,0.3,OM
Ward6-GartcoshGlenboigandMoodiesburn_Preference Profile Ward 6 Gartcosh Glenboig and Moodiesburn,0.3,OM
Ward6-InverclydeSouthWest_PreferenceProfile_Ward-6,0.3,OM
Ward6-LenzieKirkintillochSouth_ward6.csv,0.3,OM
Ward6-MidlothianSouth_ward_6_midlothian_south_dalkeith_preference_profile_open_from_within_ms_word_or_similar,0.3,OM
Ward6-PaisleySoutheast_Preference_profile_for_Ward_6_Paisley_Southeast_copy,0.3,OM
Ward6-PaisleySoutheast_renfs17-06,0.3,OM
Ward6-StirlingEast_preferenceprofile_v0001_ward-6-stirling-east_06052022_124253,0.3,OM
Ward6-Tillydrone-Seaton-OldAberdeen_aberdeen12-06.csv,0.3,OM
Ward7-ArbroathEastandLunan_ward7.csv,0.3,OM
Ward7-CoatbridgeNorth_Preference Profile WArd 7 Coatbridge North,0.3,OM
Ward7-FalkirkSouth_Falkirk 2021 by-election South,0.3,OM
Ward7-PaisleySouthwest_renfs17-07,0.3,OM
Ward7-WhitburnandBlackburn_w-lothian17-07,0.3,OM
Ward7DunbarandEastLinton_e-lothian12-07.csv,0.3,OM
Ward8-IsleofBute_ward8.csv,0.3,OM
Ward8-KelsoDistrict_sc borders2022ward 8,0.3,OM
Ward8-LochgellyCardendenBenarty_fife17-08.csv,0.3,OM
Ward8-MidFormartine_aberdeenshire17-08.csv,0.3,OM
Ward8-MontroseandDistrict_ward8.csv,0.3,OM
Ward8SouthsideCentral_glasgow17-008.csv,0.3,OM
Ward9-DoonValley_East Ayrshire by-election 2024 Ward 9,0.3,OM
Ward9-Fountainbridge-Craiglockhart_ward9.csv,0.3,OM
Ward9EllonandDistrict_Aberdeenshire 2020 by-election Ellon and District,0.3,OM
WestEnd_dundee17-03.csv,0.3,OM
WesterRossStrathpefferandLochalshWard_highland12-06,0.3,OM
WesthillandDistrictWard_aberdeenshire12-13.csv,0.3,OM
2.RenfrewSouthGallowhillWard_renfs12-02,0.4,OM
5.PaisleySouthWard_renfs12-05,0.4,OM
AbbeyWard_dumgal12-06.csv,0.4,OM
AboyneUpperDeesideandDonsideWard_aberdeenshire12-15.csv,0.4,OM
AirdandLochNessWard_highland12-13,0.4,OM
AlmondandEarn_perth-kinross12-09,0.4,OM
ArdrossanandArran_n-ayrshire17-05,0.4,OM
BanchoryandMidDeesideWard_aberdeenshire12-16.csv,0.4,OM
Bannockburn_stirling17-07,0.4,OM
BearsdenNorth_e-duns12-02.csv,0.4,OM
BishopbriggsNorthandCampsie_e-duns17-04.csv,0.4,OM
Bo_nessandBlackness_falkirk12-01.csv,0.4,OM
BridgeofDonWard_Ward2.csv,0.4,OM
Caltonward_calton.csv,0.4,OM
CaolandMallaigWard_highland12-12,0.4,OM
CityCentreWard_edinburgh12-11.csv,0.4,OM
ClydebankWaterfrontWard_w-duns12-06,0.4,OM
ClydebankWaterfront_w-duns17-06,0.4,OM
Cowal_argyll-bute17-06.csv,0.4,OM
CullodenandArdersier_PreferenceProfile_V0001_Culloden_and_Ardersier_06052022_161539,0.4,OM
DUNOONWARD_argyll-bute12-07.csv,0.4,OM
Dalkeit0_midlothian12-03_cleaned,0.4,OM
Dalkeith_midlothian17-03,0.4,OM
DennyandBanknock_falkirk12-03.csv,0.4,OM
DoonValley_e-ayrshire17-09.csv,0.4,OM
DumbartonWard_w-duns12-03,0.4,OM
DunblaneandBridgeofAllanWard_stirling12-03,0.4,OM
DunfermlineCentralWard_fife12-03.csv,0.4,OM
DunfermlineSouthWard_fife12-04.csv,0.4,OM
Dyce-Bucksburn-DanestoneWard_Ward1.csv,0.4,OM
EastBerwickshireWard_sc-borders12-07,0.4,OM
EastEnd_dundee17-07.csv,0.4,OM
EastGariochWard_aberdeenshire12-12.csv,0.4,OM
EastSutherlandandEddertonWard_highland12-05,0.4,OM
Eileana_CheWard_highland12-11,0.4,OM
ElginCitySouth_moray17-07,0.4,OM
FauldhouseandtheBriechValley_w-lothian12-06,0.4,OM
ForfarandDistrict_angus17-03.csv,0.4,OM
ForthandEndrick_stirling17-02,0.4,OM
GeorgeSt-HarbourWard_Ward8.csv,0.4,OM
GlenrothesCentralAndThorntonWard_fife12-16.csv,0.4,OM
HaddingtonandLammermuir_e-lothian17-05.csv,0.4,OM
HawickandDenholmWard_sc-borders12-10,0.4,OM
HawickandHermitageWard_sc-borders12-11,0.4,OM
HeldonandLaich_moray17-05,0.4,OM
HelensburghandLomondSouth_argyll-bute17-11.csv,0.4,OM
Highland_perth-kinross12-04,0.4,OM
Hilton-Woodside-StockethillWard_Ward5.csv,0.4,OM
HiltonWoodsideStockethillWard_aberdeen17-05.csv,0.4,OM
InverclydeCentral_inverclyde17-03,0.4,OM
InvernessNess-side_PreferenceProfile_V0001_Inverness_Ness_side_06052022_161539,0.4,OM
Kincorth-Nigg-CoveWard_Ward13.csv,0.4,OM
KincorthNiggCoveWard_aberdeen17-13.csv,0.4,OM
KirkintillochEastandNorthandTwechar_e-duns17-07.csv,0.4,OM
KirkintillochEastandTwechar_e-duns12-08.csv,0.4,OM
KirriemuirandDean_angus12-01.csv,0.4,OM
LandwardCaithnessWard_highland12-04,0.4,OM
LeithWalkWard_edinburgh by-election 2015 Leith Walk,0.4,OM
LevenWard_w-duns12-02,0.4,OM
Liberton_GilmertonWard_edinburgh12-16.csv,0.4,OM
LivingstonNorth_w-lothian12-03,0.4,OM
LochaTuath_eilean-siar17-08.csv,0.4,OM
Lochar_dumgal17-08.csv,0.4,OM
Lochee_dundee17-02.csv,0.4,OM
LowerDeesideWard_aberdeen17-09.csv,0.4,OM
Maryfield_dundee17-05.csv,0.4,OM
MidArgyll_argyll-bute17-03.csv,0.4,OM
MidlothianEas0_midlothian12-05_cleaned,0.4,OM
MidlothianSout0_midlothian12-06_cleaned,0.4,OM
NairnandCawdor_PreferenceProfile_V0001_Nairn_and_Cawdor_06052022_161539,0.4,OM
NithWard_dumgal12-10.csv,0.4,OM
NorthEast_dundee17-06.csv,0.4,OM
NorthIsles_shetland12-01,0.4,OM
Northfield-MastrickNorthWard_Ward4.csv,0.4,OM
NorthfieldMastrickNorthWard_aberdeen17-04.csv,0.4,OM
PeterheadNorthandRattrayWard_aberdeenshire12-05.csv,0.4,OM
Portobello_CraigmillarWard_edinburgh12-17.csv,0.4,OM
PrestonSetonandGosford_e-lothian17-02.csv,0.4,OM
RosythWard_fife12-05.csv,0.4,OM
SOUTHKINTYREWARD_argyll-bute12-01.csv,0.4,OM
Southside_NewingtonWard_edinburgh12-15.csv,0.4,OM
Springburn_springburn,0.4,OM
SteornabhaghaDeas_eilean-siar12-06.csv,0.4,OM
StirlingEast_stirling17-06,0.4,OM
StirlingNorth_stirling17-04,0.4,OM
StirlingWestWard_stirling12-05,0.4,OM
StranraerandtheRhins_dumgal17-01.csv,0.4,OM
StrathmartineWard_dundee12-01.csv,0.4,OM
Strathmartine_dundee17-01.csv,0.4,OM
Strathmore_perth-kinross12-02,0.4,OM
StromnessandSouthIsles_orkney12-03,0.4,OM
TainandEasterRossWard_highland12-08,0.4,OM
ThursoWard_highland12-02,0.4,OM
ThursoandNorthwestCaithness_PreferenceProfile_V0001_Thurso_and_Northwest_Caithness_06052022_161528,0.4,OM
Torry-FerryhillWard_Aberdeen City Torry-Ferryhill Ward by election 2019,0.4,OM
TranentWallyfordandMacmerry_e-lothian17-03.csv,0.4,OM
TroupWard_aberdeenshire12-02.csv,0.4,OM
TweeddaleWestWard_sc-borders12-01,0.4,OM
Ward04-SaltcoatsandStevenston_n-ayrshire12-04,0.4,OM
Ward06-DalryandWestKilbride_n-ayrshire12-06,0.4,OM
Ward07-KilbirnieandBeith_n-ayrshire12-07,0.4,OM
Ward09-IrvineSouth_Preference-Profile-Irvine-South_copy,0.4,OM
Ward1-Annick_Ward1.csv,0.4,OM
Ward1-BanffandDistrict_aberdeenshire17-01.csv,0.4,OM
Ward1-Bo_nessandBlackness_falkirk17-01.csv,0.4,OM
Ward1-CarseofGowrie_Ward1,0.4,OM
Ward1-ClydesdaleWest_s-lanarks17-01,0.4,OM
Ward1-Linlithgow_west lothian2022ward 1,0.4,OM
Ward1-Milngavie_ward1.csv,0.4,OM
Ward1-NorthIsles_shetland17-01,0.4,OM
Ward1-Penicuik_ward_1_penicuik_preference_profile_open_from_within_ms_word_or_similar,0.4,OM
Ward1-Strathmartine_Ward1.csv,0.4,OM
Ward1-TweeddaleWest_sc borders2022ward 1,0.4,OM
Ward10-EastKilbrideEast_s-lanarks17-10,0.4,OM
Ward10-Hazlehead-Ashley-QueensCross_aberdeen12-10.csv,0.4,OM
Ward10-PerthCitySouth_Ward10,0.4,OM
Ward10-PerthCitySouth_perth-kinross17-10,0.4,OM
Ward10Anderston-City_glasgow12-10.csv,0.4,OM
Ward11-CaolandMallaig_highland17-11,0.4,OM
Ward11-HawickHermitage_sc borders2022ward 11,0.4,OM
Ward11-KirkcaldyCentral_PreferenceProfile_V0001_Ward-11-Kirkcaldy-Central_06052022_145551.csv,0.4,OM
Ward11-PerthCityNorth_Perth and Kinross 2024 by-election Ward 11,0.4,OM
Ward11-PerthCityNorth_perth-kinross17-11,0.4,OM
Ward11-RutherglenSouth_ward_11_rutherglen_south_preference_profile,0.4,OM
Ward11Hillhead_Glasgow 2023 by-election Hillhead,0.4,OM
Ward12-AirdandLochNess_highland17-12,0.4,OM
Ward12-EastGarioch_Aberdeenshire 2021 by-election East Garioch,0.4,OM
Ward12-EastGarioch_aberdeenshire17-12.csv,0.4,OM
Ward12Fortissat_n-lanarks12-12,0.4,OM
Ward12VictoriaPark_Ward12,0.4,OM
Ward13-Fortissat_n-lanarks17-013,0.4,OM
Ward13-GlenrothesWestKinglassie_PreferenceProfile_V0001_Ward-13-Glenrothes-West-and-Kinglassie_06052022_145551.csv,0.4,OM
Ward13-InvernessWest_highland17-13,0.4,OM
Ward13-Leith_ward13.csv,0.4,OM
Ward13-WesthillandDistrict_preferenceprofile_v0001_ward-13-westhill-and-district_06052022_172124.csv,0.4,OM
Ward13Fortissat_North Lanarkshire 2024 by-election Ward 13,0.4,OM
Ward14-GlenrothesNorthLeslieMarkinch_PreferenceProfile_V0001_Ward-14-Glenrothes-North-Leslie-and-Markinch_06052022_151925.csv,0.4,OM
Ward14-GlenrothesNorthLeslieMarkinch_fife17-14.csv,0.4,OM
Ward14-Thorniewood_Preference Profile WArd 14 Thorniewood,0.4,OM
Ward14Drumchapel-Anniesland_glasgow12-14.csv,0.4,OM
Ward15-AboyneUpperDeesideandDonside_preferenceprofile_v0001_ward-15-aboyne-upper-deeside-and-donside_06052022_172124.csv,0.4,OM
Ward15-Blantyre_s-lanarks12-15,0.4,OM
Ward15-GlenrothesCentralThornton_PreferenceProfile_V0001_Ward-15-Glenrothes-Central-and-Thornton_06052022_145551.csv,0.4,OM
Ward15-Southside-Newington_ward15.csv,0.4,OM
Ward15Maryhill_Ward15,0.4,OM
Ward16-InvernessMillburn_highland17-16,0.4,OM
Ward16-MossendandHolytown_Preference Profile Ward 16 Mossend and Holytown,0.4,OM
Ward16-MossendandHolytown_n-lanarks17-016,0.4,OM
Ward16Canal_glasgow12-16.csv,0.4,OM
Ward17-MotherwellWest_Preference Profile Ward 17 Motherwell West,0.4,OM
Ward17-NorthKincardine_aberdeenshire17-17.csv,0.4,OM
Ward17-Portobello-Craigmillar_ward17.csv,0.4,OM
Ward17-TayBridgehead_PreferenceProfile_V0001_Ward-17-Tay-Bridgehead_06052022_145551.csv,0.4,OM
Ward17Springburn_glasgow12-17.csv,0.4,OM
Ward18-MotherwellNorth_Preference Profile Ward 18 Motherwell North,0.4,OM
Ward18-StonehavenandLowerDeeside_aberdeenshire17-18.csv,0.4,OM
Ward18EastCentre_glasgow12-18.csv,0.4,OM
Ward18EastCentre_glasgow17-018.csv,0.4,OM
Ward18MotherwellSouthEastandRavenscraig_n-lanarks12-18,0.4,OM
Ward19-EastNeukLandward_PreferenceProfile_V0001_Ward-19-East-Neuk-and-Landward_06052022_145551.csv,0.4,OM
Ward19-Mearns_aberdeenshire17-19.csv,0.4,OM
Ward19-MotherwellSouthEastandRavenscraig_Preference Profile Ward 19 Motherwell South East and Ravenscraig,0.4,OM
Ward1ClackmannanshireWest_ward1.csv,0.4,OM
Ward1Linn_Glasgow 2022 Linn Ward,0.4,OM
Ward1Linn_glasgow12-01.csv,0.4,OM
Ward1MusselburghWest_e-lothian12-01.csv,0.4,OM
Ward2-BrechinandEdzell_ward2.csv,0.4,OM
Ward2-BroxburnUphallandWinchburgh_west lothian2022ward 2,0.4,OM
Ward2-ClydesdaleNorth_s-lanarks17-02,0.4,OM
Ward2-CumbernauldNorth_Preference Profile Ward 2 Cumbernauld North,0.4,OM
Ward2-Grangemouth_falkirk17-02.csv,0.4,OM
Ward2-Grangemouth_ward2.csv,0.4,OM
Ward2-InverclydeEastCentral_PreferenceProfile_Ward-2,0.4,OM
Ward2-PentlandHills_edinburgh17-02.csv,0.4,OM
Ward2-PrestonSetonandGosford_Ward2.csv,0.4,OM
Ward2-Troup_preferenceprofile_v0001_ward-2-troup_06052022_172123.csv,0.4,OM
Ward20-Cupar_PreferenceProfile_V0001_Ward-20-Cupar_06052022_151928.csv,0.4,OM
Ward20-Larkhall_ward_20_larkhall_preference_profile,0.4,OM
Ward20-Murdostoun_Preference Profile Ward 20 Murdostoun,0.4,OM
Ward20Baillieston_glasgow17-020.csv,0.4,OM
Ward21-FortWilliamandArdnamurchan_Highland 2021 by-election Fort William,0.4,OM
Ward21-FortWilliamandArdnamurchan_highland17-21,0.4,OM
Ward21-LevenKennowayLargo_PreferenceProfile_V0001_Ward-21-Leven-Kennoway-and-Largo_06052022_145552.csv,0.4,OM
Ward21-Wishaw_Preference Profile Ward 21 Wishaw,0.4,OM
Ward21-Wishaw_n-lanarks17-021,0.4,OM
Ward23PartickEast-Kelvindale_Glasgow by-election 2021 Ward 23 Partick East-Kelvindale,0.4,OM
Ward23PartickEastKelvindale_glasgow17-023.csv,0.4,OM
Ward2Newlands-Auldburn_glasgow12-02.csv,0.4,OM
Ward3-AyrNorth_s-ayrshire12-03,0.4,OM
Ward3-AyrNorth_south ayrshire2022ward 3,0.4,OM
Ward3-BearsdenSouth_ward3.csv,0.4,OM
Ward3-ClydesdaleEast_s-lanarks17-03,0.4,OM
Ward3-CumbernauldSouth_Preference Profile Ward 3 Cumbernauld South,0.4,OM
Ward3-CumbernauldSouth_n-lanarks17-003,0.4,OM
Ward3-FraserburghandDistrict_preferenceprofile_v0001_ward-3-fraserburgh-and-district_06052022_172124.csv,0.4,OM
Ward3-InverclydeNorth_inverclyde12-03,0.4,OM
Ward3-LivingstonNorth_w-lothian17-03,0.4,OM
Ward3-LivingstonNorth_west lothian2022ward 3,0.4,OM
Ward3-TranentWallyfordandMacmerry_Ward3.csv,0.4,OM
Ward3-WickandEastCaithness_Highland 2021 by-election Wick,0.4,OM
Ward4-CentralBuchan_aberdeenshire17-04.csv,0.4,OM
Ward4-Coldside_Ward4.csv,0.4,OM
Ward4-CumbernauldEast_Preference Profile WArd 4 Cumbernauld East,0.4,OM
Ward4-CumbernauldEast_n-lanarks17-004,0.4,OM
Ward4-FochabersLhanbryde_file141896,0.4,OM
Ward4-MonifiethandSidlaw_ward4.csv,0.4,OM
Ward4-ShetlandCentral_ward-4-shetland-central-preference-profile,0.4,OM
Ward4-StirlingNorth_preferenceprofile_v0001_ward-4-stirling-north_06052022_124253,0.4,OM
Ward4-WestMainlandWard_ward4,0.4,OM
Ward4ClackmannanshireSouth_clacks17-004.csv,0.4,OM
Ward4ClackmannanshireSouth_ward4.csv,0.4,OM
Ward4Craigton_glasgow12-04.csv,0.4,OM
Ward5-AvondaleandStonehouse_ward_5_avondale_and_stonehouse_preference_profile,0.4,OM
Ward5-BonnybridgeandLarbert_falkirk17-05.csv,0.4,OM
Ward5-HaddingtonandLammermuir_Ward5.csv,0.4,OM
Ward5-InverclydeWest_PreferenceProfile_Ward-5,0.4,OM
Ward5-LeaderdaleMelrose_sc borders2022ward 5,0.4,OM
Ward5-LerwickNorthandBressay_ward-5-lerwick-north-and-bressay-preference-profile,0.4,OM
Ward5-Maryfield_Ward5.csv,0.4,OM
Ward5-MidlothianEast_ward_5_midlothian_east_preference_profile_open_from_within_ms_word_or_similar,0.4,OM
Ward5-PaisleyEastandCentral_renfs17-05,0.4,OM
Ward5Strathkelvin_n-lanarks12-05,0.4,OM
Ward6-EastKilbrideSouth_s-lanarks12-06,0.4,OM
Ward6-EastKilbrideSouth_s-lanarks17-06,0.4,OM
Ward6-EastKilbrideSouth_ward_6_east_kilbride_south_preference_profile,0.4,OM
Ward6-ElginCityNorth_file141913,0.4,OM
Ward6-GartcoshGlenboigandMoodiesburn_n-lanarks17-006,0.4,OM
Ward6-InverkeithingDalgetyBay_PreferenceProfile_V0001_Ward-6-Inverkeithing-and-Dalgety-Bay_06052022_151927.csv,0.4,OM
Ward6-IrvineValley_Ward6.csv,0.4,OM
Ward6-MidBerwickshire_sc borders2022ward 6,0.4,OM
Ward6-PeterheadSouthandCruden_preferenceprofile_v0001_ward-6-peterhead-south-and-cruden_06052022_172115.csv,0.4,OM
Ward6Pollokshields_glasgow12-06.csv,0.4,OM
Ward6Pollokshields_glasgow17-006.csv,0.4,OM
Ward7-Dunoon_ward7.csv,0.4,OM
Ward7-EastBerwickshire_sc borders2022ward 7,0.4,OM
Ward7-EastKilbrideCentralSouth_s-lanarks17-07,0.4,OM
Ward7-ElginCitySouth_file141915,0.4,OM
Ward7-FalkirkSouth_falkirk17-07.csv,0.4,OM
Ward7-FalkirkSouth_ward7.csv,0.4,OM
Ward7-InverclydeSouth_PreferenceProfile_Ward-7,0.4,OM
Ward7-KirkintillochEastNorthTwechar_ward7.csv,0.4,OM
Ward7-LerwickSouth_shetland17-07,0.4,OM
Ward7-PaisleySouthwest_Preference_profile_for_Ward_7_Paisley_Southwest_copy,0.4,OM
Ward7-Sighthill-Gorgie_ward7.csv,0.4,OM
Ward7-SighthillGorgie_edinburgh17-07.csv,0.4,OM
Ward7-Strathallan_Perth and Kinross 2024 by-election Ward 7,0.4,OM
Ward7-Strathallan_perth-kinross17-07,0.4,OM
Ward7-TainandEasterRoss_Highland 2023 by-election Ward 7,0.4,OM
Ward7-TainandEasterRoss_Highland 2024 by-election Ward 7,0.4,OM
Ward7-TainandEasterRoss_highland17-07,0.4,OM
Ward7-TurriffandDistrict_preferenceprofile_v0001_ward-7-turriff-and-district_06052022_172118.csv,0.4,OM
Ward7-WhitburnandBlackburn_west lothian2022ward 7,0.4,OM
Ward7AirdrieNorth_n-lanarks12-07,0.4,OM
Ward7Langside_glasgow17-007.csv,0.4,OM
Ward8-Bathgate_w-lothian17-08,0.4,OM
Ward8-EastKilbrideCentralNorth_s-lanarks17-08,0.4,OM
Ward8-GirvanandSouthCarrick_south ayrshire2022ward 8,0.4,OM
Ward8-KelsoDistrict_sc-borders17-08,0.4,OM
Ward8-Kinross-Shire_Ward8,0.4,OM
Ward8-TheFerry_Ward8.csv,0.4,OM
Ward8CumnockandNewCumnock_e-ayrshire12-08.csv,0.4,OM
Ward9-AirdrieCentral_Preference Profile WArd 9 Airdrie Central,0.4,OM
Ward9-AlmondandEarn_Perth Kinross 2016 by-election ward 9,0.4,OM
Ward9-EllonandDistrict_preferenceprofile_v0001_ward-9-ellon-and-district_06052022_172124.csv,0.4,OM
Ward9-JedburghandDistrict_sc-borders17-09,0.4,OM
Ward9-LowerDeeside_aberdeen12-09.csv,0.4,OM
Ward9-Nith_ward9.csv,0.4,OM
Ward9Calton_glasgow12-09.csv,0.4,OM
Ward9Calton_glasgow17-009.csv,0.4,OM
WestEndWard_dundee12-03.csv,0.4,OM
WestFifeAndCoastalVillagesWard_fife12-01.csv,0.4,OM
WesterRossStrathpefferandLochalsh_PreferenceProfile_V0001_Wester_Ross_Strathpeffer_and_Lochalsh_06052022_161539,0.4,OM
WickandEastCaithness_PreferenceProfile_V0001_Wick_and_East_Caithness_06052022_161532,0.4,OM
BishopbriggsNorthandTorrance_e-duns12-05.csv,0.5,OM
BuckieWard_moray12-03,0.5,OM
Buckie_moray17-03,0.5,OM
ClackmannanshireEast_clacks12-05.csv,0.5,OM
ElginCityNorthWard_moray12-06,0.5,OM
FalkirkNorth_falkirk12-06.csv,0.5,OM
Kyle_s-ayrshire17-06,0.5,OM
MonifiethandSidlaw_angus17-04.csv,0.5,OM
NetherleeStamperlandandWilliamwoodWard_e-renfs12-04.csv,0.5,OM
NorthWestDumfriesWard_dumgal12-07.csv,0.5,OM
Ward1-Lomond_west dunbartonshire2022ward 1,0.5,OM
Ward10-HoustonCrossleeandLinwood_Preference_profile_for_Ward_10_Houston_Crosslee_and_Linwood_copy,0.5,OM
Ward10-Morningside_edinburgh17-10.csv,0.5,OM
Ward12-AirdrieSouth_Preference Profile Ward 12 Airdrie South,0.5,OM
Ward15-Southside-Newington_edinburgh17-15.csv,0.5,OM
Ward19-HamiltonSouth_ward_19_hamilton_south_preference_profile,0.5,OM
Ward2MusselburghEastandCarberry_e-lothian12-02.csv,0.5,OM
Ward5-BonnybridgeandLarbert_Falkirk 2018 by-election bonnybridge,0.5,OM
Ward6-Kyle_s-ayrshire12-06,0.5,OM
Ward7-MayboleNorthCarrickandCoylton_s-ayrshire12-07,0.5,OM
Ward7-TurriffandDistrict_aberdeenshire17-07.csv,0.5,OM
Ward9LomondNorth_Argyll Bute by-election 2021 Lomond North,0.5,OM
Ward21NorthEast_glasgow17-021.csv,0.0,PM
COWALWARD_argyll-bute12-06.csv,0.1,PM
DingwallandSeaforthWard_highland12-09,0.1,PM
Dunoon_argyll-bute17-07.csv,0.1,PM
KirkwallEastWard_orkney17-01,0.1,PM
KirkwallEast_orkney12-01,0.1,PM
KirkwallWestandOrphir_orkney12-02,0.1,PM
LerwickSouth_shetland12-07,0.1,PM
NorthIslesWard_orkney17-06,0.1,PM
OBANNORTHANDLORNWARD_argyll-bute12-05.csv,0.1,PM
ObanNorthandLorn_argyll-bute17-05.csv,0.1,PM
SgireAnRubha_eilean-siar12-05.csv,0.1,PM
ShetlandWest_shetland12-03,0.1,PM
StAndrewsWard_fife12-19.csv,0.1,PM
SteornabhaghaTuath_eilean-siar12-07.csv,0.1,PM
Ward12-LeithWalk_edinburgh17-12.csv,0.1,PM
Ward2-KirkwallWestandOrphirWard_ward2,0.1,PM
Ward2UibhistaDeasEirisgeighagusBeinnnaFaoghla_ward02_preferenceprofile.csv,0.1,PM
Ward3-FraserburghandDistrict_aberdeenshire17-03.csv,0.1,PM
Ward3-WickandEastCaithness_highland17-03,0.1,PM
Ward6-CromartyFirth_Highland 2023 by-election Ward 6,0.1,PM
Ward6-CromartyFirth_highland17-06,0.1,PM
Ward6-LerwickSouth_ward-6-lerwick-south-preference-profile,0.1,PM
Ward9-BurntislandKinghornWesternKirkcaldy_fife17-09.csv,0.1,PM
Ward9SteornabhaghaTuath_ward09_preferenceprofile.csv,0.1,PM
WestMainland_orkney12-04,0.1,PM
Andersonward_anderston.csv,0.2,PM
BarraighBhatarsaighEirisgeighAgusUibhistADeas_eilean-siar12-01.csv,0.2,PM
BarraighBhatarsaighEirisgeighagusUibhistaDeas_eilean-siar17-01.csv,0.2,PM
BeinnnaFoghlaagusUibhistaTuath_eilean-siar17-02.csv,0.2,PM
BlackIsleWard_highland12-10,0.2,PM
BlackIsle_PreferenceProfile_V0001_Black_Isle_06052022_161539,0.2,PM
ClarkstonNetherleeandWilliamwood_e-renfs17-4.csv,0.2,PM
CromartyFirthWard_highland12-07,0.2,PM
CromartyFirth_PreferenceProfile_V0001_Cromarty_Firth_06052022_161538,0.2,PM
CullodenandArdersierWard_highland12-18,0.2,PM
Eileana_Cheo_PreferenceProfile_V0001_Eilean_a__Che___06052022_161539,0.2,PM
FortWilliamandArdnamurchanWard_highland12-22,0.2,PM
Kinross-shire_perth-kinross12-08,0.2,PM
Nith_dumgal17-09.csv,0.2,PM
NorthWestandCentralSutherlandWard_highland12-01,0.2,PM
ObanSouthandtheIsles_argyll-bute17-04.csv,0.2,PM
ShetlandNorth_shetland12-02,0.2,PM
StonehavenandLowerDeesideWard_aberdeenshire12-18.csv,0.2,PM
Ward1-NorthWestandCentralSutherland_highland17-01,0.2,PM
Ward10SteornabhaghaDeas_ward10_preferenceprofile.csv,0.2,PM
Ward18-StAndrews_fife17-18.csv,0.2,PM
Ward19-Mearns_preferenceprofile_v0001_ward-19-mearns_06052022_172124.csv,0.2,PM
Ward1Linn_glasgow17-001.csv,0.2,PM
Ward3-ShetlandWest_ward-3-shetland-west-preference-profile,0.2,PM
Ward4-ObanSouthandtheIsles_ward4.csv,0.2,PM
Ward5-WesterRossStrathpefferandLochalsh_highland17-05,0.2,PM
AnTaobhSiaragusNis_eilean-siar12-09.csv,0.3,PM
AnTaobhSiaragusNis_eilean-siar17-09.csv,0.3,PM
AnnandaleEastandEskdaleWard_dumgal12-13.csv,0.3,PM
AnnandaleNorthWard_dumgal12-12.csv,0.3,PM
ArbroathEastandLunan_angus17-07.csv,0.3,PM
ArbroathWestandLetham_angus12-06.csv,0.3,PM
BadenochandStrathspey_PreferenceProfile_V0001_Badenoch_and_Strathspey_06052022_161540,0.3,PM
BeinnNaFoghlaAgusUibhistATuath_eilean-siar12-02.csv,0.3,PM
BridgeofDonWard_aberdeen17-02.csv,0.3,PM
CastleWard_stirling12-04,0.3,PM
Coldside_dundee17-04.csv,0.3,PM
DalryandWestKilbride_n-ayrshire17-06,0.3,PM
DeeandGlenkens_dumgal17-03.csv,0.3,PM
EastMainlandSouthRonaldsayandBurray_orkney12-05,0.3,PM
FraserburghandDistrictWard_aberdeenshire12-03.csv,0.3,PM
GalashielsandDistrictWard_sc-borders12-03,0.3,PM
GeorgeStHarbourWard_aberdeen17-08.csv,0.3,PM
Greaterpollok_greater pollok,0.3,PM
InvernessCentral_PreferenceProfile_V0001_Inverness_Central_06052022_161539,0.3,PM
InvernessNess-sideWard_highland12-16,0.3,PM
InvernessSouthWard_highland12-20,0.3,PM
InvernessWestWard_highland12-14,0.3,PM
InvernessWest_PreferenceProfile_V0001_Inverness_West_06052022_161539,0.3,PM
InverurieandDistrictWard_aberdeenshire12-11.csv,0.3,PM
KelsoDistrictWard_sc-borders12-08,0.3,PM
KirkwallWestandOrphirWard_orkney17-02,0.3,PM
LOMONDNORTHWARD_argyll-bute12-09.csv,0.3,PM
Langside_langside,0.3,PM
LeithWalkWard_edinburgh12-12.csv,0.3,PM
LenzieandKirkintillochSouth_e-duns17-06.csv,0.3,PM
LerwickNorth_shetland12-06,0.3,PM
Maryhill_maryhill,0.3,PM
MidlothianWes0_midlothian12-04_cleaned,0.3,PM
MidlothianWest_midlothian17-04,0.3,PM
MidstocketRosemountWard_aberdeen17-07.csv,0.3,PM
Musselburgh_e-lothian17-01.csv,0.3,PM
NaHearadhagusCeannaDeasnanLoch_eilean-siar17-03.csv,0.3,PM
NairnWard_highland12-19,0.3,PM
NeilstonUplawmoorandNewtonMearnsNorthWard_e-renfs12-01.csv,0.3,PM
Newlands_newlands,0.3,PM
OBANSOUTHANDTHEISLESWARD_argyll-bute12-04.csv,0.3,PM
PerthCitySouth_perth-kinross12-10,0.3,PM
Pollokshields_pollokshields,0.3,PM
Sgir_UigeAgusCeannATuathNanLoch_eilean-siar12-04.csv,0.3,PM
ShetlandCentral_shetland12-04,0.3,PM
SouthsideCentral_southsidecentral,0.3,PM
SteornabhaghaDeas_eilean-siar17-06.csv,0.3,PM
Stevenston_n-ayrshire17-04,0.3,PM
Tillydrone-Seaton-OldAberdeenWard_Ward6.csv,0.3,PM
TillydroneSeatonOldAberdeenWard_aberdeen17-06.csv,0.3,PM
Torry-FerryhillWard_Ward12.csv,0.3,PM
TorryFerryhillWard_aberdeen17-12.csv,0.3,PM
Ward05-ArdrossanandArran_n-ayrshire12-05,0.3,PM
Ward07-IrvineWest_Preference-Profile-Irvine-West_copy,0.3,PM
Ward1-BanffandDistrict_ward1.csv,0.3,PM
Ward10-WestGarioch_preferenceprofile_v0001_ward-10-west-garioch_06052022_172124.csv,0.3,PM
Ward10Anderston-City-Yorkhill_Ward10,0.3,PM
Ward10AnderstonCityYorkhill_glasgow17-010.csv,0.3,PM
Ward11-KirkcaldyCentral_fife17-11.csv,0.3,PM
Ward11Hillhead_glasgow12-11.csv,0.3,PM
Ward12-ErskineandInchinnan_renfs17-12,0.3,PM
Ward12-KirkcaldyEast_fife17-12.csv,0.3,PM
Ward12-PerthCityCentre_Ward12,0.3,PM
Ward12-Torry-Ferryhill_aberdeen12-12.csv,0.3,PM
Ward13GarscaddenScotstounhill_glasgow17-013.csv,0.3,PM
Ward14-InvernessCentral_highland17-14,0.3,PM
Ward14DrumchapelAnniesland_glasgow17-014.csv,0.3,PM
Ward15-GlenrothesCentralThornton_fife17-15.csv,0.3,PM
Ward16Canal_Ward16,0.3,PM
Ward16Canal_glasgow17-016.csv,0.3,PM
Ward17-CullodenandArdersier_highland17-17,0.3,PM
Ward17-NorthKincardine_preferenceprofile_v0001_ward-17-north-kincardine_06052022_172124.csv,0.3,PM
Ward18-StonehavenandLowerDeeside_preferenceprofile_v0001_ward-18-stonehaven-and-lower-deeside_06052022_172124.csv,0.3,PM
Ward19-InvernessSouth_Highland 2024 by-election Ward 19,0.3,PM
Ward19-InvernessSouth_highland17-19,0.3,PM
Ward1ClackmannanshireWest_clacks17-001.csv,0.3,PM
Ward1Linn_Ward1,0.3,PM
Ward2-BridgeofDon_aberdeen12-02.csv,0.3,PM
Ward2-BroxburnUphallandWinchburgh_w-lothian17-02,0.3,PM
Ward2-ThursoandNorthwestCaithness_highland17-02,0.3,PM
Ward20-BadenochandStrathspey_highland17-20,0.3,PM
Ward20-Murdostoun_n-lanarks17-020,0.3,PM
Ward2ClackmannanshireNorth_clacks17-002.csv,0.3,PM
Ward2ClackmannanshireNorth_ward2.csv,0.3,PM
Ward3-DennyandBanknock_falkirk17-03.csv,0.3,PM
Ward3-DunfermlineCentral_fife17-03.csv,0.3,PM
Ward3-GalashielsDistrict_sc borders2022ward 3,0.3,PM
Ward3-GalashielsandDistrict_sc-borders17-03,0.3,PM
Ward3-Mid-Argyll_ward3.csv,0.3,PM
Ward3-PaisleyNortheastandRalston_renfs17-03,0.3,PM
Ward3-ShetlandWest_shetland17-03,0.3,PM
Ward3-StromnessandSouthIslesWard_ward3,0.3,PM
Ward4-CastleDouglasandCrocketford_ward4.csv,0.3,PM
Ward4-CentralBuchan_preferenceprofile_v0001_ward-4-central-buchan_06052022_172124.csv,0.3,PM
Ward4-DunfermlineSouth_PreferenceProfile_V0001_Ward-4-Dunfermline-South_06052022_151924.csv,0.3,PM
Ward4-EastSutherlandandEdderton_highland17-04,0.3,PM
Ward4-Forth_edinburgh17-04.csv,0.3,PM
Ward4-InverclydeNorth_PreferenceProfile_Ward-4,0.3,PM
Ward4-PaisleyNorthwest_Preference_profile_for_Ward_4_Paisley_Northwest_copy,0.3,PM
Ward4-PaisleyNorthwest_renfs17-04,0.3,PM
Ward4-Selkirkshire_sc-borders17-04,0.3,PM
Ward4Cardonald_glasgow17-004.csv,0.3,PM
Ward4ClarkstonNetherleeandWilliamwood_ward4_copy.csv,0.3,PM
Ward5-EastLivingstonandEastCalder_west lothian2022ward 5,0.3,PM
Ward5-ObanNorthandLorn_ward5.csv,0.3,PM
Ward5-PeterheadNorthandRattray_preferenceprofile_v0001_ward-5-peterhead-north-and-rattray_06052022_172118.csv,0.3,PM
Ward5-Rosyth_fife17-05.csv,0.3,PM
Ward5Govan_glasgow17-005.csv,0.3,PM
Ward6-ArbroathWestLethamandFriockheim_ward6.csv,0.3,PM
Ward6-PaisleySoutheast_Preference_profile_for_Ward_6_Paisley_Southeast_copy,0.3,PM
Ward6-PaisleySoutheast_renfs17-06,0.3,PM
Ward7-CoatbridgeNorth_n-lanarks17-007,0.3,PM
Ward7AnTaobhSiaragusNis_ward07_preferenceprofile.csv,0.3,PM
Ward8-GeorgeStreet-Harbour_aberdeen12-08.csv,0.3,PM
Ward8-IsleofBute_ward8.csv,0.3,PM
Ward8-Kinross-shire_perth-kinross17-08,0.3,PM
Ward8-MontroseandDistrict_ward8.csv,0.3,PM
Ward8SouthsideCentral_glasgow17-008.csv,0.3,PM
Ward9-DoonValley_East Ayrshire by-election 2024 Ward 9,0.3,PM
Ward9-JohnstoneNorthKilbarchanHowwoodandLochwinnoch_renfs17-09,0.3,PM
Ward9-LomondNorth_ward9.csv,0.3,PM
Ward9-UpperBraes_ward9.csv,0.3,PM
Ward9Calton_Ward9,0.3,PM
WestEnd_dundee17-03.csv,0.3,PM
WestMainlandWard_orkney17-04,0.3,PM
11.ErskineInchinnanWard_renfs12-11,0.4,PM
4.PaisleyNorthWestWard_renfs12-04,0.4,PM
5.PaisleySouthWard_renfs12-05,0.4,PM
7.JohnstoneSouthElderslieHowwoodWard_renfs12-07,0.4,PM
Abbey_dumgal17-05.csv,0.4,PM
AirdandLochNessWard_highland12-13,0.4,PM
AirdandLochNess_PreferenceProfile_V0001_Aird_and_Loch_Ness_06052022_161539,0.4,PM
AlmondWard_edinburgh12-01.csv,0.4,PM
AnnandaleSouthWard_dumgal12-11.csv,0.4,PM
AnnandaleSouth_dumgal17-10.csv,0.4,PM
Annick_e-ayrshire17-01.csv,0.4,PM
ArdrossanandArran_n-ayrshire17-05,0.4,PM
BadenochandStrathspeyWard_highland12-21,0.4,PM
Bailliestonward_baillieston.csv,0.4,PM
Ballochmyle_e-ayrshire17-07.csv,0.4,PM
Bannockburn_stirling17-07,0.4,PM
BarrheadLibosideandUplawmoor_e-renfs17-1.csv,0.4,PM
BarrheadWard_e-renfs12-02.csv,0.4,PM
Bathgate_w-lothian12-08,0.4,PM
BearsdenNorth_e-duns12-02.csv,0.4,PM
BishopbriggsNorthandCampsie_e-duns17-04.csv,0.4,PM
Bonnyrig0_midlothian12-02_cleaned,0.4,PM
BrechinandEdzell_angus17-02.csv,0.4,PM
BridgeofDonWard_Ward2.csv,0.4,PM
BuckhavenMethilAndWemyssVillagesWard_fife12-23.csv,0.4,PM
BurntislandKinghornAndWesternKirkcaldyWard_fife12-10.csv,0.4,PM
Caltonward_calton.csv,0.4,PM
CaolandMallaigWard_highland12-12,0.4,PM
CarnoustieandDistrict_angus17-05.csv,0.4,PM
CastleDouglasandGlenkensWard_dumgal12-05.csv,0.4,PM
CentralBuchanWard_aberdeenshire12-04.csv,0.4,PM
ClackmannanshireNorth_clacks12-02.csv,0.4,PM
ClackmannanshireWest_clacks12-01.csv,0.4,PM
ClydebankWaterfrontWard_w-duns12-06,0.4,PM
ClydebankWaterfront_w-duns17-06,0.4,PM
ColdsideWard_dundee12-04.csv,0.4,PM
Craigentinny_DuddingstonWard_edinburgh12-14.csv,0.4,PM
CullodenandArdersier_PreferenceProfile_V0001_Culloden_and_Ardersier_06052022_161539,0.4,PM
CumnockandNewCumnock_e-ayrshire17-08.csv,0.4,PM
DUNOONWARD_argyll-bute12-07.csv,0.4,PM
Dalkeit0_midlothian12-03_cleaned,0.4,PM
Dalkeith_midlothian17-03,0.4,PM
DeeWard_dumgal12-04.csv,0.4,PM
DennyandBanknock_falkirk12-03.csv,0.4,PM
DingwallandSeaforth_PreferenceProfile_V0001_Dingwall_and_Seaforth_06052022_161539,0.4,PM
DoonValley_e-ayrshire17-09.csv,0.4,PM
DrumBrae_GyleWard_edinburgh12-03.csv,0.4,PM
DumbartonWard_w-duns12-03,0.4,PM
DunfermlineCentralWard_fife12-03.csv,0.4,PM
DunfermlineSouthWard_fife12-04.csv,0.4,PM
Dyce-Bucksburn-DanestoneWard_Ward1.csv,0.4,PM
DyceBucksburnDanestoneWard_Aberdeen_2023_by_election_Dyce_Bucksburn_Danestone,0.4,PM
DyceBucksburnDanestoneWard_aberdeen17-01.csv,0.4,PM
EastBerwickshireWard_sc-borders12-07,0.4,PM
EastEnd_dundee17-07.csv,0.4,PM
EastGariochWard_aberdeenshire12-12.csv,0.4,PM
EastSutherlandandEddertonWard_highland12-05,0.4,PM
Eileana_CheWard_highland12-11,0.4,PM
FalkirkSouth_falkirk12-07.csv,0.4,PM
FochabersLhanbryde_moray17-04,0.4,PM
ForfarandDistrict_angus12-03.csv,0.4,PM
ForfarandDistrict_angus17-03.csv,0.4,PM
Forres_moray17-08,0.4,PM
ForthWard_edinburgh12-04.csv,0.4,PM
ForthandEndrickWard_stirling12-02,0.4,PM
GeorgeSt-HarbourWard_Ward8.csv,0.4,PM
GiffnockandThornliebank_e-renfs17-3.csv,0.4,PM
GlenrothesNorthLeslieAndMarkinchWard_fife12-15.csv,0.4,PM
GlenrothesWestAndKinglassieWard_fife12-14.csv,0.4,PM
Grangemouth_falkirk12-02.csv,0.4,PM
HELENSBURGHCENTRALWARD_argyll-bute12-10.csv,0.4,PM
HaddingtonandLammermuir_e-lothian17-05.csv,0.4,PM
HawickandDenholmWard_sc-borders12-10,0.4,PM
HawickandHermitageWard_sc-borders12-11,0.4,PM
HeldonandLaichWard_moray12-05,0.4,PM
HeldonandLaich_moray17-05,0.4,PM
HelensburghandLomondSouth_argyll-bute17-11.csv,0.4,PM
Highland_perth-kinross12-04,0.4,PM
Hilton-Woodside-StockethillWard_Ward5.csv,0.4,PM
HiltonWoodsideStockethillWard_aberdeen17-05.csv,0.4,PM
HoweOfFifeAndTayCoastWard_fife12-17.csv,0.4,PM
HuntlyStrathbogieandHoweofAlfordWard_aberdeenshire12-14.csv,0.4,PM
ISLEOFBUTEWARD_argyll-bute12-08.csv,0.4,PM
InverclydeNorth_inverclyde17-04,0.4,PM
InverclydeSouthWest_inverclyde17-06,0.4,PM
InverclydeSouth_inverclyde17-07,0.4,PM
InverkeithingAndDalgetyBayWard_fife12-06.csv,0.4,PM
InvernessCentralWard_highland12-15,0.4,PM
InvernessNess-side_PreferenceProfile_V0001_Inverness_Ness_side_06052022_161539,0.4,PM
InvernessSouth_PreferenceProfile_V0001_Inverness_South_06052022_161540,0.4,PM
IrvineSouth_n-ayrshire17-10,0.4,PM
IrvineValley_e-ayrshire17-06.csv,0.4,PM
IrvineWest_n-ayrshire17-01,0.4,PM
IsleofBute_argyll-bute17-08.csv,0.4,PM
JedburghandDistrictWard_sc-borders12-09,0.4,PM
KINTYREANDTHEISLANDSWARD_argyll-bute12-02.csv,0.4,PM
KilbirnieandBeith_n-ayrshire17-07,0.4,PM
Kincorth-Nigg-CoveWard_Ward13.csv,0.4,PM
KincorthNiggCoveWard_aberdeen17-13.csv,0.4,PM
KintyreandtheIslands_argyll-bute17-02.csv,0.4,PM
KirkintillochEastandNorthandTwechar_e-duns17-07.csv,0.4,PM
KirkintillochEastandTwechar_e-duns12-08.csv,0.4,PM
LandwardCaithnessWard_highland12-04,0.4,PM
LeithWalkWard_edinburgh by-election 2015 Leith Walk,0.4,PM
LeithWard_edinburgh12-13.csv,0.4,PM
LevenKennowayAndLargoWard_fife12-22.csv,0.4,PM
LevenWard_w-duns12-02,0.4,PM
Leven_w-duns17-02,0.4,PM
Liberton_GilmertonWard_edinburgh12-16.csv,0.4,PM
LivingstonNorth_w-lothian12-03,0.4,PM
LochaTuath_eilean-siar12-08.csv,0.4,PM
LochaTuath_eilean-siar17-08.csv,0.4,PM
Lochar_dumgal17-08.csv,0.4,PM
LocheeWard_dundee12-02.csv,0.4,PM
Lochee_dundee17-02.csv,0.4,PM
LomondNorth_argyll-bute17-09.csv,0.4,PM
LomondWard_w-duns12-01,0.4,PM
Lomond_w-duns17-01,0.4,PM
LowerDeesideWard_Ward9.csv,0.4,PM
LowerDeesideWard_aberdeen17-09.csv,0.4,PM
Maryfield_dundee17-05.csv,0.4,PM
MearnsWard_aberdeenshire12-19.csv,0.4,PM
MidArgyll_argyll-bute17-03.csv,0.4,PM
MidFormartineWard_aberdeenshire12-08.csv,0.4,PM
MidGallowayandWigtownWest_dumgal17-02.csv,0.4,PM
MidlothianEas0_midlothian12-05_cleaned,0.4,PM
MidlothianSouth_midlothian17-06,0.4,PM
MontroseandDistrict_angus12-08.csv,0.4,PM
MontroseandDistrict_angus17-08.csv,0.4,PM
NairnandCawdor_PreferenceProfile_V0001_Nairn_and_Cawdor_06052022_161539,0.4,PM
NewtonMearnsNorthandNeilston_e-renfs17-2.csv,0.4,PM
NithWard_dumgal12-10.csv,0.4,PM
NorthEast_dundee17-06.csv,0.4,PM
NorthKincardineWard_aberdeenshire12-17.csv,0.4,PM
NorthWestDumfries_dumgal17-06.csv,0.4,PM
NorthWestandCentralSutherland_PreferenceProfile_V0001_North_West_and_Central_Sutherland_06052022_161534,0.4,PM
Northfield-MastrickNorthWard_Ward4.csv,0.4,PM
NorthfieldMastrickNorthWard_aberdeen17-04.csv,0.4,PM
PentlandHillsWard_edinburgh12-02.csv,0.4,PM
PerthCityCentre_perth-kinross12-12,0.4,PM
PerthCityNorth_perth-kinross12-11,0.4,PM
PeterheadNorthandRattrayWard_aberdeenshire12-05.csv,0.4,PM
Portobello_CraigmillarWard_edinburgh12-17.csv,0.4,PM
PrestonSetonandGosford_e-lothian17-02.csv,0.4,PM
RosythWard_fife12-05.csv,0.4,PM
SOUTHKINTYREWARD_argyll-bute12-01.csv,0.4,PM
SelkirkshireWard_sc-borders12-04,0.4,PM
SgireanRubha_eilean-siar17-05.csv,0.4,PM
Southside_NewingtonWard_edinburgh12-15.csv,0.4,PM
Springburn_springburn,0.4,PM
SteornabhaghaDeas_eilean-siar12-06.csv,0.4,PM
StirlingEast_stirling17-06,0.4,PM
StirlingNorth_stirling17-04,0.4,PM
StranraerandtheRhins_dumgal17-01.csv,0.4,PM
StrathmartineWard_dundee12-01.csv,0.4,PM
Strathmartine_dundee17-01.csv,0.4,PM
Strathmore_perth-kinross12-02,0.4,PM
StromnessandSouthIsles_orkney12-03,0.4,PM
TainandEasterRossWard_highland12-08,0.4,PM
TheFerry_dundee17-08.csv,0.4,PM
ThursoWard_highland12-02,0.4,PM
Torry-FerryhillWard_Aberdeen City Torry-Ferryhill Ward by election 2019,0.4,PM
TranentWallyfordandMacmerry_e-lothian17-03.csv,0.4,PM
TroupWard_aberdeenshire12-02.csv,0.4,PM
TweeddaleEastWard_sc-borders12-02,0.4,PM
TweeddaleWestWard_sc-borders12-01,0.4,PM
Ward01-IrvineWest_n-ayrshire12-01,0.4,PM
Ward02-IrvineEast_n-ayrshire12-02,0.4,PM
Ward03-Ardrossan_Preference-Profile-Ardrossan_copy,0.4,PM
Ward04-Arran_Preference-Profile-Arran_copy,0.4,PM
Ward04-SaltcoatsandStevenston_n-ayrshire12-04,0.4,PM
Ward05-SaltcoatsandStevenston_Preference-Profile-Saltcoats-and-Stevenston_copy,0.4,PM
Ward06-DalryandWestKilbride_n-ayrshire12-06,0.4,PM
Ward07-KilbirnieandBeith_n-ayrshire12-07,0.4,PM
Ward08-IrvineEast_Preference-Profile-Irvine-East_copy,0.4,PM
Ward09-IrvineSouth_Preference-Profile-Irvine-South_copy,0.4,PM
Ward1-CarseofGowrie_Ward1,0.4,PM
Ward1-ClydesdaleWest_s-lanarks12-01,0.4,PM
Ward1-ClydesdaleWest_s-lanarks17-01,0.4,PM
Ward1-Dyce-Bucksburn-Danestone_aberdeen12-01.csv,0.4,PM
Ward1-Musselburgh_Ward1.csv,0.4,PM
Ward1-RenfrewNorthandBraehead_renfs17-01,0.4,PM
Ward1-StranraerandtheRhins_ward1.csv,0.4,PM
Ward1-Strathmartine_Ward1.csv,0.4,PM
Ward1-Troon_south ayrshire2022ward 1,0.4,PM
Ward1-TrossachsandTeith_preferenceprofile_v0001_ward-1-trossachs-and-teith_06052022_124254,0.4,PM
Ward1-TweeddaleWest_sc-borders17-01,0.4,PM
Ward1-WestFifeCoastalVillages_PreferenceProfile_V0001_Ward-1-West-Fife-and-Coastal-Villages_06052022_145537.csv,0.4,PM
Ward1-WestFifeCoastalVillages_fife17-01.csv,0.4,PM
Ward10-EastKilbrideEast_s-lanarks17-10,0.4,PM
Ward10-EastKilbrideEast_ward_10_east_kilbride_east_preference_profile,0.4,PM
Ward10-Hazlehead-Ashley-QueensCross_aberdeen12-10.csv,0.4,PM
Ward10-HelensburghCentral_ward10.csv,0.4,PM
Ward10-HoustonCrossleeandLinwood_renfs17-10,0.4,PM
Ward10-PerthCitySouth_perth-kinross17-10,0.4,PM
Ward10Anderston-City_glasgow12-10.csv,0.4,PM
Ward11-CaolandMallaig_highland17-11,0.4,PM
Ward11-CoatbridgeSouth_n-lanarks17-011,0.4,PM
Ward11-HawickHermitage_sc borders2022ward 11,0.4,PM
Ward11-KirkcaldyCentral_PreferenceProfile_V0001_Ward-11-Kirkcaldy-Central_06052022_145551.csv,0.4,PM
Ward11-PerthCityNorth_Perth and Kinross 2024 by-election Ward 11,0.4,PM
Ward11-PerthCityNorth_perth-kinross17-11,0.4,PM
Ward11AirdrieSouth_n-lanarks12-11,0.4,PM
Ward11Hillhead_Glasgow 2023 by-election Hillhead,0.4,PM
Ward11Hillhead_glasgow17-011.csv,0.4,PM
Ward12-AirdandLochNess_highland17-12,0.4,PM
Ward12-AirdrieSouth_n-lanarks17-012,0.4,PM
Ward12-AnnandaleEastandEskdale_ward12.csv,0.4,PM
Ward12-KirkcaldyEast_PreferenceProfile_V0001_Ward-12-Kirkcaldy-East_06052022_151925.csv,0.4,PM
Ward12-PerthCityCentre_perth-kinross17-12,0.4,PM
Ward13-CambuslangWest_s-lanarks17-13,0.4,PM
Ward13-Fortissat_n-lanarks17-013,0.4,PM
Ward13-GlenrothesWestKinglassie_fife17-13.csv,0.4,PM
Ward13-InvernessWest_highland 2021 by-election Inverness West,0.4,PM
Ward13-InvernessWest_highland17-13,0.4,PM
Ward13-Kincorth-Loirston_aberdeen12-13.csv,0.4,PM
Ward13-Leith_ward13.csv,0.4,PM
Ward13Fortissat_North Lanarkshire 2024 by-election Ward 13,0.4,PM
Ward13Garscadden-Scotstounhill_Ward13,0.4,PM
Ward14-CambuslangEast_s-lanarks17-14,0.4,PM
Ward14-CambuslangEast_ward_14_cambuslang_east_preference_profile,0.4,PM
Ward14-Craigentinny-Duddingston_edinburgh17-14.csv,0.4,PM
Ward14-GlenrothesNorthLeslieMarkinch_PreferenceProfile_V0001_Ward-14-Glenrothes-North-Leslie-and-Markinch_06052022_151925.csv,0.4,PM
Ward14-GlenrothesNorthLeslieMarkinch_fife17-14.csv,0.4,PM
Ward14-HuntlyStrathbogieandHoweofAlford_preferenceprofile_v0001_ward-14-huntly-strathbogie-and-howe-of-alford_06052022_172124.csv,0.4,PM
Ward14-InvernessCentral_Highland 2024 by-election Ward 14,0.4,PM
Ward14Drumchapel-Anniesland_Glasgow 2024 by-election Ward 14,0.4,PM
Ward14Drumchapel-Anniesland_glasgow12-14.csv,0.4,PM
Ward15-Blantyre_s-lanarks12-15,0.4,PM
Ward15-Blantyre_s-lanarks17-15,0.4,PM
Ward15-GlenrothesCentralThornton_PreferenceProfile_V0001_Ward-15-Glenrothes-Central-and-Thornton_06052022_145551.csv,0.4,PM
Ward15Maryhill-Kelvin_glasgow12-15.csv,0.4,PM
Ward15Maryhill_Glasgow 2024 by-election Ward 15,0.4,PM
Ward15Maryhill_Ward15,0.4,PM
Ward16-InvernessMillburn_highland17-16,0.4,PM
Ward16-Liberton-Gilmerton_ward16.csv,0.4,PM
Ward16Canal_glasgow12-16.csv,0.4,PM
Ward17-HamiltonNorthandEast_s-lanarks12-17,0.4,PM
Ward17-HamiltonNorthandEast_s-lanarks17-17,0.4,PM
Ward17-MotherwellWest_n-lanarks17-017,0.4,PM
Ward17-NorthKincardine_aberdeenshire17-17.csv,0.4,PM
Ward17-Portobello-Craigmillar_ward17.csv,0.4,PM
Ward17-TayBridgehead_PreferenceProfile_V0001_Ward-17-Tay-Bridgehead_06052022_145551.csv,0.4,PM
Ward17Springburn-Robroyston_Ward17,0.4,PM
Ward17SpringburnRobroyston_glasgow17-017.csv,0.4,PM
Ward17Springburn_glasgow12-17.csv,0.4,PM
Ward18-HamiltonWestandEarnock_s-lanarks17-18,0.4,PM
Ward18-HamiltonWestandEarnock_ward_18_hamilton_west_and_earnock_preference_profile,0.4,PM
Ward18-StonehavenandLowerDeeside_aberdeenshire17-18.csv,0.4,PM
Ward18EastCentre_glasgow12-18.csv,0.4,PM
Ward18EastCentre_glasgow17-018.csv,0.4,PM
Ward18MotherwellSouthEastandRavenscraig_n-lanarks12-18,0.4,PM
Ward19-EastNeukLandward_PreferenceProfile_V0001_Ward-19-East-Neuk-and-Landward_06052022_145551.csv,0.4,PM
Ward19-Mearns_aberdeenshire17-19.csv,0.4,PM
Ward19-MotherwellSouthEastandRavenscraig_Preference Profile Ward 19 Motherwell South East and Ravenscraig,0.4,PM
Ward19Shettleston_Ward19,0.4,PM
Ward19Shettleston_glasgow17-019.csv,0.4,PM
Ward1BarrheadLibosideandUplawmoor_ward1_copy.csv,0.4,PM
Ward1ClackmannanshireWest_ward1.csv,0.4,PM
Ward1Linn_Glasgow 2022 Linn Ward,0.4,PM
Ward1Linn_glasgow12-01.csv,0.4,PM
Ward1MusselburghWest_e-lothian12-01.csv,0.4,PM
Ward2-BroxburnUphallandWinchburgh_west lothian2022ward 2,0.4,PM
Ward2-ClydesdaleNorth_s-lanarks17-02,0.4,PM
Ward2-CumbernauldNorth_Preference Profile Ward 2 Cumbernauld North,0.4,PM
Ward2-DunfermlineNorth_PreferenceProfile_V0001_Ward-2-Dunfermline-North_06052022_151927.csv,0.4,PM
Ward2-DunfermlineNorth_fife17-02.csv,0.4,PM
Ward2-ForthandEndrick_preferenceprofile_v0001_ward-2-forth-and-endrick_06052022_124253,0.4,PM
Ward2-Grangemouth_ward2.csv,0.4,PM
Ward2-KintyreandtheIslands_ward2.csv,0.4,PM
Ward2-Leven_west dunbartonshire2022ward 2,0.4,PM
Ward2-Lochee_Dundee 2024 by-election Lochee,0.4,PM
Ward2-Lochee_Ward2.csv,0.4,PM
Ward2-PentlandHills_ward2.csv,0.4,PM
Ward2-PrestonSetonandGosford_Ward2.csv,0.4,PM
Ward2-RenfrewSouthandGallowhill_renfs17-02,0.4,PM
Ward2-TweeddaleEast_sc borders2022ward 2,0.4,PM
Ward20-Cupar_PreferenceProfile_V0001_Ward-20-Cupar_06052022_151928.csv,0.4,PM
Ward20-Larkhall_s-lanarks17-20,0.4,PM
Ward20-Larkhall_ward_20_larkhall_preference_profile,0.4,PM
Ward20-Murdostoun_Preference Profile Ward 20 Murdostoun,0.4,PM
Ward20Baillieston_glasgow12-20.csv,0.4,PM
Ward20Baillieston_glasgow17-020.csv,0.4,PM
Ward21-FortWilliamandArdnamurchan_Highland 2021 by-election Fort William,0.4,PM
Ward21-FortWilliamandArdnamurchan_highland17-21,0.4,PM
Ward21-LevenKennowayLargo_PreferenceProfile_V0001_Ward-21-Leven-Kennoway-and-Largo_06052022_145552.csv,0.4,PM
Ward21-LevenKennowayLargo_fife17-21.csv,0.4,PM
Ward21-Wishaw_n-lanarks17-021,0.4,PM
Ward21NorthEast_Glasgow 2024 by-election Ward 21,0.4,PM
Ward21NorthEast_Ward21,0.4,PM
Ward22-BuckhavenMethilWemyssVillages_PreferenceProfile_V0001_Ward-22-Buckhaven-Methil-and-Wemyss-Villages_06052022_151928.csv,0.4,PM
Ward22-BuckhavenMethilWemyssVillages_fife17-22.csv,0.4,PM
Ward23PartickEast-Kelvindale_Ward23,0.4,PM
Ward23PartickEastKelvindale_glasgow17-023.csv,0.4,PM
Ward2CumbernauldNorth_n-lanarks12-02,0.4,PM
Ward2Newlands-Auldburn_glasgow12-02.csv,0.4,PM
Ward3-AyrNorth_south ayrshire2022ward 3,0.4,PM
Ward3-BearsdenSouth_ward3.csv,0.4,PM
Ward3-BlairgowrieandGlens_Ward3,0.4,PM
Ward3-ClydesdaleEast_s-lanarks17-03,0.4,PM
Ward3-ClydesdaleEast_ward_3_clydesdale_east_preference_profile,0.4,PM
Ward3-CumbernauldSouth_Preference Profile Ward 3 Cumbernauld South,0.4,PM
Ward3-CumbernauldSouth_n-lanarks17-003,0.4,PM
Ward3-DeeandGlenkens_ward3.csv,0.4,PM
Ward3-Dumbarton_west dunbartonshire2022ward 3,0.4,PM
Ward3-DunfermlineCentral_PreferenceProfile_V0001_Ward-3-Dunfermline-Central_06052022_145551.csv,0.4,PM
Ward3-ForfarandDistrict_ward3.csv,0.4,PM
Ward3-FraserburghandDistrict_preferenceprofile_v0001_ward-3-fraserburgh-and-district_06052022_172124.csv,0.4,PM
Ward3-InverclydeNorth_inverclyde12-03,0.4,PM
Ward3-KilmarnockWestandCrosshouse_Ward3.csv,0.4,PM
Ward3-Kingswells-Sheddocksley_aberdeen12-03.csv,0.4,PM
Ward3-LivingstonNorth_w-lothian17-03,0.4,PM
Ward3-LivingstonNorth_west lothian2022ward 3,0.4,PM
Ward3-TranentWallyfordandMacmerry_Ward3.csv,0.4,PM
Ward3-WestEnd_Ward3.csv,0.4,PM
Ward3ClackmannanshireCentral_clackmannanshire 2019 by-election ward 3 central,0.4,PM
Ward3ClackmannanshireCentral_ward3.csv,0.4,PM
Ward3CumbernauldSouth_n-lanarks12-03,0.4,PM
Ward3GreaterPollok_glasgow12-03.csv,0.4,PM
Ward3GreaterPollok_glasgow17-003.csv,0.4,PM
Ward4-AyrEast_s-ayrshire12-04,0.4,PM
Ward4-AyrEast_south ayrshire2022ward 4,0.4,PM
Ward4-BishopbriggsNorthCampsie_ward4.csv,0.4,PM
Ward4-CarseKinnairdandTryst_falkirk17-04.csv,0.4,PM
Ward4-ClydesdaleSouth_s-lanarks17-04,0.4,PM
Ward4-ClydesdaleSouth_ward_4_clydesdale_south_preference_profile,0.4,PM
Ward4-Coldside_Ward4.csv,0.4,PM
Ward4-CumbernauldEast_Preference Profile WArd 4 Cumbernauld East,0.4,PM
Ward4-CumbernauldEast_n-lanarks17-004,0.4,PM
Ward4-DunfermlineSouth_fife17-04.csv,0.4,PM
Ward4-Forth_ward4.csv,0.4,PM
Ward4-Highland_Perth Kinross 2018 by-election Ward 4,0.4,PM
Ward4-Highland_Ward4,0.4,PM
Ward4-LivingstonSouth_w-lothian17-04,0.4,PM
Ward4-MonifiethandSidlaw_ward4.csv,0.4,PM
Ward4-NorthBerwickCoastal_Ward4.csv,0.4,PM
Ward4-ShetlandCentral_ward-4-shetland-central-preference-profile,0.4,PM
Ward4-StirlingNorth_preferenceprofile_v0001_ward-4-stirling-north_06052022_124253,0.4,PM
Ward4-WestMainlandWard_ward4,0.4,PM
Ward4Cardonald_Ward4,0.4,PM
Ward4ClackmannanshireSouth_clacks17-004.csv,0.4,PM
Ward4ClackmannanshireSouth_ward4.csv,0.4,PM
Ward4Craigton_glasgow12-04.csv,0.4,PM
Ward5-AvondaleandStonehouse_s-lanarks17-05,0.4,PM
Ward5-AvondaleandStonehouse_ward_5_avondale_and_stonehouse_preference_profile,0.4,PM
Ward5-AyrWest_south ayrshire2022ward 5,0.4,PM
Ward5-CarnoustieandDistrict_ward5.csv,0.4,PM
Ward5-EastLivingstonandEastCalder_w-lothian17-05,0.4,PM
Ward5-HaddingtonandLammermuir_Ward5.csv,0.4,PM
Ward5-Hilton-Stockethill_aberdeen12-05.csv,0.4,PM
Ward5-InverclydeWest_PreferenceProfile_Ward-5,0.4,PM
Ward5-Inverleith_edinburgh17-05.csv,0.4,PM
Ward5-LeaderdaleMelrose_sc borders2022ward 5,0.4,PM
Ward5-LeaderdaleandMelrose_Scottish Borders 2021 by-elction Ward 5,0.4,PM
Ward5-LeaderdaleandMelrose_sc-borders17-05,0.4,PM
Ward5-LerwickNorthandBressay_ward-5-lerwick-north-and-bressay-preference-profile,0.4,PM
Ward5-Maryfield_Ward5.csv,0.4,PM
Ward5-PaisleyEastandCentral_renfs17-05,0.4,PM
Ward5-Rosyth_PreferenceProfile_V0001_Ward-5-Rosyth_06052022_145544.csv,0.4,PM
Ward5-SteppsChrystonandMuirhead_Preference Profile Ward 5 Stepps Chryston and Muirhead,0.4,PM
Ward5ClackmannanshireEast_ward5.csv,0.4,PM
Ward5Strathkelvin_n-lanarks12-05,0.4,PM
Ward6-Cowal_ward6.csv,0.4,PM
Ward6-EastKilbrideSouth_s-lanarks12-06,0.4,PM
Ward6-EastKilbrideSouth_s-lanarks17-06,0.4,PM
Ward6-EastKilbrideSouth_ward_6_east_kilbride_south_preference_profile,0.4,PM
Ward6-FauldhouseandtheBreichValley_west lothian2022ward 6,0.4,PM
Ward6-GartcoshGlenboigandMoodiesburn_n-lanarks17-006,0.4,PM
Ward6-InverclydeSouthWest_inverclyde12-06,0.4,PM
Ward6-InverkeithingDalgetyBay_PreferenceProfile_V0001_Ward-6-Inverkeithing-and-Dalgety-Bay_06052022_151927.csv,0.4,PM
Ward6-InverkeithingDalgetyBay_fife17-06.csv,0.4,PM
Ward6-MidBerwickshire_sc borders2022ward 6,0.4,PM
Ward6-MidlothianSouth_ward_6_midlothian_south_dalkeith_preference_profile_open_from_within_ms_word_or_similar,0.4,PM
Ward6-StirlingEast_preferenceprofile_v0001_ward-6-stirling-east_06052022_124253,0.4,PM
Ward6-Strathearn_perth-kinross17-06,0.4,PM
Ward6-Tillydrone-Seaton-OldAberdeen_aberdeen12-06.csv,0.4,PM
Ward6Pollokshields_glasgow12-06.csv,0.4,PM
Ward6Pollokshields_glasgow17-006.csv,0.4,PM
Ward7-Bannockburn_preferenceprofile_v0001_ward-7-bannockburn_06052022_124254,0.4,PM
Ward7-CoatbridgeNorth_Preference Profile WArd 7 Coatbridge North,0.4,PM
Ward7-Cowdenbeath_PreferenceProfile_V0001_Ward-7-Cowdenbeath_06052022_145532.csv,0.4,PM
Ward7-Dunoon_ward7.csv,0.4,PM
Ward7-EastBerwickshire_sc borders2022ward 7,0.4,PM
Ward7-EastKilbrideCentralSouth_ward_7_east_kilbride_central_south_preference_profile,0.4,PM
Ward7-FalkirkSouth_Falkirk 2024 Ward 7 by-election,0.4,PM
Ward7-Midstocket-Rosemount_aberdeen12-07.csv,0.4,PM
Ward7-PaisleySouthwest_renfs17-07,0.4,PM
Ward7-Sighthill-Gorgie_ward7.csv,0.4,PM
Ward7-SighthillGorgie_edinburgh17-07.csv,0.4,PM
Ward7-Strathallan_perth-kinross17-07,0.4,PM
Ward7-TainandEasterRoss_Highland 2023 by-election Ward 7,0.4,PM
Ward7-TainandEasterRoss_Highland 2024 by-election Ward 7,0.4,PM
Ward7-TainandEasterRoss_highland17-07,0.4,PM
Ward7-WhitburnandBlackburn_West Lothian 2024 by-election Ward 7,0.4,PM
Ward7AirdrieNorth_n-lanarks12-07,0.4,PM
Ward7Langside_glasgow12-07-recalc.csv,0.4,PM
Ward7Langside_glasgow17-007.csv,0.4,PM
Ward8-AirdrieNorth_Preference Profile Ward 8 Airdrie North,0.4,PM
Ward8-AirdrieNorth_n-lanarks17-008,0.4,PM
Ward8-Bathgate_w-lothian17-08,0.4,PM
Ward8-Bathgate_west lothian2022ward 8,0.4,PM
Ward8-DingwallandSeaforth_highland17-08,0.4,PM
Ward8-EastKilbrideCentralNorth_s-lanarks12-08,0.4,PM
Ward8-EastKilbrideCentralNorth_s-lanarks17-08,0.4,PM
Ward8-GirvanandSouthCarrick_south ayrshire2022ward 8,0.4,PM
Ward8-JohnstoneSouthandElderslie_renfs17-08,0.4,PM
Ward8-KelsoDistrict_sc-borders17-08,0.4,PM
Ward8-Kinross-Shire_Ward8,0.4,PM
Ward8-LochgellyCardendenBenarty_PreferenceProfile_V0001_Ward-8-Lochgelly-Cardenden-and-Benarty_06052022_151928.csv,0.4,PM
Ward8-LowerBraes_falkirk17-08.csv,0.4,PM
Ward8-LowerBraes_ward8.csv,0.4,PM
Ward8-MidFormartine_aberdeenshire17-08.csv,0.4,PM
Ward8-TheFerry_Ward8.csv,0.4,PM
Ward8CumnockandNewCumnock_e-ayrshire12-08.csv,0.4,PM
Ward8SouthsideCentral_glasgow12-08.csv,0.4,PM
Ward9-AirdrieCentral_n-lanarks17-009,0.4,PM
Ward9-BlackIsle_highland17-09,0.4,PM
Ward9-BurntislandKinghornWesternKirkcaldy_PreferenceProfile_V0001_Ward-9-Burntisland-Kinghorn-and-Western-Kirkcaldy_06052022_145551.csv,0.4,PM
Ward9-EastKilbrideWest_ward_9_east_kilbride_west_preference_profile,0.4,PM
Ward9-EllonandDistrict_preferenceprofile_v0001_ward-9-ellon-and-district_06052022_172124.csv,0.4,PM
Ward9-JohnstoneNorthKilbarchanHowwoodandLochwinnoch_Preference_profile_for_Ward_9_Johnstone_North_Kilbarchan_Howwood_and_Lochwinnoch_copy,0.4,PM
Ward9-LowerDeeside_aberdeen12-09.csv,0.4,PM
Ward9-UpperBraes_falkirk17-09.csv,0.4,PM
Ward9Calton_glasgow12-09.csv,0.4,PM
Ward9Calton_glasgow17-009.csv,0.4,PM
WestEndWard_dundee12-03.csv,0.4,PM
WestFifeAndCoastalVillagesWard_fife12-01.csv,0.4,PM
WesterRossStrathpefferandLochalshWard_highland12-06,0.4,PM
WhitburnandBlackburn_w-lothian12-07,0.4,PM
WickandEastCaithness_PreferenceProfile_V0001_Wick_and_East_Caithness_06052022_161532,0.4,PM
