file,candidate_cloned,numCands,0.0,0.01,0.02,0.03,0.04,0.05,0.06,0.07,0.08,0.09,percent
Ward2-Leven_west dunbartonshire2022ward 2.csv,none,8,"('John Kelly MILLAR (Lab)', 5)","('John Kelly MILLAR (Lab)', 6)","('John Kelly MILLAR (Lab)', 7)","('John Kelly MILLAR (Lab)', 6)","('John Kelly MILLAR (Lab)', 6)","('John Kelly MILLAR (Lab)', 6)","('John Kelly MILLAR (Lab)', 6)","('John Kelly MILLAR (Lab)', 7)","('John Kelly MILLAR (Lab)', 7)","('John Kelly MILLAR (Lab)', 7)",0
Ward2-Leven_west dunbartonshire2022ward 2.csv,frozenset({'Paula BAKER (Grn)'}),9,"('John Kelly MILLAR (Lab)', 6)","('John Kelly MILLAR (Lab)', 7)","('John Kelly MILLAR (Lab)', 8)","('John Kelly MILLAR (Lab)', 7)","('John Kelly MILLAR (Lab)', 7)","('John Kelly MILLAR (Lab)', 7)","('John Kelly MILLAR (Lab)', 7)","('John Kelly MILLAR (Lab)', 8)","('John Kelly MILLAR (Lab)', 8)","('John Kelly MILLAR (Lab)', 8)",0
Ward2-Leven_west dunbartonshire2022ward 2.csv,frozenset({'Ian DICKSON (SNP)'}),9,"('John Kelly MILLAR (Lab)', 6)","('John Kelly MILLAR (Lab)', 7)","('John Kelly MILLAR (Lab)', 8)","('John Kelly MILLAR (Lab)', 7)","('John Kelly MILLAR (Lab)', 7)","('John Kelly MILLAR (Lab)', 7)","('John Kelly MILLAR (Lab)', 7)","('John Kelly MILLAR (Lab)', 8)","('John Kelly MILLAR (Lab)', 8)","('John Kelly MILLAR (Lab)', 8)",0
Ward2-Leven_west dunbartonshire2022ward 2.csv,frozenset({'Ronnie MCCOLL (SNP)'}),9,"('John Kelly MILLAR (Lab)', 6)","('John Kelly MILLAR (Lab)', 7)","('John Kelly MILLAR (Lab)', 8)","('John Kelly MILLAR (Lab)', 7)","('John Kelly MILLAR (Lab)', 7)","('John Kelly MILLAR (Lab)', 7)","('John Kelly MILLAR (Lab)', 7)","('John Kelly MILLAR (Lab)', 8)","('John Kelly MILLAR (Lab)', 8)","('John Kelly MILLAR (Lab)', 8)",0
Ward2-Leven_west dunbartonshire2022ward 2.csv,frozenset({'John Kelly MILLAR (Lab)'}),9,"('John Kelly MILLAR (Lab)', 6)","('John Kelly MILLAR (Lab)', 7)","('John Kelly MILLAR (Lab)', 8)","('John Kelly MILLAR (Lab)', 7)","('John Kelly MILLAR (Lab)', 7)","('John Kelly MILLAR (Lab)', 7)","('John Kelly MILLAR (Lab)', 7)","('John Kelly MILLAR (Lab)', 8)","('John Kelly MILLAR (Lab)', 8)","('John Kelly MILLAR (Lab)', 8)",0
Ward2-Leven_west dunbartonshire2022ward 2.csv,frozenset({'Jim BOLLAN (WDuns)'}),9,"('John Kelly MILLAR (Lab)', 6)","('John Kelly MILLAR (Lab)', 7)","('John Kelly MILLAR (Lab)', 8)","('John Kelly MILLAR (Lab)', 7)","('John Kelly MILLAR (Lab)', 7)","('John Kelly MILLAR (Lab)', 7)","('John Kelly MILLAR (Lab)', 7)","('John Kelly MILLAR (Lab)', 8)","('John Kelly MILLAR (Lab)', 8)","('John Kelly MILLAR (Lab)', 8)",0
Ward2-Leven_west dunbartonshire2022ward 2.csv,frozenset({'Matthew DILLON (Con)'}),9,"('John Kelly MILLAR (Lab)', 6)","('John Kelly MILLAR (Lab)', 7)","('John Kelly MILLAR (Lab)', 8)","('John Kelly MILLAR (Lab)', 7)","('John Kelly MILLAR (Lab)', 7)","('John Kelly MILLAR (Lab)', 7)","('John Kelly MILLAR (Lab)', 7)","('John Kelly MILLAR (Lab)', 8)","('John Kelly MILLAR (Lab)', 8)","('John Kelly MILLAR (Lab)', 8)",0
Ward2-Leven_west dunbartonshire2022ward 2.csv,frozenset({'Sian WILKIE (Ind)'}),9,"('John Kelly MILLAR (Lab)', 6)","('John Kelly MILLAR (Lab)', 7)","('John Kelly MILLAR (Lab)', 8)","('John Kelly MILLAR (Lab)', 7)","('John Kelly MILLAR (Lab)', 7)","('John Kelly MILLAR (Lab)', 7)","('John Kelly MILLAR (Lab)', 7)","('John Kelly MILLAR (Lab)', 8)","('John Kelly MILLAR (Lab)', 8)","('John Kelly MILLAR (Lab)', 8)",0
Ward2-Leven_west dunbartonshire2022ward 2.csv,frozenset({'Michelle Marie MCGINTY (Lab)'}),9,"('John Kelly MILLAR (Lab)', 6)","('John Kelly MILLAR (Lab)', 7)","('John Kelly MILLAR (Lab)', 8)","('John Kelly MILLAR (Lab)', 7)","('John Kelly MILLAR (Lab)', 7)","('John Kelly MILLAR (Lab)', 7)","('John Kelly MILLAR (Lab)', 7)","('John Kelly MILLAR (Lab)', 8)","('John Kelly MILLAR (Lab)', 8)","('John Kelly MILLAR (Lab)', 8)",0
Ward2-Leven_west dunbartonshire2022ward 2.csv,none,8,"('John Kelly MILLAR (Lab)', 5)","('John Kelly MILLAR (Lab)', 6)","('John Kelly MILLAR (Lab)', 7)","('John Kelly MILLAR (Lab)', 6)","('John Kelly MILLAR (Lab)', 6)","('John Kelly MILLAR (Lab)', 6)","('John Kelly MILLAR (Lab)', 6)","('John Kelly MILLAR (Lab)', 7)","('John Kelly MILLAR (Lab)', 7)","('John Kelly MILLAR (Lab)', 7)",10
Ward2-Leven_west dunbartonshire2022ward 2.csv,frozenset({'Paula BAKER (Grn)'}),9,"('John Kelly MILLAR (Lab)', 6)","('John Kelly MILLAR (Lab)', 7)","('John Kelly MILLAR (Lab)', 8)","('John Kelly MILLAR (Lab)', 7)","('John Kelly MILLAR (Lab)', 7)","('John Kelly MILLAR (Lab)', 7)","('John Kelly MILLAR (Lab)', 7)","('John Kelly MILLAR (Lab)', 8)","('John Kelly MILLAR (Lab)', 8)","('John Kelly MILLAR (Lab)', 8)",10
Ward2-Leven_west dunbartonshire2022ward 2.csv,frozenset({'Ian DICKSON (SNP)'}),9,"('John Kelly MILLAR (Lab)', 6)","('John Kelly MILLAR (Lab)', 7)","('John Kelly MILLAR (Lab)', 8)","('John Kelly MILLAR (Lab)', 7)","('John Kelly MILLAR (Lab)', 7)","('John Kelly MILLAR (Lab)', 7)","('John Kelly MILLAR (Lab)', 7)","('John Kelly MILLAR (Lab)', 8)","('John Kelly MILLAR (Lab)', 8)","('John Kelly MILLAR (Lab)', 8)",10
Ward2-Leven_west dunbartonshire2022ward 2.csv,frozenset({'Ronnie MCCOLL (SNP)'}),9,"('John Kelly MILLAR (Lab)', 6)","('John Kelly MILLAR (Lab)', 7)","('John Kelly MILLAR (Lab)', 8)","('John Kelly MILLAR (Lab)', 7)","('John Kelly MILLAR (Lab)', 7)","('John Kelly MILLAR (Lab)', 7)","('John Kelly MILLAR (Lab)', 7)","('John Kelly MILLAR (Lab)', 8)","('John Kelly MILLAR (Lab)', 8)","('John Kelly MILLAR (Lab)', 8)",10
Ward2-Leven_west dunbartonshire2022ward 2.csv,frozenset({'John Kelly MILLAR (Lab)'}),9,"('Clone', 6)","('John Kelly MILLAR (Lab)', 7)","('John Kelly MILLAR (Lab)', 8)","('John Kelly MILLAR (Lab)', 7)","('John Kelly MILLAR (Lab)', 7)","('John Kelly MILLAR (Lab)', 7)","('John Kelly MILLAR (Lab)', 7)","('John Kelly MILLAR (Lab)', 8)","('John Kelly MILLAR (Lab)', 8)","('John Kelly MILLAR (Lab)', 8)",10
Ward2-Leven_west dunbartonshire2022ward 2.csv,frozenset({'Jim BOLLAN (WDuns)'}),9,"('John Kelly MILLAR (Lab)', 6)","('John Kelly MILLAR (Lab)', 7)","('John Kelly MILLAR (Lab)', 8)","('John Kelly MILLAR (Lab)', 7)","('John Kelly MILLAR (Lab)', 7)","('John Kelly MILLAR (Lab)', 7)","('John Kelly MILLAR (Lab)', 7)","('John Kelly MILLAR (Lab)', 8)","('John Kelly MILLAR (Lab)', 8)","('John Kelly MILLAR (Lab)', 8)",10
Ward2-Leven_west dunbartonshire2022ward 2.csv,frozenset({'Matthew DILLON (Con)'}),9,"('John Kelly MILLAR (Lab)', 6)","('John Kelly MILLAR (Lab)', 7)","('John Kelly MILLAR (Lab)', 8)","('John Kelly MILLAR (Lab)', 7)","('John Kelly MILLAR (Lab)', 7)","('John Kelly MILLAR (Lab)', 7)","('John Kelly MILLAR (Lab)', 7)","('John Kelly MILLAR (Lab)', 8)","('John Kelly MILLAR (Lab)', 8)","('John Kelly MILLAR (Lab)', 8)",10
Ward2-Leven_west dunbartonshire2022ward 2.csv,frozenset({'Sian WILKIE (Ind)'}),9,"('John Kelly MILLAR (Lab)', 6)","('John Kelly MILLAR (Lab)', 7)","('John Kelly MILLAR (Lab)', 8)","('John Kelly MILLAR (Lab)', 7)","('John Kelly MILLAR (Lab)', 7)","('John Kelly MILLAR (Lab)', 7)","('John Kelly MILLAR (Lab)', 7)","('John Kelly MILLAR (Lab)', 8)","('John Kelly MILLAR (Lab)', 8)","('John Kelly MILLAR (Lab)', 8)",10
Ward2-Leven_west dunbartonshire2022ward 2.csv,frozenset({'Michelle Marie MCGINTY (Lab)'}),9,"('John Kelly MILLAR (Lab)', 6)","('John Kelly MILLAR (Lab)', 7)","('John Kelly MILLAR (Lab)', 8)","('John Kelly MILLAR (Lab)', 7)","('John Kelly MILLAR (Lab)', 7)","('John Kelly MILLAR (Lab)', 7)","('John Kelly MILLAR (Lab)', 7)","('John Kelly MILLAR (Lab)', 8)","('John Kelly MILLAR (Lab)', 8)","('John Kelly MILLAR (Lab)', 8)",10
Ward2-Leven_west dunbartonshire2022ward 2.csv,none,8,"('John Kelly MILLAR (Lab)', 5)","('John Kelly MILLAR (Lab)', 6)","('John Kelly MILLAR (Lab)', 7)","('John Kelly MILLAR (Lab)', 6)","('John Kelly MILLAR (Lab)', 6)","('John Kelly MILLAR (Lab)', 6)","('John Kelly MILLAR (Lab)', 6)","('John Kelly MILLAR (Lab)', 7)","('John Kelly MILLAR (Lab)', 7)","('John Kelly MILLAR (Lab)', 7)",20
Ward2-Leven_west dunbartonshire2022ward 2.csv,frozenset({'Paula BAKER (Grn)'}),9,"('John Kelly MILLAR (Lab)', 6)","('John Kelly MILLAR (Lab)', 7)","('John Kelly MILLAR (Lab)', 8)","('John Kelly MILLAR (Lab)', 7)","('John Kelly MILLAR (Lab)', 7)","('John Kelly MILLAR (Lab)', 7)","('John Kelly MILLAR (Lab)', 7)","('John Kelly MILLAR (Lab)', 8)","('John Kelly MILLAR (Lab)', 8)","('John Kelly MILLAR (Lab)', 8)",20
Ward2-Leven_west dunbartonshire2022ward 2.csv,frozenset({'Ian DICKSON (SNP)'}),9,"('John Kelly MILLAR (Lab)', 6)","('John Kelly MILLAR (Lab)', 7)","('John Kelly MILLAR (Lab)', 8)","('John Kelly MILLAR (Lab)', 7)","('John Kelly MILLAR (Lab)', 7)","('John Kelly MILLAR (Lab)', 7)","('John Kelly MILLAR (Lab)', 7)","('John Kelly MILLAR (Lab)', 8)","('John Kelly MILLAR (Lab)', 8)","('John Kelly MILLAR (Lab)', 8)",20
Ward2-Leven_west dunbartonshire2022ward 2.csv,frozenset({'Ronnie MCCOLL (SNP)'}),9,"('John Kelly MILLAR (Lab)', 6)","('John Kelly MILLAR (Lab)', 7)","('John Kelly MILLAR (Lab)', 8)","('John Kelly MILLAR (Lab)', 7)","('John Kelly MILLAR (Lab)', 7)","('John Kelly MILLAR (Lab)', 7)","('John Kelly MILLAR (Lab)', 7)","('John Kelly MILLAR (Lab)', 8)","('John Kelly MILLAR (Lab)', 8)","('John Kelly MILLAR (Lab)', 8)",20
Ward2-Leven_west dunbartonshire2022ward 2.csv,frozenset({'John Kelly MILLAR (Lab)'}),9,"('Clone', 6)","('John Kelly MILLAR (Lab)', 7)","('John Kelly MILLAR (Lab)', 8)","('John Kelly MILLAR (Lab)', 7)","('John Kelly MILLAR (Lab)', 7)","('John Kelly MILLAR (Lab)', 7)","('John Kelly MILLAR (Lab)', 7)","('John Kelly MILLAR (Lab)', 8)","('John Kelly MILLAR (Lab)', 8)","('John Kelly MILLAR (Lab)', 8)",20
Ward2-Leven_west dunbartonshire2022ward 2.csv,frozenset({'Jim BOLLAN (WDuns)'}),9,"('John Kelly MILLAR (Lab)', 6)","('John Kelly MILLAR (Lab)', 7)","('John Kelly MILLAR (Lab)', 8)","('John Kelly MILLAR (Lab)', 7)","('John Kelly MILLAR (Lab)', 7)","('John Kelly MILLAR (Lab)', 7)","('John Kelly MILLAR (Lab)', 7)","('John Kelly MILLAR (Lab)', 8)","('John Kelly MILLAR (Lab)', 8)","('John Kelly MILLAR (Lab)', 8)",20
Ward2-Leven_west dunbartonshire2022ward 2.csv,frozenset({'Matthew DILLON (Con)'}),9,"('John Kelly MILLAR (Lab)', 6)","('John Kelly MILLAR (Lab)', 7)","('John Kelly MILLAR (Lab)', 8)","('John Kelly MILLAR (Lab)', 7)","('John Kelly MILLAR (Lab)', 7)","('John Kelly MILLAR (Lab)', 7)","('John Kelly MILLAR (Lab)', 7)","('John Kelly MILLAR (Lab)', 8)","('John Kelly MILLAR (Lab)', 8)","('John Kelly MILLAR (Lab)', 8)",20
Ward2-Leven_west dunbartonshire2022ward 2.csv,frozenset({'Sian WILKIE (Ind)'}),9,"('John Kelly MILLAR (Lab)', 6)","('John Kelly MILLAR (Lab)', 7)","('John Kelly MILLAR (Lab)', 8)","('John Kelly MILLAR (Lab)', 7)","('John Kelly MILLAR (Lab)', 7)","('John Kelly MILLAR (Lab)', 7)","('John Kelly MILLAR (Lab)', 7)","('John Kelly MILLAR (Lab)', 8)","('John Kelly MILLAR (Lab)', 8)","('John Kelly MILLAR (Lab)', 8)",20
Ward2-Leven_west dunbartonshire2022ward 2.csv,frozenset({'Michelle Marie MCGINTY (Lab)'}),9,"('John Kelly MILLAR (Lab)', 6)","('John Kelly MILLAR (Lab)', 7)","('John Kelly MILLAR (Lab)', 8)","('John Kelly MILLAR (Lab)', 7)","('John Kelly MILLAR (Lab)', 7)","('John Kelly MILLAR (Lab)', 7)","('John Kelly MILLAR (Lab)', 7)","('John Kelly MILLAR (Lab)', 8)","('John Kelly MILLAR (Lab)', 8)","('John Kelly MILLAR (Lab)', 8)",20
Ward2-Leven_west dunbartonshire2022ward 2.csv,none,8,"('John Kelly MILLAR (Lab)', 5)","('John Kelly MILLAR (Lab)', 6)","('John Kelly MILLAR (Lab)', 7)","('John Kelly MILLAR (Lab)', 6)","('John Kelly MILLAR (Lab)', 6)","('John Kelly MILLAR (Lab)', 6)","('John Kelly MILLAR (Lab)', 6)","('John Kelly MILLAR (Lab)', 7)","('John Kelly MILLAR (Lab)', 7)","('John Kelly MILLAR (Lab)', 7)",30
Ward2-Leven_west dunbartonshire2022ward 2.csv,frozenset({'Paula BAKER (Grn)'}),9,"('John Kelly MILLAR (Lab)', 6)","('John Kelly MILLAR (Lab)', 7)","('John Kelly MILLAR (Lab)', 8)","('John Kelly MILLAR (Lab)', 7)","('John Kelly MILLAR (Lab)', 7)","('John Kelly MILLAR (Lab)', 7)","('John Kelly MILLAR (Lab)', 7)","('John Kelly MILLAR (Lab)', 8)","('John Kelly MILLAR (Lab)', 8)","('John Kelly MILLAR (Lab)', 8)",30
Ward2-Leven_west dunbartonshire2022ward 2.csv,frozenset({'Ian DICKSON (SNP)'}),9,"('John Kelly MILLAR (Lab)', 6)","('John Kelly MILLAR (Lab)', 7)","('John Kelly MILLAR (Lab)', 8)","('John Kelly MILLAR (Lab)', 7)","('John Kelly MILLAR (Lab)', 7)","('John Kelly MILLAR (Lab)', 7)","('John Kelly MILLAR (Lab)', 7)","('John Kelly MILLAR (Lab)', 8)","('John Kelly MILLAR (Lab)', 8)","('John Kelly MILLAR (Lab)', 8)",30
Ward2-Leven_west dunbartonshire2022ward 2.csv,frozenset({'Ronnie MCCOLL (SNP)'}),9,"('John Kelly MILLAR (Lab)', 6)","('John Kelly MILLAR (Lab)', 7)","('John Kelly MILLAR (Lab)', 8)","('John Kelly MILLAR (Lab)', 7)","('John Kelly MILLAR (Lab)', 7)","('John Kelly MILLAR (Lab)', 7)","('John Kelly MILLAR (Lab)', 7)","('John Kelly MILLAR (Lab)', 8)","('John Kelly MILLAR (Lab)', 8)","('John Kelly MILLAR (Lab)', 8)",30
Ward2-Leven_west dunbartonshire2022ward 2.csv,frozenset({'John Kelly MILLAR (Lab)'}),9,"('Clone', 6)","('John Kelly MILLAR (Lab)', 7)","('John Kelly MILLAR (Lab)', 8)","('John Kelly MILLAR (Lab)', 7)","('John Kelly MILLAR (Lab)', 7)","('John Kelly MILLAR (Lab)', 7)","('John Kelly MILLAR (Lab)', 7)","('John Kelly MILLAR (Lab)', 8)","('John Kelly MILLAR (Lab)', 8)","('John Kelly MILLAR (Lab)', 8)",30
Ward2-Leven_west dunbartonshire2022ward 2.csv,frozenset({'Jim BOLLAN (WDuns)'}),9,"('John Kelly MILLAR (Lab)', 6)","('John Kelly MILLAR (Lab)', 7)","('John Kelly MILLAR (Lab)', 8)","('John Kelly MILLAR (Lab)', 7)","('John Kelly MILLAR (Lab)', 7)","('John Kelly MILLAR (Lab)', 7)","('John Kelly MILLAR (Lab)', 7)","('John Kelly MILLAR (Lab)', 8)","('John Kelly MILLAR (Lab)', 8)","('John Kelly MILLAR (Lab)', 8)",30
Ward2-Leven_west dunbartonshire2022ward 2.csv,frozenset({'Matthew DILLON (Con)'}),9,"('John Kelly MILLAR (Lab)', 6)","('John Kelly MILLAR (Lab)', 7)","('John Kelly MILLAR (Lab)', 8)","('John Kelly MILLAR (Lab)', 7)","('John Kelly MILLAR (Lab)', 7)","('John Kelly MILLAR (Lab)', 7)","('John Kelly MILLAR (Lab)', 7)","('John Kelly MILLAR (Lab)', 8)","('John Kelly MILLAR (Lab)', 8)","('John Kelly MILLAR (Lab)', 8)",30
Ward2-Leven_west dunbartonshire2022ward 2.csv,frozenset({'Sian WILKIE (Ind)'}),9,"('John Kelly MILLAR (Lab)', 6)","('John Kelly MILLAR (Lab)', 7)","('John Kelly MILLAR (Lab)', 8)","('John Kelly MILLAR (Lab)', 7)","('John Kelly MILLAR (Lab)', 7)","('John Kelly MILLAR (Lab)', 7)","('John Kelly MILLAR (Lab)', 7)","('John Kelly MILLAR (Lab)', 8)","('John Kelly MILLAR (Lab)', 8)","('John Kelly MILLAR (Lab)', 8)",30
Ward2-Leven_west dunbartonshire2022ward 2.csv,frozenset({'Michelle Marie MCGINTY (Lab)'}),9,"('John Kelly MILLAR (Lab)', 6)","('John Kelly MILLAR (Lab)', 7)","('John Kelly MILLAR (Lab)', 8)","('John Kelly MILLAR (Lab)', 7)","('John Kelly MILLAR (Lab)', 7)","('John Kelly MILLAR (Lab)', 7)","('John Kelly MILLAR (Lab)', 7)","('John Kelly MILLAR (Lab)', 8)","('John Kelly MILLAR (Lab)', 8)","('John Kelly MILLAR (Lab)', 8)",30
Ward2-Leven_west dunbartonshire2022ward 2.csv,none,8,"('John Kelly MILLAR (Lab)', 5)","('John Kelly MILLAR (Lab)', 6)","('John Kelly MILLAR (Lab)', 7)","('John Kelly MILLAR (Lab)', 6)","('John Kelly MILLAR (Lab)', 6)","('John Kelly MILLAR (Lab)', 6)","('John Kelly MILLAR (Lab)', 6)","('John Kelly MILLAR (Lab)', 7)","('John Kelly MILLAR (Lab)', 7)","('John Kelly MILLAR (Lab)', 7)",40
Ward2-Leven_west dunbartonshire2022ward 2.csv,frozenset({'Paula BAKER (Grn)'}),9,"('John Kelly MILLAR (Lab)', 6)","('John Kelly MILLAR (Lab)', 7)","('John Kelly MILLAR (Lab)', 8)","('John Kelly MILLAR (Lab)', 7)","('John Kelly MILLAR (Lab)', 7)","('John Kelly MILLAR (Lab)', 7)","('John Kelly MILLAR (Lab)', 7)","('John Kelly MILLAR (Lab)', 8)","('John Kelly MILLAR (Lab)', 8)","('John Kelly MILLAR (Lab)', 8)",40
Ward2-Leven_west dunbartonshire2022ward 2.csv,frozenset({'Ian DICKSON (SNP)'}),9,"('John Kelly MILLAR (Lab)', 6)","('John Kelly MILLAR (Lab)', 7)","('John Kelly MILLAR (Lab)', 7)","('John Kelly MILLAR (Lab)', 8)","('John Kelly MILLAR (Lab)', 7)","('John Kelly MILLAR (Lab)', 7)","('John Kelly MILLAR (Lab)', 7)","('John Kelly MILLAR (Lab)', 8)","('John Kelly MILLAR (Lab)', 8)","('John Kelly MILLAR (Lab)', 8)",40
Ward2-Leven_west dunbartonshire2022ward 2.csv,frozenset({'Ronnie MCCOLL (SNP)'}),9,"('John Kelly MILLAR (Lab)', 6)","('John Kelly MILLAR (Lab)', 7)","('John Kelly MILLAR (Lab)', 8)","('John Kelly MILLAR (Lab)', 7)","('John Kelly MILLAR (Lab)', 7)","('John Kelly MILLAR (Lab)', 7)","('John Kelly MILLAR (Lab)', 7)","('John Kelly MILLAR (Lab)', 8)","('John Kelly MILLAR (Lab)', 8)","('John Kelly MILLAR (Lab)', 8)",40
Ward2-Leven_west dunbartonshire2022ward 2.csv,frozenset({'John Kelly MILLAR (Lab)'}),9,"('Clone', 6)","('John Kelly MILLAR (Lab)', 7)","('John Kelly MILLAR (Lab)', 8)","('John Kelly MILLAR (Lab)', 7)","('John Kelly MILLAR (Lab)', 7)","('John Kelly MILLAR (Lab)', 7)","('John Kelly MILLAR (Lab)', 7)","('John Kelly MILLAR (Lab)', 8)","('John Kelly MILLAR (Lab)', 8)","('John Kelly MILLAR (Lab)', 8)",40
Ward2-Leven_west dunbartonshire2022ward 2.csv,frozenset({'Jim BOLLAN (WDuns)'}),9,"('John Kelly MILLAR (Lab)', 6)","('John Kelly MILLAR (Lab)', 7)","('John Kelly MILLAR (Lab)', 8)","('John Kelly MILLAR (Lab)', 7)","('John Kelly MILLAR (Lab)', 7)","('John Kelly MILLAR (Lab)', 7)","('John Kelly MILLAR (Lab)', 7)","('John Kelly MILLAR (Lab)', 8)","('John Kelly MILLAR (Lab)', 8)","('John Kelly MILLAR (Lab)', 8)",40
Ward2-Leven_west dunbartonshire2022ward 2.csv,frozenset({'Matthew DILLON (Con)'}),9,"('John Kelly MILLAR (Lab)', 6)","('John Kelly MILLAR (Lab)', 7)","('John Kelly MILLAR (Lab)', 8)","('John Kelly MILLAR (Lab)', 7)","('John Kelly MILLAR (Lab)', 7)","('John Kelly MILLAR (Lab)', 7)","('John Kelly MILLAR (Lab)', 7)","('John Kelly MILLAR (Lab)', 8)","('John Kelly MILLAR (Lab)', 8)","('John Kelly MILLAR (Lab)', 8)",40
Ward2-Leven_west dunbartonshire2022ward 2.csv,frozenset({'Sian WILKIE (Ind)'}),9,"('John Kelly MILLAR (Lab)', 6)","('John Kelly MILLAR (Lab)', 7)","('John Kelly MILLAR (Lab)', 8)","('John Kelly MILLAR (Lab)', 7)","('John Kelly MILLAR (Lab)', 7)","('John Kelly MILLAR (Lab)', 7)","('John Kelly MILLAR (Lab)', 7)","('John Kelly MILLAR (Lab)', 8)","('John Kelly MILLAR (Lab)', 8)","('John Kelly MILLAR (Lab)', 8)",40
Ward2-Leven_west dunbartonshire2022ward 2.csv,frozenset({'Michelle Marie MCGINTY (Lab)'}),9,"('John Kelly MILLAR (Lab)', 6)","('John Kelly MILLAR (Lab)', 7)","('John Kelly MILLAR (Lab)', 8)","('John Kelly MILLAR (Lab)', 7)","('John Kelly MILLAR (Lab)', 7)","('John Kelly MILLAR (Lab)', 7)","('John Kelly MILLAR (Lab)', 7)","('John Kelly MILLAR (Lab)', 8)","('John Kelly MILLAR (Lab)', 8)","('John Kelly MILLAR (Lab)', 8)",40
Ward2-Leven_west dunbartonshire2022ward 2.csv,none,8,"('John Kelly MILLAR (Lab)', 5)","('John Kelly MILLAR (Lab)', 6)","('John Kelly MILLAR (Lab)', 7)","('John Kelly MILLAR (Lab)', 6)","('John Kelly MILLAR (Lab)', 6)","('John Kelly MILLAR (Lab)', 6)","('John Kelly MILLAR (Lab)', 6)","('John Kelly MILLAR (Lab)', 7)","('John Kelly MILLAR (Lab)', 7)","('John Kelly MILLAR (Lab)', 7)",50
Ward2-Leven_west dunbartonshire2022ward 2.csv,frozenset({'Paula BAKER (Grn)'}),9,"('John Kelly MILLAR (Lab)', 6)","('John Kelly MILLAR (Lab)', 7)","('John Kelly MILLAR (Lab)', 8)","('John Kelly MILLAR (Lab)', 7)","('John Kelly MILLAR (Lab)', 7)","('John Kelly MILLAR (Lab)', 7)","('John Kelly MILLAR (Lab)', 7)","('John Kelly MILLAR (Lab)', 8)","('John Kelly MILLAR (Lab)', 8)","('John Kelly MILLAR (Lab)', 8)",50
Ward2-Leven_west dunbartonshire2022ward 2.csv,frozenset({'Ian DICKSON (SNP)'}),9,"('John Kelly MILLAR (Lab)', 6)","('John Kelly MILLAR (Lab)', 7)","('John Kelly MILLAR (Lab)', 8)","('John Kelly MILLAR (Lab)', 8)","('John Kelly MILLAR (Lab)', 7)","('John Kelly MILLAR (Lab)', 7)","('John Kelly MILLAR (Lab)', 7)","('John Kelly MILLAR (Lab)', 8)","('John Kelly MILLAR (Lab)', 8)","('John Kelly MILLAR (Lab)', 8)",50
Ward2-Leven_west dunbartonshire2022ward 2.csv,frozenset({'Ronnie MCCOLL (SNP)'}),9,"('John Kelly MILLAR (Lab)', 6)","('John Kelly MILLAR (Lab)', 7)","('John Kelly MILLAR (Lab)', 8)","('John Kelly MILLAR (Lab)', 7)","('John Kelly MILLAR (Lab)', 7)","('John Kelly MILLAR (Lab)', 7)","('John Kelly MILLAR (Lab)', 7)","('John Kelly MILLAR (Lab)', 8)","('John Kelly MILLAR (Lab)', 8)","('John Kelly MILLAR (Lab)', 8)",50
Ward2-Leven_west dunbartonshire2022ward 2.csv,frozenset({'John Kelly MILLAR (Lab)'}),9,"('Clone', 6)","('Clone', 7)","('Clone', 8)","('Clone', 7)","('Clone', 7)","('Clone', 7)","('Clone', 7)","('Clone', 8)","('Clone', 8)","('Clone', 8)",50
Ward2-Leven_west dunbartonshire2022ward 2.csv,frozenset({'Jim BOLLAN (WDuns)'}),9,"('John Kelly MILLAR (Lab)', 6)","('John Kelly MILLAR (Lab)', 7)","('John Kelly MILLAR (Lab)', 8)","('John Kelly MILLAR (Lab)', 7)","('John Kelly MILLAR (Lab)', 7)","('John Kelly MILLAR (Lab)', 7)","('John Kelly MILLAR (Lab)', 7)","('John Kelly MILLAR (Lab)', 8)","('John Kelly MILLAR (Lab)', 8)","('John Kelly MILLAR (Lab)', 8)",50
Ward2-Leven_west dunbartonshire2022ward 2.csv,frozenset({'Matthew DILLON (Con)'}),9,"('John Kelly MILLAR (Lab)', 6)","('John Kelly MILLAR (Lab)', 7)","('John Kelly MILLAR (Lab)', 8)","('John Kelly MILLAR (Lab)', 7)","('John Kelly MILLAR (Lab)', 7)","('John Kelly MILLAR (Lab)', 7)","('John Kelly MILLAR (Lab)', 7)","('John Kelly MILLAR (Lab)', 8)","('John Kelly MILLAR (Lab)', 8)","('John Kelly MILLAR (Lab)', 8)",50
Ward2-Leven_west dunbartonshire2022ward 2.csv,frozenset({'Sian WILKIE (Ind)'}),9,"('John Kelly MILLAR (Lab)', 6)","('John Kelly MILLAR (Lab)', 7)","('John Kelly MILLAR (Lab)', 8)","('John Kelly MILLAR (Lab)', 7)","('John Kelly MILLAR (Lab)', 7)","('John Kelly MILLAR (Lab)', 7)","('John Kelly MILLAR (Lab)', 7)","('John Kelly MILLAR (Lab)', 8)","('John Kelly MILLAR (Lab)', 8)","('John Kelly MILLAR (Lab)', 8)",50
Ward2-Leven_west dunbartonshire2022ward 2.csv,frozenset({'Michelle Marie MCGINTY (Lab)'}),9,"('John Kelly MILLAR (Lab)', 6)","('John Kelly MILLAR (Lab)', 7)","('John Kelly MILLAR (Lab)', 8)","('John Kelly MILLAR (Lab)', 7)","('John Kelly MILLAR (Lab)', 7)","('John Kelly MILLAR (Lab)', 7)","('John Kelly MILLAR (Lab)', 7)","('John Kelly MILLAR (Lab)', 8)","('John Kelly MILLAR (Lab)', 8)","('John Kelly MILLAR (Lab)', 8)",50
Ward2-Leven_west dunbartonshire2022ward 2.csv,none,8,"('John Kelly MILLAR (Lab)', 5)","('John Kelly MILLAR (Lab)', 6)","('John Kelly MILLAR (Lab)', 7)","('John Kelly MILLAR (Lab)', 6)","('John Kelly MILLAR (Lab)', 6)","('John Kelly MILLAR (Lab)', 6)","('John Kelly MILLAR (Lab)', 6)","('John Kelly MILLAR (Lab)', 7)","('John Kelly MILLAR (Lab)', 7)","('John Kelly MILLAR (Lab)', 7)",60
Ward2-Leven_west dunbartonshire2022ward 2.csv,frozenset({'Paula BAKER (Grn)'}),9,"('John Kelly MILLAR (Lab)', 6)","('John Kelly MILLAR (Lab)', 7)","('John Kelly MILLAR (Lab)', 8)","('John Kelly MILLAR (Lab)', 7)","('John Kelly MILLAR (Lab)', 7)","('John Kelly MILLAR (Lab)', 7)","('John Kelly MILLAR (Lab)', 7)","('John Kelly MILLAR (Lab)', 8)","('John Kelly MILLAR (Lab)', 8)","('John Kelly MILLAR (Lab)', 8)",60
Ward2-Leven_west dunbartonshire2022ward 2.csv,frozenset({'Ian DICKSON (SNP)'}),9,"('John Kelly MILLAR (Lab)', 6)","('John Kelly MILLAR (Lab)', 7)","('John Kelly MILLAR (Lab)', 8)","('John Kelly MILLAR (Lab)', 7)","('John Kelly MILLAR (Lab)', 7)","('John Kelly MILLAR (Lab)', 7)","('John Kelly MILLAR (Lab)', 7)","('John Kelly MILLAR (Lab)', 8)","('John Kelly MILLAR (Lab)', 8)","('John Kelly MILLAR (Lab)', 8)",60
Ward2-Leven_west dunbartonshire2022ward 2.csv,frozenset({'Ronnie MCCOLL (SNP)'}),9,"('John Kelly MILLAR (Lab)', 6)","('John Kelly MILLAR (Lab)', 7)","('John Kelly MILLAR (Lab)', 8)","('John Kelly MILLAR (Lab)', 7)","('John Kelly MILLAR (Lab)', 7)","('John Kelly MILLAR (Lab)', 7)","('John Kelly MILLAR (Lab)', 7)","('John Kelly MILLAR (Lab)', 8)","('John Kelly MILLAR (Lab)', 8)","('John Kelly MILLAR (Lab)', 8)",60
Ward2-Leven_west dunbartonshire2022ward 2.csv,frozenset({'John Kelly MILLAR (Lab)'}),9,"('Clone', 6)","('Clone', 7)","('Clone', 8)","('Clone', 7)","('Clone', 7)","('Clone', 7)","('Clone', 7)","('Clone', 8)","('Clone', 8)","('Clone', 8)",60
Ward2-Leven_west dunbartonshire2022ward 2.csv,frozenset({'Jim BOLLAN (WDuns)'}),9,"('John Kelly MILLAR (Lab)', 6)","('John Kelly MILLAR (Lab)', 7)","('John Kelly MILLAR (Lab)', 8)","('John Kelly MILLAR (Lab)', 7)","('John Kelly MILLAR (Lab)', 7)","('John Kelly MILLAR (Lab)', 7)","('John Kelly MILLAR (Lab)', 7)","('John Kelly MILLAR (Lab)', 8)","('John Kelly MILLAR (Lab)', 8)","('John Kelly MILLAR (Lab)', 8)",60
Ward2-Leven_west dunbartonshire2022ward 2.csv,frozenset({'Matthew DILLON (Con)'}),9,"('John Kelly MILLAR (Lab)', 6)","('John Kelly MILLAR (Lab)', 7)","('John Kelly MILLAR (Lab)', 8)","('John Kelly MILLAR (Lab)', 7)","('John Kelly MILLAR (Lab)', 7)","('John Kelly MILLAR (Lab)', 7)","('John Kelly MILLAR (Lab)', 7)","('John Kelly MILLAR (Lab)', 8)","('John Kelly MILLAR (Lab)', 8)","('John Kelly MILLAR (Lab)', 8)",60
Ward2-Leven_west dunbartonshire2022ward 2.csv,frozenset({'Sian WILKIE (Ind)'}),9,"('John Kelly MILLAR (Lab)', 6)","('John Kelly MILLAR (Lab)', 7)","('John Kelly MILLAR (Lab)', 8)","('John Kelly MILLAR (Lab)', 7)","('John Kelly MILLAR (Lab)', 7)","('John Kelly MILLAR (Lab)', 7)","('John Kelly MILLAR (Lab)', 7)","('John Kelly MILLAR (Lab)', 8)","('John Kelly MILLAR (Lab)', 8)","('John Kelly MILLAR (Lab)', 8)",60
Ward2-Leven_west dunbartonshire2022ward 2.csv,frozenset({'Michelle Marie MCGINTY (Lab)'}),9,"('John Kelly MILLAR (Lab)', 6)","('John Kelly MILLAR (Lab)', 7)","('John Kelly MILLAR (Lab)', 8)","('John Kelly MILLAR (Lab)', 7)","('John Kelly MILLAR (Lab)', 7)","('John Kelly MILLAR (Lab)', 7)","('John Kelly MILLAR (Lab)', 7)","('John Kelly MILLAR (Lab)', 8)","('John Kelly MILLAR (Lab)', 8)","('John Kelly MILLAR (Lab)', 8)",60
Ward2-Leven_west dunbartonshire2022ward 2.csv,none,8,"('John Kelly MILLAR (Lab)', 5)","('John Kelly MILLAR (Lab)', 6)","('John Kelly MILLAR (Lab)', 7)","('John Kelly MILLAR (Lab)', 6)","('John Kelly MILLAR (Lab)', 6)","('John Kelly MILLAR (Lab)', 6)","('John Kelly MILLAR (Lab)', 6)","('John Kelly MILLAR (Lab)', 7)","('John Kelly MILLAR (Lab)', 7)","('John Kelly MILLAR (Lab)', 7)",70
Ward2-Leven_west dunbartonshire2022ward 2.csv,frozenset({'Paula BAKER (Grn)'}),9,"('John Kelly MILLAR (Lab)', 6)","('John Kelly MILLAR (Lab)', 7)","('John Kelly MILLAR (Lab)', 8)","('John Kelly MILLAR (Lab)', 7)","('John Kelly MILLAR (Lab)', 7)","('John Kelly MILLAR (Lab)', 7)","('John Kelly MILLAR (Lab)', 7)","('John Kelly MILLAR (Lab)', 8)","('John Kelly MILLAR (Lab)', 8)","('John Kelly MILLAR (Lab)', 8)",70
Ward2-Leven_west dunbartonshire2022ward 2.csv,frozenset({'Ian DICKSON (SNP)'}),9,"('John Kelly MILLAR (Lab)', 6)","('John Kelly MILLAR (Lab)', 7)","('John Kelly MILLAR (Lab)', 8)","('John Kelly MILLAR (Lab)', 7)","('John Kelly MILLAR (Lab)', 7)","('John Kelly MILLAR (Lab)', 7)","('John Kelly MILLAR (Lab)', 7)","('John Kelly MILLAR (Lab)', 8)","('John Kelly MILLAR (Lab)', 8)","('John Kelly MILLAR (Lab)', 8)",70
Ward2-Leven_west dunbartonshire2022ward 2.csv,frozenset({'Ronnie MCCOLL (SNP)'}),9,"('John Kelly MILLAR (Lab)', 6)","('John Kelly MILLAR (Lab)', 7)","('John Kelly MILLAR (Lab)', 8)","('John Kelly MILLAR (Lab)', 7)","('John Kelly MILLAR (Lab)', 7)","('John Kelly MILLAR (Lab)', 7)","('John Kelly MILLAR (Lab)', 7)","('John Kelly MILLAR (Lab)', 8)","('John Kelly MILLAR (Lab)', 8)","('John Kelly MILLAR (Lab)', 8)",70
Ward2-Leven_west dunbartonshire2022ward 2.csv,frozenset({'John Kelly MILLAR (Lab)'}),9,"('Clone', 6)","('Clone', 7)","('Clone', 8)","('Clone', 7)","('Clone', 7)","('Clone', 7)","('Clone', 7)","('Clone', 8)","('Clone', 8)","('Clone', 8)",70
Ward2-Leven_west dunbartonshire2022ward 2.csv,frozenset({'Jim BOLLAN (WDuns)'}),9,"('John Kelly MILLAR (Lab)', 6)","('John Kelly MILLAR (Lab)', 7)","('John Kelly MILLAR (Lab)', 8)","('John Kelly MILLAR (Lab)', 7)","('John Kelly MILLAR (Lab)', 7)","('John Kelly MILLAR (Lab)', 7)","('John Kelly MILLAR (Lab)', 7)","('John Kelly MILLAR (Lab)', 8)","('John Kelly MILLAR (Lab)', 8)","('John Kelly MILLAR (Lab)', 8)",70
Ward2-Leven_west dunbartonshire2022ward 2.csv,frozenset({'Matthew DILLON (Con)'}),9,"('John Kelly MILLAR (Lab)', 6)","('John Kelly MILLAR (Lab)', 7)","('John Kelly MILLAR (Lab)', 8)","('John Kelly MILLAR (Lab)', 7)","('John Kelly MILLAR (Lab)', 7)","('John Kelly MILLAR (Lab)', 7)","('John Kelly MILLAR (Lab)', 7)","('John Kelly MILLAR (Lab)', 8)","('John Kelly MILLAR (Lab)', 8)","('John Kelly MILLAR (Lab)', 8)",70
Ward2-Leven_west dunbartonshire2022ward 2.csv,frozenset({'Sian WILKIE (Ind)'}),9,"('John Kelly MILLAR (Lab)', 6)","('John Kelly MILLAR (Lab)', 7)","('John Kelly MILLAR (Lab)', 8)","('John Kelly MILLAR (Lab)', 7)","('John Kelly MILLAR (Lab)', 7)","('John Kelly MILLAR (Lab)', 7)","('John Kelly MILLAR (Lab)', 7)","('John Kelly MILLAR (Lab)', 8)","('John Kelly MILLAR (Lab)', 8)","('John Kelly MILLAR (Lab)', 8)",70
Ward2-Leven_west dunbartonshire2022ward 2.csv,frozenset({'Michelle Marie MCGINTY (Lab)'}),9,"('John Kelly MILLAR (Lab)', 6)","('John Kelly MILLAR (Lab)', 7)","('John Kelly MILLAR (Lab)', 8)","('John Kelly MILLAR (Lab)', 7)","('John Kelly MILLAR (Lab)', 7)","('John Kelly MILLAR (Lab)', 7)","('John Kelly MILLAR (Lab)', 7)","('John Kelly MILLAR (Lab)', 8)","('John Kelly MILLAR (Lab)', 8)","('John Kelly MILLAR (Lab)', 8)",70
Ward2-Leven_west dunbartonshire2022ward 2.csv,none,8,"('John Kelly MILLAR (Lab)', 5)","('John Kelly MILLAR (Lab)', 6)","('John Kelly MILLAR (Lab)', 7)","('John Kelly MILLAR (Lab)', 6)","('John Kelly MILLAR (Lab)', 6)","('John Kelly MILLAR (Lab)', 6)","('John Kelly MILLAR (Lab)', 6)","('John Kelly MILLAR (Lab)', 7)","('John Kelly MILLAR (Lab)', 7)","('John Kelly MILLAR (Lab)', 7)",80
Ward2-Leven_west dunbartonshire2022ward 2.csv,frozenset({'Paula BAKER (Grn)'}),9,"('John Kelly MILLAR (Lab)', 6)","('John Kelly MILLAR (Lab)', 7)","('John Kelly MILLAR (Lab)', 8)","('John Kelly MILLAR (Lab)', 7)","('John Kelly MILLAR (Lab)', 7)","('John Kelly MILLAR (Lab)', 7)","('John Kelly MILLAR (Lab)', 7)","('John Kelly MILLAR (Lab)', 8)","('John Kelly MILLAR (Lab)', 8)","('John Kelly MILLAR (Lab)', 8)",80
Ward2-Leven_west dunbartonshire2022ward 2.csv,frozenset({'Ian DICKSON (SNP)'}),9,"('John Kelly MILLAR (Lab)', 6)","('John Kelly MILLAR (Lab)', 7)","('John Kelly MILLAR (Lab)', 8)","('John Kelly MILLAR (Lab)', 7)","('John Kelly MILLAR (Lab)', 7)","('John Kelly MILLAR (Lab)', 7)","('John Kelly MILLAR (Lab)', 7)","('John Kelly MILLAR (Lab)', 8)","('John Kelly MILLAR (Lab)', 8)","('John Kelly MILLAR (Lab)', 8)",80
Ward2-Leven_west dunbartonshire2022ward 2.csv,frozenset({'Ronnie MCCOLL (SNP)'}),9,"('John Kelly MILLAR (Lab)', 6)","('John Kelly MILLAR (Lab)', 7)","('John Kelly MILLAR (Lab)', 8)","('John Kelly MILLAR (Lab)', 7)","('John Kelly MILLAR (Lab)', 7)","('John Kelly MILLAR (Lab)', 7)","('John Kelly MILLAR (Lab)', 7)","('John Kelly MILLAR (Lab)', 8)","('John Kelly MILLAR (Lab)', 8)","('John Kelly MILLAR (Lab)', 8)",80
Ward2-Leven_west dunbartonshire2022ward 2.csv,frozenset({'John Kelly MILLAR (Lab)'}),9,"('Clone', 6)","('Clone', 7)","('Clone', 8)","('Clone', 7)","('Clone', 7)","('Clone', 7)","('Clone', 7)","('Clone', 8)","('Clone', 8)","('Clone', 8)",80
Ward2-Leven_west dunbartonshire2022ward 2.csv,frozenset({'Jim BOLLAN (WDuns)'}),9,"('John Kelly MILLAR (Lab)', 6)","('John Kelly MILLAR (Lab)', 7)","('John Kelly MILLAR (Lab)', 8)","('John Kelly MILLAR (Lab)', 7)","('John Kelly MILLAR (Lab)', 7)","('John Kelly MILLAR (Lab)', 7)","('John Kelly MILLAR (Lab)', 7)","('John Kelly MILLAR (Lab)', 8)","('John Kelly MILLAR (Lab)', 8)","('John Kelly MILLAR (Lab)', 8)",80
Ward2-Leven_west dunbartonshire2022ward 2.csv,frozenset({'Matthew DILLON (Con)'}),9,"('John Kelly MILLAR (Lab)', 6)","('John Kelly MILLAR (Lab)', 7)","('John Kelly MILLAR (Lab)', 8)","('John Kelly MILLAR (Lab)', 7)","('John Kelly MILLAR (Lab)', 7)","('John Kelly MILLAR (Lab)', 7)","('John Kelly MILLAR (Lab)', 7)","('John Kelly MILLAR (Lab)', 8)","('John Kelly MILLAR (Lab)', 8)","('John Kelly MILLAR (Lab)', 8)",80
Ward2-Leven_west dunbartonshire2022ward 2.csv,frozenset({'Sian WILKIE (Ind)'}),9,"('John Kelly MILLAR (Lab)', 6)","('John Kelly MILLAR (Lab)', 7)","('John Kelly MILLAR (Lab)', 8)","('John Kelly MILLAR (Lab)', 7)","('John Kelly MILLAR (Lab)', 7)","('John Kelly MILLAR (Lab)', 7)","('John Kelly MILLAR (Lab)', 7)","('John Kelly MILLAR (Lab)', 8)","('John Kelly MILLAR (Lab)', 8)","('John Kelly MILLAR (Lab)', 8)",80
Ward2-Leven_west dunbartonshire2022ward 2.csv,frozenset({'Michelle Marie MCGINTY (Lab)'}),9,"('John Kelly MILLAR (Lab)', 6)","('John Kelly MILLAR (Lab)', 7)","('John Kelly MILLAR (Lab)', 8)","('John Kelly MILLAR (Lab)', 7)","('John Kelly MILLAR (Lab)', 7)","('John Kelly MILLAR (Lab)', 7)","('John Kelly MILLAR (Lab)', 7)","('John Kelly MILLAR (Lab)', 8)","('John Kelly MILLAR (Lab)', 8)","('John Kelly MILLAR (Lab)', 8)",80
Ward2-Leven_west dunbartonshire2022ward 2.csv,none,8,"('John Kelly MILLAR (Lab)', 5)","('John Kelly MILLAR (Lab)', 6)","('John Kelly MILLAR (Lab)', 7)","('John Kelly MILLAR (Lab)', 6)","('John Kelly MILLAR (Lab)', 6)","('John Kelly MILLAR (Lab)', 6)","('John Kelly MILLAR (Lab)', 6)","('John Kelly MILLAR (Lab)', 7)","('John Kelly MILLAR (Lab)', 7)","('John Kelly MILLAR (Lab)', 7)",90
Ward2-Leven_west dunbartonshire2022ward 2.csv,frozenset({'Paula BAKER (Grn)'}),9,"('John Kelly MILLAR (Lab)', 6)","('John Kelly MILLAR (Lab)', 7)","('John Kelly MILLAR (Lab)', 8)","('John Kelly MILLAR (Lab)', 7)","('John Kelly MILLAR (Lab)', 7)","('John Kelly MILLAR (Lab)', 7)","('John Kelly MILLAR (Lab)', 7)","('John Kelly MILLAR (Lab)', 8)","('John Kelly MILLAR (Lab)', 8)","('John Kelly MILLAR (Lab)', 8)",90
Ward2-Leven_west dunbartonshire2022ward 2.csv,frozenset({'Ian DICKSON (SNP)'}),9,"('John Kelly MILLAR (Lab)', 6)","('John Kelly MILLAR (Lab)', 7)","('John Kelly MILLAR (Lab)', 8)","('John Kelly MILLAR (Lab)', 7)","('John Kelly MILLAR (Lab)', 7)","('John Kelly MILLAR (Lab)', 7)","('John Kelly MILLAR (Lab)', 7)","('John Kelly MILLAR (Lab)', 8)","('John Kelly MILLAR (Lab)', 8)","('John Kelly MILLAR (Lab)', 8)",90
Ward2-Leven_west dunbartonshire2022ward 2.csv,frozenset({'Ronnie MCCOLL (SNP)'}),9,"('John Kelly MILLAR (Lab)', 6)","('John Kelly MILLAR (Lab)', 7)","('John Kelly MILLAR (Lab)', 8)","('John Kelly MILLAR (Lab)', 7)","('John Kelly MILLAR (Lab)', 7)","('John Kelly MILLAR (Lab)', 7)","('John Kelly MILLAR (Lab)', 7)","('John Kelly MILLAR (Lab)', 8)","('John Kelly MILLAR (Lab)', 8)","('John Kelly MILLAR (Lab)', 8)",90
Ward2-Leven_west dunbartonshire2022ward 2.csv,frozenset({'John Kelly MILLAR (Lab)'}),9,"('Clone', 6)","('Clone', 7)","('Clone', 8)","('Clone', 7)","('Clone', 7)","('Clone', 7)","('Clone', 7)","('Clone', 8)","('Clone', 8)","('Clone', 8)",90
Ward2-Leven_west dunbartonshire2022ward 2.csv,frozenset({'Jim BOLLAN (WDuns)'}),9,"('John Kelly MILLAR (Lab)', 6)","('John Kelly MILLAR (Lab)', 7)","('John Kelly MILLAR (Lab)', 8)","('John Kelly MILLAR (Lab)', 7)","('John Kelly MILLAR (Lab)', 7)","('John Kelly MILLAR (Lab)', 7)","('John Kelly MILLAR (Lab)', 7)","('John Kelly MILLAR (Lab)', 8)","('John Kelly MILLAR (Lab)', 8)","('John Kelly MILLAR (Lab)', 8)",90
Ward2-Leven_west dunbartonshire2022ward 2.csv,frozenset({'Matthew DILLON (Con)'}),9,"('John Kelly MILLAR (Lab)', 6)","('John Kelly MILLAR (Lab)', 7)","('John Kelly MILLAR (Lab)', 8)","('John Kelly MILLAR (Lab)', 7)","('John Kelly MILLAR (Lab)', 7)","('John Kelly MILLAR (Lab)', 7)","('John Kelly MILLAR (Lab)', 7)","('John Kelly MILLAR (Lab)', 8)","('John Kelly MILLAR (Lab)', 8)","('John Kelly MILLAR (Lab)', 8)",90
Ward2-Leven_west dunbartonshire2022ward 2.csv,frozenset({'Sian WILKIE (Ind)'}),9,"('John Kelly MILLAR (Lab)', 6)","('John Kelly MILLAR (Lab)', 7)","('John Kelly MILLAR (Lab)', 8)","('John Kelly MILLAR (Lab)', 7)","('John Kelly MILLAR (Lab)', 7)","('John Kelly MILLAR (Lab)', 7)","('John Kelly MILLAR (Lab)', 7)","('John Kelly MILLAR (Lab)', 8)","('John Kelly MILLAR (Lab)', 8)","('John Kelly MILLAR (Lab)', 8)",90
Ward2-Leven_west dunbartonshire2022ward 2.csv,frozenset({'Michelle Marie MCGINTY (Lab)'}),9,"('John Kelly MILLAR (Lab)', 6)","('John Kelly MILLAR (Lab)', 7)","('John Kelly MILLAR (Lab)', 8)","('John Kelly MILLAR (Lab)', 7)","('John Kelly MILLAR (Lab)', 7)","('John Kelly MILLAR (Lab)', 7)","('John Kelly MILLAR (Lab)', 7)","('John Kelly MILLAR (Lab)', 8)","('John Kelly MILLAR (Lab)', 8)","('John Kelly MILLAR (Lab)', 8)",90
govan_govan.csv,none,11,"('# ALTERNATIVE NAME 6: Allison Hunter (SNP)', 10)","('# ALTERNATIVE NAME 6: Allison Hunter (SNP)', 10)","('# ALTERNATIVE NAME 6: Allison Hunter (SNP)', 10)","('# ALTERNATIVE NAME 3: Stephen Dornan (Lab)', 9)","('# ALTERNATIVE NAME 3: Stephen Dornan (Lab)', 9)","('# ALTERNATIVE NAME 3: Stephen Dornan (Lab)', 9)","('# ALTERNATIVE NAME 4: John Flanagan (Lab)', 9)","('# ALTERNATIVE NAME 3: Stephen Dornan (Lab)', 10)","('# ALTERNATIVE NAME 3: Stephen Dornan (Lab)', 10)","('# ALTERNATIVE NAME 4: John Flanagan (Lab)', 10)",0
govan_govan.csv,frozenset({'# ALTERNATIVE NAME 10: George Douglas Mcnee (Ind)'}),12,"('# ALTERNATIVE NAME 6: Allison Hunter (SNP)', 11)","('# ALTERNATIVE NAME 6: Allison Hunter (SNP)', 11)","('# ALTERNATIVE NAME 6: Allison Hunter (SNP)', 11)","('# ALTERNATIVE NAME 3: Stephen Dornan (Lab)', 10)","('# ALTERNATIVE NAME 3: Stephen Dornan (Lab)', 10)","('# ALTERNATIVE NAME 3: Stephen Dornan (Lab)', 10)","('# ALTERNATIVE NAME 4: John Flanagan (Lab)', 10)","('# ALTERNATIVE NAME 3: Stephen Dornan (Lab)', 11)","('# ALTERNATIVE NAME 3: Stephen Dornan (Lab)', 11)","('# ALTERNATIVE NAME 4: John Flanagan (Lab)', 11)",0
govan_govan.csv,frozenset({'# ALTERNATIVE NAME 5: Alan L Hughes (SU)'}),12,"('# ALTERNATIVE NAME 6: Allison Hunter (SNP)', 11)","('# ALTERNATIVE NAME 6: Allison Hunter (SNP)', 11)","('# ALTERNATIVE NAME 6: Allison Hunter (SNP)', 11)","('# ALTERNATIVE NAME 3: Stephen Dornan (Lab)', 10)","('# ALTERNATIVE NAME 3: Stephen Dornan (Lab)', 10)","('# ALTERNATIVE NAME 3: Stephen Dornan (Lab)', 10)","('# ALTERNATIVE NAME 4: John Flanagan (Lab)', 10)","('# ALTERNATIVE NAME 3: Stephen Dornan (Lab)', 11)","('# ALTERNATIVE NAME 3: Stephen Dornan (Lab)', 11)","('# ALTERNATIVE NAME 4: John Flanagan (Lab)', 11)",0
govan_govan.csv,frozenset({'# ALTERNATIVE NAME 3: Stephen Dornan (Lab)'}),12,"('# ALTERNATIVE NAME 6: Allison Hunter (SNP)', 11)","('# ALTERNATIVE NAME 6: Allison Hunter (SNP)', 11)","('# ALTERNATIVE NAME 6: Allison Hunter (SNP)', 11)","('# ALTERNATIVE NAME 3: Stephen Dornan (Lab)', 10)","('# ALTERNATIVE NAME 3: Stephen Dornan (Lab)', 10)","('# ALTERNATIVE NAME 3: Stephen Dornan (Lab)', 10)","('# ALTERNATIVE NAME 4: John Flanagan (Lab)', 10)","('# ALTERNATIVE NAME 3: Stephen Dornan (Lab)', 11)","('# ALTERNATIVE NAME 3: Stephen Dornan (Lab)', 11)","('# ALTERNATIVE NAME 4: John Flanagan (Lab)', 11)",0
govan_govan.csv,frozenset({'# ALTERNATIVE NAME 4: John Flanagan (Lab)'}),12,"('# ALTERNATIVE NAME 6: Allison Hunter (SNP)', 11)","('# ALTERNATIVE NAME 6: Allison Hunter (SNP)', 11)","('# ALTERNATIVE NAME 6: Allison Hunter (SNP)', 11)","('# ALTERNATIVE NAME 3: Stephen Dornan (Lab)', 10)","('# ALTERNATIVE NAME 3: Stephen Dornan (Lab)', 10)","('# ALTERNATIVE NAME 3: Stephen Dornan (Lab)', 10)","('# ALTERNATIVE NAME 4: John Flanagan (Lab)', 10)","('# ALTERNATIVE NAME 3: Stephen Dornan (Lab)', 11)","('# ALTERNATIVE NAME 3: Stephen Dornan (Lab)', 11)","('# ALTERNATIVE NAME 4: John Flanagan (Lab)', 11)",0
govan_govan.csv,frozenset({'# ALTERNATIVE NAME 1: Shaukat Butt (Lab)'}),12,"('# ALTERNATIVE NAME 6: Allison Hunter (SNP)', 11)","('# ALTERNATIVE NAME 6: Allison Hunter (SNP)', 11)","('# ALTERNATIVE NAME 6: Allison Hunter (SNP)', 11)","('# ALTERNATIVE NAME 3: Stephen Dornan (Lab)', 10)","('# ALTERNATIVE NAME 3: Stephen Dornan (Lab)', 10)","('# ALTERNATIVE NAME 3: Stephen Dornan (Lab)', 10)","('# ALTERNATIVE NAME 4: John Flanagan (Lab)', 10)","('# ALTERNATIVE NAME 3: Stephen Dornan (Lab)', 11)","('# ALTERNATIVE NAME 3: Stephen Dornan (Lab)', 11)","('# ALTERNATIVE NAME 4: John Flanagan (Lab)', 11)",0
govan_govan.csv,frozenset({'# ALTERNATIVE NAME 8: Irene Lang (Sol)'}),12,"('# ALTERNATIVE NAME 6: Allison Hunter (SNP)', 11)","('# ALTERNATIVE NAME 6: Allison Hunter (SNP)', 11)","('# ALTERNATIVE NAME 6: Allison Hunter (SNP)', 11)","('# ALTERNATIVE NAME 3: Stephen Dornan (Lab)', 10)","('# ALTERNATIVE NAME 3: Stephen Dornan (Lab)', 10)","('# ALTERNATIVE NAME 3: Stephen Dornan (Lab)', 10)","('# ALTERNATIVE NAME 4: John Flanagan (Lab)', 10)","('# ALTERNATIVE NAME 3: Stephen Dornan (Lab)', 11)","('# ALTERNATIVE NAME 3: Stephen Dornan (Lab)', 11)","('# ALTERNATIVE NAME 4: John Flanagan (Lab)', 11)",0
govan_govan.csv,frozenset({'# ALTERNATIVE NAME 7: Will Jess (Grn)'}),12,"('# ALTERNATIVE NAME 6: Allison Hunter (SNP)', 11)","('# ALTERNATIVE NAME 6: Allison Hunter (SNP)', 11)","('# ALTERNATIVE NAME 6: Allison Hunter (SNP)', 11)","('# ALTERNATIVE NAME 3: Stephen Dornan (Lab)', 10)","('# ALTERNATIVE NAME 3: Stephen Dornan (Lab)', 10)","('# ALTERNATIVE NAME 3: Stephen Dornan (Lab)', 10)","('# ALTERNATIVE NAME 4: John Flanagan (Lab)', 10)","('# ALTERNATIVE NAME 3: Stephen Dornan (Lab)', 11)","('# ALTERNATIVE NAME 3: Stephen Dornan (Lab)', 11)","('# ALTERNATIVE NAME 4: John Flanagan (Lab)', 11)",0
govan_govan.csv,frozenset({'# ALTERNATIVE NAME 11: Carolina Perez (Soc)'}),12,"('# ALTERNATIVE NAME 6: Allison Hunter (SNP)', 11)","('# ALTERNATIVE NAME 6: Allison Hunter (SNP)', 11)","('# ALTERNATIVE NAME 6: Allison Hunter (SNP)', 11)","('# ALTERNATIVE NAME 3: Stephen Dornan (Lab)', 10)","('# ALTERNATIVE NAME 3: Stephen Dornan (Lab)', 10)","('# ALTERNATIVE NAME 3: Stephen Dornan (Lab)', 10)","('# ALTERNATIVE NAME 4: John Flanagan (Lab)', 10)","('# ALTERNATIVE NAME 3: Stephen Dornan (Lab)', 11)","('# ALTERNATIVE NAME 3: Stephen Dornan (Lab)', 11)","('# ALTERNATIVE NAME 4: John Flanagan (Lab)', 11)",0
govan_govan.csv,frozenset({'# ALTERNATIVE NAME 2: Michael Cobley (LD)'}),12,"('# ALTERNATIVE NAME 6: Allison Hunter (SNP)', 11)","('# ALTERNATIVE NAME 6: Allison Hunter (SNP)', 11)","('# ALTERNATIVE NAME 6: Allison Hunter (SNP)', 11)","('# ALTERNATIVE NAME 3: Stephen Dornan (Lab)', 10)","('# ALTERNATIVE NAME 3: Stephen Dornan (Lab)', 10)","('# ALTERNATIVE NAME 3: Stephen Dornan (Lab)', 10)","('# ALTERNATIVE NAME 4: John Flanagan (Lab)', 10)","('# ALTERNATIVE NAME 3: Stephen Dornan (Lab)', 11)","('# ALTERNATIVE NAME 3: Stephen Dornan (Lab)', 11)","('# ALTERNATIVE NAME 4: John Flanagan (Lab)', 11)",0
govan_govan.csv,frozenset({'# ALTERNATIVE NAME 9: Patricia Mcintyre (Con)'}),12,"('# ALTERNATIVE NAME 6: Allison Hunter (SNP)', 11)","('# ALTERNATIVE NAME 6: Allison Hunter (SNP)', 11)","('# ALTERNATIVE NAME 6: Allison Hunter (SNP)', 11)","('# ALTERNATIVE NAME 3: Stephen Dornan (Lab)', 10)","('# ALTERNATIVE NAME 3: Stephen Dornan (Lab)', 10)","('# ALTERNATIVE NAME 3: Stephen Dornan (Lab)', 10)","('# ALTERNATIVE NAME 4: John Flanagan (Lab)', 10)","('# ALTERNATIVE NAME 3: Stephen Dornan (Lab)', 11)","('# ALTERNATIVE NAME 3: Stephen Dornan (Lab)', 11)","('# ALTERNATIVE NAME 4: John Flanagan (Lab)', 11)",0
govan_govan.csv,frozenset({'# ALTERNATIVE NAME 6: Allison Hunter (SNP)'}),12,"('# ALTERNATIVE NAME 6: Allison Hunter (SNP)', 11)","('# ALTERNATIVE NAME 6: Allison Hunter (SNP)', 11)","('# ALTERNATIVE NAME 6: Allison Hunter (SNP)', 11)","('# ALTERNATIVE NAME 3: Stephen Dornan (Lab)', 10)","('# ALTERNATIVE NAME 3: Stephen Dornan (Lab)', 10)","('# ALTERNATIVE NAME 3: Stephen Dornan (Lab)', 10)","('# ALTERNATIVE NAME 4: John Flanagan (Lab)', 10)","('# ALTERNATIVE NAME 3: Stephen Dornan (Lab)', 11)","('# ALTERNATIVE NAME 3: Stephen Dornan (Lab)', 11)","('# ALTERNATIVE NAME 4: John Flanagan (Lab)', 11)",0
govan_govan.csv,none,11,"('# ALTERNATIVE NAME 6: Allison Hunter (SNP)', 10)","('# ALTERNATIVE NAME 6: Allison Hunter (SNP)', 10)","('# ALTERNATIVE NAME 6: Allison Hunter (SNP)', 10)","('# ALTERNATIVE NAME 3: Stephen Dornan (Lab)', 9)","('# ALTERNATIVE NAME 3: Stephen Dornan (Lab)', 9)","('# ALTERNATIVE NAME 3: Stephen Dornan (Lab)', 9)","('# ALTERNATIVE NAME 4: John Flanagan (Lab)', 9)","('# ALTERNATIVE NAME 3: Stephen Dornan (Lab)', 10)","('# ALTERNATIVE NAME 3: Stephen Dornan (Lab)', 10)","('# ALTERNATIVE NAME 4: John Flanagan (Lab)', 10)",10
govan_govan.csv,frozenset({'# ALTERNATIVE NAME 10: George Douglas Mcnee (Ind)'}),12,"('# ALTERNATIVE NAME 6: Allison Hunter (SNP)', 11)","('# ALTERNATIVE NAME 6: Allison Hunter (SNP)', 11)","('# ALTERNATIVE NAME 6: Allison Hunter (SNP)', 11)","('# ALTERNATIVE NAME 3: Stephen Dornan (Lab)', 10)","('# ALTERNATIVE NAME 3: Stephen Dornan (Lab)', 10)","('# ALTERNATIVE NAME 3: Stephen Dornan (Lab)', 10)","('# ALTERNATIVE NAME 4: John Flanagan (Lab)', 10)","('# ALTERNATIVE NAME 3: Stephen Dornan (Lab)', 11)","('# ALTERNATIVE NAME 3: Stephen Dornan (Lab)', 11)","('# ALTERNATIVE NAME 4: John Flanagan (Lab)', 11)",10
govan_govan.csv,frozenset({'# ALTERNATIVE NAME 5: Alan L Hughes (SU)'}),12,"('# ALTERNATIVE NAME 6: Allison Hunter (SNP)', 11)","('# ALTERNATIVE NAME 6: Allison Hunter (SNP)', 11)","('# ALTERNATIVE NAME 6: Allison Hunter (SNP)', 11)","('# ALTERNATIVE NAME 3: Stephen Dornan (Lab)', 10)","('# ALTERNATIVE NAME 3: Stephen Dornan (Lab)', 10)","('# ALTERNATIVE NAME 3: Stephen Dornan (Lab)', 10)","('# ALTERNATIVE NAME 4: John Flanagan (Lab)', 10)","('# ALTERNATIVE NAME 3: Stephen Dornan (Lab)', 11)","('# ALTERNATIVE NAME 3: Stephen Dornan (Lab)', 11)","('# ALTERNATIVE NAME 4: John Flanagan (Lab)', 11)",10
govan_govan.csv,frozenset({'# ALTERNATIVE NAME 3: Stephen Dornan (Lab)'}),12,"('# ALTERNATIVE NAME 6: Allison Hunter (SNP)', 11)","('# ALTERNATIVE NAME 6: Allison Hunter (SNP)', 11)","('# ALTERNATIVE NAME 6: Allison Hunter (SNP)', 11)","('# ALTERNATIVE NAME 3: Stephen Dornan (Lab)', 10)","('# ALTERNATIVE NAME 3: Stephen Dornan (Lab)', 10)","('# ALTERNATIVE NAME 3: Stephen Dornan (Lab)', 10)","('# ALTERNATIVE NAME 4: John Flanagan (Lab)', 10)","('# ALTERNATIVE NAME 3: Stephen Dornan (Lab)', 11)","('# ALTERNATIVE NAME 3: Stephen Dornan (Lab)', 11)","('# ALTERNATIVE NAME 4: John Flanagan (Lab)', 11)",10
govan_govan.csv,frozenset({'# ALTERNATIVE NAME 4: John Flanagan (Lab)'}),12,"('# ALTERNATIVE NAME 6: Allison Hunter (SNP)', 11)","('# ALTERNATIVE NAME 6: Allison Hunter (SNP)', 11)","('# ALTERNATIVE NAME 6: Allison Hunter (SNP)', 11)","('# ALTERNATIVE NAME 3: Stephen Dornan (Lab)', 10)","('# ALTERNATIVE NAME 3: Stephen Dornan (Lab)', 10)","('# ALTERNATIVE NAME 3: Stephen Dornan (Lab)', 10)","('# ALTERNATIVE NAME 4: John Flanagan (Lab)', 10)","('# ALTERNATIVE NAME 3: Stephen Dornan (Lab)', 11)","('# ALTERNATIVE NAME 3: Stephen Dornan (Lab)', 11)","('# ALTERNATIVE NAME 4: John Flanagan (Lab)', 11)",10
govan_govan.csv,frozenset({'# ALTERNATIVE NAME 1: Shaukat Butt (Lab)'}),12,"('# ALTERNATIVE NAME 6: Allison Hunter (SNP)', 11)","('# ALTERNATIVE NAME 6: Allison Hunter (SNP)', 11)","('# ALTERNATIVE NAME 6: Allison Hunter (SNP)', 11)","('# ALTERNATIVE NAME 3: Stephen Dornan (Lab)', 10)","('# ALTERNATIVE NAME 3: Stephen Dornan (Lab)', 10)","('# ALTERNATIVE NAME 3: Stephen Dornan (Lab)', 10)","('# ALTERNATIVE NAME 4: John Flanagan (Lab)', 10)","('# ALTERNATIVE NAME 3: Stephen Dornan (Lab)', 11)","('# ALTERNATIVE NAME 3: Stephen Dornan (Lab)', 11)","('# ALTERNATIVE NAME 4: John Flanagan (Lab)', 11)",10
govan_govan.csv,frozenset({'# ALTERNATIVE NAME 8: Irene Lang (Sol)'}),12,"('# ALTERNATIVE NAME 6: Allison Hunter (SNP)', 11)","('# ALTERNATIVE NAME 6: Allison Hunter (SNP)', 11)","('# ALTERNATIVE NAME 6: Allison Hunter (SNP)', 11)","('# ALTERNATIVE NAME 3: Stephen Dornan (Lab)', 10)","('# ALTERNATIVE NAME 3: Stephen Dornan (Lab)', 10)","('# ALTERNATIVE NAME 3: Stephen Dornan (Lab)', 10)","('# ALTERNATIVE NAME 4: John Flanagan (Lab)', 10)","('# ALTERNATIVE NAME 3: Stephen Dornan (Lab)', 11)","('# ALTERNATIVE NAME 3: Stephen Dornan (Lab)', 11)","('# ALTERNATIVE NAME 4: John Flanagan (Lab)', 11)",10
govan_govan.csv,frozenset({'# ALTERNATIVE NAME 7: Will Jess (Grn)'}),12,"('# ALTERNATIVE NAME 6: Allison Hunter (SNP)', 11)","('# ALTERNATIVE NAME 6: Allison Hunter (SNP)', 11)","('# ALTERNATIVE NAME 6: Allison Hunter (SNP)', 11)","('# ALTERNATIVE NAME 3: Stephen Dornan (Lab)', 10)","('# ALTERNATIVE NAME 3: Stephen Dornan (Lab)', 10)","('# ALTERNATIVE NAME 3: Stephen Dornan (Lab)', 10)","('# ALTERNATIVE NAME 4: John Flanagan (Lab)', 10)","('# ALTERNATIVE NAME 3: Stephen Dornan (Lab)', 11)","('# ALTERNATIVE NAME 3: Stephen Dornan (Lab)', 11)","('# ALTERNATIVE NAME 4: John Flanagan (Lab)', 11)",10
govan_govan.csv,frozenset({'# ALTERNATIVE NAME 11: Carolina Perez (Soc)'}),12,"('# ALTERNATIVE NAME 6: Allison Hunter (SNP)', 11)","('# ALTERNATIVE NAME 6: Allison Hunter (SNP)', 11)","('# ALTERNATIVE NAME 6: Allison Hunter (SNP)', 11)","('# ALTERNATIVE NAME 3: Stephen Dornan (Lab)', 10)","('# ALTERNATIVE NAME 3: Stephen Dornan (Lab)', 10)","('# ALTERNATIVE NAME 3: Stephen Dornan (Lab)', 10)","('# ALTERNATIVE NAME 4: John Flanagan (Lab)', 10)","('# ALTERNATIVE NAME 3: Stephen Dornan (Lab)', 11)","('# ALTERNATIVE NAME 3: Stephen Dornan (Lab)', 11)","('# ALTERNATIVE NAME 4: John Flanagan (Lab)', 11)",10
govan_govan.csv,frozenset({'# ALTERNATIVE NAME 2: Michael Cobley (LD)'}),12,"('# ALTERNATIVE NAME 6: Allison Hunter (SNP)', 11)","('# ALTERNATIVE NAME 6: Allison Hunter (SNP)', 11)","('# ALTERNATIVE NAME 6: Allison Hunter (SNP)', 11)","('# ALTERNATIVE NAME 3: Stephen Dornan (Lab)', 10)","('# ALTERNATIVE NAME 3: Stephen Dornan (Lab)', 10)","('# ALTERNATIVE NAME 3: Stephen Dornan (Lab)', 10)","('# ALTERNATIVE NAME 4: John Flanagan (Lab)', 10)","('# ALTERNATIVE NAME 3: Stephen Dornan (Lab)', 11)","('# ALTERNATIVE NAME 3: Stephen Dornan (Lab)', 11)","('# ALTERNATIVE NAME 4: John Flanagan (Lab)', 11)",10
govan_govan.csv,frozenset({'# ALTERNATIVE NAME 9: Patricia Mcintyre (Con)'}),12,"('# ALTERNATIVE NAME 6: Allison Hunter (SNP)', 11)","('# ALTERNATIVE NAME 6: Allison Hunter (SNP)', 11)","('# ALTERNATIVE NAME 6: Allison Hunter (SNP)', 11)","('# ALTERNATIVE NAME 3: Stephen Dornan (Lab)', 10)","('# ALTERNATIVE NAME 3: Stephen Dornan (Lab)', 10)","('# ALTERNATIVE NAME 3: Stephen Dornan (Lab)', 10)","('# ALTERNATIVE NAME 4: John Flanagan (Lab)', 10)","('# ALTERNATIVE NAME 3: Stephen Dornan (Lab)', 11)","('# ALTERNATIVE NAME 3: Stephen Dornan (Lab)', 11)","('# ALTERNATIVE NAME 4: John Flanagan (Lab)', 11)",10
govan_govan.csv,frozenset({'# ALTERNATIVE NAME 6: Allison Hunter (SNP)'}),12,"('Clone', 11)","('# ALTERNATIVE NAME 6: Allison Hunter (SNP)', 11)","('# ALTERNATIVE NAME 6: Allison Hunter (SNP)', 11)","('# ALTERNATIVE NAME 3: Stephen Dornan (Lab)', 10)","('# ALTERNATIVE NAME 3: Stephen Dornan (Lab)', 10)","('# ALTERNATIVE NAME 3: Stephen Dornan (Lab)', 10)","('# ALTERNATIVE NAME 4: John Flanagan (Lab)', 10)","('# ALTERNATIVE NAME 3: Stephen Dornan (Lab)', 11)","('# ALTERNATIVE NAME 3: Stephen Dornan (Lab)', 11)","('# ALTERNATIVE NAME 4: John Flanagan (Lab)', 11)",10
govan_govan.csv,none,11,"('# ALTERNATIVE NAME 6: Allison Hunter (SNP)', 10)","('# ALTERNATIVE NAME 6: Allison Hunter (SNP)', 10)","('# ALTERNATIVE NAME 6: Allison Hunter (SNP)', 10)","('# ALTERNATIVE NAME 3: Stephen Dornan (Lab)', 9)","('# ALTERNATIVE NAME 3: Stephen Dornan (Lab)', 9)","('# ALTERNATIVE NAME 3: Stephen Dornan (Lab)', 9)","('# ALTERNATIVE NAME 4: John Flanagan (Lab)', 9)","('# ALTERNATIVE NAME 3: Stephen Dornan (Lab)', 10)","('# ALTERNATIVE NAME 3: Stephen Dornan (Lab)', 10)","('# ALTERNATIVE NAME 4: John Flanagan (Lab)', 10)",20
govan_govan.csv,frozenset({'# ALTERNATIVE NAME 10: George Douglas Mcnee (Ind)'}),12,"('# ALTERNATIVE NAME 6: Allison Hunter (SNP)', 11)","('# ALTERNATIVE NAME 6: Allison Hunter (SNP)', 11)","('# ALTERNATIVE NAME 6: Allison Hunter (SNP)', 11)","('# ALTERNATIVE NAME 3: Stephen Dornan (Lab)', 10)","('# ALTERNATIVE NAME 3: Stephen Dornan (Lab)', 10)","('# ALTERNATIVE NAME 3: Stephen Dornan (Lab)', 10)","('# ALTERNATIVE NAME 4: John Flanagan (Lab)', 10)","('# ALTERNATIVE NAME 3: Stephen Dornan (Lab)', 11)","('# ALTERNATIVE NAME 3: Stephen Dornan (Lab)', 11)","('# ALTERNATIVE NAME 4: John Flanagan (Lab)', 11)",20
govan_govan.csv,frozenset({'# ALTERNATIVE NAME 5: Alan L Hughes (SU)'}),12,"('# ALTERNATIVE NAME 6: Allison Hunter (SNP)', 11)","('# ALTERNATIVE NAME 6: Allison Hunter (SNP)', 11)","('# ALTERNATIVE NAME 6: Allison Hunter (SNP)', 11)","('# ALTERNATIVE NAME 3: Stephen Dornan (Lab)', 10)","('# ALTERNATIVE NAME 3: Stephen Dornan (Lab)', 10)","('# ALTERNATIVE NAME 3: Stephen Dornan (Lab)', 10)","('# ALTERNATIVE NAME 4: John Flanagan (Lab)', 10)","('# ALTERNATIVE NAME 3: Stephen Dornan (Lab)', 11)","('# ALTERNATIVE NAME 3: Stephen Dornan (Lab)', 11)","('# ALTERNATIVE NAME 4: John Flanagan (Lab)', 11)",20
govan_govan.csv,frozenset({'# ALTERNATIVE NAME 3: Stephen Dornan (Lab)'}),12,"('# ALTERNATIVE NAME 6: Allison Hunter (SNP)', 11)","('# ALTERNATIVE NAME 6: Allison Hunter (SNP)', 11)","('# ALTERNATIVE NAME 6: Allison Hunter (SNP)', 11)","('# ALTERNATIVE NAME 3: Stephen Dornan (Lab)', 10)","('# ALTERNATIVE NAME 3: Stephen Dornan (Lab)', 10)","('# ALTERNATIVE NAME 3: Stephen Dornan (Lab)', 10)","('# ALTERNATIVE NAME 4: John Flanagan (Lab)', 10)","('# ALTERNATIVE NAME 3: Stephen Dornan (Lab)', 11)","('# ALTERNATIVE NAME 3: Stephen Dornan (Lab)', 11)","('# ALTERNATIVE NAME 4: John Flanagan (Lab)', 11)",20
govan_govan.csv,frozenset({'# ALTERNATIVE NAME 4: John Flanagan (Lab)'}),12,"('# ALTERNATIVE NAME 6: Allison Hunter (SNP)', 11)","('# ALTERNATIVE NAME 6: Allison Hunter (SNP)', 11)","('# ALTERNATIVE NAME 6: Allison Hunter (SNP)', 11)","('# ALTERNATIVE NAME 3: Stephen Dornan (Lab)', 10)","('# ALTERNATIVE NAME 3: Stephen Dornan (Lab)', 10)","('# ALTERNATIVE NAME 3: Stephen Dornan (Lab)', 10)","('# ALTERNATIVE NAME 4: John Flanagan (Lab)', 10)","('# ALTERNATIVE NAME 3: Stephen Dornan (Lab)', 11)","('# ALTERNATIVE NAME 3: Stephen Dornan (Lab)', 11)","('# ALTERNATIVE NAME 4: John Flanagan (Lab)', 11)",20
govan_govan.csv,frozenset({'# ALTERNATIVE NAME 1: Shaukat Butt (Lab)'}),12,"('# ALTERNATIVE NAME 6: Allison Hunter (SNP)', 11)","('# ALTERNATIVE NAME 6: Allison Hunter (SNP)', 11)","('# ALTERNATIVE NAME 6: Allison Hunter (SNP)', 11)","('# ALTERNATIVE NAME 3: Stephen Dornan (Lab)', 10)","('# ALTERNATIVE NAME 3: Stephen Dornan (Lab)', 10)","('# ALTERNATIVE NAME 3: Stephen Dornan (Lab)', 10)","('# ALTERNATIVE NAME 4: John Flanagan (Lab)', 10)","('# ALTERNATIVE NAME 3: Stephen Dornan (Lab)', 11)","('# ALTERNATIVE NAME 3: Stephen Dornan (Lab)', 11)","('# ALTERNATIVE NAME 4: John Flanagan (Lab)', 11)",20
govan_govan.csv,frozenset({'# ALTERNATIVE NAME 8: Irene Lang (Sol)'}),12,"('# ALTERNATIVE NAME 6: Allison Hunter (SNP)', 11)","('# ALTERNATIVE NAME 6: Allison Hunter (SNP)', 11)","('# ALTERNATIVE NAME 6: Allison Hunter (SNP)', 11)","('# ALTERNATIVE NAME 3: Stephen Dornan (Lab)', 10)","('# ALTERNATIVE NAME 3: Stephen Dornan (Lab)', 10)","('# ALTERNATIVE NAME 3: Stephen Dornan (Lab)', 10)","('# ALTERNATIVE NAME 4: John Flanagan (Lab)', 10)","('# ALTERNATIVE NAME 3: Stephen Dornan (Lab)', 11)","('# ALTERNATIVE NAME 3: Stephen Dornan (Lab)', 11)","('# ALTERNATIVE NAME 4: John Flanagan (Lab)', 11)",20
govan_govan.csv,frozenset({'# ALTERNATIVE NAME 7: Will Jess (Grn)'}),12,"('# ALTERNATIVE NAME 6: Allison Hunter (SNP)', 11)","('# ALTERNATIVE NAME 6: Allison Hunter (SNP)', 11)","('# ALTERNATIVE NAME 6: Allison Hunter (SNP)', 11)","('# ALTERNATIVE NAME 3: Stephen Dornan (Lab)', 10)","('# ALTERNATIVE NAME 3: Stephen Dornan (Lab)', 10)","('# ALTERNATIVE NAME 3: Stephen Dornan (Lab)', 10)","('# ALTERNATIVE NAME 4: John Flanagan (Lab)', 10)","('# ALTERNATIVE NAME 3: Stephen Dornan (Lab)', 11)","('# ALTERNATIVE NAME 3: Stephen Dornan (Lab)', 11)","('# ALTERNATIVE NAME 4: John Flanagan (Lab)', 11)",20
govan_govan.csv,frozenset({'# ALTERNATIVE NAME 11: Carolina Perez (Soc)'}),12,"('# ALTERNATIVE NAME 6: Allison Hunter (SNP)', 11)","('# ALTERNATIVE NAME 6: Allison Hunter (SNP)', 11)","('# ALTERNATIVE NAME 6: Allison Hunter (SNP)', 11)","('# ALTERNATIVE NAME 3: Stephen Dornan (Lab)', 10)","('# ALTERNATIVE NAME 3: Stephen Dornan (Lab)', 10)","('# ALTERNATIVE NAME 3: Stephen Dornan (Lab)', 10)","('# ALTERNATIVE NAME 4: John Flanagan (Lab)', 10)","('# ALTERNATIVE NAME 3: Stephen Dornan (Lab)', 11)","('# ALTERNATIVE NAME 3: Stephen Dornan (Lab)', 11)","('# ALTERNATIVE NAME 4: John Flanagan (Lab)', 11)",20
govan_govan.csv,frozenset({'# ALTERNATIVE NAME 2: Michael Cobley (LD)'}),12,"('# ALTERNATIVE NAME 6: Allison Hunter (SNP)', 11)","('# ALTERNATIVE NAME 6: Allison Hunter (SNP)', 11)","('# ALTERNATIVE NAME 6: Allison Hunter (SNP)', 11)","('# ALTERNATIVE NAME 3: Stephen Dornan (Lab)', 10)","('# ALTERNATIVE NAME 3: Stephen Dornan (Lab)', 10)","('# ALTERNATIVE NAME 3: Stephen Dornan (Lab)', 10)","('# ALTERNATIVE NAME 4: John Flanagan (Lab)', 10)","('# ALTERNATIVE NAME 3: Stephen Dornan (Lab)', 11)","('# ALTERNATIVE NAME 3: Stephen Dornan (Lab)', 11)","('# ALTERNATIVE NAME 4: John Flanagan (Lab)', 11)",20
govan_govan.csv,frozenset({'# ALTERNATIVE NAME 9: Patricia Mcintyre (Con)'}),12,"('# ALTERNATIVE NAME 6: Allison Hunter (SNP)', 11)","('# ALTERNATIVE NAME 6: Allison Hunter (SNP)', 11)","('# ALTERNATIVE NAME 6: Allison Hunter (SNP)', 11)","('# ALTERNATIVE NAME 3: Stephen Dornan (Lab)', 10)","('# ALTERNATIVE NAME 3: Stephen Dornan (Lab)', 10)","('# ALTERNATIVE NAME 3: Stephen Dornan (Lab)', 10)","('# ALTERNATIVE NAME 4: John Flanagan (Lab)', 10)","('# ALTERNATIVE NAME 3: Stephen Dornan (Lab)', 11)","('# ALTERNATIVE NAME 3: Stephen Dornan (Lab)', 11)","('# ALTERNATIVE NAME 4: John Flanagan (Lab)', 11)",20
govan_govan.csv,frozenset({'# ALTERNATIVE NAME 6: Allison Hunter (SNP)'}),12,"('Clone', 11)","('# ALTERNATIVE NAME 6: Allison Hunter (SNP)', 11)","('# ALTERNATIVE NAME 6: Allison Hunter (SNP)', 11)","('# ALTERNATIVE NAME 3: Stephen Dornan (Lab)', 10)","('# ALTERNATIVE NAME 3: Stephen Dornan (Lab)', 10)","('# ALTERNATIVE NAME 3: Stephen Dornan (Lab)', 10)","('# ALTERNATIVE NAME 4: John Flanagan (Lab)', 9)","('# ALTERNATIVE NAME 3: Stephen Dornan (Lab)', 11)","('# ALTERNATIVE NAME 3: Stephen Dornan (Lab)', 11)","('# ALTERNATIVE NAME 4: John Flanagan (Lab)', 11)",20
govan_govan.csv,none,11,"('# ALTERNATIVE NAME 6: Allison Hunter (SNP)', 10)","('# ALTERNATIVE NAME 6: Allison Hunter (SNP)', 10)","('# ALTERNATIVE NAME 6: Allison Hunter (SNP)', 10)","('# ALTERNATIVE NAME 3: Stephen Dornan (Lab)', 9)","('# ALTERNATIVE NAME 3: Stephen Dornan (Lab)', 9)","('# ALTERNATIVE NAME 3: Stephen Dornan (Lab)', 9)","('# ALTERNATIVE NAME 4: John Flanagan (Lab)', 9)","('# ALTERNATIVE NAME 3: Stephen Dornan (Lab)', 10)","('# ALTERNATIVE NAME 3: Stephen Dornan (Lab)', 10)","('# ALTERNATIVE NAME 4: John Flanagan (Lab)', 10)",30
govan_govan.csv,frozenset({'# ALTERNATIVE NAME 10: George Douglas Mcnee (Ind)'}),12,"('# ALTERNATIVE NAME 6: Allison Hunter (SNP)', 11)","('# ALTERNATIVE NAME 6: Allison Hunter (SNP)', 11)","('# ALTERNATIVE NAME 6: Allison Hunter (SNP)', 11)","('# ALTERNATIVE NAME 3: Stephen Dornan (Lab)', 10)","('# ALTERNATIVE NAME 3: Stephen Dornan (Lab)', 10)","('# ALTERNATIVE NAME 3: Stephen Dornan (Lab)', 10)","('# ALTERNATIVE NAME 4: John Flanagan (Lab)', 10)","('# ALTERNATIVE NAME 3: Stephen Dornan (Lab)', 11)","('# ALTERNATIVE NAME 3: Stephen Dornan (Lab)', 11)","('# ALTERNATIVE NAME 4: John Flanagan (Lab)', 11)",30
govan_govan.csv,frozenset({'# ALTERNATIVE NAME 5: Alan L Hughes (SU)'}),12,"('# ALTERNATIVE NAME 6: Allison Hunter (SNP)', 11)","('# ALTERNATIVE NAME 6: Allison Hunter (SNP)', 11)","('# ALTERNATIVE NAME 6: Allison Hunter (SNP)', 11)","('# ALTERNATIVE NAME 3: Stephen Dornan (Lab)', 10)","('# ALTERNATIVE NAME 3: Stephen Dornan (Lab)', 10)","('# ALTERNATIVE NAME 3: Stephen Dornan (Lab)', 10)","('# ALTERNATIVE NAME 4: John Flanagan (Lab)', 10)","('# ALTERNATIVE NAME 3: Stephen Dornan (Lab)', 11)","('# ALTERNATIVE NAME 3: Stephen Dornan (Lab)', 11)","('# ALTERNATIVE NAME 4: John Flanagan (Lab)', 11)",30
govan_govan.csv,frozenset({'# ALTERNATIVE NAME 3: Stephen Dornan (Lab)'}),12,"('# ALTERNATIVE NAME 6: Allison Hunter (SNP)', 11)","('# ALTERNATIVE NAME 6: Allison Hunter (SNP)', 11)","('# ALTERNATIVE NAME 6: Allison Hunter (SNP)', 11)","('# ALTERNATIVE NAME 3: Stephen Dornan (Lab)', 10)","('# ALTERNATIVE NAME 3: Stephen Dornan (Lab)', 10)","('# ALTERNATIVE NAME 3: Stephen Dornan (Lab)', 10)","('# ALTERNATIVE NAME 4: John Flanagan (Lab)', 10)","('# ALTERNATIVE NAME 3: Stephen Dornan (Lab)', 11)","('# ALTERNATIVE NAME 3: Stephen Dornan (Lab)', 11)","('# ALTERNATIVE NAME 4: John Flanagan (Lab)', 11)",30
govan_govan.csv,frozenset({'# ALTERNATIVE NAME 4: John Flanagan (Lab)'}),12,"('# ALTERNATIVE NAME 6: Allison Hunter (SNP)', 11)","('# ALTERNATIVE NAME 6: Allison Hunter (SNP)', 11)","('# ALTERNATIVE NAME 6: Allison Hunter (SNP)', 11)","('# ALTERNATIVE NAME 3: Stephen Dornan (Lab)', 10)","('# ALTERNATIVE NAME 3: Stephen Dornan (Lab)', 10)","('# ALTERNATIVE NAME 3: Stephen Dornan (Lab)', 10)","('# ALTERNATIVE NAME 4: John Flanagan (Lab)', 10)","('# ALTERNATIVE NAME 3: Stephen Dornan (Lab)', 11)","('# ALTERNATIVE NAME 3: Stephen Dornan (Lab)', 11)","('# ALTERNATIVE NAME 4: John Flanagan (Lab)', 11)",30
govan_govan.csv,frozenset({'# ALTERNATIVE NAME 1: Shaukat Butt (Lab)'}),12,"('# ALTERNATIVE NAME 6: Allison Hunter (SNP)', 11)","('# ALTERNATIVE NAME 6: Allison Hunter (SNP)', 11)","('# ALTERNATIVE NAME 6: Allison Hunter (SNP)', 11)","('# ALTERNATIVE NAME 3: Stephen Dornan (Lab)', 10)","('# ALTERNATIVE NAME 3: Stephen Dornan (Lab)', 10)","('# ALTERNATIVE NAME 3: Stephen Dornan (Lab)', 10)","('# ALTERNATIVE NAME 4: John Flanagan (Lab)', 10)","('# ALTERNATIVE NAME 3: Stephen Dornan (Lab)', 11)","('# ALTERNATIVE NAME 3: Stephen Dornan (Lab)', 11)","('# ALTERNATIVE NAME 4: John Flanagan (Lab)', 11)",30
govan_govan.csv,frozenset({'# ALTERNATIVE NAME 8: Irene Lang (Sol)'}),12,"('# ALTERNATIVE NAME 6: Allison Hunter (SNP)', 11)","('# ALTERNATIVE NAME 6: Allison Hunter (SNP)', 11)","('# ALTERNATIVE NAME 6: Allison Hunter (SNP)', 11)","('# ALTERNATIVE NAME 3: Stephen Dornan (Lab)', 10)","('# ALTERNATIVE NAME 3: Stephen Dornan (Lab)', 10)","('# ALTERNATIVE NAME 3: Stephen Dornan (Lab)', 10)","('# ALTERNATIVE NAME 4: John Flanagan (Lab)', 10)","('# ALTERNATIVE NAME 3: Stephen Dornan (Lab)', 11)","('# ALTERNATIVE NAME 3: Stephen Dornan (Lab)', 11)","('# ALTERNATIVE NAME 4: John Flanagan (Lab)', 11)",30
govan_govan.csv,frozenset({'# ALTERNATIVE NAME 7: Will Jess (Grn)'}),12,"('# ALTERNATIVE NAME 6: Allison Hunter (SNP)', 11)","('# ALTERNATIVE NAME 6: Allison Hunter (SNP)', 11)","('# ALTERNATIVE NAME 6: Allison Hunter (SNP)', 11)","('# ALTERNATIVE NAME 3: Stephen Dornan (Lab)', 10)","('# ALTERNATIVE NAME 3: Stephen Dornan (Lab)', 10)","('# ALTERNATIVE NAME 3: Stephen Dornan (Lab)', 10)","('# ALTERNATIVE NAME 4: John Flanagan (Lab)', 10)","('# ALTERNATIVE NAME 3: Stephen Dornan (Lab)', 11)","('# ALTERNATIVE NAME 3: Stephen Dornan (Lab)', 11)","('# ALTERNATIVE NAME 4: John Flanagan (Lab)', 11)",30
govan_govan.csv,frozenset({'# ALTERNATIVE NAME 11: Carolina Perez (Soc)'}),12,"('# ALTERNATIVE NAME 6: Allison Hunter (SNP)', 11)","('# ALTERNATIVE NAME 6: Allison Hunter (SNP)', 11)","('# ALTERNATIVE NAME 6: Allison Hunter (SNP)', 11)","('# ALTERNATIVE NAME 3: Stephen Dornan (Lab)', 10)","('# ALTERNATIVE NAME 3: Stephen Dornan (Lab)', 10)","('# ALTERNATIVE NAME 3: Stephen Dornan (Lab)', 10)","('# ALTERNATIVE NAME 4: John Flanagan (Lab)', 10)","('# ALTERNATIVE NAME 3: Stephen Dornan (Lab)', 11)","('# ALTERNATIVE NAME 3: Stephen Dornan (Lab)', 11)","('# ALTERNATIVE NAME 4: John Flanagan (Lab)', 11)",30
govan_govan.csv,frozenset({'# ALTERNATIVE NAME 2: Michael Cobley (LD)'}),12,"('# ALTERNATIVE NAME 6: Allison Hunter (SNP)', 11)","('# ALTERNATIVE NAME 6: Allison Hunter (SNP)', 11)","('# ALTERNATIVE NAME 6: Allison Hunter (SNP)', 11)","('# ALTERNATIVE NAME 3: Stephen Dornan (Lab)', 10)","('# ALTERNATIVE NAME 3: Stephen Dornan (Lab)', 10)","('# ALTERNATIVE NAME 3: Stephen Dornan (Lab)', 10)","('# ALTERNATIVE NAME 4: John Flanagan (Lab)', 10)","('# ALTERNATIVE NAME 3: Stephen Dornan (Lab)', 11)","('# ALTERNATIVE NAME 3: Stephen Dornan (Lab)', 11)","('# ALTERNATIVE NAME 4: John Flanagan (Lab)', 11)",30
govan_govan.csv,frozenset({'# ALTERNATIVE NAME 9: Patricia Mcintyre (Con)'}),12,"('# ALTERNATIVE NAME 6: Allison Hunter (SNP)', 11)","('# ALTERNATIVE NAME 6: Allison Hunter (SNP)', 11)","('# ALTERNATIVE NAME 6: Allison Hunter (SNP)', 11)","('# ALTERNATIVE NAME 3: Stephen Dornan (Lab)', 10)","('# ALTERNATIVE NAME 3: Stephen Dornan (Lab)', 10)","('# ALTERNATIVE NAME 3: Stephen Dornan (Lab)', 10)","('# ALTERNATIVE NAME 4: John Flanagan (Lab)', 10)","('# ALTERNATIVE NAME 3: Stephen Dornan (Lab)', 11)","('# ALTERNATIVE NAME 3: Stephen Dornan (Lab)', 11)","('# ALTERNATIVE NAME 4: John Flanagan (Lab)', 11)",30
govan_govan.csv,frozenset({'# ALTERNATIVE NAME 6: Allison Hunter (SNP)'}),12,"('Clone', 11)","('Clone', 11)","('# ALTERNATIVE NAME 6: Allison Hunter (SNP)', 11)","('# ALTERNATIVE NAME 3: Stephen Dornan (Lab)', 10)","('# ALTERNATIVE NAME 3: Stephen Dornan (Lab)', 10)","('# ALTERNATIVE NAME 3: Stephen Dornan (Lab)', 10)","('# ALTERNATIVE NAME 4: John Flanagan (Lab)', 9)","('# ALTERNATIVE NAME 3: Stephen Dornan (Lab)', 11)","('# ALTERNATIVE NAME 3: Stephen Dornan (Lab)', 11)","('# ALTERNATIVE NAME 4: John Flanagan (Lab)', 11)",30
govan_govan.csv,none,11,"('# ALTERNATIVE NAME 6: Allison Hunter (SNP)', 10)","('# ALTERNATIVE NAME 6: Allison Hunter (SNP)', 10)","('# ALTERNATIVE NAME 6: Allison Hunter (SNP)', 10)","('# ALTERNATIVE NAME 3: Stephen Dornan (Lab)', 9)","('# ALTERNATIVE NAME 3: Stephen Dornan (Lab)', 9)","('# ALTERNATIVE NAME 3: Stephen Dornan (Lab)', 9)","('# ALTERNATIVE NAME 4: John Flanagan (Lab)', 9)","('# ALTERNATIVE NAME 3: Stephen Dornan (Lab)', 10)","('# ALTERNATIVE NAME 3: Stephen Dornan (Lab)', 10)","('# ALTERNATIVE NAME 4: John Flanagan (Lab)', 10)",40
govan_govan.csv,frozenset({'# ALTERNATIVE NAME 10: George Douglas Mcnee (Ind)'}),12,"('# ALTERNATIVE NAME 6: Allison Hunter (SNP)', 11)","('# ALTERNATIVE NAME 6: Allison Hunter (SNP)', 11)","('# ALTERNATIVE NAME 6: Allison Hunter (SNP)', 11)","('# ALTERNATIVE NAME 3: Stephen Dornan (Lab)', 10)","('# ALTERNATIVE NAME 3: Stephen Dornan (Lab)', 10)","('# ALTERNATIVE NAME 3: Stephen Dornan (Lab)', 10)","('# ALTERNATIVE NAME 4: John Flanagan (Lab)', 10)","('# ALTERNATIVE NAME 3: Stephen Dornan (Lab)', 11)","('# ALTERNATIVE NAME 3: Stephen Dornan (Lab)', 11)","('# ALTERNATIVE NAME 4: John Flanagan (Lab)', 11)",40
govan_govan.csv,frozenset({'# ALTERNATIVE NAME 5: Alan L Hughes (SU)'}),12,"('# ALTERNATIVE NAME 6: Allison Hunter (SNP)', 11)","('# ALTERNATIVE NAME 6: Allison Hunter (SNP)', 11)","('# ALTERNATIVE NAME 6: Allison Hunter (SNP)', 11)","('# ALTERNATIVE NAME 3: Stephen Dornan (Lab)', 10)","('# ALTERNATIVE NAME 3: Stephen Dornan (Lab)', 10)","('# ALTERNATIVE NAME 3: Stephen Dornan (Lab)', 10)","('# ALTERNATIVE NAME 4: John Flanagan (Lab)', 10)","('# ALTERNATIVE NAME 3: Stephen Dornan (Lab)', 11)","('# ALTERNATIVE NAME 3: Stephen Dornan (Lab)', 11)","('# ALTERNATIVE NAME 4: John Flanagan (Lab)', 11)",40
govan_govan.csv,frozenset({'# ALTERNATIVE NAME 3: Stephen Dornan (Lab)'}),12,"('# ALTERNATIVE NAME 6: Allison Hunter (SNP)', 11)","('# ALTERNATIVE NAME 6: Allison Hunter (SNP)', 11)","('# ALTERNATIVE NAME 6: Allison Hunter (SNP)', 11)","('Clone', 10)","('Clone', 10)","('Clone', 10)","('# ALTERNATIVE NAME 4: John Flanagan (Lab)', 10)","('Clone', 11)","('Clone', 11)","('# ALTERNATIVE NAME 4: John Flanagan (Lab)', 11)",40
govan_govan.csv,frozenset({'# ALTERNATIVE NAME 4: John Flanagan (Lab)'}),12,"('# ALTERNATIVE NAME 6: Allison Hunter (SNP)', 11)","('# ALTERNATIVE NAME 6: Allison Hunter (SNP)', 11)","('# ALTERNATIVE NAME 6: Allison Hunter (SNP)', 11)","('# ALTERNATIVE NAME 3: Stephen Dornan (Lab)', 10)","('# ALTERNATIVE NAME 3: Stephen Dornan (Lab)', 10)","('# ALTERNATIVE NAME 3: Stephen Dornan (Lab)', 10)","('Clone', 10)","('# ALTERNATIVE NAME 3: Stephen Dornan (Lab)', 11)","('# ALTERNATIVE NAME 3: Stephen Dornan (Lab)', 11)","('Clone', 11)",40
govan_govan.csv,frozenset({'# ALTERNATIVE NAME 1: Shaukat Butt (Lab)'}),12,"('# ALTERNATIVE NAME 6: Allison Hunter (SNP)', 11)","('# ALTERNATIVE NAME 6: Allison Hunter (SNP)', 11)","('# ALTERNATIVE NAME 6: Allison Hunter (SNP)', 11)","('# ALTERNATIVE NAME 3: Stephen Dornan (Lab)', 10)","('# ALTERNATIVE NAME 3: Stephen Dornan (Lab)', 10)","('# ALTERNATIVE NAME 3: Stephen Dornan (Lab)', 10)","('# ALTERNATIVE NAME 4: John Flanagan (Lab)', 10)","('# ALTERNATIVE NAME 3: Stephen Dornan (Lab)', 11)","('# ALTERNATIVE NAME 3: Stephen Dornan (Lab)', 11)","('# ALTERNATIVE NAME 4: John Flanagan (Lab)', 11)",40
govan_govan.csv,frozenset({'# ALTERNATIVE NAME 8: Irene Lang (Sol)'}),12,"('# ALTERNATIVE NAME 6: Allison Hunter (SNP)', 11)","('# ALTERNATIVE NAME 6: Allison Hunter (SNP)', 11)","('# ALTERNATIVE NAME 6: Allison Hunter (SNP)', 11)","('# ALTERNATIVE NAME 3: Stephen Dornan (Lab)', 10)","('# ALTERNATIVE NAME 3: Stephen Dornan (Lab)', 10)","('# ALTERNATIVE NAME 3: Stephen Dornan (Lab)', 10)","('# ALTERNATIVE NAME 4: John Flanagan (Lab)', 10)","('# ALTERNATIVE NAME 3: Stephen Dornan (Lab)', 11)","('# ALTERNATIVE NAME 3: Stephen Dornan (Lab)', 11)","('# ALTERNATIVE NAME 4: John Flanagan (Lab)', 11)",40
govan_govan.csv,frozenset({'# ALTERNATIVE NAME 7: Will Jess (Grn)'}),12,"('# ALTERNATIVE NAME 6: Allison Hunter (SNP)', 11)","('# ALTERNATIVE NAME 6: Allison Hunter (SNP)', 11)","('# ALTERNATIVE NAME 6: Allison Hunter (SNP)', 11)","('# ALTERNATIVE NAME 3: Stephen Dornan (Lab)', 10)","('# ALTERNATIVE NAME 3: Stephen Dornan (Lab)', 10)","('# ALTERNATIVE NAME 3: Stephen Dornan (Lab)', 10)","('# ALTERNATIVE NAME 4: John Flanagan (Lab)', 10)","('# ALTERNATIVE NAME 3: Stephen Dornan (Lab)', 11)","('# ALTERNATIVE NAME 3: Stephen Dornan (Lab)', 11)","('# ALTERNATIVE NAME 4: John Flanagan (Lab)', 11)",40
govan_govan.csv,frozenset({'# ALTERNATIVE NAME 11: Carolina Perez (Soc)'}),12,"('# ALTERNATIVE NAME 6: Allison Hunter (SNP)', 11)","('# ALTERNATIVE NAME 6: Allison Hunter (SNP)', 11)","('# ALTERNATIVE NAME 6: Allison Hunter (SNP)', 11)","('# ALTERNATIVE NAME 3: Stephen Dornan (Lab)', 10)","('# ALTERNATIVE NAME 3: Stephen Dornan (Lab)', 10)","('# ALTERNATIVE NAME 3: Stephen Dornan (Lab)', 10)","('# ALTERNATIVE NAME 4: John Flanagan (Lab)', 10)","('# ALTERNATIVE NAME 3: Stephen Dornan (Lab)', 11)","('# ALTERNATIVE NAME 3: Stephen Dornan (Lab)', 11)","('# ALTERNATIVE NAME 4: John Flanagan (Lab)', 11)",40
govan_govan.csv,frozenset({'# ALTERNATIVE NAME 2: Michael Cobley (LD)'}),12,"('# ALTERNATIVE NAME 6: Allison Hunter (SNP)', 11)","('# ALTERNATIVE NAME 6: Allison Hunter (SNP)', 11)","('# ALTERNATIVE NAME 6: Allison Hunter (SNP)', 11)","('# ALTERNATIVE NAME 3: Stephen Dornan (Lab)', 10)","('# ALTERNATIVE NAME 3: Stephen Dornan (Lab)', 10)","('# ALTERNATIVE NAME 3: Stephen Dornan (Lab)', 10)","('# ALTERNATIVE NAME 4: John Flanagan (Lab)', 10)","('# ALTERNATIVE NAME 3: Stephen Dornan (Lab)', 11)","('# ALTERNATIVE NAME 3: Stephen Dornan (Lab)', 11)","('# ALTERNATIVE NAME 4: John Flanagan (Lab)', 11)",40
govan_govan.csv,frozenset({'# ALTERNATIVE NAME 9: Patricia Mcintyre (Con)'}),12,"('# ALTERNATIVE NAME 6: Allison Hunter (SNP)', 11)","('# ALTERNATIVE NAME 6: Allison Hunter (SNP)', 11)","('# ALTERNATIVE NAME 6: Allison Hunter (SNP)', 11)","('# ALTERNATIVE NAME 3: Stephen Dornan (Lab)', 10)","('# ALTERNATIVE NAME 3: Stephen Dornan (Lab)', 10)","('# ALTERNATIVE NAME 3: Stephen Dornan (Lab)', 10)","('# ALTERNATIVE NAME 4: John Flanagan (Lab)', 10)","('# ALTERNATIVE NAME 3: Stephen Dornan (Lab)', 11)","('# ALTERNATIVE NAME 3: Stephen Dornan (Lab)', 11)","('# ALTERNATIVE NAME 4: John Flanagan (Lab)', 11)",40
govan_govan.csv,frozenset({'# ALTERNATIVE NAME 6: Allison Hunter (SNP)'}),12,"('Clone', 11)","('Clone', 11)","('Clone', 11)","('# ALTERNATIVE NAME 3: Stephen Dornan (Lab)', 10)","('# ALTERNATIVE NAME 3: Stephen Dornan (Lab)', 10)","('# ALTERNATIVE NAME 3: Stephen Dornan (Lab)', 10)","('# ALTERNATIVE NAME 4: John Flanagan (Lab)', 9)","('# ALTERNATIVE NAME 3: Stephen Dornan (Lab)', 11)","('# ALTERNATIVE NAME 3: Stephen Dornan (Lab)', 11)","('# ALTERNATIVE NAME 4: John Flanagan (Lab)', 11)",40
govan_govan.csv,none,11,"('# ALTERNATIVE NAME 6: Allison Hunter (SNP)', 10)","('# ALTERNATIVE NAME 6: Allison Hunter (SNP)', 10)","('# ALTERNATIVE NAME 6: Allison Hunter (SNP)', 10)","('# ALTERNATIVE NAME 3: Stephen Dornan (Lab)', 9)","('# ALTERNATIVE NAME 3: Stephen Dornan (Lab)', 9)","('# ALTERNATIVE NAME 3: Stephen Dornan (Lab)', 9)","('# ALTERNATIVE NAME 4: John Flanagan (Lab)', 9)","('# ALTERNATIVE NAME 3: Stephen Dornan (Lab)', 10)","('# ALTERNATIVE NAME 3: Stephen Dornan (Lab)', 10)","('# ALTERNATIVE NAME 4: John Flanagan (Lab)', 10)",50
govan_govan.csv,frozenset({'# ALTERNATIVE NAME 10: George Douglas Mcnee (Ind)'}),12,"('# ALTERNATIVE NAME 6: Allison Hunter (SNP)', 11)","('# ALTERNATIVE NAME 6: Allison Hunter (SNP)', 11)","('# ALTERNATIVE NAME 6: Allison Hunter (SNP)', 11)","('# ALTERNATIVE NAME 3: Stephen Dornan (Lab)', 10)","('# ALTERNATIVE NAME 3: Stephen Dornan (Lab)', 10)","('# ALTERNATIVE NAME 3: Stephen Dornan (Lab)', 10)","('# ALTERNATIVE NAME 4: John Flanagan (Lab)', 10)","('# ALTERNATIVE NAME 3: Stephen Dornan (Lab)', 11)","('# ALTERNATIVE NAME 3: Stephen Dornan (Lab)', 11)","('# ALTERNATIVE NAME 4: John Flanagan (Lab)', 11)",50
govan_govan.csv,frozenset({'# ALTERNATIVE NAME 5: Alan L Hughes (SU)'}),12,"('# ALTERNATIVE NAME 6: Allison Hunter (SNP)', 11)","('# ALTERNATIVE NAME 6: Allison Hunter (SNP)', 11)","('# ALTERNATIVE NAME 6: Allison Hunter (SNP)', 11)","('# ALTERNATIVE NAME 3: Stephen Dornan (Lab)', 10)","('# ALTERNATIVE NAME 3: Stephen Dornan (Lab)', 10)","('# ALTERNATIVE NAME 3: Stephen Dornan (Lab)', 10)","('# ALTERNATIVE NAME 4: John Flanagan (Lab)', 10)","('# ALTERNATIVE NAME 3: Stephen Dornan (Lab)', 11)","('# ALTERNATIVE NAME 3: Stephen Dornan (Lab)', 11)","('# ALTERNATIVE NAME 4: John Flanagan (Lab)', 11)",50
govan_govan.csv,frozenset({'# ALTERNATIVE NAME 3: Stephen Dornan (Lab)'}),12,"('# ALTERNATIVE NAME 6: Allison Hunter (SNP)', 11)","('# ALTERNATIVE NAME 6: Allison Hunter (SNP)', 11)","('Clone', 9)","('Clone', 10)","('Clone', 10)","('Clone', 10)","('# ALTERNATIVE NAME 4: John Flanagan (Lab)', 10)","('Clone', 11)","('Clone', 11)","('# ALTERNATIVE NAME 4: John Flanagan (Lab)', 11)",50
govan_govan.csv,frozenset({'# ALTERNATIVE NAME 4: John Flanagan (Lab)'}),12,"('# ALTERNATIVE NAME 6: Allison Hunter (SNP)', 11)","('# ALTERNATIVE NAME 6: Allison Hunter (SNP)', 11)","('# ALTERNATIVE NAME 6: Allison Hunter (SNP)', 11)","('# ALTERNATIVE NAME 3: Stephen Dornan (Lab)', 10)","('# ALTERNATIVE NAME 3: Stephen Dornan (Lab)', 10)","('# ALTERNATIVE NAME 3: Stephen Dornan (Lab)', 10)","('Clone', 10)","('# ALTERNATIVE NAME 3: Stephen Dornan (Lab)', 11)","('# ALTERNATIVE NAME 3: Stephen Dornan (Lab)', 11)","('Clone', 11)",50
govan_govan.csv,frozenset({'# ALTERNATIVE NAME 1: Shaukat Butt (Lab)'}),12,"('# ALTERNATIVE NAME 6: Allison Hunter (SNP)', 11)","('# ALTERNATIVE NAME 6: Allison Hunter (SNP)', 11)","('# ALTERNATIVE NAME 6: Allison Hunter (SNP)', 11)","('# ALTERNATIVE NAME 3: Stephen Dornan (Lab)', 10)","('# ALTERNATIVE NAME 3: Stephen Dornan (Lab)', 10)","('# ALTERNATIVE NAME 3: Stephen Dornan (Lab)', 10)","('# ALTERNATIVE NAME 4: John Flanagan (Lab)', 10)","('# ALTERNATIVE NAME 3: Stephen Dornan (Lab)', 11)","('# ALTERNATIVE NAME 3: Stephen Dornan (Lab)', 11)","('# ALTERNATIVE NAME 4: John Flanagan (Lab)', 11)",50
govan_govan.csv,frozenset({'# ALTERNATIVE NAME 8: Irene Lang (Sol)'}),12,"('# ALTERNATIVE NAME 6: Allison Hunter (SNP)', 11)","('# ALTERNATIVE NAME 6: Allison Hunter (SNP)', 11)","('# ALTERNATIVE NAME 6: Allison Hunter (SNP)', 11)","('# ALTERNATIVE NAME 3: Stephen Dornan (Lab)', 10)","('# ALTERNATIVE NAME 3: Stephen Dornan (Lab)', 10)","('# ALTERNATIVE NAME 3: Stephen Dornan (Lab)', 10)","('# ALTERNATIVE NAME 4: John Flanagan (Lab)', 10)","('# ALTERNATIVE NAME 3: Stephen Dornan (Lab)', 11)","('# ALTERNATIVE NAME 3: Stephen Dornan (Lab)', 11)","('# ALTERNATIVE NAME 4: John Flanagan (Lab)', 11)",50
govan_govan.csv,frozenset({'# ALTERNATIVE NAME 7: Will Jess (Grn)'}),12,"('# ALTERNATIVE NAME 6: Allison Hunter (SNP)', 11)","('# ALTERNATIVE NAME 6: Allison Hunter (SNP)', 11)","('# ALTERNATIVE NAME 6: Allison Hunter (SNP)', 11)","('# ALTERNATIVE NAME 3: Stephen Dornan (Lab)', 10)","('# ALTERNATIVE NAME 3: Stephen Dornan (Lab)', 10)","('# ALTERNATIVE NAME 3: Stephen Dornan (Lab)', 10)","('# ALTERNATIVE NAME 4: John Flanagan (Lab)', 10)","('# ALTERNATIVE NAME 3: Stephen Dornan (Lab)', 11)","('# ALTERNATIVE NAME 3: Stephen Dornan (Lab)', 11)","('# ALTERNATIVE NAME 4: John Flanagan (Lab)', 11)",50
govan_govan.csv,frozenset({'# ALTERNATIVE NAME 11: Carolina Perez (Soc)'}),12,"('# ALTERNATIVE NAME 6: Allison Hunter (SNP)', 11)","('# ALTERNATIVE NAME 6: Allison Hunter (SNP)', 11)","('# ALTERNATIVE NAME 6: Allison Hunter (SNP)', 11)","('# ALTERNATIVE NAME 3: Stephen Dornan (Lab)', 10)","('# ALTERNATIVE NAME 3: Stephen Dornan (Lab)', 10)","('# ALTERNATIVE NAME 3: Stephen Dornan (Lab)', 10)","('# ALTERNATIVE NAME 4: John Flanagan (Lab)', 10)","('# ALTERNATIVE NAME 3: Stephen Dornan (Lab)', 11)","('# ALTERNATIVE NAME 3: Stephen Dornan (Lab)', 11)","('# ALTERNATIVE NAME 4: John Flanagan (Lab)', 11)",50
govan_govan.csv,frozenset({'# ALTERNATIVE NAME 2: Michael Cobley (LD)'}),12,"('# ALTERNATIVE NAME 6: Allison Hunter (SNP)', 11)","('# ALTERNATIVE NAME 6: Allison Hunter (SNP)', 11)","('# ALTERNATIVE NAME 6: Allison Hunter (SNP)', 11)","('# ALTERNATIVE NAME 3: Stephen Dornan (Lab)', 10)","('# ALTERNATIVE NAME 3: Stephen Dornan (Lab)', 10)","('# ALTERNATIVE NAME 3: Stephen Dornan (Lab)', 10)","('# ALTERNATIVE NAME 4: John Flanagan (Lab)', 10)","('# ALTERNATIVE NAME 3: Stephen Dornan (Lab)', 11)","('# ALTERNATIVE NAME 3: Stephen Dornan (Lab)', 11)","('# ALTERNATIVE NAME 4: John Flanagan (Lab)', 11)",50
govan_govan.csv,frozenset({'# ALTERNATIVE NAME 9: Patricia Mcintyre (Con)'}),12,"('# ALTERNATIVE NAME 6: Allison Hunter (SNP)', 11)","('# ALTERNATIVE NAME 6: Allison Hunter (SNP)', 11)","('# ALTERNATIVE NAME 6: Allison Hunter (SNP)', 11)","('# ALTERNATIVE NAME 3: Stephen Dornan (Lab)', 10)","('# ALTERNATIVE NAME 3: Stephen Dornan (Lab)', 10)","('# ALTERNATIVE NAME 3: Stephen Dornan (Lab)', 10)","('# ALTERNATIVE NAME 4: John Flanagan (Lab)', 10)","('# ALTERNATIVE NAME 3: Stephen Dornan (Lab)', 11)","('# ALTERNATIVE NAME 3: Stephen Dornan (Lab)', 11)","('# ALTERNATIVE NAME 4: John Flanagan (Lab)', 11)",50
govan_govan.csv,frozenset({'# ALTERNATIVE NAME 6: Allison Hunter (SNP)'}),12,"('Clone', 11)","('Clone', 11)","('Clone', 11)","('# ALTERNATIVE NAME 3: Stephen Dornan (Lab)', 10)","('# ALTERNATIVE NAME 3: Stephen Dornan (Lab)', 10)","('# ALTERNATIVE NAME 3: Stephen Dornan (Lab)', 10)","('# ALTERNATIVE NAME 4: John Flanagan (Lab)', 9)","('# ALTERNATIVE NAME 3: Stephen Dornan (Lab)', 11)","('# ALTERNATIVE NAME 3: Stephen Dornan (Lab)', 11)","('# ALTERNATIVE NAME 4: John Flanagan (Lab)', 11)",50
govan_govan.csv,none,11,"('# ALTERNATIVE NAME 6: Allison Hunter (SNP)', 10)","('# ALTERNATIVE NAME 6: Allison Hunter (SNP)', 10)","('# ALTERNATIVE NAME 6: Allison Hunter (SNP)', 10)","('# ALTERNATIVE NAME 3: Stephen Dornan (Lab)', 9)","('# ALTERNATIVE NAME 3: Stephen Dornan (Lab)', 9)","('# ALTERNATIVE NAME 3: Stephen Dornan (Lab)', 9)","('# ALTERNATIVE NAME 4: John Flanagan (Lab)', 9)","('# ALTERNATIVE NAME 3: Stephen Dornan (Lab)', 10)","('# ALTERNATIVE NAME 3: Stephen Dornan (Lab)', 10)","('# ALTERNATIVE NAME 4: John Flanagan (Lab)', 10)",60
govan_govan.csv,frozenset({'# ALTERNATIVE NAME 10: George Douglas Mcnee (Ind)'}),12,"('# ALTERNATIVE NAME 6: Allison Hunter (SNP)', 11)","('# ALTERNATIVE NAME 6: Allison Hunter (SNP)', 11)","('# ALTERNATIVE NAME 6: Allison Hunter (SNP)', 11)","('# ALTERNATIVE NAME 3: Stephen Dornan (Lab)', 10)","('# ALTERNATIVE NAME 3: Stephen Dornan (Lab)', 10)","('# ALTERNATIVE NAME 3: Stephen Dornan (Lab)', 10)","('# ALTERNATIVE NAME 4: John Flanagan (Lab)', 10)","('# ALTERNATIVE NAME 3: Stephen Dornan (Lab)', 11)","('# ALTERNATIVE NAME 3: Stephen Dornan (Lab)', 11)","('# ALTERNATIVE NAME 4: John Flanagan (Lab)', 11)",60
govan_govan.csv,frozenset({'# ALTERNATIVE NAME 5: Alan L Hughes (SU)'}),12,"('# ALTERNATIVE NAME 6: Allison Hunter (SNP)', 11)","('# ALTERNATIVE NAME 6: Allison Hunter (SNP)', 11)","('# ALTERNATIVE NAME 6: Allison Hunter (SNP)', 11)","('# ALTERNATIVE NAME 3: Stephen Dornan (Lab)', 10)","('# ALTERNATIVE NAME 3: Stephen Dornan (Lab)', 10)","('# ALTERNATIVE NAME 3: Stephen Dornan (Lab)', 10)","('# ALTERNATIVE NAME 4: John Flanagan (Lab)', 10)","('# ALTERNATIVE NAME 3: Stephen Dornan (Lab)', 11)","('# ALTERNATIVE NAME 3: Stephen Dornan (Lab)', 11)","('# ALTERNATIVE NAME 4: John Flanagan (Lab)', 11)",60
govan_govan.csv,frozenset({'# ALTERNATIVE NAME 3: Stephen Dornan (Lab)'}),12,"('# ALTERNATIVE NAME 6: Allison Hunter (SNP)', 11)","('# ALTERNATIVE NAME 6: Allison Hunter (SNP)', 11)","('# ALTERNATIVE NAME 6: Allison Hunter (SNP)', 11)","('Clone', 10)","('Clone', 10)","('Clone', 10)","('# ALTERNATIVE NAME 4: John Flanagan (Lab)', 10)","('Clone', 11)","('Clone', 11)","('# ALTERNATIVE NAME 4: John Flanagan (Lab)', 11)",60
govan_govan.csv,frozenset({'# ALTERNATIVE NAME 4: John Flanagan (Lab)'}),12,"('# ALTERNATIVE NAME 6: Allison Hunter (SNP)', 11)","('# ALTERNATIVE NAME 6: Allison Hunter (SNP)', 11)","('# ALTERNATIVE NAME 6: Allison Hunter (SNP)', 11)","('# ALTERNATIVE NAME 3: Stephen Dornan (Lab)', 10)","('# ALTERNATIVE NAME 3: Stephen Dornan (Lab)', 10)","('# ALTERNATIVE NAME 3: Stephen Dornan (Lab)', 10)","('Clone', 10)","('# ALTERNATIVE NAME 3: Stephen Dornan (Lab)', 11)","('# ALTERNATIVE NAME 3: Stephen Dornan (Lab)', 11)","('Clone', 11)",60
govan_govan.csv,frozenset({'# ALTERNATIVE NAME 1: Shaukat Butt (Lab)'}),12,"('# ALTERNATIVE NAME 6: Allison Hunter (SNP)', 11)","('# ALTERNATIVE NAME 6: Allison Hunter (SNP)', 11)","('# ALTERNATIVE NAME 6: Allison Hunter (SNP)', 11)","('# ALTERNATIVE NAME 3: Stephen Dornan (Lab)', 10)","('# ALTERNATIVE NAME 3: Stephen Dornan (Lab)', 10)","('# ALTERNATIVE NAME 3: Stephen Dornan (Lab)', 10)","('# ALTERNATIVE NAME 4: John Flanagan (Lab)', 10)","('# ALTERNATIVE NAME 3: Stephen Dornan (Lab)', 11)","('# ALTERNATIVE NAME 3: Stephen Dornan (Lab)', 11)","('# ALTERNATIVE NAME 4: John Flanagan (Lab)', 11)",60
govan_govan.csv,frozenset({'# ALTERNATIVE NAME 8: Irene Lang (Sol)'}),12,"('# ALTERNATIVE NAME 6: Allison Hunter (SNP)', 11)","('# ALTERNATIVE NAME 6: Allison Hunter (SNP)', 11)","('# ALTERNATIVE NAME 6: Allison Hunter (SNP)', 11)","('# ALTERNATIVE NAME 3: Stephen Dornan (Lab)', 10)","('# ALTERNATIVE NAME 3: Stephen Dornan (Lab)', 10)","('# ALTERNATIVE NAME 3: Stephen Dornan (Lab)', 10)","('# ALTERNATIVE NAME 4: John Flanagan (Lab)', 10)","('# ALTERNATIVE NAME 3: Stephen Dornan (Lab)', 11)","('# ALTERNATIVE NAME 3: Stephen Dornan (Lab)', 11)","('# ALTERNATIVE NAME 4: John Flanagan (Lab)', 11)",60
govan_govan.csv,frozenset({'# ALTERNATIVE NAME 7: Will Jess (Grn)'}),12,"('# ALTERNATIVE NAME 6: Allison Hunter (SNP)', 11)","('# ALTERNATIVE NAME 6: Allison Hunter (SNP)', 11)","('# ALTERNATIVE NAME 6: Allison Hunter (SNP)', 11)","('# ALTERNATIVE NAME 3: Stephen Dornan (Lab)', 10)","('# ALTERNATIVE NAME 3: Stephen Dornan (Lab)', 10)","('# ALTERNATIVE NAME 3: Stephen Dornan (Lab)', 10)","('# ALTERNATIVE NAME 4: John Flanagan (Lab)', 10)","('# ALTERNATIVE NAME 3: Stephen Dornan (Lab)', 11)","('# ALTERNATIVE NAME 3: Stephen Dornan (Lab)', 11)","('# ALTERNATIVE NAME 4: John Flanagan (Lab)', 11)",60
govan_govan.csv,frozenset({'# ALTERNATIVE NAME 11: Carolina Perez (Soc)'}),12,"('# ALTERNATIVE NAME 6: Allison Hunter (SNP)', 11)","('# ALTERNATIVE NAME 6: Allison Hunter (SNP)', 11)","('# ALTERNATIVE NAME 6: Allison Hunter (SNP)', 11)","('# ALTERNATIVE NAME 3: Stephen Dornan (Lab)', 10)","('# ALTERNATIVE NAME 3: Stephen Dornan (Lab)', 10)","('# ALTERNATIVE NAME 3: Stephen Dornan (Lab)', 10)","('# ALTERNATIVE NAME 4: John Flanagan (Lab)', 10)","('# ALTERNATIVE NAME 3: Stephen Dornan (Lab)', 11)","('# ALTERNATIVE NAME 3: Stephen Dornan (Lab)', 11)","('# ALTERNATIVE NAME 4: John Flanagan (Lab)', 11)",60
govan_govan.csv,frozenset({'# ALTERNATIVE NAME 2: Michael Cobley (LD)'}),12,"('# ALTERNATIVE NAME 6: Allison Hunter (SNP)', 11)","('# ALTERNATIVE NAME 6: Allison Hunter (SNP)', 11)","('# ALTERNATIVE NAME 6: Allison Hunter (SNP)', 11)","('# ALTERNATIVE NAME 3: Stephen Dornan (Lab)', 10)","('# ALTERNATIVE NAME 3: Stephen Dornan (Lab)', 10)","('# ALTERNATIVE NAME 3: Stephen Dornan (Lab)', 10)","('# ALTERNATIVE NAME 4: John Flanagan (Lab)', 10)","('# ALTERNATIVE NAME 3: Stephen Dornan (Lab)', 11)","('# ALTERNATIVE NAME 3: Stephen Dornan (Lab)', 11)","('# ALTERNATIVE NAME 4: John Flanagan (Lab)', 11)",60
govan_govan.csv,frozenset({'# ALTERNATIVE NAME 9: Patricia Mcintyre (Con)'}),12,"('# ALTERNATIVE NAME 6: Allison Hunter (SNP)', 11)","('# ALTERNATIVE NAME 6: Allison Hunter (SNP)', 11)","('# ALTERNATIVE NAME 6: Allison Hunter (SNP)', 11)","('# ALTERNATIVE NAME 3: Stephen Dornan (Lab)', 10)","('# ALTERNATIVE NAME 3: Stephen Dornan (Lab)', 10)","('# ALTERNATIVE NAME 3: Stephen Dornan (Lab)', 10)","('# ALTERNATIVE NAME 4: John Flanagan (Lab)', 10)","('# ALTERNATIVE NAME 3: Stephen Dornan (Lab)', 11)","('# ALTERNATIVE NAME 3: Stephen Dornan (Lab)', 11)","('# ALTERNATIVE NAME 4: John Flanagan (Lab)', 11)",60
govan_govan.csv,frozenset({'# ALTERNATIVE NAME 6: Allison Hunter (SNP)'}),12,"('Clone', 11)","('Clone', 11)","('Clone', 11)","('# ALTERNATIVE NAME 3: Stephen Dornan (Lab)', 10)","('# ALTERNATIVE NAME 3: Stephen Dornan (Lab)', 10)","('# ALTERNATIVE NAME 3: Stephen Dornan (Lab)', 10)","('# ALTERNATIVE NAME 4: John Flanagan (Lab)', 9)","('# ALTERNATIVE NAME 3: Stephen Dornan (Lab)', 11)","('# ALTERNATIVE NAME 3: Stephen Dornan (Lab)', 11)","('# ALTERNATIVE NAME 4: John Flanagan (Lab)', 11)",60
govan_govan.csv,none,11,"('# ALTERNATIVE NAME 6: Allison Hunter (SNP)', 10)","('# ALTERNATIVE NAME 6: Allison Hunter (SNP)', 10)","('# ALTERNATIVE NAME 6: Allison Hunter (SNP)', 10)","('# ALTERNATIVE NAME 3: Stephen Dornan (Lab)', 9)","('# ALTERNATIVE NAME 3: Stephen Dornan (Lab)', 9)","('# ALTERNATIVE NAME 3: Stephen Dornan (Lab)', 9)","('# ALTERNATIVE NAME 4: John Flanagan (Lab)', 9)","('# ALTERNATIVE NAME 3: Stephen Dornan (Lab)', 10)","('# ALTERNATIVE NAME 3: Stephen Dornan (Lab)', 10)","('# ALTERNATIVE NAME 4: John Flanagan (Lab)', 10)",70
govan_govan.csv,frozenset({'# ALTERNATIVE NAME 10: George Douglas Mcnee (Ind)'}),12,"('# ALTERNATIVE NAME 6: Allison Hunter (SNP)', 11)","('# ALTERNATIVE NAME 6: Allison Hunter (SNP)', 11)","('# ALTERNATIVE NAME 6: Allison Hunter (SNP)', 11)","('# ALTERNATIVE NAME 3: Stephen Dornan (Lab)', 10)","('# ALTERNATIVE NAME 3: Stephen Dornan (Lab)', 10)","('# ALTERNATIVE NAME 3: Stephen Dornan (Lab)', 10)","('# ALTERNATIVE NAME 4: John Flanagan (Lab)', 10)","('# ALTERNATIVE NAME 3: Stephen Dornan (Lab)', 11)","('# ALTERNATIVE NAME 3: Stephen Dornan (Lab)', 11)","('# ALTERNATIVE NAME 4: John Flanagan (Lab)', 11)",70
govan_govan.csv,frozenset({'# ALTERNATIVE NAME 5: Alan L Hughes (SU)'}),12,"('# ALTERNATIVE NAME 6: Allison Hunter (SNP)', 11)","('# ALTERNATIVE NAME 6: Allison Hunter (SNP)', 11)","('# ALTERNATIVE NAME 6: Allison Hunter (SNP)', 11)","('# ALTERNATIVE NAME 3: Stephen Dornan (Lab)', 10)","('# ALTERNATIVE NAME 3: Stephen Dornan (Lab)', 10)","('# ALTERNATIVE NAME 3: Stephen Dornan (Lab)', 10)","('# ALTERNATIVE NAME 4: John Flanagan (Lab)', 10)","('# ALTERNATIVE NAME 3: Stephen Dornan (Lab)', 11)","('# ALTERNATIVE NAME 3: Stephen Dornan (Lab)', 11)","('# ALTERNATIVE NAME 4: John Flanagan (Lab)', 11)",70
govan_govan.csv,frozenset({'# ALTERNATIVE NAME 3: Stephen Dornan (Lab)'}),12,"('# ALTERNATIVE NAME 6: Allison Hunter (SNP)', 11)","('# ALTERNATIVE NAME 6: Allison Hunter (SNP)', 11)","('# ALTERNATIVE NAME 6: Allison Hunter (SNP)', 11)","('Clone', 10)","('Clone', 10)","('Clone', 10)","('# ALTERNATIVE NAME 4: John Flanagan (Lab)', 10)","('Clone', 11)","('Clone', 11)","('# ALTERNATIVE NAME 4: John Flanagan (Lab)', 11)",70
govan_govan.csv,frozenset({'# ALTERNATIVE NAME 4: John Flanagan (Lab)'}),12,"('# ALTERNATIVE NAME 6: Allison Hunter (SNP)', 11)","('# ALTERNATIVE NAME 6: Allison Hunter (SNP)', 11)","('# ALTERNATIVE NAME 6: Allison Hunter (SNP)', 11)","('# ALTERNATIVE NAME 3: Stephen Dornan (Lab)', 10)","('# ALTERNATIVE NAME 3: Stephen Dornan (Lab)', 10)","('# ALTERNATIVE NAME 3: Stephen Dornan (Lab)', 10)","('Clone', 10)","('# ALTERNATIVE NAME 3: Stephen Dornan (Lab)', 11)","('# ALTERNATIVE NAME 3: Stephen Dornan (Lab)', 11)","('Clone', 11)",70
govan_govan.csv,frozenset({'# ALTERNATIVE NAME 1: Shaukat Butt (Lab)'}),12,"('# ALTERNATIVE NAME 6: Allison Hunter (SNP)', 11)","('# ALTERNATIVE NAME 6: Allison Hunter (SNP)', 11)","('# ALTERNATIVE NAME 6: Allison Hunter (SNP)', 11)","('# ALTERNATIVE NAME 3: Stephen Dornan (Lab)', 10)","('# ALTERNATIVE NAME 3: Stephen Dornan (Lab)', 10)","('# ALTERNATIVE NAME 3: Stephen Dornan (Lab)', 10)","('# ALTERNATIVE NAME 4: John Flanagan (Lab)', 10)","('# ALTERNATIVE NAME 3: Stephen Dornan (Lab)', 11)","('# ALTERNATIVE NAME 3: Stephen Dornan (Lab)', 11)","('# ALTERNATIVE NAME 4: John Flanagan (Lab)', 11)",70
govan_govan.csv,frozenset({'# ALTERNATIVE NAME 8: Irene Lang (Sol)'}),12,"('# ALTERNATIVE NAME 6: Allison Hunter (SNP)', 11)","('# ALTERNATIVE NAME 6: Allison Hunter (SNP)', 11)","('# ALTERNATIVE NAME 6: Allison Hunter (SNP)', 11)","('# ALTERNATIVE NAME 3: Stephen Dornan (Lab)', 10)","('# ALTERNATIVE NAME 3: Stephen Dornan (Lab)', 10)","('# ALTERNATIVE NAME 3: Stephen Dornan (Lab)', 10)","('# ALTERNATIVE NAME 4: John Flanagan (Lab)', 10)","('# ALTERNATIVE NAME 3: Stephen Dornan (Lab)', 11)","('# ALTERNATIVE NAME 3: Stephen Dornan (Lab)', 11)","('# ALTERNATIVE NAME 4: John Flanagan (Lab)', 11)",70
govan_govan.csv,frozenset({'# ALTERNATIVE NAME 7: Will Jess (Grn)'}),12,"('# ALTERNATIVE NAME 6: Allison Hunter (SNP)', 11)","('# ALTERNATIVE NAME 6: Allison Hunter (SNP)', 11)","('# ALTERNATIVE NAME 6: Allison Hunter (SNP)', 11)","('# ALTERNATIVE NAME 3: Stephen Dornan (Lab)', 10)","('# ALTERNATIVE NAME 3: Stephen Dornan (Lab)', 10)","('# ALTERNATIVE NAME 3: Stephen Dornan (Lab)', 10)","('# ALTERNATIVE NAME 4: John Flanagan (Lab)', 10)","('# ALTERNATIVE NAME 3: Stephen Dornan (Lab)', 11)","('# ALTERNATIVE NAME 3: Stephen Dornan (Lab)', 11)","('# ALTERNATIVE NAME 4: John Flanagan (Lab)', 11)",70
govan_govan.csv,frozenset({'# ALTERNATIVE NAME 11: Carolina Perez (Soc)'}),12,"('# ALTERNATIVE NAME 6: Allison Hunter (SNP)', 11)","('# ALTERNATIVE NAME 6: Allison Hunter (SNP)', 11)","('# ALTERNATIVE NAME 6: Allison Hunter (SNP)', 11)","('# ALTERNATIVE NAME 3: Stephen Dornan (Lab)', 10)","('# ALTERNATIVE NAME 3: Stephen Dornan (Lab)', 10)","('# ALTERNATIVE NAME 3: Stephen Dornan (Lab)', 10)","('# ALTERNATIVE NAME 4: John Flanagan (Lab)', 10)","('# ALTERNATIVE NAME 3: Stephen Dornan (Lab)', 11)","('# ALTERNATIVE NAME 3: Stephen Dornan (Lab)', 11)","('# ALTERNATIVE NAME 4: John Flanagan (Lab)', 11)",70
govan_govan.csv,frozenset({'# ALTERNATIVE NAME 2: Michael Cobley (LD)'}),12,"('# ALTERNATIVE NAME 6: Allison Hunter (SNP)', 11)","('# ALTERNATIVE NAME 6: Allison Hunter (SNP)', 11)","('# ALTERNATIVE NAME 6: Allison Hunter (SNP)', 11)","('# ALTERNATIVE NAME 3: Stephen Dornan (Lab)', 10)","('# ALTERNATIVE NAME 3: Stephen Dornan (Lab)', 10)","('# ALTERNATIVE NAME 3: Stephen Dornan (Lab)', 10)","('# ALTERNATIVE NAME 4: John Flanagan (Lab)', 10)","('# ALTERNATIVE NAME 3: Stephen Dornan (Lab)', 11)","('# ALTERNATIVE NAME 3: Stephen Dornan (Lab)', 11)","('# ALTERNATIVE NAME 4: John Flanagan (Lab)', 11)",70
govan_govan.csv,frozenset({'# ALTERNATIVE NAME 9: Patricia Mcintyre (Con)'}),12,"('# ALTERNATIVE NAME 6: Allison Hunter (SNP)', 11)","('# ALTERNATIVE NAME 6: Allison Hunter (SNP)', 11)","('# ALTERNATIVE NAME 6: Allison Hunter (SNP)', 11)","('# ALTERNATIVE NAME 3: Stephen Dornan (Lab)', 10)","('# ALTERNATIVE NAME 3: Stephen Dornan (Lab)', 10)","('# ALTERNATIVE NAME 3: Stephen Dornan (Lab)', 10)","('# ALTERNATIVE NAME 4: John Flanagan (Lab)', 10)","('# ALTERNATIVE NAME 3: Stephen Dornan (Lab)', 11)","('# ALTERNATIVE NAME 3: Stephen Dornan (Lab)', 11)","('# ALTERNATIVE NAME 4: John Flanagan (Lab)', 11)",70
govan_govan.csv,frozenset({'# ALTERNATIVE NAME 6: Allison Hunter (SNP)'}),12,"('Clone', 11)","('Clone', 11)","('Clone', 11)","('# ALTERNATIVE NAME 3: Stephen Dornan (Lab)', 10)","('# ALTERNATIVE NAME 3: Stephen Dornan (Lab)', 10)","('# ALTERNATIVE NAME 3: Stephen Dornan (Lab)', 10)","('# ALTERNATIVE NAME 4: John Flanagan (Lab)', 10)","('# ALTERNATIVE NAME 3: Stephen Dornan (Lab)', 11)","('# ALTERNATIVE NAME 3: Stephen Dornan (Lab)', 11)","('# ALTERNATIVE NAME 4: John Flanagan (Lab)', 11)",70
govan_govan.csv,none,11,"('# ALTERNATIVE NAME 6: Allison Hunter (SNP)', 10)","('# ALTERNATIVE NAME 6: Allison Hunter (SNP)', 10)","('# ALTERNATIVE NAME 6: Allison Hunter (SNP)', 10)","('# ALTERNATIVE NAME 3: Stephen Dornan (Lab)', 9)","('# ALTERNATIVE NAME 3: Stephen Dornan (Lab)', 9)","('# ALTERNATIVE NAME 3: Stephen Dornan (Lab)', 9)","('# ALTERNATIVE NAME 4: John Flanagan (Lab)', 9)","('# ALTERNATIVE NAME 3: Stephen Dornan (Lab)', 10)","('# ALTERNATIVE NAME 3: Stephen Dornan (Lab)', 10)","('# ALTERNATIVE NAME 4: John Flanagan (Lab)', 10)",80
govan_govan.csv,frozenset({'# ALTERNATIVE NAME 10: George Douglas Mcnee (Ind)'}),12,"('# ALTERNATIVE NAME 6: Allison Hunter (SNP)', 11)","('# ALTERNATIVE NAME 6: Allison Hunter (SNP)', 11)","('# ALTERNATIVE NAME 6: Allison Hunter (SNP)', 11)","('# ALTERNATIVE NAME 3: Stephen Dornan (Lab)', 10)","('# ALTERNATIVE NAME 3: Stephen Dornan (Lab)', 10)","('# ALTERNATIVE NAME 3: Stephen Dornan (Lab)', 10)","('# ALTERNATIVE NAME 4: John Flanagan (Lab)', 10)","('# ALTERNATIVE NAME 3: Stephen Dornan (Lab)', 11)","('# ALTERNATIVE NAME 3: Stephen Dornan (Lab)', 11)","('# ALTERNATIVE NAME 4: John Flanagan (Lab)', 11)",80
govan_govan.csv,frozenset({'# ALTERNATIVE NAME 5: Alan L Hughes (SU)'}),12,"('# ALTERNATIVE NAME 6: Allison Hunter (SNP)', 11)","('# ALTERNATIVE NAME 6: Allison Hunter (SNP)', 11)","('# ALTERNATIVE NAME 6: Allison Hunter (SNP)', 11)","('# ALTERNATIVE NAME 3: Stephen Dornan (Lab)', 10)","('# ALTERNATIVE NAME 3: Stephen Dornan (Lab)', 10)","('# ALTERNATIVE NAME 3: Stephen Dornan (Lab)', 10)","('# ALTERNATIVE NAME 4: John Flanagan (Lab)', 10)","('# ALTERNATIVE NAME 3: Stephen Dornan (Lab)', 11)","('# ALTERNATIVE NAME 3: Stephen Dornan (Lab)', 11)","('# ALTERNATIVE NAME 4: John Flanagan (Lab)', 11)",80
govan_govan.csv,frozenset({'# ALTERNATIVE NAME 3: Stephen Dornan (Lab)'}),12,"('# ALTERNATIVE NAME 6: Allison Hunter (SNP)', 11)","('# ALTERNATIVE NAME 6: Allison Hunter (SNP)', 11)","('# ALTERNATIVE NAME 6: Allison Hunter (SNP)', 11)","('Clone', 10)","('Clone', 10)","('Clone', 10)","('# ALTERNATIVE NAME 4: John Flanagan (Lab)', 10)","('Clone', 11)","('Clone', 11)","('# ALTERNATIVE NAME 4: John Flanagan (Lab)', 11)",80
govan_govan.csv,frozenset({'# ALTERNATIVE NAME 4: John Flanagan (Lab)'}),12,"('# ALTERNATIVE NAME 6: Allison Hunter (SNP)', 11)","('# ALTERNATIVE NAME 6: Allison Hunter (SNP)', 11)","('# ALTERNATIVE NAME 6: Allison Hunter (SNP)', 11)","('# ALTERNATIVE NAME 3: Stephen Dornan (Lab)', 10)","('# ALTERNATIVE NAME 3: Stephen Dornan (Lab)', 10)","('# ALTERNATIVE NAME 3: Stephen Dornan (Lab)', 10)","('Clone', 10)","('# ALTERNATIVE NAME 3: Stephen Dornan (Lab)', 11)","('# ALTERNATIVE NAME 3: Stephen Dornan (Lab)', 11)","('Clone', 11)",80
govan_govan.csv,frozenset({'# ALTERNATIVE NAME 1: Shaukat Butt (Lab)'}),12,"('# ALTERNATIVE NAME 6: Allison Hunter (SNP)', 11)","('# ALTERNATIVE NAME 6: Allison Hunter (SNP)', 11)","('# ALTERNATIVE NAME 6: Allison Hunter (SNP)', 11)","('# ALTERNATIVE NAME 3: Stephen Dornan (Lab)', 10)","('# ALTERNATIVE NAME 3: Stephen Dornan (Lab)', 10)","('# ALTERNATIVE NAME 3: Stephen Dornan (Lab)', 10)","('# ALTERNATIVE NAME 4: John Flanagan (Lab)', 10)","('# ALTERNATIVE NAME 3: Stephen Dornan (Lab)', 11)","('# ALTERNATIVE NAME 3: Stephen Dornan (Lab)', 11)","('# ALTERNATIVE NAME 4: John Flanagan (Lab)', 11)",80
govan_govan.csv,frozenset({'# ALTERNATIVE NAME 8: Irene Lang (Sol)'}),12,"('# ALTERNATIVE NAME 6: Allison Hunter (SNP)', 11)","('# ALTERNATIVE NAME 6: Allison Hunter (SNP)', 11)","('# ALTERNATIVE NAME 6: Allison Hunter (SNP)', 11)","('# ALTERNATIVE NAME 3: Stephen Dornan (Lab)', 10)","('# ALTERNATIVE NAME 3: Stephen Dornan (Lab)', 10)","('# ALTERNATIVE NAME 3: Stephen Dornan (Lab)', 10)","('# ALTERNATIVE NAME 4: John Flanagan (Lab)', 10)","('# ALTERNATIVE NAME 3: Stephen Dornan (Lab)', 11)","('# ALTERNATIVE NAME 3: Stephen Dornan (Lab)', 11)","('# ALTERNATIVE NAME 4: John Flanagan (Lab)', 11)",80
govan_govan.csv,frozenset({'# ALTERNATIVE NAME 7: Will Jess (Grn)'}),12,"('# ALTERNATIVE NAME 6: Allison Hunter (SNP)', 11)","('# ALTERNATIVE NAME 6: Allison Hunter (SNP)', 11)","('# ALTERNATIVE NAME 6: Allison Hunter (SNP)', 11)","('# ALTERNATIVE NAME 3: Stephen Dornan (Lab)', 10)","('# ALTERNATIVE NAME 3: Stephen Dornan (Lab)', 10)","('# ALTERNATIVE NAME 3: Stephen Dornan (Lab)', 10)","('# ALTERNATIVE NAME 4: John Flanagan (Lab)', 10)","('# ALTERNATIVE NAME 3: Stephen Dornan (Lab)', 11)","('# ALTERNATIVE NAME 3: Stephen Dornan (Lab)', 11)","('# ALTERNATIVE NAME 4: John Flanagan (Lab)', 11)",80
govan_govan.csv,frozenset({'# ALTERNATIVE NAME 11: Carolina Perez (Soc)'}),12,"('# ALTERNATIVE NAME 6: Allison Hunter (SNP)', 11)","('# ALTERNATIVE NAME 6: Allison Hunter (SNP)', 11)","('# ALTERNATIVE NAME 6: Allison Hunter (SNP)', 11)","('# ALTERNATIVE NAME 3: Stephen Dornan (Lab)', 10)","('# ALTERNATIVE NAME 3: Stephen Dornan (Lab)', 10)","('# ALTERNATIVE NAME 3: Stephen Dornan (Lab)', 10)","('# ALTERNATIVE NAME 4: John Flanagan (Lab)', 10)","('# ALTERNATIVE NAME 3: Stephen Dornan (Lab)', 11)","('# ALTERNATIVE NAME 3: Stephen Dornan (Lab)', 11)","('# ALTERNATIVE NAME 4: John Flanagan (Lab)', 11)",80
govan_govan.csv,frozenset({'# ALTERNATIVE NAME 2: Michael Cobley (LD)'}),12,"('# ALTERNATIVE NAME 6: Allison Hunter (SNP)', 11)","('# ALTERNATIVE NAME 6: Allison Hunter (SNP)', 11)","('# ALTERNATIVE NAME 6: Allison Hunter (SNP)', 11)","('# ALTERNATIVE NAME 3: Stephen Dornan (Lab)', 10)","('# ALTERNATIVE NAME 3: Stephen Dornan (Lab)', 10)","('# ALTERNATIVE NAME 3: Stephen Dornan (Lab)', 10)","('# ALTERNATIVE NAME 4: John Flanagan (Lab)', 10)","('# ALTERNATIVE NAME 3: Stephen Dornan (Lab)', 11)","('# ALTERNATIVE NAME 3: Stephen Dornan (Lab)', 11)","('# ALTERNATIVE NAME 4: John Flanagan (Lab)', 11)",80
govan_govan.csv,frozenset({'# ALTERNATIVE NAME 9: Patricia Mcintyre (Con)'}),12,"('# ALTERNATIVE NAME 6: Allison Hunter (SNP)', 11)","('# ALTERNATIVE NAME 6: Allison Hunter (SNP)', 11)","('# ALTERNATIVE NAME 6: Allison Hunter (SNP)', 11)","('# ALTERNATIVE NAME 3: Stephen Dornan (Lab)', 10)","('# ALTERNATIVE NAME 3: Stephen Dornan (Lab)', 10)","('# ALTERNATIVE NAME 3: Stephen Dornan (Lab)', 10)","('# ALTERNATIVE NAME 4: John Flanagan (Lab)', 10)","('# ALTERNATIVE NAME 3: Stephen Dornan (Lab)', 11)","('# ALTERNATIVE NAME 3: Stephen Dornan (Lab)', 11)","('# ALTERNATIVE NAME 4: John Flanagan (Lab)', 11)",80
govan_govan.csv,frozenset({'# ALTERNATIVE NAME 6: Allison Hunter (SNP)'}),12,"('Clone', 11)","('Clone', 11)","('Clone', 11)","('# ALTERNATIVE NAME 3: Stephen Dornan (Lab)', 10)","('# ALTERNATIVE NAME 3: Stephen Dornan (Lab)', 10)","('# ALTERNATIVE NAME 3: Stephen Dornan (Lab)', 10)","('# ALTERNATIVE NAME 4: John Flanagan (Lab)', 10)","('# ALTERNATIVE NAME 3: Stephen Dornan (Lab)', 11)","('# ALTERNATIVE NAME 3: Stephen Dornan (Lab)', 11)","('# ALTERNATIVE NAME 4: John Flanagan (Lab)', 11)",80
govan_govan.csv,none,11,"('# ALTERNATIVE NAME 6: Allison Hunter (SNP)', 10)","('# ALTERNATIVE NAME 6: Allison Hunter (SNP)', 10)","('# ALTERNATIVE NAME 6: Allison Hunter (SNP)', 10)","('# ALTERNATIVE NAME 3: Stephen Dornan (Lab)', 9)","('# ALTERNATIVE NAME 3: Stephen Dornan (Lab)', 9)","('# ALTERNATIVE NAME 3: Stephen Dornan (Lab)', 9)","('# ALTERNATIVE NAME 4: John Flanagan (Lab)', 9)","('# ALTERNATIVE NAME 3: Stephen Dornan (Lab)', 10)","('# ALTERNATIVE NAME 3: Stephen Dornan (Lab)', 10)","('# ALTERNATIVE NAME 4: John Flanagan (Lab)', 10)",90
govan_govan.csv,frozenset({'# ALTERNATIVE NAME 10: George Douglas Mcnee (Ind)'}),12,"('# ALTERNATIVE NAME 6: Allison Hunter (SNP)', 11)","('# ALTERNATIVE NAME 6: Allison Hunter (SNP)', 11)","('# ALTERNATIVE NAME 6: Allison Hunter (SNP)', 11)","('# ALTERNATIVE NAME 3: Stephen Dornan (Lab)', 10)","('# ALTERNATIVE NAME 3: Stephen Dornan (Lab)', 10)","('# ALTERNATIVE NAME 3: Stephen Dornan (Lab)', 10)","('# ALTERNATIVE NAME 4: John Flanagan (Lab)', 10)","('# ALTERNATIVE NAME 3: Stephen Dornan (Lab)', 11)","('# ALTERNATIVE NAME 3: Stephen Dornan (Lab)', 11)","('# ALTERNATIVE NAME 4: John Flanagan (Lab)', 11)",90
govan_govan.csv,frozenset({'# ALTERNATIVE NAME 5: Alan L Hughes (SU)'}),12,"('# ALTERNATIVE NAME 6: Allison Hunter (SNP)', 11)","('# ALTERNATIVE NAME 6: Allison Hunter (SNP)', 11)","('# ALTERNATIVE NAME 6: Allison Hunter (SNP)', 11)","('# ALTERNATIVE NAME 3: Stephen Dornan (Lab)', 10)","('# ALTERNATIVE NAME 3: Stephen Dornan (Lab)', 10)","('# ALTERNATIVE NAME 3: Stephen Dornan (Lab)', 10)","('# ALTERNATIVE NAME 4: John Flanagan (Lab)', 10)","('# ALTERNATIVE NAME 3: Stephen Dornan (Lab)', 11)","('# ALTERNATIVE NAME 3: Stephen Dornan (Lab)', 11)","('# ALTERNATIVE NAME 4: John Flanagan (Lab)', 11)",90
govan_govan.csv,frozenset({'# ALTERNATIVE NAME 3: Stephen Dornan (Lab)'}),12,"('# ALTERNATIVE NAME 6: Allison Hunter (SNP)', 11)","('# ALTERNATIVE NAME 6: Allison Hunter (SNP)', 11)","('# ALTERNATIVE NAME 6: Allison Hunter (SNP)', 11)","('Clone', 10)","('Clone', 10)","('Clone', 10)","('# ALTERNATIVE NAME 4: John Flanagan (Lab)', 10)","('Clone', 11)","('Clone', 11)","('# ALTERNATIVE NAME 4: John Flanagan (Lab)', 11)",90
govan_govan.csv,frozenset({'# ALTERNATIVE NAME 4: John Flanagan (Lab)'}),12,"('# ALTERNATIVE NAME 6: Allison Hunter (SNP)', 11)","('# ALTERNATIVE NAME 6: Allison Hunter (SNP)', 11)","('# ALTERNATIVE NAME 6: Allison Hunter (SNP)', 11)","('# ALTERNATIVE NAME 3: Stephen Dornan (Lab)', 10)","('# ALTERNATIVE NAME 3: Stephen Dornan (Lab)', 10)","('# ALTERNATIVE NAME 3: Stephen Dornan (Lab)', 10)","('Clone', 10)","('# ALTERNATIVE NAME 3: Stephen Dornan (Lab)', 11)","('# ALTERNATIVE NAME 3: Stephen Dornan (Lab)', 11)","('Clone', 11)",90
govan_govan.csv,frozenset({'# ALTERNATIVE NAME 1: Shaukat Butt (Lab)'}),12,"('# ALTERNATIVE NAME 6: Allison Hunter (SNP)', 11)","('# ALTERNATIVE NAME 6: Allison Hunter (SNP)', 11)","('# ALTERNATIVE NAME 6: Allison Hunter (SNP)', 11)","('# ALTERNATIVE NAME 3: Stephen Dornan (Lab)', 10)","('# ALTERNATIVE NAME 3: Stephen Dornan (Lab)', 10)","('# ALTERNATIVE NAME 3: Stephen Dornan (Lab)', 10)","('# ALTERNATIVE NAME 4: John Flanagan (Lab)', 10)","('# ALTERNATIVE NAME 3: Stephen Dornan (Lab)', 11)","('# ALTERNATIVE NAME 3: Stephen Dornan (Lab)', 11)","('# ALTERNATIVE NAME 4: John Flanagan (Lab)', 11)",90
govan_govan.csv,frozenset({'# ALTERNATIVE NAME 8: Irene Lang (Sol)'}),12,"('# ALTERNATIVE NAME 6: Allison Hunter (SNP)', 11)","('# ALTERNATIVE NAME 6: Allison Hunter (SNP)', 11)","('# ALTERNATIVE NAME 6: Allison Hunter (SNP)', 11)","('# ALTERNATIVE NAME 3: Stephen Dornan (Lab)', 10)","('# ALTERNATIVE NAME 3: Stephen Dornan (Lab)', 10)","('# ALTERNATIVE NAME 3: Stephen Dornan (Lab)', 10)","('# ALTERNATIVE NAME 4: John Flanagan (Lab)', 10)","('# ALTERNATIVE NAME 3: Stephen Dornan (Lab)', 11)","('# ALTERNATIVE NAME 3: Stephen Dornan (Lab)', 11)","('# ALTERNATIVE NAME 4: John Flanagan (Lab)', 11)",90
govan_govan.csv,frozenset({'# ALTERNATIVE NAME 7: Will Jess (Grn)'}),12,"('# ALTERNATIVE NAME 6: Allison Hunter (SNP)', 11)","('# ALTERNATIVE NAME 6: Allison Hunter (SNP)', 11)","('# ALTERNATIVE NAME 6: Allison Hunter (SNP)', 11)","('# ALTERNATIVE NAME 3: Stephen Dornan (Lab)', 10)","('# ALTERNATIVE NAME 3: Stephen Dornan (Lab)', 10)","('# ALTERNATIVE NAME 3: Stephen Dornan (Lab)', 10)","('# ALTERNATIVE NAME 4: John Flanagan (Lab)', 10)","('# ALTERNATIVE NAME 3: Stephen Dornan (Lab)', 11)","('# ALTERNATIVE NAME 3: Stephen Dornan (Lab)', 11)","('# ALTERNATIVE NAME 4: John Flanagan (Lab)', 11)",90
govan_govan.csv,frozenset({'# ALTERNATIVE NAME 11: Carolina Perez (Soc)'}),12,"('# ALTERNATIVE NAME 6: Allison Hunter (SNP)', 11)","('# ALTERNATIVE NAME 6: Allison Hunter (SNP)', 11)","('# ALTERNATIVE NAME 6: Allison Hunter (SNP)', 11)","('# ALTERNATIVE NAME 3: Stephen Dornan (Lab)', 10)","('# ALTERNATIVE NAME 3: Stephen Dornan (Lab)', 10)","('# ALTERNATIVE NAME 3: Stephen Dornan (Lab)', 10)","('# ALTERNATIVE NAME 4: John Flanagan (Lab)', 10)","('# ALTERNATIVE NAME 3: Stephen Dornan (Lab)', 11)","('# ALTERNATIVE NAME 3: Stephen Dornan (Lab)', 11)","('# ALTERNATIVE NAME 4: John Flanagan (Lab)', 11)",90
govan_govan.csv,frozenset({'# ALTERNATIVE NAME 2: Michael Cobley (LD)'}),12,"('# ALTERNATIVE NAME 6: Allison Hunter (SNP)', 11)","('# ALTERNATIVE NAME 6: Allison Hunter (SNP)', 11)","('# ALTERNATIVE NAME 6: Allison Hunter (SNP)', 11)","('# ALTERNATIVE NAME 3: Stephen Dornan (Lab)', 10)","('# ALTERNATIVE NAME 3: Stephen Dornan (Lab)', 10)","('# ALTERNATIVE NAME 3: Stephen Dornan (Lab)', 10)","('# ALTERNATIVE NAME 4: John Flanagan (Lab)', 10)","('# ALTERNATIVE NAME 3: Stephen Dornan (Lab)', 11)","('# ALTERNATIVE NAME 3: Stephen Dornan (Lab)', 11)","('# ALTERNATIVE NAME 4: John Flanagan (Lab)', 11)",90
govan_govan.csv,frozenset({'# ALTERNATIVE NAME 9: Patricia Mcintyre (Con)'}),12,"('# ALTERNATIVE NAME 6: Allison Hunter (SNP)', 11)","('# ALTERNATIVE NAME 6: Allison Hunter (SNP)', 11)","('# ALTERNATIVE NAME 6: Allison Hunter (SNP)', 11)","('# ALTERNATIVE NAME 3: Stephen Dornan (Lab)', 10)","('# ALTERNATIVE NAME 3: Stephen Dornan (Lab)', 10)","('# ALTERNATIVE NAME 3: Stephen Dornan (Lab)', 10)","('# ALTERNATIVE NAME 4: John Flanagan (Lab)', 10)","('# ALTERNATIVE NAME 3: Stephen Dornan (Lab)', 11)","('# ALTERNATIVE NAME 3: Stephen Dornan (Lab)', 11)","('# ALTERNATIVE NAME 4: John Flanagan (Lab)', 11)",90
govan_govan.csv,frozenset({'# ALTERNATIVE NAME 6: Allison Hunter (SNP)'}),12,"('Clone', 11)","('Clone', 11)","('Clone', 11)","('# ALTERNATIVE NAME 3: Stephen Dornan (Lab)', 10)","('# ALTERNATIVE NAME 3: Stephen Dornan (Lab)', 10)","('# ALTERNATIVE NAME 3: Stephen Dornan (Lab)', 10)","('# ALTERNATIVE NAME 4: John Flanagan (Lab)', 10)","('# ALTERNATIVE NAME 3: Stephen Dornan (Lab)', 11)","('# ALTERNATIVE NAME 3: Stephen Dornan (Lab)', 11)","('# ALTERNATIVE NAME 4: John Flanagan (Lab)', 11)",90
GlenrothesCentralAndThorntonWard_fife12-16.csv,none,7,"('Ross VETTRAINO (SNP)', 6)","('Ian SLOAN (Lab)', 6)","('Ross VETTRAINO (SNP)', 6)","('Ross VETTRAINO (SNP)', 6)","('Ross VETTRAINO (SNP)', 6)","('Ross VETTRAINO (SNP)', 6)","('Ross VETTRAINO (SNP)', 6)","('Ross VETTRAINO (SNP)', 6)","('Ross VETTRAINO (SNP)', 6)","('Ross VETTRAINO (SNP)', 6)",0
GlenrothesCentralAndThorntonWard_fife12-16.csv,frozenset({'Brian MILLS (Con)'}),8,"('Ross VETTRAINO (SNP)', 7)","('Ian SLOAN (Lab)', 7)","('Ross VETTRAINO (SNP)', 7)","('Ross VETTRAINO (SNP)', 7)","('Ross VETTRAINO (SNP)', 7)","('Ross VETTRAINO (SNP)', 7)","('Ross VETTRAINO (SNP)', 7)","('Ross VETTRAINO (SNP)', 7)","('Ross VETTRAINO (SNP)', 7)","('Ross VETTRAINO (SNP)', 7)",0
GlenrothesCentralAndThorntonWard_fife12-16.csv,frozenset({'Ian CRICHTON (Lab)'}),8,"('Ross VETTRAINO (SNP)', 7)","('Ian SLOAN (Lab)', 7)","('Ross VETTRAINO (SNP)', 7)","('Ross VETTRAINO (SNP)', 7)","('Ross VETTRAINO (SNP)', 7)","('Ross VETTRAINO (SNP)', 7)","('Ross VETTRAINO (SNP)', 7)","('Ross VETTRAINO (SNP)', 7)","('Ross VETTRAINO (SNP)', 7)","('Ross VETTRAINO (SNP)', 7)",0
GlenrothesCentralAndThorntonWard_fife12-16.csv,frozenset({'Jim BENVIE (SSC)'}),8,"('Ross VETTRAINO (SNP)', 7)","('Ian SLOAN (Lab)', 7)","('Ross VETTRAINO (SNP)', 7)","('Ross VETTRAINO (SNP)', 7)","('Ross VETTRAINO (SNP)', 7)","('Ross VETTRAINO (SNP)', 7)","('Ross VETTRAINO (SNP)', 7)","('Ross VETTRAINO (SNP)', 7)","('Ross VETTRAINO (SNP)', 7)","('Ross VETTRAINO (SNP)', 7)",0
GlenrothesCentralAndThorntonWard_fife12-16.csv,frozenset({'Vikki WILTON (SNP)'}),8,"('Ross VETTRAINO (SNP)', 7)","('Ian SLOAN (Lab)', 7)","('Ross VETTRAINO (SNP)', 7)","('Ross VETTRAINO (SNP)', 7)","('Ross VETTRAINO (SNP)', 7)","('Ross VETTRAINO (SNP)', 7)","('Ross VETTRAINO (SNP)', 7)","('Ross VETTRAINO (SNP)', 7)","('Ross VETTRAINO (SNP)', 7)","('Ross VETTRAINO (SNP)', 7)",0
GlenrothesCentralAndThorntonWard_fife12-16.csv,frozenset({'Ross VETTRAINO (SNP)'}),8,"('Ross VETTRAINO (SNP)', 7)","('Ian SLOAN (Lab)', 7)","('Ross VETTRAINO (SNP)', 7)","('Ross VETTRAINO (SNP)', 7)","('Ross VETTRAINO (SNP)', 7)","('Ross VETTRAINO (SNP)', 7)","('Ross VETTRAINO (SNP)', 7)","('Ross VETTRAINO (SNP)', 7)","('Ross VETTRAINO (SNP)', 7)","('Ross VETTRAINO (SNP)', 7)",0
GlenrothesCentralAndThorntonWard_fife12-16.csv,frozenset({'Jane KERR (LD)'}),8,"('Ross VETTRAINO (SNP)', 7)","('Ian SLOAN (Lab)', 7)","('Ross VETTRAINO (SNP)', 7)","('Ross VETTRAINO (SNP)', 7)","('Ross VETTRAINO (SNP)', 7)","('Ross VETTRAINO (SNP)', 7)","('Ross VETTRAINO (SNP)', 7)","('Ross VETTRAINO (SNP)', 7)","('Ross VETTRAINO (SNP)', 7)","('Ross VETTRAINO (SNP)', 7)",0
GlenrothesCentralAndThorntonWard_fife12-16.csv,frozenset({'Ian SLOAN (Lab)'}),8,"('Ross VETTRAINO (SNP)', 7)","('Ian SLOAN (Lab)', 7)","('Ross VETTRAINO (SNP)', 7)","('Ross VETTRAINO (SNP)', 7)","('Ross VETTRAINO (SNP)', 7)","('Ross VETTRAINO (SNP)', 7)","('Ross VETTRAINO (SNP)', 7)","('Ross VETTRAINO (SNP)', 7)","('Ross VETTRAINO (SNP)', 7)","('Ross VETTRAINO (SNP)', 7)",0
GlenrothesCentralAndThorntonWard_fife12-16.csv,none,7,"('Ross VETTRAINO (SNP)', 6)","('Ian SLOAN (Lab)', 6)","('Ross VETTRAINO (SNP)', 6)","('Ross VETTRAINO (SNP)', 6)","('Ross VETTRAINO (SNP)', 6)","('Ross VETTRAINO (SNP)', 6)","('Ross VETTRAINO (SNP)', 6)","('Ross VETTRAINO (SNP)', 6)","('Ross VETTRAINO (SNP)', 6)","('Ross VETTRAINO (SNP)', 6)",10
GlenrothesCentralAndThorntonWard_fife12-16.csv,frozenset({'Brian MILLS (Con)'}),8,"('Ross VETTRAINO (SNP)', 7)","('Ian SLOAN (Lab)', 7)","('Ross VETTRAINO (SNP)', 7)","('Ross VETTRAINO (SNP)', 7)","('Ross VETTRAINO (SNP)', 7)","('Ross VETTRAINO (SNP)', 7)","('Ross VETTRAINO (SNP)', 7)","('Ross VETTRAINO (SNP)', 7)","('Ross VETTRAINO (SNP)', 7)","('Ross VETTRAINO (SNP)', 7)",10
GlenrothesCentralAndThorntonWard_fife12-16.csv,frozenset({'Ian CRICHTON (Lab)'}),8,"('Ross VETTRAINO (SNP)', 7)","('Ian SLOAN (Lab)', 7)","('Ross VETTRAINO (SNP)', 7)","('Ross VETTRAINO (SNP)', 7)","('Ross VETTRAINO (SNP)', 7)","('Ross VETTRAINO (SNP)', 7)","('Ross VETTRAINO (SNP)', 7)","('Ross VETTRAINO (SNP)', 7)","('Ross VETTRAINO (SNP)', 7)","('Ross VETTRAINO (SNP)', 7)",10
GlenrothesCentralAndThorntonWard_fife12-16.csv,frozenset({'Jim BENVIE (SSC)'}),8,"('Ross VETTRAINO (SNP)', 7)","('Ian SLOAN (Lab)', 7)","('Ross VETTRAINO (SNP)', 7)","('Ross VETTRAINO (SNP)', 7)","('Ross VETTRAINO (SNP)', 7)","('Ross VETTRAINO (SNP)', 7)","('Ross VETTRAINO (SNP)', 7)","('Ross VETTRAINO (SNP)', 7)","('Ross VETTRAINO (SNP)', 7)","('Ross VETTRAINO (SNP)', 7)",10
GlenrothesCentralAndThorntonWard_fife12-16.csv,frozenset({'Vikki WILTON (SNP)'}),8,"('Ross VETTRAINO (SNP)', 7)","('Ian SLOAN (Lab)', 7)","('Ross VETTRAINO (SNP)', 7)","('Ross VETTRAINO (SNP)', 7)","('Ross VETTRAINO (SNP)', 7)","('Ross VETTRAINO (SNP)', 7)","('Ross VETTRAINO (SNP)', 7)","('Ross VETTRAINO (SNP)', 7)","('Ross VETTRAINO (SNP)', 7)","('Ross VETTRAINO (SNP)', 7)",10
GlenrothesCentralAndThorntonWard_fife12-16.csv,frozenset({'Ross VETTRAINO (SNP)'}),8,"('Clone', 7)","('Ian SLOAN (Lab)', 7)","('Ross VETTRAINO (SNP)', 7)","('Ross VETTRAINO (SNP)', 7)","('Ross VETTRAINO (SNP)', 7)","('Ross VETTRAINO (SNP)', 7)","('Ross VETTRAINO (SNP)', 7)","('Ross VETTRAINO (SNP)', 7)","('Ross VETTRAINO (SNP)', 7)","('Ross VETTRAINO (SNP)', 7)",10
GlenrothesCentralAndThorntonWard_fife12-16.csv,frozenset({'Jane KERR (LD)'}),8,"('Ross VETTRAINO (SNP)', 7)","('Ian SLOAN (Lab)', 7)","('Ross VETTRAINO (SNP)', 7)","('Ross VETTRAINO (SNP)', 7)","('Ross VETTRAINO (SNP)', 7)","('Ross VETTRAINO (SNP)', 7)","('Ross VETTRAINO (SNP)', 7)","('Ross VETTRAINO (SNP)', 7)","('Ross VETTRAINO (SNP)', 7)","('Ross VETTRAINO (SNP)', 7)",10
GlenrothesCentralAndThorntonWard_fife12-16.csv,frozenset({'Ian SLOAN (Lab)'}),8,"('Ross VETTRAINO (SNP)', 7)","('Ian SLOAN (Lab)', 7)","('Ross VETTRAINO (SNP)', 7)","('Ross VETTRAINO (SNP)', 7)","('Ross VETTRAINO (SNP)', 7)","('Ross VETTRAINO (SNP)', 7)","('Ross VETTRAINO (SNP)', 7)","('Ross VETTRAINO (SNP)', 7)","('Ross VETTRAINO (SNP)', 7)","('Ross VETTRAINO (SNP)', 7)",10
GlenrothesCentralAndThorntonWard_fife12-16.csv,none,7,"('Ross VETTRAINO (SNP)', 6)","('Ian SLOAN (Lab)', 6)","('Ross VETTRAINO (SNP)', 6)","('Ross VETTRAINO (SNP)', 6)","('Ross VETTRAINO (SNP)', 6)","('Ross VETTRAINO (SNP)', 6)","('Ross VETTRAINO (SNP)', 6)","('Ross VETTRAINO (SNP)', 6)","('Ross VETTRAINO (SNP)', 6)","('Ross VETTRAINO (SNP)', 6)",20
GlenrothesCentralAndThorntonWard_fife12-16.csv,frozenset({'Brian MILLS (Con)'}),8,"('Ross VETTRAINO (SNP)', 7)","('Ian SLOAN (Lab)', 7)","('Ross VETTRAINO (SNP)', 7)","('Ross VETTRAINO (SNP)', 7)","('Ross VETTRAINO (SNP)', 7)","('Ross VETTRAINO (SNP)', 7)","('Ross VETTRAINO (SNP)', 7)","('Ross VETTRAINO (SNP)', 7)","('Ross VETTRAINO (SNP)', 7)","('Ross VETTRAINO (SNP)', 7)",20
GlenrothesCentralAndThorntonWard_fife12-16.csv,frozenset({'Ian CRICHTON (Lab)'}),8,"('Ross VETTRAINO (SNP)', 7)","('Ian SLOAN (Lab)', 7)","('Ross VETTRAINO (SNP)', 7)","('Ross VETTRAINO (SNP)', 7)","('Ross VETTRAINO (SNP)', 7)","('Ross VETTRAINO (SNP)', 7)","('Ross VETTRAINO (SNP)', 7)","('Ross VETTRAINO (SNP)', 7)","('Ross VETTRAINO (SNP)', 7)","('Ross VETTRAINO (SNP)', 7)",20
GlenrothesCentralAndThorntonWard_fife12-16.csv,frozenset({'Jim BENVIE (SSC)'}),8,"('Ross VETTRAINO (SNP)', 7)","('Ian SLOAN (Lab)', 7)","('Ross VETTRAINO (SNP)', 7)","('Ross VETTRAINO (SNP)', 7)","('Ross VETTRAINO (SNP)', 7)","('Ross VETTRAINO (SNP)', 7)","('Ross VETTRAINO (SNP)', 7)","('Ross VETTRAINO (SNP)', 7)","('Ross VETTRAINO (SNP)', 7)","('Ross VETTRAINO (SNP)', 7)",20
GlenrothesCentralAndThorntonWard_fife12-16.csv,frozenset({'Vikki WILTON (SNP)'}),8,"('Ross VETTRAINO (SNP)', 7)","('Ian SLOAN (Lab)', 7)","('Ross VETTRAINO (SNP)', 7)","('Ross VETTRAINO (SNP)', 7)","('Ross VETTRAINO (SNP)', 7)","('Ross VETTRAINO (SNP)', 7)","('Ross VETTRAINO (SNP)', 7)","('Ross VETTRAINO (SNP)', 7)","('Ross VETTRAINO (SNP)', 7)","('Ross VETTRAINO (SNP)', 7)",20
GlenrothesCentralAndThorntonWard_fife12-16.csv,frozenset({'Ross VETTRAINO (SNP)'}),8,"('Clone', 7)","('Ian SLOAN (Lab)', 7)","('Ross VETTRAINO (SNP)', 7)","('Ross VETTRAINO (SNP)', 7)","('Ross VETTRAINO (SNP)', 7)","('Ross VETTRAINO (SNP)', 7)","('Ross VETTRAINO (SNP)', 7)","('Ross VETTRAINO (SNP)', 7)","('Ross VETTRAINO (SNP)', 7)","('Ross VETTRAINO (SNP)', 7)",20
GlenrothesCentralAndThorntonWard_fife12-16.csv,frozenset({'Jane KERR (LD)'}),8,"('Ross VETTRAINO (SNP)', 7)","('Ian SLOAN (Lab)', 7)","('Ross VETTRAINO (SNP)', 7)","('Ross VETTRAINO (SNP)', 7)","('Ross VETTRAINO (SNP)', 7)","('Ross VETTRAINO (SNP)', 7)","('Ross VETTRAINO (SNP)', 7)","('Ross VETTRAINO (SNP)', 7)","('Ross VETTRAINO (SNP)', 7)","('Ross VETTRAINO (SNP)', 7)",20
GlenrothesCentralAndThorntonWard_fife12-16.csv,frozenset({'Ian SLOAN (Lab)'}),8,"('Ross VETTRAINO (SNP)', 7)","('Ian SLOAN (Lab)', 7)","('Ross VETTRAINO (SNP)', 7)","('Ross VETTRAINO (SNP)', 7)","('Ross VETTRAINO (SNP)', 7)","('Ross VETTRAINO (SNP)', 7)","('Ross VETTRAINO (SNP)', 7)","('Ross VETTRAINO (SNP)', 7)","('Ross VETTRAINO (SNP)', 7)","('Ross VETTRAINO (SNP)', 7)",20
GlenrothesCentralAndThorntonWard_fife12-16.csv,none,7,"('Ross VETTRAINO (SNP)', 6)","('Ian SLOAN (Lab)', 6)","('Ross VETTRAINO (SNP)', 6)","('Ross VETTRAINO (SNP)', 6)","('Ross VETTRAINO (SNP)', 6)","('Ross VETTRAINO (SNP)', 6)","('Ross VETTRAINO (SNP)', 6)","('Ross VETTRAINO (SNP)', 6)","('Ross VETTRAINO (SNP)', 6)","('Ross VETTRAINO (SNP)', 6)",30
GlenrothesCentralAndThorntonWard_fife12-16.csv,frozenset({'Brian MILLS (Con)'}),8,"('Ross VETTRAINO (SNP)', 7)","('Ian SLOAN (Lab)', 7)","('Ross VETTRAINO (SNP)', 7)","('Ross VETTRAINO (SNP)', 7)","('Ross VETTRAINO (SNP)', 7)","('Ross VETTRAINO (SNP)', 7)","('Ross VETTRAINO (SNP)', 7)","('Ross VETTRAINO (SNP)', 7)","('Ross VETTRAINO (SNP)', 7)","('Ross VETTRAINO (SNP)', 7)",30
GlenrothesCentralAndThorntonWard_fife12-16.csv,frozenset({'Ian CRICHTON (Lab)'}),8,"('Ross VETTRAINO (SNP)', 7)","('Ian SLOAN (Lab)', 7)","('Ross VETTRAINO (SNP)', 7)","('Ross VETTRAINO (SNP)', 7)","('Ross VETTRAINO (SNP)', 7)","('Ross VETTRAINO (SNP)', 7)","('Ross VETTRAINO (SNP)', 7)","('Ross VETTRAINO (SNP)', 7)","('Ross VETTRAINO (SNP)', 7)","('Ross VETTRAINO (SNP)', 7)",30
GlenrothesCentralAndThorntonWard_fife12-16.csv,frozenset({'Jim BENVIE (SSC)'}),8,"('Ross VETTRAINO (SNP)', 7)","('Ian SLOAN (Lab)', 7)","('Ross VETTRAINO (SNP)', 7)","('Ross VETTRAINO (SNP)', 7)","('Ross VETTRAINO (SNP)', 7)","('Ross VETTRAINO (SNP)', 7)","('Ross VETTRAINO (SNP)', 7)","('Ross VETTRAINO (SNP)', 7)","('Ross VETTRAINO (SNP)', 7)","('Ross VETTRAINO (SNP)', 7)",30
GlenrothesCentralAndThorntonWard_fife12-16.csv,frozenset({'Vikki WILTON (SNP)'}),8,"('Ross VETTRAINO (SNP)', 7)","('Ian SLOAN (Lab)', 7)","('Ross VETTRAINO (SNP)', 7)","('Ross VETTRAINO (SNP)', 7)","('Ross VETTRAINO (SNP)', 7)","('Ross VETTRAINO (SNP)', 7)","('Ross VETTRAINO (SNP)', 7)","('Ross VETTRAINO (SNP)', 7)","('Ross VETTRAINO (SNP)', 7)","('Ross VETTRAINO (SNP)', 7)",30
GlenrothesCentralAndThorntonWard_fife12-16.csv,frozenset({'Ross VETTRAINO (SNP)'}),8,"('Clone', 7)","('Ross VETTRAINO (SNP)', 5)","('Ross VETTRAINO (SNP)', 7)","('Ross VETTRAINO (SNP)', 7)","('Ross VETTRAINO (SNP)', 7)","('Ross VETTRAINO (SNP)', 7)","('Ross VETTRAINO (SNP)', 7)","('Ross VETTRAINO (SNP)', 7)","('Ross VETTRAINO (SNP)', 7)","('Ross VETTRAINO (SNP)', 7)",30
GlenrothesCentralAndThorntonWard_fife12-16.csv,frozenset({'Jane KERR (LD)'}),8,"('Ross VETTRAINO (SNP)', 7)","('Ian SLOAN (Lab)', 7)","('Ross VETTRAINO (SNP)', 7)","('Ross VETTRAINO (SNP)', 7)","('Ross VETTRAINO (SNP)', 7)","('Ross VETTRAINO (SNP)', 7)","('Ross VETTRAINO (SNP)', 7)","('Ross VETTRAINO (SNP)', 7)","('Ross VETTRAINO (SNP)', 7)","('Ross VETTRAINO (SNP)', 7)",30
GlenrothesCentralAndThorntonWard_fife12-16.csv,frozenset({'Ian SLOAN (Lab)'}),8,"('Ross VETTRAINO (SNP)', 7)","('Ian SLOAN (Lab)', 7)","('Ross VETTRAINO (SNP)', 7)","('Ross VETTRAINO (SNP)', 7)","('Ross VETTRAINO (SNP)', 7)","('Ross VETTRAINO (SNP)', 7)","('Ross VETTRAINO (SNP)', 7)","('Ross VETTRAINO (SNP)', 7)","('Ross VETTRAINO (SNP)', 7)","('Ross VETTRAINO (SNP)', 7)",30
GlenrothesCentralAndThorntonWard_fife12-16.csv,none,7,"('Ross VETTRAINO (SNP)', 6)","('Ian SLOAN (Lab)', 6)","('Ross VETTRAINO (SNP)', 6)","('Ross VETTRAINO (SNP)', 6)","('Ross VETTRAINO (SNP)', 6)","('Ross VETTRAINO (SNP)', 6)","('Ross VETTRAINO (SNP)', 6)","('Ross VETTRAINO (SNP)', 6)","('Ross VETTRAINO (SNP)', 6)","('Ross VETTRAINO (SNP)', 6)",40
GlenrothesCentralAndThorntonWard_fife12-16.csv,frozenset({'Brian MILLS (Con)'}),8,"('Ross VETTRAINO (SNP)', 7)","('Ian SLOAN (Lab)', 7)","('Ross VETTRAINO (SNP)', 7)","('Ross VETTRAINO (SNP)', 7)","('Ross VETTRAINO (SNP)', 7)","('Ross VETTRAINO (SNP)', 7)","('Ross VETTRAINO (SNP)', 7)","('Ross VETTRAINO (SNP)', 7)","('Ross VETTRAINO (SNP)', 7)","('Ross VETTRAINO (SNP)', 7)",40
GlenrothesCentralAndThorntonWard_fife12-16.csv,frozenset({'Ian CRICHTON (Lab)'}),8,"('Ross VETTRAINO (SNP)', 7)","('Ian SLOAN (Lab)', 7)","('Ross VETTRAINO (SNP)', 7)","('Ross VETTRAINO (SNP)', 7)","('Ross VETTRAINO (SNP)', 7)","('Ross VETTRAINO (SNP)', 7)","('Ross VETTRAINO (SNP)', 7)","('Ross VETTRAINO (SNP)', 7)","('Ross VETTRAINO (SNP)', 7)","('Ross VETTRAINO (SNP)', 7)",40
GlenrothesCentralAndThorntonWard_fife12-16.csv,frozenset({'Jim BENVIE (SSC)'}),8,"('Ross VETTRAINO (SNP)', 7)","('Ian SLOAN (Lab)', 7)","('Ross VETTRAINO (SNP)', 7)","('Ross VETTRAINO (SNP)', 7)","('Ross VETTRAINO (SNP)', 7)","('Ross VETTRAINO (SNP)', 7)","('Ross VETTRAINO (SNP)', 7)","('Ross VETTRAINO (SNP)', 7)","('Ross VETTRAINO (SNP)', 7)","('Ross VETTRAINO (SNP)', 7)",40
GlenrothesCentralAndThorntonWard_fife12-16.csv,frozenset({'Vikki WILTON (SNP)'}),8,"('Ross VETTRAINO (SNP)', 7)","('Ian SLOAN (Lab)', 7)","('Ross VETTRAINO (SNP)', 7)","('Ross VETTRAINO (SNP)', 7)","('Ross VETTRAINO (SNP)', 7)","('Ross VETTRAINO (SNP)', 7)","('Ross VETTRAINO (SNP)', 7)","('Ross VETTRAINO (SNP)', 7)","('Ross VETTRAINO (SNP)', 7)","('Ross VETTRAINO (SNP)', 7)",40
GlenrothesCentralAndThorntonWard_fife12-16.csv,frozenset({'Ross VETTRAINO (SNP)'}),8,"('Clone', 7)","('Ian SLOAN (Lab)', 7)","('Ross VETTRAINO (SNP)', 7)","('Ross VETTRAINO (SNP)', 7)","('Ross VETTRAINO (SNP)', 7)","('Ross VETTRAINO (SNP)', 7)","('Ross VETTRAINO (SNP)', 7)","('Ross VETTRAINO (SNP)', 7)","('Ross VETTRAINO (SNP)', 7)","('Ross VETTRAINO (SNP)', 7)",40
GlenrothesCentralAndThorntonWard_fife12-16.csv,frozenset({'Jane KERR (LD)'}),8,"('Ross VETTRAINO (SNP)', 7)","('Ian SLOAN (Lab)', 7)","('Ross VETTRAINO (SNP)', 7)","('Ross VETTRAINO (SNP)', 7)","('Ross VETTRAINO (SNP)', 7)","('Ross VETTRAINO (SNP)', 7)","('Ross VETTRAINO (SNP)', 7)","('Ross VETTRAINO (SNP)', 7)","('Ross VETTRAINO (SNP)', 7)","('Ross VETTRAINO (SNP)', 7)",40
GlenrothesCentralAndThorntonWard_fife12-16.csv,frozenset({'Ian SLOAN (Lab)'}),8,"('Ross VETTRAINO (SNP)', 7)","('Ian SLOAN (Lab)', 7)","('Ross VETTRAINO (SNP)', 7)","('Ross VETTRAINO (SNP)', 7)","('Ross VETTRAINO (SNP)', 7)","('Ross VETTRAINO (SNP)', 7)","('Ross VETTRAINO (SNP)', 7)","('Ross VETTRAINO (SNP)', 7)","('Ross VETTRAINO (SNP)', 7)","('Ross VETTRAINO (SNP)', 7)",40
GlenrothesCentralAndThorntonWard_fife12-16.csv,none,7,"('Ross VETTRAINO (SNP)', 6)","('Ian SLOAN (Lab)', 6)","('Ross VETTRAINO (SNP)', 6)","('Ross VETTRAINO (SNP)', 6)","('Ross VETTRAINO (SNP)', 6)","('Ross VETTRAINO (SNP)', 6)","('Ross VETTRAINO (SNP)', 6)","('Ross VETTRAINO (SNP)', 6)","('Ross VETTRAINO (SNP)', 6)","('Ross VETTRAINO (SNP)', 6)",50
GlenrothesCentralAndThorntonWard_fife12-16.csv,frozenset({'Brian MILLS (Con)'}),8,"('Ross VETTRAINO (SNP)', 7)","('Ian SLOAN (Lab)', 7)","('Ross VETTRAINO (SNP)', 7)","('Ross VETTRAINO (SNP)', 7)","('Ross VETTRAINO (SNP)', 7)","('Ross VETTRAINO (SNP)', 7)","('Ross VETTRAINO (SNP)', 7)","('Ross VETTRAINO (SNP)', 7)","('Ross VETTRAINO (SNP)', 7)","('Ross VETTRAINO (SNP)', 7)",50
GlenrothesCentralAndThorntonWard_fife12-16.csv,frozenset({'Ian CRICHTON (Lab)'}),8,"('Ross VETTRAINO (SNP)', 7)","('Ian SLOAN (Lab)', 7)","('Ross VETTRAINO (SNP)', 7)","('Ross VETTRAINO (SNP)', 7)","('Ross VETTRAINO (SNP)', 7)","('Ross VETTRAINO (SNP)', 7)","('Ross VETTRAINO (SNP)', 7)","('Ross VETTRAINO (SNP)', 7)","('Ross VETTRAINO (SNP)', 5)","('Ross VETTRAINO (SNP)', 5)",50
GlenrothesCentralAndThorntonWard_fife12-16.csv,frozenset({'Jim BENVIE (SSC)'}),8,"('Ross VETTRAINO (SNP)', 7)","('Ian SLOAN (Lab)', 7)","('Ross VETTRAINO (SNP)', 7)","('Ross VETTRAINO (SNP)', 7)","('Ross VETTRAINO (SNP)', 7)","('Ross VETTRAINO (SNP)', 7)","('Ross VETTRAINO (SNP)', 7)","('Ross VETTRAINO (SNP)', 7)","('Ross VETTRAINO (SNP)', 7)","('Ross VETTRAINO (SNP)', 7)",50
GlenrothesCentralAndThorntonWard_fife12-16.csv,frozenset({'Vikki WILTON (SNP)'}),8,"('Ross VETTRAINO (SNP)', 7)","('Ian SLOAN (Lab)', 7)","('Ross VETTRAINO (SNP)', 7)","('Ross VETTRAINO (SNP)', 7)","('Ross VETTRAINO (SNP)', 7)","('Ross VETTRAINO (SNP)', 7)","('Ross VETTRAINO (SNP)', 7)","('Ross VETTRAINO (SNP)', 7)","('Ross VETTRAINO (SNP)', 7)","('Ross VETTRAINO (SNP)', 7)",50
GlenrothesCentralAndThorntonWard_fife12-16.csv,frozenset({'Ross VETTRAINO (SNP)'}),8,"('Clone', 7)","('Ian SLOAN (Lab)', 7)","('Clone', 7)","('Clone', 7)","('Clone', 7)","('Clone', 7)","('Clone', 7)","('Clone', 7)","('Clone', 7)","('Clone', 7)",50
GlenrothesCentralAndThorntonWard_fife12-16.csv,frozenset({'Jane KERR (LD)'}),8,"('Ross VETTRAINO (SNP)', 7)","('Ian SLOAN (Lab)', 7)","('Ross VETTRAINO (SNP)', 7)","('Ross VETTRAINO (SNP)', 7)","('Ross VETTRAINO (SNP)', 7)","('Ross VETTRAINO (SNP)', 7)","('Ross VETTRAINO (SNP)', 7)","('Ross VETTRAINO (SNP)', 7)","('Ross VETTRAINO (SNP)', 7)","('Ross VETTRAINO (SNP)', 7)",50
GlenrothesCentralAndThorntonWard_fife12-16.csv,frozenset({'Ian SLOAN (Lab)'}),8,"('Ross VETTRAINO (SNP)', 7)","('Clone', 7)","('Ross VETTRAINO (SNP)', 7)","('Ross VETTRAINO (SNP)', 7)","('Ross VETTRAINO (SNP)', 7)","('Ross VETTRAINO (SNP)', 7)","('Ross VETTRAINO (SNP)', 7)","('Ross VETTRAINO (SNP)', 7)","('Ross VETTRAINO (SNP)', 7)","('Ross VETTRAINO (SNP)', 7)",50
GlenrothesCentralAndThorntonWard_fife12-16.csv,none,7,"('Ross VETTRAINO (SNP)', 6)","('Ian SLOAN (Lab)', 6)","('Ross VETTRAINO (SNP)', 6)","('Ross VETTRAINO (SNP)', 6)","('Ross VETTRAINO (SNP)', 6)","('Ross VETTRAINO (SNP)', 6)","('Ross VETTRAINO (SNP)', 6)","('Ross VETTRAINO (SNP)', 6)","('Ross VETTRAINO (SNP)', 6)","('Ross VETTRAINO (SNP)', 6)",60
GlenrothesCentralAndThorntonWard_fife12-16.csv,frozenset({'Brian MILLS (Con)'}),8,"('Ross VETTRAINO (SNP)', 7)","('Ian SLOAN (Lab)', 7)","('Ross VETTRAINO (SNP)', 7)","('Ross VETTRAINO (SNP)', 7)","('Ross VETTRAINO (SNP)', 7)","('Ross VETTRAINO (SNP)', 7)","('Ross VETTRAINO (SNP)', 7)","('Ross VETTRAINO (SNP)', 7)","('Ross VETTRAINO (SNP)', 7)","('Ross VETTRAINO (SNP)', 7)",60
GlenrothesCentralAndThorntonWard_fife12-16.csv,frozenset({'Ian CRICHTON (Lab)'}),8,"('Ross VETTRAINO (SNP)', 7)","('Ian SLOAN (Lab)', 7)","('Ross VETTRAINO (SNP)', 7)","('Ross VETTRAINO (SNP)', 7)","('Ross VETTRAINO (SNP)', 7)","('Ross VETTRAINO (SNP)', 7)","('Ross VETTRAINO (SNP)', 7)","('Ross VETTRAINO (SNP)', 7)","('Ross VETTRAINO (SNP)', 7)","('Ross VETTRAINO (SNP)', 7)",60
GlenrothesCentralAndThorntonWard_fife12-16.csv,frozenset({'Jim BENVIE (SSC)'}),8,"('Ross VETTRAINO (SNP)', 7)","('Ian SLOAN (Lab)', 7)","('Ross VETTRAINO (SNP)', 7)","('Ross VETTRAINO (SNP)', 7)","('Ross VETTRAINO (SNP)', 7)","('Ross VETTRAINO (SNP)', 7)","('Ross VETTRAINO (SNP)', 7)","('Ross VETTRAINO (SNP)', 7)","('Ross VETTRAINO (SNP)', 7)","('Ross VETTRAINO (SNP)', 7)",60
GlenrothesCentralAndThorntonWard_fife12-16.csv,frozenset({'Vikki WILTON (SNP)'}),8,"('Ross VETTRAINO (SNP)', 7)","('Ian SLOAN (Lab)', 7)","('Ross VETTRAINO (SNP)', 7)","('Ross VETTRAINO (SNP)', 7)","('Ross VETTRAINO (SNP)', 7)","('Ross VETTRAINO (SNP)', 7)","('Ross VETTRAINO (SNP)', 7)","('Ross VETTRAINO (SNP)', 7)","('Ross VETTRAINO (SNP)', 7)","('Ross VETTRAINO (SNP)', 7)",60
GlenrothesCentralAndThorntonWard_fife12-16.csv,frozenset({'Ross VETTRAINO (SNP)'}),8,"('Clone', 7)","('Ian SLOAN (Lab)', 7)","('Clone', 7)","('Clone', 7)","('Clone', 7)","('Clone', 7)","('Clone', 7)","('Clone', 7)","('Clone', 7)","('Clone', 7)",60
GlenrothesCentralAndThorntonWard_fife12-16.csv,frozenset({'Jane KERR (LD)'}),8,"('Ross VETTRAINO (SNP)', 7)","('Ian SLOAN (Lab)', 7)","('Ross VETTRAINO (SNP)', 7)","('Ross VETTRAINO (SNP)', 7)","('Ross VETTRAINO (SNP)', 7)","('Ross VETTRAINO (SNP)', 7)","('Ross VETTRAINO (SNP)', 7)","('Ross VETTRAINO (SNP)', 7)","('Ross VETTRAINO (SNP)', 7)","('Ross VETTRAINO (SNP)', 7)",60
GlenrothesCentralAndThorntonWard_fife12-16.csv,frozenset({'Ian SLOAN (Lab)'}),8,"('Ross VETTRAINO (SNP)', 7)","('Clone', 7)","('Ross VETTRAINO (SNP)', 7)","('Ross VETTRAINO (SNP)', 7)","('Ross VETTRAINO (SNP)', 7)","('Ross VETTRAINO (SNP)', 7)","('Ross VETTRAINO (SNP)', 7)","('Ross VETTRAINO (SNP)', 7)","('Ross VETTRAINO (SNP)', 7)","('Ross VETTRAINO (SNP)', 7)",60
GlenrothesCentralAndThorntonWard_fife12-16.csv,none,7,"('Ross VETTRAINO (SNP)', 6)","('Ian SLOAN (Lab)', 6)","('Ross VETTRAINO (SNP)', 6)","('Ross VETTRAINO (SNP)', 6)","('Ross VETTRAINO (SNP)', 6)","('Ross VETTRAINO (SNP)', 6)","('Ross VETTRAINO (SNP)', 6)","('Ross VETTRAINO (SNP)', 6)","('Ross VETTRAINO (SNP)', 6)","('Ross VETTRAINO (SNP)', 6)",70
GlenrothesCentralAndThorntonWard_fife12-16.csv,frozenset({'Brian MILLS (Con)'}),8,"('Ross VETTRAINO (SNP)', 7)","('Ian SLOAN (Lab)', 7)","('Ross VETTRAINO (SNP)', 7)","('Ross VETTRAINO (SNP)', 7)","('Ross VETTRAINO (SNP)', 7)","('Ross VETTRAINO (SNP)', 7)","('Ross VETTRAINO (SNP)', 7)","('Ross VETTRAINO (SNP)', 7)","('Ross VETTRAINO (SNP)', 7)","('Ross VETTRAINO (SNP)', 7)",70
GlenrothesCentralAndThorntonWard_fife12-16.csv,frozenset({'Ian CRICHTON (Lab)'}),8,"('Ross VETTRAINO (SNP)', 7)","('Ian SLOAN (Lab)', 7)","('Ross VETTRAINO (SNP)', 7)","('Ross VETTRAINO (SNP)', 7)","('Ross VETTRAINO (SNP)', 7)","('Ross VETTRAINO (SNP)', 7)","('Ross VETTRAINO (SNP)', 7)","('Ross VETTRAINO (SNP)', 7)","('Ross VETTRAINO (SNP)', 7)","('Ross VETTRAINO (SNP)', 7)",70
GlenrothesCentralAndThorntonWard_fife12-16.csv,frozenset({'Jim BENVIE (SSC)'}),8,"('Ross VETTRAINO (SNP)', 7)","('Ian SLOAN (Lab)', 7)","('Ross VETTRAINO (SNP)', 7)","('Ross VETTRAINO (SNP)', 7)","('Ross VETTRAINO (SNP)', 7)","('Ross VETTRAINO (SNP)', 7)","('Ross VETTRAINO (SNP)', 7)","('Ross VETTRAINO (SNP)', 7)","('Ross VETTRAINO (SNP)', 7)","('Ross VETTRAINO (SNP)', 7)",70
GlenrothesCentralAndThorntonWard_fife12-16.csv,frozenset({'Vikki WILTON (SNP)'}),8,"('Ross VETTRAINO (SNP)', 7)","('Ian SLOAN (Lab)', 7)","('Ross VETTRAINO (SNP)', 7)","('Ross VETTRAINO (SNP)', 7)","('Ross VETTRAINO (SNP)', 7)","('Ross VETTRAINO (SNP)', 7)","('Ross VETTRAINO (SNP)', 7)","('Ross VETTRAINO (SNP)', 7)","('Ross VETTRAINO (SNP)', 7)","('Ross VETTRAINO (SNP)', 7)",70
GlenrothesCentralAndThorntonWard_fife12-16.csv,frozenset({'Ross VETTRAINO (SNP)'}),8,"('Clone', 7)","('Ian SLOAN (Lab)', 7)","('Clone', 7)","('Clone', 7)","('Clone', 7)","('Clone', 7)","('Clone', 7)","('Clone', 7)","('Clone', 7)","('Clone', 7)",70
GlenrothesCentralAndThorntonWard_fife12-16.csv,frozenset({'Jane KERR (LD)'}),8,"('Ross VETTRAINO (SNP)', 7)","('Ian SLOAN (Lab)', 7)","('Ross VETTRAINO (SNP)', 7)","('Ross VETTRAINO (SNP)', 7)","('Ross VETTRAINO (SNP)', 7)","('Ross VETTRAINO (SNP)', 7)","('Ross VETTRAINO (SNP)', 7)","('Ross VETTRAINO (SNP)', 7)","('Ross VETTRAINO (SNP)', 7)","('Ross VETTRAINO (SNP)', 7)",70
GlenrothesCentralAndThorntonWard_fife12-16.csv,frozenset({'Ian SLOAN (Lab)'}),8,"('Ross VETTRAINO (SNP)', 7)","('Clone', 7)","('Ross VETTRAINO (SNP)', 7)","('Ross VETTRAINO (SNP)', 7)","('Ross VETTRAINO (SNP)', 7)","('Ross VETTRAINO (SNP)', 7)","('Ross VETTRAINO (SNP)', 7)","('Ross VETTRAINO (SNP)', 7)","('Ross VETTRAINO (SNP)', 7)","('Ross VETTRAINO (SNP)', 7)",70
GlenrothesCentralAndThorntonWard_fife12-16.csv,none,7,"('Ross VETTRAINO (SNP)', 6)","('Ian SLOAN (Lab)', 6)","('Ross VETTRAINO (SNP)', 6)","('Ross VETTRAINO (SNP)', 6)","('Ross VETTRAINO (SNP)', 6)","('Ross VETTRAINO (SNP)', 6)","('Ross VETTRAINO (SNP)', 6)","('Ross VETTRAINO (SNP)', 6)","('Ross VETTRAINO (SNP)', 6)","('Ross VETTRAINO (SNP)', 6)",80
GlenrothesCentralAndThorntonWard_fife12-16.csv,frozenset({'Brian MILLS (Con)'}),8,"('Ross VETTRAINO (SNP)', 7)","('Ian SLOAN (Lab)', 7)","('Ross VETTRAINO (SNP)', 7)","('Ross VETTRAINO (SNP)', 7)","('Ross VETTRAINO (SNP)', 7)","('Ross VETTRAINO (SNP)', 7)","('Ross VETTRAINO (SNP)', 7)","('Ross VETTRAINO (SNP)', 7)","('Ross VETTRAINO (SNP)', 7)","('Ross VETTRAINO (SNP)', 7)",80
GlenrothesCentralAndThorntonWard_fife12-16.csv,frozenset({'Ian CRICHTON (Lab)'}),8,"('Ross VETTRAINO (SNP)', 7)","('Ian SLOAN (Lab)', 7)","('Ross VETTRAINO (SNP)', 7)","('Ross VETTRAINO (SNP)', 7)","('Ross VETTRAINO (SNP)', 7)","('Ross VETTRAINO (SNP)', 7)","('Ross VETTRAINO (SNP)', 7)","('Ross VETTRAINO (SNP)', 7)","('Ross VETTRAINO (SNP)', 7)","('Ross VETTRAINO (SNP)', 7)",80
GlenrothesCentralAndThorntonWard_fife12-16.csv,frozenset({'Jim BENVIE (SSC)'}),8,"('Ross VETTRAINO (SNP)', 7)","('Ian SLOAN (Lab)', 7)","('Ross VETTRAINO (SNP)', 7)","('Ross VETTRAINO (SNP)', 7)","('Ross VETTRAINO (SNP)', 7)","('Ross VETTRAINO (SNP)', 7)","('Ross VETTRAINO (SNP)', 7)","('Ross VETTRAINO (SNP)', 7)","('Ross VETTRAINO (SNP)', 7)","('Ross VETTRAINO (SNP)', 7)",80
GlenrothesCentralAndThorntonWard_fife12-16.csv,frozenset({'Vikki WILTON (SNP)'}),8,"('Ross VETTRAINO (SNP)', 7)","('Ian SLOAN (Lab)', 7)","('Ross VETTRAINO (SNP)', 7)","('Ross VETTRAINO (SNP)', 7)","('Ross VETTRAINO (SNP)', 7)","('Ross VETTRAINO (SNP)', 7)","('Ross VETTRAINO (SNP)', 7)","('Ross VETTRAINO (SNP)', 7)","('Ross VETTRAINO (SNP)', 7)","('Ross VETTRAINO (SNP)', 7)",80
GlenrothesCentralAndThorntonWard_fife12-16.csv,frozenset({'Ross VETTRAINO (SNP)'}),8,"('Clone', 7)","('Ian SLOAN (Lab)', 7)","('Clone', 7)","('Clone', 7)","('Clone', 7)","('Clone', 7)","('Clone', 7)","('Clone', 7)","('Clone', 7)","('Clone', 7)",80
GlenrothesCentralAndThorntonWard_fife12-16.csv,frozenset({'Jane KERR (LD)'}),8,"('Ross VETTRAINO (SNP)', 7)","('Ian SLOAN (Lab)', 7)","('Ross VETTRAINO (SNP)', 7)","('Ross VETTRAINO (SNP)', 7)","('Ross VETTRAINO (SNP)', 7)","('Ross VETTRAINO (SNP)', 7)","('Ross VETTRAINO (SNP)', 7)","('Ross VETTRAINO (SNP)', 7)","('Ross VETTRAINO (SNP)', 7)","('Ross VETTRAINO (SNP)', 7)",80
GlenrothesCentralAndThorntonWard_fife12-16.csv,frozenset({'Ian SLOAN (Lab)'}),8,"('Ross VETTRAINO (SNP)', 7)","('Clone', 7)","('Ross VETTRAINO (SNP)', 7)","('Ross VETTRAINO (SNP)', 7)","('Ross VETTRAINO (SNP)', 7)","('Ross VETTRAINO (SNP)', 7)","('Ross VETTRAINO (SNP)', 7)","('Ross VETTRAINO (SNP)', 7)","('Ross VETTRAINO (SNP)', 7)","('Ross VETTRAINO (SNP)', 7)",80
GlenrothesCentralAndThorntonWard_fife12-16.csv,none,7,"('Ross VETTRAINO (SNP)', 6)","('Ian SLOAN (Lab)', 6)","('Ross VETTRAINO (SNP)', 6)","('Ross VETTRAINO (SNP)', 6)","('Ross VETTRAINO (SNP)', 6)","('Ross VETTRAINO (SNP)', 6)","('Ross VETTRAINO (SNP)', 6)","('Ross VETTRAINO (SNP)', 6)","('Ross VETTRAINO (SNP)', 6)","('Ross VETTRAINO (SNP)', 6)",90
GlenrothesCentralAndThorntonWard_fife12-16.csv,frozenset({'Brian MILLS (Con)'}),8,"('Ross VETTRAINO (SNP)', 7)","('Ian SLOAN (Lab)', 7)","('Ross VETTRAINO (SNP)', 7)","('Ross VETTRAINO (SNP)', 7)","('Ross VETTRAINO (SNP)', 7)","('Ross VETTRAINO (SNP)', 7)","('Ross VETTRAINO (SNP)', 7)","('Ross VETTRAINO (SNP)', 7)","('Ross VETTRAINO (SNP)', 7)","('Ross VETTRAINO (SNP)', 7)",90
GlenrothesCentralAndThorntonWard_fife12-16.csv,frozenset({'Ian CRICHTON (Lab)'}),8,"('Ross VETTRAINO (SNP)', 7)","('Ian SLOAN (Lab)', 7)","('Ross VETTRAINO (SNP)', 7)","('Ross VETTRAINO (SNP)', 7)","('Ross VETTRAINO (SNP)', 7)","('Ross VETTRAINO (SNP)', 7)","('Ross VETTRAINO (SNP)', 7)","('Ross VETTRAINO (SNP)', 7)","('Ross VETTRAINO (SNP)', 7)","('Ross VETTRAINO (SNP)', 7)",90
GlenrothesCentralAndThorntonWard_fife12-16.csv,frozenset({'Jim BENVIE (SSC)'}),8,"('Ross VETTRAINO (SNP)', 7)","('Ian SLOAN (Lab)', 7)","('Ross VETTRAINO (SNP)', 7)","('Ross VETTRAINO (SNP)', 7)","('Ross VETTRAINO (SNP)', 7)","('Ross VETTRAINO (SNP)', 7)","('Ross VETTRAINO (SNP)', 7)","('Ross VETTRAINO (SNP)', 7)","('Ross VETTRAINO (SNP)', 7)","('Ross VETTRAINO (SNP)', 7)",90
GlenrothesCentralAndThorntonWard_fife12-16.csv,frozenset({'Vikki WILTON (SNP)'}),8,"('Ross VETTRAINO (SNP)', 7)","('Ian SLOAN (Lab)', 7)","('Ross VETTRAINO (SNP)', 7)","('Ross VETTRAINO (SNP)', 7)","('Ross VETTRAINO (SNP)', 7)","('Ross VETTRAINO (SNP)', 7)","('Ross VETTRAINO (SNP)', 7)","('Ross VETTRAINO (SNP)', 7)","('Ross VETTRAINO (SNP)', 7)","('Ross VETTRAINO (SNP)', 7)",90
GlenrothesCentralAndThorntonWard_fife12-16.csv,frozenset({'Ross VETTRAINO (SNP)'}),8,"('Clone', 7)","('Ian SLOAN (Lab)', 7)","('Clone', 7)","('Clone', 7)","('Clone', 7)","('Clone', 7)","('Clone', 7)","('Clone', 7)","('Clone', 7)","('Clone', 7)",90
GlenrothesCentralAndThorntonWard_fife12-16.csv,frozenset({'Jane KERR (LD)'}),8,"('Ross VETTRAINO (SNP)', 7)","('Ian SLOAN (Lab)', 7)","('Ross VETTRAINO (SNP)', 7)","('Ross VETTRAINO (SNP)', 7)","('Ross VETTRAINO (SNP)', 7)","('Ross VETTRAINO (SNP)', 7)","('Ross VETTRAINO (SNP)', 7)","('Ross VETTRAINO (SNP)', 7)","('Ross VETTRAINO (SNP)', 7)","('Ross VETTRAINO (SNP)', 7)",90
GlenrothesCentralAndThorntonWard_fife12-16.csv,frozenset({'Ian SLOAN (Lab)'}),8,"('Ross VETTRAINO (SNP)', 7)","('Clone', 7)","('Ross VETTRAINO (SNP)', 7)","('Ross VETTRAINO (SNP)', 7)","('Ross VETTRAINO (SNP)', 7)","('Ross VETTRAINO (SNP)', 7)","('Ross VETTRAINO (SNP)', 7)","('Ross VETTRAINO (SNP)', 7)","('Ross VETTRAINO (SNP)', 7)","('Ross VETTRAINO (SNP)', 7)",90
7.JohnstoneSouthElderslie&HowwoodWard_renfs12-07.csv,none,8,"('John HOOD (Lab)', 6)","('Iain MCMILLAN (Lab)', 6)","('Iain MCMILLAN (Lab)', 7)","('Iain MCMILLAN (Lab)', 7)","('Iain MCMILLAN (Lab)', 7)","('Iain MCMILLAN (Lab)', 7)","('Iain MCMILLAN (Lab)', 5)","('Iain MCMILLAN (Lab)', 5)","('Iain MCMILLAN (Lab)', 6)","('Iain MCMILLAN (Lab)', 6)",0
7.JohnstoneSouthElderslie&HowwoodWard_renfs12-07.csv,frozenset({'TRACIE MCGEE (SNP)'}),9,"('John HOOD (Lab)', 7)","('Iain MCMILLAN (Lab)', 7)","('Iain MCMILLAN (Lab)', 8)","('Iain MCMILLAN (Lab)', 8)","('Iain MCMILLAN (Lab)', 8)","('Iain MCMILLAN (Lab)', 8)","('Iain MCMILLAN (Lab)', 6)","('Iain MCMILLAN (Lab)', 6)","('Iain MCMILLAN (Lab)', 7)","('Iain MCMILLAN (Lab)', 7)",0
7.JohnstoneSouthElderslie&HowwoodWard_renfs12-07.csv,frozenset({'STEPHEN MCGEE (SNP)'}),9,"('John HOOD (Lab)', 7)","('Iain MCMILLAN (Lab)', 7)","('Iain MCMILLAN (Lab)', 8)","('Iain MCMILLAN (Lab)', 8)","('Iain MCMILLAN (Lab)', 8)","('Iain MCMILLAN (Lab)', 8)","('Iain MCMILLAN (Lab)', 6)","('Iain MCMILLAN (Lab)', 6)","('Iain MCMILLAN (Lab)', 7)","('Iain MCMILLAN (Lab)', 7)",0
7.JohnstoneSouthElderslie&HowwoodWard_renfs12-07.csv,frozenset({'Ryan MORRISON (LD)'}),9,"('John HOOD (Lab)', 7)","('Iain MCMILLAN (Lab)', 7)","('Iain MCMILLAN (Lab)', 8)","('Iain MCMILLAN (Lab)', 8)","('Iain MCMILLAN (Lab)', 8)","('Iain MCMILLAN (Lab)', 8)","('Iain MCMILLAN (Lab)', 6)","('Iain MCMILLAN (Lab)', 6)","('Iain MCMILLAN (Lab)', 7)","('Iain MCMILLAN (Lab)', 7)",0
7.JohnstoneSouthElderslie&HowwoodWard_renfs12-07.csv,frozenset({'Gerry MCCARTNEY (Soc)'}),9,"('John HOOD (Lab)', 7)","('Iain MCMILLAN (Lab)', 7)","('Iain MCMILLAN (Lab)', 8)","('Iain MCMILLAN (Lab)', 8)","('Iain MCMILLAN (Lab)', 8)","('Iain MCMILLAN (Lab)', 8)","('Iain MCMILLAN (Lab)', 6)","('Iain MCMILLAN (Lab)', 6)","('Iain MCMILLAN (Lab)', 7)","('Iain MCMILLAN (Lab)', 7)",0
7.JohnstoneSouthElderslie&HowwoodWard_renfs12-07.csv,frozenset({'John HOOD (Lab)'}),9,"('John HOOD (Lab)', 7)","('Iain MCMILLAN (Lab)', 7)","('Iain MCMILLAN (Lab)', 8)","('Iain MCMILLAN (Lab)', 8)","('Iain MCMILLAN (Lab)', 8)","('Iain MCMILLAN (Lab)', 8)","('Iain MCMILLAN (Lab)', 6)","('Iain MCMILLAN (Lab)', 6)","('Iain MCMILLAN (Lab)', 7)","('Iain MCMILLAN (Lab)', 7)",0
7.JohnstoneSouthElderslie&HowwoodWard_renfs12-07.csv,frozenset({'John Duncan MCINTYRE (Con)'}),9,"('John HOOD (Lab)', 7)","('Iain MCMILLAN (Lab)', 7)","('Iain MCMILLAN (Lab)', 8)","('Iain MCMILLAN (Lab)', 8)","('Iain MCMILLAN (Lab)', 8)","('Iain MCMILLAN (Lab)', 8)","('Iain MCMILLAN (Lab)', 6)","('Iain MCMILLAN (Lab)', 6)","('Iain MCMILLAN (Lab)', 7)","('Iain MCMILLAN (Lab)', 7)",0
7.JohnstoneSouthElderslie&HowwoodWard_renfs12-07.csv,frozenset({'John CALDWELL (Lab)'}),9,"('John HOOD (Lab)', 7)","('Iain MCMILLAN (Lab)', 7)","('Iain MCMILLAN (Lab)', 8)","('Iain MCMILLAN (Lab)', 8)","('Iain MCMILLAN (Lab)', 8)","('Iain MCMILLAN (Lab)', 8)","('Iain MCMILLAN (Lab)', 6)","('Iain MCMILLAN (Lab)', 6)","('Iain MCMILLAN (Lab)', 7)","('Iain MCMILLAN (Lab)', 7)",0
7.JohnstoneSouthElderslie&HowwoodWard_renfs12-07.csv,frozenset({'Iain MCMILLAN (Lab)'}),9,"('John HOOD (Lab)', 7)","('Iain MCMILLAN (Lab)', 7)","('Iain MCMILLAN (Lab)', 8)","('Iain MCMILLAN (Lab)', 8)","('Iain MCMILLAN (Lab)', 8)","('Iain MCMILLAN (Lab)', 8)","('Iain MCMILLAN (Lab)', 6)","('Iain MCMILLAN (Lab)', 6)","('Iain MCMILLAN (Lab)', 7)","('Iain MCMILLAN (Lab)', 7)",0
7.JohnstoneSouthElderslie&HowwoodWard_renfs12-07.csv,none,8,"('John HOOD (Lab)', 6)","('Iain MCMILLAN (Lab)', 6)","('Iain MCMILLAN (Lab)', 7)","('Iain MCMILLAN (Lab)', 7)","('Iain MCMILLAN (Lab)', 7)","('Iain MCMILLAN (Lab)', 7)","('Iain MCMILLAN (Lab)', 5)","('Iain MCMILLAN (Lab)', 5)","('Iain MCMILLAN (Lab)', 6)","('Iain MCMILLAN (Lab)', 6)",10
7.JohnstoneSouthElderslie&HowwoodWard_renfs12-07.csv,frozenset({'TRACIE MCGEE (SNP)'}),9,"('John HOOD (Lab)', 7)","('Iain MCMILLAN (Lab)', 7)","('Iain MCMILLAN (Lab)', 8)","('Iain MCMILLAN (Lab)', 8)","('Iain MCMILLAN (Lab)', 8)","('Iain MCMILLAN (Lab)', 8)","('Iain MCMILLAN (Lab)', 6)","('Iain MCMILLAN (Lab)', 6)","('Iain MCMILLAN (Lab)', 7)","('Iain MCMILLAN (Lab)', 7)",10
7.JohnstoneSouthElderslie&HowwoodWard_renfs12-07.csv,frozenset({'STEPHEN MCGEE (SNP)'}),9,"('John HOOD (Lab)', 7)","('Iain MCMILLAN (Lab)', 7)","('Iain MCMILLAN (Lab)', 8)","('Iain MCMILLAN (Lab)', 8)","('Iain MCMILLAN (Lab)', 8)","('Iain MCMILLAN (Lab)', 8)","('Iain MCMILLAN (Lab)', 6)","('Iain MCMILLAN (Lab)', 6)","('Iain MCMILLAN (Lab)', 7)","('Iain MCMILLAN (Lab)', 7)",10
7.JohnstoneSouthElderslie&HowwoodWard_renfs12-07.csv,frozenset({'Ryan MORRISON (LD)'}),9,"('John HOOD (Lab)', 7)","('Iain MCMILLAN (Lab)', 7)","('Iain MCMILLAN (Lab)', 8)","('Iain MCMILLAN (Lab)', 8)","('Iain MCMILLAN (Lab)', 8)","('Iain MCMILLAN (Lab)', 8)","('Iain MCMILLAN (Lab)', 6)","('Iain MCMILLAN (Lab)', 6)","('Iain MCMILLAN (Lab)', 7)","('Iain MCMILLAN (Lab)', 7)",10
7.JohnstoneSouthElderslie&HowwoodWard_renfs12-07.csv,frozenset({'Gerry MCCARTNEY (Soc)'}),9,"('John HOOD (Lab)', 7)","('Iain MCMILLAN (Lab)', 7)","('Iain MCMILLAN (Lab)', 8)","('Iain MCMILLAN (Lab)', 8)","('Iain MCMILLAN (Lab)', 8)","('Iain MCMILLAN (Lab)', 8)","('Iain MCMILLAN (Lab)', 6)","('Iain MCMILLAN (Lab)', 6)","('Iain MCMILLAN (Lab)', 7)","('Iain MCMILLAN (Lab)', 7)",10
7.JohnstoneSouthElderslie&HowwoodWard_renfs12-07.csv,frozenset({'John HOOD (Lab)'}),9,"('Clone', 7)","('Iain MCMILLAN (Lab)', 7)","('Iain MCMILLAN (Lab)', 8)","('Iain MCMILLAN (Lab)', 8)","('Iain MCMILLAN (Lab)', 8)","('Iain MCMILLAN (Lab)', 8)","('Iain MCMILLAN (Lab)', 6)","('Iain MCMILLAN (Lab)', 6)","('Iain MCMILLAN (Lab)', 7)","('Iain MCMILLAN (Lab)', 7)",10
7.JohnstoneSouthElderslie&HowwoodWard_renfs12-07.csv,frozenset({'John Duncan MCINTYRE (Con)'}),9,"('John HOOD (Lab)', 7)","('Iain MCMILLAN (Lab)', 7)","('Iain MCMILLAN (Lab)', 8)","('Iain MCMILLAN (Lab)', 8)","('Iain MCMILLAN (Lab)', 8)","('Iain MCMILLAN (Lab)', 8)","('Iain MCMILLAN (Lab)', 6)","('Iain MCMILLAN (Lab)', 6)","('Iain MCMILLAN (Lab)', 7)","('Iain MCMILLAN (Lab)', 7)",10
7.JohnstoneSouthElderslie&HowwoodWard_renfs12-07.csv,frozenset({'John CALDWELL (Lab)'}),9,"('John HOOD (Lab)', 7)","('Iain MCMILLAN (Lab)', 7)","('Iain MCMILLAN (Lab)', 8)","('Iain MCMILLAN (Lab)', 8)","('Iain MCMILLAN (Lab)', 8)","('Iain MCMILLAN (Lab)', 8)","('Iain MCMILLAN (Lab)', 6)","('Iain MCMILLAN (Lab)', 6)","('Iain MCMILLAN (Lab)', 7)","('Iain MCMILLAN (Lab)', 7)",10
7.JohnstoneSouthElderslie&HowwoodWard_renfs12-07.csv,frozenset({'Iain MCMILLAN (Lab)'}),9,"('John HOOD (Lab)', 7)","('Iain MCMILLAN (Lab)', 7)","('Iain MCMILLAN (Lab)', 8)","('Iain MCMILLAN (Lab)', 8)","('Iain MCMILLAN (Lab)', 8)","('Iain MCMILLAN (Lab)', 8)","('Iain MCMILLAN (Lab)', 6)","('Iain MCMILLAN (Lab)', 6)","('Iain MCMILLAN (Lab)', 7)","('Iain MCMILLAN (Lab)', 7)",10
7.JohnstoneSouthElderslie&HowwoodWard_renfs12-07.csv,none,8,"('John HOOD (Lab)', 6)","('Iain MCMILLAN (Lab)', 6)","('Iain MCMILLAN (Lab)', 7)","('Iain MCMILLAN (Lab)', 7)","('Iain MCMILLAN (Lab)', 7)","('Iain MCMILLAN (Lab)', 7)","('Iain MCMILLAN (Lab)', 5)","('Iain MCMILLAN (Lab)', 5)","('Iain MCMILLAN (Lab)', 6)","('Iain MCMILLAN (Lab)', 6)",20
7.JohnstoneSouthElderslie&HowwoodWard_renfs12-07.csv,frozenset({'TRACIE MCGEE (SNP)'}),9,"('John HOOD (Lab)', 7)","('Iain MCMILLAN (Lab)', 7)","('Iain MCMILLAN (Lab)', 8)","('Iain MCMILLAN (Lab)', 8)","('Iain MCMILLAN (Lab)', 8)","('Iain MCMILLAN (Lab)', 8)","('Iain MCMILLAN (Lab)', 6)","('Iain MCMILLAN (Lab)', 6)","('Iain MCMILLAN (Lab)', 7)","('Iain MCMILLAN (Lab)', 7)",20
7.JohnstoneSouthElderslie&HowwoodWard_renfs12-07.csv,frozenset({'STEPHEN MCGEE (SNP)'}),9,"('John HOOD (Lab)', 7)","('Iain MCMILLAN (Lab)', 7)","('Iain MCMILLAN (Lab)', 8)","('Iain MCMILLAN (Lab)', 8)","('Iain MCMILLAN (Lab)', 8)","('Iain MCMILLAN (Lab)', 8)","('Iain MCMILLAN (Lab)', 6)","('Iain MCMILLAN (Lab)', 6)","('Iain MCMILLAN (Lab)', 7)","('Iain MCMILLAN (Lab)', 7)",20
7.JohnstoneSouthElderslie&HowwoodWard_renfs12-07.csv,frozenset({'Ryan MORRISON (LD)'}),9,"('John HOOD (Lab)', 7)","('Iain MCMILLAN (Lab)', 7)","('Iain MCMILLAN (Lab)', 8)","('Iain MCMILLAN (Lab)', 8)","('Iain MCMILLAN (Lab)', 8)","('Iain MCMILLAN (Lab)', 8)","('Iain MCMILLAN (Lab)', 6)","('Iain MCMILLAN (Lab)', 6)","('Iain MCMILLAN (Lab)', 7)","('Iain MCMILLAN (Lab)', 7)",20
7.JohnstoneSouthElderslie&HowwoodWard_renfs12-07.csv,frozenset({'Gerry MCCARTNEY (Soc)'}),9,"('John HOOD (Lab)', 7)","('Iain MCMILLAN (Lab)', 7)","('Iain MCMILLAN (Lab)', 8)","('Iain MCMILLAN (Lab)', 8)","('Iain MCMILLAN (Lab)', 8)","('Iain MCMILLAN (Lab)', 8)","('Iain MCMILLAN (Lab)', 6)","('Iain MCMILLAN (Lab)', 6)","('Iain MCMILLAN (Lab)', 7)","('Iain MCMILLAN (Lab)', 7)",20
7.JohnstoneSouthElderslie&HowwoodWard_renfs12-07.csv,frozenset({'John HOOD (Lab)'}),9,"('Clone', 7)","('Iain MCMILLAN (Lab)', 7)","('Iain MCMILLAN (Lab)', 8)","('Iain MCMILLAN (Lab)', 8)","('Iain MCMILLAN (Lab)', 8)","('Iain MCMILLAN (Lab)', 8)","('Iain MCMILLAN (Lab)', 6)","('Iain MCMILLAN (Lab)', 6)","('Iain MCMILLAN (Lab)', 7)","('Iain MCMILLAN (Lab)', 7)",20
7.JohnstoneSouthElderslie&HowwoodWard_renfs12-07.csv,frozenset({'John Duncan MCINTYRE (Con)'}),9,"('John HOOD (Lab)', 7)","('Iain MCMILLAN (Lab)', 7)","('Iain MCMILLAN (Lab)', 8)","('Iain MCMILLAN (Lab)', 8)","('Iain MCMILLAN (Lab)', 8)","('Iain MCMILLAN (Lab)', 8)","('Iain MCMILLAN (Lab)', 6)","('Iain MCMILLAN (Lab)', 6)","('Iain MCMILLAN (Lab)', 7)","('Iain MCMILLAN (Lab)', 7)",20
7.JohnstoneSouthElderslie&HowwoodWard_renfs12-07.csv,frozenset({'John CALDWELL (Lab)'}),9,"('John HOOD (Lab)', 7)","('Iain MCMILLAN (Lab)', 7)","('Iain MCMILLAN (Lab)', 8)","('Iain MCMILLAN (Lab)', 8)","('Iain MCMILLAN (Lab)', 8)","('Iain MCMILLAN (Lab)', 8)","('Iain MCMILLAN (Lab)', 6)","('Iain MCMILLAN (Lab)', 6)","('Iain MCMILLAN (Lab)', 7)","('Iain MCMILLAN (Lab)', 7)",20
7.JohnstoneSouthElderslie&HowwoodWard_renfs12-07.csv,frozenset({'Iain MCMILLAN (Lab)'}),9,"('John HOOD (Lab)', 7)","('Iain MCMILLAN (Lab)', 7)","('Iain MCMILLAN (Lab)', 8)","('Iain MCMILLAN (Lab)', 8)","('Iain MCMILLAN (Lab)', 8)","('Iain MCMILLAN (Lab)', 8)","('Iain MCMILLAN (Lab)', 6)","('Iain MCMILLAN (Lab)', 6)","('Iain MCMILLAN (Lab)', 7)","('Iain MCMILLAN (Lab)', 7)",20
7.JohnstoneSouthElderslie&HowwoodWard_renfs12-07.csv,none,8,"('John HOOD (Lab)', 6)","('Iain MCMILLAN (Lab)', 6)","('Iain MCMILLAN (Lab)', 7)","('Iain MCMILLAN (Lab)', 7)","('Iain MCMILLAN (Lab)', 7)","('Iain MCMILLAN (Lab)', 7)","('Iain MCMILLAN (Lab)', 5)","('Iain MCMILLAN (Lab)', 5)","('Iain MCMILLAN (Lab)', 6)","('Iain MCMILLAN (Lab)', 6)",30
7.JohnstoneSouthElderslie&HowwoodWard_renfs12-07.csv,frozenset({'TRACIE MCGEE (SNP)'}),9,"('John HOOD (Lab)', 7)","('Iain MCMILLAN (Lab)', 7)","('Iain MCMILLAN (Lab)', 8)","('Iain MCMILLAN (Lab)', 8)","('Iain MCMILLAN (Lab)', 8)","('Iain MCMILLAN (Lab)', 8)","('Iain MCMILLAN (Lab)', 6)","('Iain MCMILLAN (Lab)', 6)","('Iain MCMILLAN (Lab)', 7)","('Iain MCMILLAN (Lab)', 7)",30
7.JohnstoneSouthElderslie&HowwoodWard_renfs12-07.csv,frozenset({'STEPHEN MCGEE (SNP)'}),9,"('John HOOD (Lab)', 7)","('Iain MCMILLAN (Lab)', 7)","('Iain MCMILLAN (Lab)', 8)","('Iain MCMILLAN (Lab)', 8)","('Iain MCMILLAN (Lab)', 8)","('Iain MCMILLAN (Lab)', 8)","('Iain MCMILLAN (Lab)', 6)","('Iain MCMILLAN (Lab)', 6)","('Iain MCMILLAN (Lab)', 7)","('Iain MCMILLAN (Lab)', 7)",30
7.JohnstoneSouthElderslie&HowwoodWard_renfs12-07.csv,frozenset({'Ryan MORRISON (LD)'}),9,"('John HOOD (Lab)', 7)","('Iain MCMILLAN (Lab)', 7)","('Iain MCMILLAN (Lab)', 8)","('Iain MCMILLAN (Lab)', 8)","('Iain MCMILLAN (Lab)', 8)","('Iain MCMILLAN (Lab)', 8)","('Iain MCMILLAN (Lab)', 6)","('Iain MCMILLAN (Lab)', 6)","('Iain MCMILLAN (Lab)', 7)","('Iain MCMILLAN (Lab)', 7)",30
7.JohnstoneSouthElderslie&HowwoodWard_renfs12-07.csv,frozenset({'Gerry MCCARTNEY (Soc)'}),9,"('John HOOD (Lab)', 7)","('Iain MCMILLAN (Lab)', 7)","('Iain MCMILLAN (Lab)', 8)","('Iain MCMILLAN (Lab)', 8)","('Iain MCMILLAN (Lab)', 8)","('Iain MCMILLAN (Lab)', 8)","('Iain MCMILLAN (Lab)', 6)","('Iain MCMILLAN (Lab)', 6)","('Iain MCMILLAN (Lab)', 7)","('Iain MCMILLAN (Lab)', 7)",30
7.JohnstoneSouthElderslie&HowwoodWard_renfs12-07.csv,frozenset({'John HOOD (Lab)'}),9,"('Clone', 7)","('Iain MCMILLAN (Lab)', 7)","('Iain MCMILLAN (Lab)', 8)","('Iain MCMILLAN (Lab)', 8)","('Iain MCMILLAN (Lab)', 8)","('Iain MCMILLAN (Lab)', 8)","('Iain MCMILLAN (Lab)', 6)","('Iain MCMILLAN (Lab)', 6)","('Iain MCMILLAN (Lab)', 7)","('Iain MCMILLAN (Lab)', 7)",30
7.JohnstoneSouthElderslie&HowwoodWard_renfs12-07.csv,frozenset({'John Duncan MCINTYRE (Con)'}),9,"('John HOOD (Lab)', 7)","('Iain MCMILLAN (Lab)', 7)","('Iain MCMILLAN (Lab)', 8)","('Iain MCMILLAN (Lab)', 8)","('Iain MCMILLAN (Lab)', 8)","('Iain MCMILLAN (Lab)', 8)","('Iain MCMILLAN (Lab)', 6)","('Iain MCMILLAN (Lab)', 6)","('Iain MCMILLAN (Lab)', 7)","('Iain MCMILLAN (Lab)', 7)",30
7.JohnstoneSouthElderslie&HowwoodWard_renfs12-07.csv,frozenset({'John CALDWELL (Lab)'}),9,"('John HOOD (Lab)', 7)","('Iain MCMILLAN (Lab)', 7)","('Iain MCMILLAN (Lab)', 8)","('Iain MCMILLAN (Lab)', 8)","('Iain MCMILLAN (Lab)', 5)","('Iain MCMILLAN (Lab)', 8)","('Iain MCMILLAN (Lab)', 6)","('Iain MCMILLAN (Lab)', 6)","('Iain MCMILLAN (Lab)', 7)","('Iain MCMILLAN (Lab)', 7)",30
7.JohnstoneSouthElderslie&HowwoodWard_renfs12-07.csv,frozenset({'Iain MCMILLAN (Lab)'}),9,"('John HOOD (Lab)', 7)","('Iain MCMILLAN (Lab)', 7)","('Iain MCMILLAN (Lab)', 8)","('Iain MCMILLAN (Lab)', 8)","('Iain MCMILLAN (Lab)', 8)","('Iain MCMILLAN (Lab)', 8)","('Iain MCMILLAN (Lab)', 6)","('Iain MCMILLAN (Lab)', 6)","('Iain MCMILLAN (Lab)', 7)","('Iain MCMILLAN (Lab)', 7)",30
7.JohnstoneSouthElderslie&HowwoodWard_renfs12-07.csv,none,8,"('John HOOD (Lab)', 6)","('Iain MCMILLAN (Lab)', 6)","('Iain MCMILLAN (Lab)', 7)","('Iain MCMILLAN (Lab)', 7)","('Iain MCMILLAN (Lab)', 7)","('Iain MCMILLAN (Lab)', 7)","('Iain MCMILLAN (Lab)', 5)","('Iain MCMILLAN (Lab)', 5)","('Iain MCMILLAN (Lab)', 6)","('Iain MCMILLAN (Lab)', 6)",40
7.JohnstoneSouthElderslie&HowwoodWard_renfs12-07.csv,frozenset({'TRACIE MCGEE (SNP)'}),9,"('John HOOD (Lab)', 7)","('Iain MCMILLAN (Lab)', 7)","('Iain MCMILLAN (Lab)', 8)","('Iain MCMILLAN (Lab)', 8)","('Iain MCMILLAN (Lab)', 8)","('Iain MCMILLAN (Lab)', 8)","('Iain MCMILLAN (Lab)', 6)","('Iain MCMILLAN (Lab)', 6)","('Iain MCMILLAN (Lab)', 7)","('Iain MCMILLAN (Lab)', 7)",40
7.JohnstoneSouthElderslie&HowwoodWard_renfs12-07.csv,frozenset({'STEPHEN MCGEE (SNP)'}),9,"('John HOOD (Lab)', 7)","('Iain MCMILLAN (Lab)', 7)","('Iain MCMILLAN (Lab)', 8)","('Iain MCMILLAN (Lab)', 8)","('Iain MCMILLAN (Lab)', 8)","('Iain MCMILLAN (Lab)', 8)","('Iain MCMILLAN (Lab)', 6)","('Iain MCMILLAN (Lab)', 6)","('Iain MCMILLAN (Lab)', 7)","('Iain MCMILLAN (Lab)', 7)",40
7.JohnstoneSouthElderslie&HowwoodWard_renfs12-07.csv,frozenset({'Ryan MORRISON (LD)'}),9,"('John HOOD (Lab)', 7)","('Iain MCMILLAN (Lab)', 7)","('Iain MCMILLAN (Lab)', 8)","('Iain MCMILLAN (Lab)', 8)","('Iain MCMILLAN (Lab)', 8)","('Iain MCMILLAN (Lab)', 8)","('Iain MCMILLAN (Lab)', 6)","('Iain MCMILLAN (Lab)', 6)","('Iain MCMILLAN (Lab)', 7)","('Iain MCMILLAN (Lab)', 7)",40
7.JohnstoneSouthElderslie&HowwoodWard_renfs12-07.csv,frozenset({'Gerry MCCARTNEY (Soc)'}),9,"('John HOOD (Lab)', 7)","('Iain MCMILLAN (Lab)', 7)","('Iain MCMILLAN (Lab)', 8)","('Iain MCMILLAN (Lab)', 8)","('Iain MCMILLAN (Lab)', 8)","('Iain MCMILLAN (Lab)', 8)","('Iain MCMILLAN (Lab)', 6)","('Iain MCMILLAN (Lab)', 6)","('Iain MCMILLAN (Lab)', 7)","('Iain MCMILLAN (Lab)', 7)",40
7.JohnstoneSouthElderslie&HowwoodWard_renfs12-07.csv,frozenset({'John HOOD (Lab)'}),9,"('Clone', 7)","('Iain MCMILLAN (Lab)', 7)","('Iain MCMILLAN (Lab)', 8)","('Iain MCMILLAN (Lab)', 8)","('Iain MCMILLAN (Lab)', 8)","('Iain MCMILLAN (Lab)', 8)","('Iain MCMILLAN (Lab)', 6)","('Iain MCMILLAN (Lab)', 6)","('Iain MCMILLAN (Lab)', 7)","('Iain MCMILLAN (Lab)', 7)",40
7.JohnstoneSouthElderslie&HowwoodWard_renfs12-07.csv,frozenset({'John Duncan MCINTYRE (Con)'}),9,"('John HOOD (Lab)', 7)","('Iain MCMILLAN (Lab)', 7)","('Iain MCMILLAN (Lab)', 8)","('Iain MCMILLAN (Lab)', 8)","('Iain MCMILLAN (Lab)', 8)","('Iain MCMILLAN (Lab)', 8)","('Iain MCMILLAN (Lab)', 6)","('Iain MCMILLAN (Lab)', 6)","('Iain MCMILLAN (Lab)', 7)","('Iain MCMILLAN (Lab)', 7)",40
7.JohnstoneSouthElderslie&HowwoodWard_renfs12-07.csv,frozenset({'John CALDWELL (Lab)'}),9,"('John HOOD (Lab)', 7)","('Iain MCMILLAN (Lab)', 7)","('Iain MCMILLAN (Lab)', 8)","('Iain MCMILLAN (Lab)', 4)","('Iain MCMILLAN (Lab)', 5)","('Iain MCMILLAN (Lab)', 5)","('Iain MCMILLAN (Lab)', 6)","('Iain MCMILLAN (Lab)', 6)","('Iain MCMILLAN (Lab)', 7)","('Iain MCMILLAN (Lab)', 7)",40
7.JohnstoneSouthElderslie&HowwoodWard_renfs12-07.csv,frozenset({'Iain MCMILLAN (Lab)'}),9,"('John HOOD (Lab)', 7)","('Iain MCMILLAN (Lab)', 7)","('Iain MCMILLAN (Lab)', 8)","('Clone', 4)","('Clone', 5)","('Iain MCMILLAN (Lab)', 8)","('Iain MCMILLAN (Lab)', 6)","('Iain MCMILLAN (Lab)', 6)","('Iain MCMILLAN (Lab)', 7)","('Iain MCMILLAN (Lab)', 7)",40
7.JohnstoneSouthElderslie&HowwoodWard_renfs12-07.csv,none,8,"('John HOOD (Lab)', 6)","('Iain MCMILLAN (Lab)', 6)","('Iain MCMILLAN (Lab)', 7)","('Iain MCMILLAN (Lab)', 7)","('Iain MCMILLAN (Lab)', 7)","('Iain MCMILLAN (Lab)', 7)","('Iain MCMILLAN (Lab)', 5)","('Iain MCMILLAN (Lab)', 5)","('Iain MCMILLAN (Lab)', 6)","('Iain MCMILLAN (Lab)', 6)",50
7.JohnstoneSouthElderslie&HowwoodWard_renfs12-07.csv,frozenset({'TRACIE MCGEE (SNP)'}),9,"('John HOOD (Lab)', 7)","('Iain MCMILLAN (Lab)', 7)","('Iain MCMILLAN (Lab)', 8)","('Iain MCMILLAN (Lab)', 8)","('Iain MCMILLAN (Lab)', 8)","('Iain MCMILLAN (Lab)', 8)","('Iain MCMILLAN (Lab)', 6)","('Iain MCMILLAN (Lab)', 6)","('Iain MCMILLAN (Lab)', 7)","('Iain MCMILLAN (Lab)', 7)",50
7.JohnstoneSouthElderslie&HowwoodWard_renfs12-07.csv,frozenset({'STEPHEN MCGEE (SNP)'}),9,"('John HOOD (Lab)', 7)","('Iain MCMILLAN (Lab)', 7)","('Iain MCMILLAN (Lab)', 8)","('Iain MCMILLAN (Lab)', 8)","('Iain MCMILLAN (Lab)', 8)","('Iain MCMILLAN (Lab)', 8)","('Iain MCMILLAN (Lab)', 6)","('Iain MCMILLAN (Lab)', 6)","('Iain MCMILLAN (Lab)', 7)","('Iain MCMILLAN (Lab)', 7)",50
7.JohnstoneSouthElderslie&HowwoodWard_renfs12-07.csv,frozenset({'Ryan MORRISON (LD)'}),9,"('John HOOD (Lab)', 7)","('Iain MCMILLAN (Lab)', 7)","('Iain MCMILLAN (Lab)', 8)","('Iain MCMILLAN (Lab)', 8)","('Iain MCMILLAN (Lab)', 8)","('Iain MCMILLAN (Lab)', 8)","('Iain MCMILLAN (Lab)', 6)","('Iain MCMILLAN (Lab)', 6)","('Iain MCMILLAN (Lab)', 7)","('Iain MCMILLAN (Lab)', 7)",50
7.JohnstoneSouthElderslie&HowwoodWard_renfs12-07.csv,frozenset({'Gerry MCCARTNEY (Soc)'}),9,"('John HOOD (Lab)', 7)","('Iain MCMILLAN (Lab)', 7)","('Iain MCMILLAN (Lab)', 8)","('Iain MCMILLAN (Lab)', 8)","('Iain MCMILLAN (Lab)', 8)","('Iain MCMILLAN (Lab)', 8)","('Iain MCMILLAN (Lab)', 6)","('Iain MCMILLAN (Lab)', 6)","('Iain MCMILLAN (Lab)', 7)","('Iain MCMILLAN (Lab)', 7)",50
7.JohnstoneSouthElderslie&HowwoodWard_renfs12-07.csv,frozenset({'John HOOD (Lab)'}),9,"('Clone', 7)","('Iain MCMILLAN (Lab)', 7)","('Iain MCMILLAN (Lab)', 8)","('Iain MCMILLAN (Lab)', 8)","('Iain MCMILLAN (Lab)', 8)","('Iain MCMILLAN (Lab)', 8)","('Iain MCMILLAN (Lab)', 6)","('Iain MCMILLAN (Lab)', 6)","('Iain MCMILLAN (Lab)', 7)","('Iain MCMILLAN (Lab)', 7)",50
7.JohnstoneSouthElderslie&HowwoodWard_renfs12-07.csv,frozenset({'John Duncan MCINTYRE (Con)'}),9,"('John HOOD (Lab)', 7)","('Iain MCMILLAN (Lab)', 7)","('Iain MCMILLAN (Lab)', 8)","('Iain MCMILLAN (Lab)', 8)","('Iain MCMILLAN (Lab)', 8)","('Iain MCMILLAN (Lab)', 8)","('Iain MCMILLAN (Lab)', 6)","('Iain MCMILLAN (Lab)', 6)","('Iain MCMILLAN (Lab)', 7)","('Iain MCMILLAN (Lab)', 7)",50
7.JohnstoneSouthElderslie&HowwoodWard_renfs12-07.csv,frozenset({'John CALDWELL (Lab)'}),9,"('John HOOD (Lab)', 7)","('Iain MCMILLAN (Lab)', 7)","('Iain MCMILLAN (Lab)', 8)","('Iain MCMILLAN (Lab)', 4)","('Iain MCMILLAN (Lab)', 5)","('Iain MCMILLAN (Lab)', 5)","('Iain MCMILLAN (Lab)', 5)","('Iain MCMILLAN (Lab)', 6)","('Iain MCMILLAN (Lab)', 7)","('Iain MCMILLAN (Lab)', 7)",50
7.JohnstoneSouthElderslie&HowwoodWard_renfs12-07.csv,frozenset({'Iain MCMILLAN (Lab)'}),9,"('John HOOD (Lab)', 7)","('Clone', 7)","('Clone', 8)","('Clone', 4)","('Clone', 5)","('Clone', 5)","('Clone', 6)","('Clone', 6)","('Clone', 7)","('Clone', 7)",50
7.JohnstoneSouthElderslie&HowwoodWard_renfs12-07.csv,none,8,"('John HOOD (Lab)', 6)","('Iain MCMILLAN (Lab)', 6)","('Iain MCMILLAN (Lab)', 7)","('Iain MCMILLAN (Lab)', 7)","('Iain MCMILLAN (Lab)', 7)","('Iain MCMILLAN (Lab)', 7)","('Iain MCMILLAN (Lab)', 5)","('Iain MCMILLAN (Lab)', 5)","('Iain MCMILLAN (Lab)', 6)","('Iain MCMILLAN (Lab)', 6)",60
7.JohnstoneSouthElderslie&HowwoodWard_renfs12-07.csv,frozenset({'TRACIE MCGEE (SNP)'}),9,"('John HOOD (Lab)', 7)","('Iain MCMILLAN (Lab)', 7)","('Iain MCMILLAN (Lab)', 8)","('Iain MCMILLAN (Lab)', 8)","('Iain MCMILLAN (Lab)', 8)","('Iain MCMILLAN (Lab)', 8)","('Iain MCMILLAN (Lab)', 6)","('Iain MCMILLAN (Lab)', 6)","('Iain MCMILLAN (Lab)', 7)","('Iain MCMILLAN (Lab)', 7)",60
7.JohnstoneSouthElderslie&HowwoodWard_renfs12-07.csv,frozenset({'STEPHEN MCGEE (SNP)'}),9,"('John HOOD (Lab)', 7)","('Iain MCMILLAN (Lab)', 7)","('Iain MCMILLAN (Lab)', 8)","('Iain MCMILLAN (Lab)', 8)","('Iain MCMILLAN (Lab)', 8)","('Iain MCMILLAN (Lab)', 8)","('Iain MCMILLAN (Lab)', 6)","('Iain MCMILLAN (Lab)', 6)","('Iain MCMILLAN (Lab)', 7)","('Iain MCMILLAN (Lab)', 7)",60
7.JohnstoneSouthElderslie&HowwoodWard_renfs12-07.csv,frozenset({'Ryan MORRISON (LD)'}),9,"('John HOOD (Lab)', 7)","('Iain MCMILLAN (Lab)', 7)","('Iain MCMILLAN (Lab)', 8)","('Iain MCMILLAN (Lab)', 8)","('Iain MCMILLAN (Lab)', 8)","('Iain MCMILLAN (Lab)', 8)","('Iain MCMILLAN (Lab)', 6)","('Iain MCMILLAN (Lab)', 6)","('Iain MCMILLAN (Lab)', 7)","('Iain MCMILLAN (Lab)', 7)",60
7.JohnstoneSouthElderslie&HowwoodWard_renfs12-07.csv,frozenset({'Gerry MCCARTNEY (Soc)'}),9,"('John HOOD (Lab)', 7)","('Iain MCMILLAN (Lab)', 7)","('Iain MCMILLAN (Lab)', 8)","('Iain MCMILLAN (Lab)', 8)","('Iain MCMILLAN (Lab)', 8)","('Iain MCMILLAN (Lab)', 8)","('Iain MCMILLAN (Lab)', 6)","('Iain MCMILLAN (Lab)', 6)","('Iain MCMILLAN (Lab)', 7)","('Iain MCMILLAN (Lab)', 7)",60
7.JohnstoneSouthElderslie&HowwoodWard_renfs12-07.csv,frozenset({'John HOOD (Lab)'}),9,"('Clone', 7)","('Iain MCMILLAN (Lab)', 7)","('Iain MCMILLAN (Lab)', 8)","('Iain MCMILLAN (Lab)', 8)","('Iain MCMILLAN (Lab)', 8)","('Iain MCMILLAN (Lab)', 8)","('Iain MCMILLAN (Lab)', 6)","('Iain MCMILLAN (Lab)', 6)","('Iain MCMILLAN (Lab)', 7)","('Iain MCMILLAN (Lab)', 7)",60
7.JohnstoneSouthElderslie&HowwoodWard_renfs12-07.csv,frozenset({'John Duncan MCINTYRE (Con)'}),9,"('John HOOD (Lab)', 7)","('Iain MCMILLAN (Lab)', 7)","('Iain MCMILLAN (Lab)', 8)","('Iain MCMILLAN (Lab)', 8)","('Iain MCMILLAN (Lab)', 8)","('Iain MCMILLAN (Lab)', 8)","('Iain MCMILLAN (Lab)', 6)","('Iain MCMILLAN (Lab)', 6)","('Iain MCMILLAN (Lab)', 7)","('Iain MCMILLAN (Lab)', 7)",60
7.JohnstoneSouthElderslie&HowwoodWard_renfs12-07.csv,frozenset({'John CALDWELL (Lab)'}),9,"('John HOOD (Lab)', 7)","('Iain MCMILLAN (Lab)', 7)","('Iain MCMILLAN (Lab)', 8)","('Iain MCMILLAN (Lab)', 4)","('Iain MCMILLAN (Lab)', 5)","('Iain MCMILLAN (Lab)', 5)","('Iain MCMILLAN (Lab)', 6)","('Iain MCMILLAN (Lab)', 6)","('Iain MCMILLAN (Lab)', 7)","('Iain MCMILLAN (Lab)', 7)",60
7.JohnstoneSouthElderslie&HowwoodWard_renfs12-07.csv,frozenset({'Iain MCMILLAN (Lab)'}),9,"('John HOOD (Lab)', 7)","('Clone', 7)","('Clone', 8)","('Clone', 4)","('Clone', 5)","('Clone', 8)","('Clone', 6)","('Clone', 6)","('Clone', 7)","('Clone', 7)",60
7.JohnstoneSouthElderslie&HowwoodWard_renfs12-07.csv,none,8,"('John HOOD (Lab)', 6)","('Iain MCMILLAN (Lab)', 6)","('Iain MCMILLAN (Lab)', 7)","('Iain MCMILLAN (Lab)', 7)","('Iain MCMILLAN (Lab)', 7)","('Iain MCMILLAN (Lab)', 7)","('Iain MCMILLAN (Lab)', 5)","('Iain MCMILLAN (Lab)', 5)","('Iain MCMILLAN (Lab)', 6)","('Iain MCMILLAN (Lab)', 6)",70
7.JohnstoneSouthElderslie&HowwoodWard_renfs12-07.csv,frozenset({'TRACIE MCGEE (SNP)'}),9,"('John HOOD (Lab)', 7)","('Iain MCMILLAN (Lab)', 7)","('Iain MCMILLAN (Lab)', 8)","('Iain MCMILLAN (Lab)', 8)","('Iain MCMILLAN (Lab)', 8)","('Iain MCMILLAN (Lab)', 8)","('Iain MCMILLAN (Lab)', 6)","('Iain MCMILLAN (Lab)', 6)","('Iain MCMILLAN (Lab)', 7)","('Iain MCMILLAN (Lab)', 7)",70
7.JohnstoneSouthElderslie&HowwoodWard_renfs12-07.csv,frozenset({'STEPHEN MCGEE (SNP)'}),9,"('John HOOD (Lab)', 7)","('Iain MCMILLAN (Lab)', 7)","('Iain MCMILLAN (Lab)', 8)","('Iain MCMILLAN (Lab)', 8)","('Iain MCMILLAN (Lab)', 8)","('Iain MCMILLAN (Lab)', 8)","('Iain MCMILLAN (Lab)', 6)","('Iain MCMILLAN (Lab)', 6)","('Iain MCMILLAN (Lab)', 7)","('Iain MCMILLAN (Lab)', 7)",70
7.JohnstoneSouthElderslie&HowwoodWard_renfs12-07.csv,frozenset({'Ryan MORRISON (LD)'}),9,"('John HOOD (Lab)', 7)","('Iain MCMILLAN (Lab)', 7)","('Iain MCMILLAN (Lab)', 8)","('Iain MCMILLAN (Lab)', 8)","('Iain MCMILLAN (Lab)', 8)","('Iain MCMILLAN (Lab)', 8)","('Iain MCMILLAN (Lab)', 6)","('Iain MCMILLAN (Lab)', 6)","('Iain MCMILLAN (Lab)', 7)","('Iain MCMILLAN (Lab)', 7)",70
7.JohnstoneSouthElderslie&HowwoodWard_renfs12-07.csv,frozenset({'Gerry MCCARTNEY (Soc)'}),9,"('John HOOD (Lab)', 7)","('Iain MCMILLAN (Lab)', 7)","('Iain MCMILLAN (Lab)', 8)","('Iain MCMILLAN (Lab)', 8)","('Iain MCMILLAN (Lab)', 8)","('Iain MCMILLAN (Lab)', 8)","('Iain MCMILLAN (Lab)', 6)","('Iain MCMILLAN (Lab)', 6)","('Iain MCMILLAN (Lab)', 7)","('Iain MCMILLAN (Lab)', 7)",70
7.JohnstoneSouthElderslie&HowwoodWard_renfs12-07.csv,frozenset({'John HOOD (Lab)'}),9,"('Clone', 7)","('Iain MCMILLAN (Lab)', 7)","('Iain MCMILLAN (Lab)', 8)","('Iain MCMILLAN (Lab)', 8)","('Iain MCMILLAN (Lab)', 8)","('Iain MCMILLAN (Lab)', 8)","('Iain MCMILLAN (Lab)', 6)","('Iain MCMILLAN (Lab)', 6)","('Iain MCMILLAN (Lab)', 7)","('Iain MCMILLAN (Lab)', 7)",70
7.JohnstoneSouthElderslie&HowwoodWard_renfs12-07.csv,frozenset({'John Duncan MCINTYRE (Con)'}),9,"('John HOOD (Lab)', 7)","('Iain MCMILLAN (Lab)', 7)","('Iain MCMILLAN (Lab)', 8)","('Iain MCMILLAN (Lab)', 8)","('Iain MCMILLAN (Lab)', 8)","('Iain MCMILLAN (Lab)', 8)","('Iain MCMILLAN (Lab)', 6)","('Iain MCMILLAN (Lab)', 6)","('Iain MCMILLAN (Lab)', 7)","('Iain MCMILLAN (Lab)', 7)",70
7.JohnstoneSouthElderslie&HowwoodWard_renfs12-07.csv,frozenset({'John CALDWELL (Lab)'}),9,"('John HOOD (Lab)', 7)","('Iain MCMILLAN (Lab)', 7)","('Iain MCMILLAN (Lab)', 8)","('Iain MCMILLAN (Lab)', 8)","('Iain MCMILLAN (Lab)', 8)","('Iain MCMILLAN (Lab)', 8)","('Iain MCMILLAN (Lab)', 6)","('Iain MCMILLAN (Lab)', 6)","('Iain MCMILLAN (Lab)', 7)","('Iain MCMILLAN (Lab)', 7)",70
7.JohnstoneSouthElderslie&HowwoodWard_renfs12-07.csv,frozenset({'Iain MCMILLAN (Lab)'}),9,"('John HOOD (Lab)', 7)","('Clone', 7)","('Clone', 8)","('Clone', 8)","('Clone', 8)","('Clone', 8)","('Clone', 6)","('Clone', 6)","('Clone', 7)","('Clone', 7)",70
7.JohnstoneSouthElderslie&HowwoodWard_renfs12-07.csv,none,8,"('John HOOD (Lab)', 6)","('Iain MCMILLAN (Lab)', 6)","('Iain MCMILLAN (Lab)', 7)","('Iain MCMILLAN (Lab)', 7)","('Iain MCMILLAN (Lab)', 7)","('Iain MCMILLAN (Lab)', 7)","('Iain MCMILLAN (Lab)', 5)","('Iain MCMILLAN (Lab)', 5)","('Iain MCMILLAN (Lab)', 6)","('Iain MCMILLAN (Lab)', 6)",80
7.JohnstoneSouthElderslie&HowwoodWard_renfs12-07.csv,frozenset({'TRACIE MCGEE (SNP)'}),9,"('John HOOD (Lab)', 7)","('Iain MCMILLAN (Lab)', 7)","('Iain MCMILLAN (Lab)', 8)","('Iain MCMILLAN (Lab)', 8)","('Iain MCMILLAN (Lab)', 8)","('Iain MCMILLAN (Lab)', 8)","('Iain MCMILLAN (Lab)', 6)","('Iain MCMILLAN (Lab)', 6)","('Iain MCMILLAN (Lab)', 7)","('Iain MCMILLAN (Lab)', 7)",80
7.JohnstoneSouthElderslie&HowwoodWard_renfs12-07.csv,frozenset({'STEPHEN MCGEE (SNP)'}),9,"('John HOOD (Lab)', 7)","('Iain MCMILLAN (Lab)', 7)","('Iain MCMILLAN (Lab)', 8)","('Iain MCMILLAN (Lab)', 8)","('Iain MCMILLAN (Lab)', 8)","('Iain MCMILLAN (Lab)', 8)","('Iain MCMILLAN (Lab)', 6)","('Iain MCMILLAN (Lab)', 6)","('Iain MCMILLAN (Lab)', 7)","('Iain MCMILLAN (Lab)', 7)",80
7.JohnstoneSouthElderslie&HowwoodWard_renfs12-07.csv,frozenset({'Ryan MORRISON (LD)'}),9,"('John HOOD (Lab)', 7)","('Iain MCMILLAN (Lab)', 7)","('Iain MCMILLAN (Lab)', 8)","('Iain MCMILLAN (Lab)', 8)","('Iain MCMILLAN (Lab)', 8)","('Iain MCMILLAN (Lab)', 8)","('Iain MCMILLAN (Lab)', 6)","('Iain MCMILLAN (Lab)', 6)","('Iain MCMILLAN (Lab)', 7)","('Iain MCMILLAN (Lab)', 7)",80
7.JohnstoneSouthElderslie&HowwoodWard_renfs12-07.csv,frozenset({'Gerry MCCARTNEY (Soc)'}),9,"('John HOOD (Lab)', 7)","('Iain MCMILLAN (Lab)', 7)","('Iain MCMILLAN (Lab)', 8)","('Iain MCMILLAN (Lab)', 8)","('Iain MCMILLAN (Lab)', 8)","('Iain MCMILLAN (Lab)', 8)","('Iain MCMILLAN (Lab)', 6)","('Iain MCMILLAN (Lab)', 6)","('Iain MCMILLAN (Lab)', 7)","('Iain MCMILLAN (Lab)', 7)",80
7.JohnstoneSouthElderslie&HowwoodWard_renfs12-07.csv,frozenset({'John HOOD (Lab)'}),9,"('Clone', 7)","('Iain MCMILLAN (Lab)', 7)","('Iain MCMILLAN (Lab)', 8)","('Iain MCMILLAN (Lab)', 8)","('Iain MCMILLAN (Lab)', 8)","('Iain MCMILLAN (Lab)', 8)","('Iain MCMILLAN (Lab)', 6)","('Iain MCMILLAN (Lab)', 6)","('Iain MCMILLAN (Lab)', 7)","('Iain MCMILLAN (Lab)', 7)",80
7.JohnstoneSouthElderslie&HowwoodWard_renfs12-07.csv,frozenset({'John Duncan MCINTYRE (Con)'}),9,"('John HOOD (Lab)', 7)","('Iain MCMILLAN (Lab)', 7)","('Iain MCMILLAN (Lab)', 8)","('Iain MCMILLAN (Lab)', 8)","('Iain MCMILLAN (Lab)', 8)","('Iain MCMILLAN (Lab)', 8)","('Iain MCMILLAN (Lab)', 6)","('Iain MCMILLAN (Lab)', 6)","('Iain MCMILLAN (Lab)', 7)","('Iain MCMILLAN (Lab)', 7)",80
7.JohnstoneSouthElderslie&HowwoodWard_renfs12-07.csv,frozenset({'John CALDWELL (Lab)'}),9,"('John HOOD (Lab)', 7)","('Iain MCMILLAN (Lab)', 7)","('Iain MCMILLAN (Lab)', 8)","('Iain MCMILLAN (Lab)', 8)","('Iain MCMILLAN (Lab)', 8)","('Iain MCMILLAN (Lab)', 8)","('Iain MCMILLAN (Lab)', 6)","('Iain MCMILLAN (Lab)', 6)","('Iain MCMILLAN (Lab)', 7)","('Iain MCMILLAN (Lab)', 7)",80
7.JohnstoneSouthElderslie&HowwoodWard_renfs12-07.csv,frozenset({'Iain MCMILLAN (Lab)'}),9,"('John HOOD (Lab)', 7)","('Clone', 7)","('Clone', 8)","('Clone', 8)","('Clone', 8)","('Clone', 8)","('Clone', 6)","('Clone', 6)","('Clone', 7)","('Clone', 7)",80
7.JohnstoneSouthElderslie&HowwoodWard_renfs12-07.csv,none,8,"('John HOOD (Lab)', 6)","('Iain MCMILLAN (Lab)', 6)","('Iain MCMILLAN (Lab)', 7)","('Iain MCMILLAN (Lab)', 7)","('Iain MCMILLAN (Lab)', 7)","('Iain MCMILLAN (Lab)', 7)","('Iain MCMILLAN (Lab)', 5)","('Iain MCMILLAN (Lab)', 5)","('Iain MCMILLAN (Lab)', 6)","('Iain MCMILLAN (Lab)', 6)",90
7.JohnstoneSouthElderslie&HowwoodWard_renfs12-07.csv,frozenset({'TRACIE MCGEE (SNP)'}),9,"('John HOOD (Lab)', 7)","('Iain MCMILLAN (Lab)', 7)","('Iain MCMILLAN (Lab)', 8)","('Iain MCMILLAN (Lab)', 8)","('Iain MCMILLAN (Lab)', 8)","('Iain MCMILLAN (Lab)', 8)","('Iain MCMILLAN (Lab)', 6)","('Iain MCMILLAN (Lab)', 6)","('Iain MCMILLAN (Lab)', 7)","('Iain MCMILLAN (Lab)', 7)",90
7.JohnstoneSouthElderslie&HowwoodWard_renfs12-07.csv,frozenset({'STEPHEN MCGEE (SNP)'}),9,"('John HOOD (Lab)', 7)","('Iain MCMILLAN (Lab)', 7)","('Iain MCMILLAN (Lab)', 8)","('Iain MCMILLAN (Lab)', 8)","('Iain MCMILLAN (Lab)', 8)","('Iain MCMILLAN (Lab)', 8)","('Iain MCMILLAN (Lab)', 6)","('Iain MCMILLAN (Lab)', 6)","('Iain MCMILLAN (Lab)', 7)","('Iain MCMILLAN (Lab)', 7)",90
7.JohnstoneSouthElderslie&HowwoodWard_renfs12-07.csv,frozenset({'Ryan MORRISON (LD)'}),9,"('John HOOD (Lab)', 7)","('Iain MCMILLAN (Lab)', 7)","('Iain MCMILLAN (Lab)', 8)","('Iain MCMILLAN (Lab)', 8)","('Iain MCMILLAN (Lab)', 8)","('Iain MCMILLAN (Lab)', 8)","('Iain MCMILLAN (Lab)', 6)","('Iain MCMILLAN (Lab)', 6)","('Iain MCMILLAN (Lab)', 7)","('Iain MCMILLAN (Lab)', 7)",90
7.JohnstoneSouthElderslie&HowwoodWard_renfs12-07.csv,frozenset({'Gerry MCCARTNEY (Soc)'}),9,"('John HOOD (Lab)', 7)","('Iain MCMILLAN (Lab)', 7)","('Iain MCMILLAN (Lab)', 8)","('Iain MCMILLAN (Lab)', 8)","('Iain MCMILLAN (Lab)', 8)","('Iain MCMILLAN (Lab)', 8)","('Iain MCMILLAN (Lab)', 6)","('Iain MCMILLAN (Lab)', 6)","('Iain MCMILLAN (Lab)', 7)","('Iain MCMILLAN (Lab)', 7)",90
7.JohnstoneSouthElderslie&HowwoodWard_renfs12-07.csv,frozenset({'John HOOD (Lab)'}),9,"('Clone', 7)","('Iain MCMILLAN (Lab)', 7)","('Iain MCMILLAN (Lab)', 8)","('Iain MCMILLAN (Lab)', 8)","('Iain MCMILLAN (Lab)', 8)","('Iain MCMILLAN (Lab)', 8)","('Iain MCMILLAN (Lab)', 6)","('Iain MCMILLAN (Lab)', 6)","('Iain MCMILLAN (Lab)', 7)","('Iain MCMILLAN (Lab)', 7)",90
7.JohnstoneSouthElderslie&HowwoodWard_renfs12-07.csv,frozenset({'John Duncan MCINTYRE (Con)'}),9,"('John HOOD (Lab)', 7)","('Iain MCMILLAN (Lab)', 7)","('Iain MCMILLAN (Lab)', 8)","('Iain MCMILLAN (Lab)', 8)","('Iain MCMILLAN (Lab)', 8)","('Iain MCMILLAN (Lab)', 8)","('Iain MCMILLAN (Lab)', 6)","('Iain MCMILLAN (Lab)', 6)","('Iain MCMILLAN (Lab)', 7)","('Iain MCMILLAN (Lab)', 7)",90
7.JohnstoneSouthElderslie&HowwoodWard_renfs12-07.csv,frozenset({'John CALDWELL (Lab)'}),9,"('John HOOD (Lab)', 7)","('Iain MCMILLAN (Lab)', 7)","('Iain MCMILLAN (Lab)', 8)","('Iain MCMILLAN (Lab)', 8)","('Iain MCMILLAN (Lab)', 8)","('Iain MCMILLAN (Lab)', 8)","('Iain MCMILLAN (Lab)', 6)","('Iain MCMILLAN (Lab)', 6)","('Iain MCMILLAN (Lab)', 7)","('Iain MCMILLAN (Lab)', 7)",90
7.JohnstoneSouthElderslie&HowwoodWard_renfs12-07.csv,frozenset({'Iain MCMILLAN (Lab)'}),9,"('John HOOD (Lab)', 7)","('Clone', 7)","('Clone', 8)","('Clone', 8)","('Clone', 8)","('Clone', 8)","('Clone', 6)","('Clone', 6)","('Clone', 7)","('Clone', 7)",90
Ward3-DeeandGlenkens_ward3.csv,none,7,"('Susan MURDOCH (Con)', 3)","('Dougie CAMPBELL (Ind)', 4)","('John DENERLEY (Con)', 5)","('Dougie CAMPBELL (Ind)', 5)","('Dougie CAMPBELL (Ind)', 5)","('Dougie CAMPBELL (Ind)', 5)","('Dougie CAMPBELL (Ind)', 5)","('Dougie CAMPBELL (Ind)', 5)","('Dougie CAMPBELL (Ind)', 5)","('Dougie CAMPBELL (Ind)', 5)",0
Ward3-DeeandGlenkens_ward3.csv,frozenset({'Andy MCFARLANE (SNP)'}),8,"('Susan MURDOCH (Con)', 4)","('Dougie CAMPBELL (Ind)', 5)","('John DENERLEY (Con)', 6)","('Dougie CAMPBELL (Ind)', 6)","('Dougie CAMPBELL (Ind)', 6)","('Dougie CAMPBELL (Ind)', 6)","('Dougie CAMPBELL (Ind)', 6)","('Dougie CAMPBELL (Ind)', 6)","('Dougie CAMPBELL (Ind)', 6)","('Dougie CAMPBELL (Ind)', 6)",0
Ward3-DeeandGlenkens_ward3.csv,frozenset({'John DENERLEY (Con)'}),8,"('Susan MURDOCH (Con)', 4)","('Dougie CAMPBELL (Ind)', 5)","('John DENERLEY (Con)', 6)","('Dougie CAMPBELL (Ind)', 6)","('Dougie CAMPBELL (Ind)', 6)","('Dougie CAMPBELL (Ind)', 6)","('Dougie CAMPBELL (Ind)', 6)","('Dougie CAMPBELL (Ind)', 6)","('Dougie CAMPBELL (Ind)', 6)","('Dougie CAMPBELL (Ind)', 6)",0
Ward3-DeeandGlenkens_ward3.csv,frozenset({'Laura Elizabeth MOODIE (Grn)'}),8,"('Susan MURDOCH (Con)', 4)","('Dougie CAMPBELL (Ind)', 5)","('John DENERLEY (Con)', 6)","('Dougie CAMPBELL (Ind)', 6)","('Dougie CAMPBELL (Ind)', 6)","('Dougie CAMPBELL (Ind)', 6)","('Dougie CAMPBELL (Ind)', 6)","('Dougie CAMPBELL (Ind)', 6)","('Dougie CAMPBELL (Ind)', 6)","('Dougie CAMPBELL (Ind)', 6)",0
Ward3-DeeandGlenkens_ward3.csv,frozenset({'Anthony BIRD (LD)'}),8,"('Susan MURDOCH (Con)', 4)","('Dougie CAMPBELL (Ind)', 5)","('John DENERLEY (Con)', 6)","('Dougie CAMPBELL (Ind)', 6)","('Dougie CAMPBELL (Ind)', 6)","('Dougie CAMPBELL (Ind)', 6)","('Dougie CAMPBELL (Ind)', 6)","('Dougie CAMPBELL (Ind)', 6)","('Dougie CAMPBELL (Ind)', 6)","('Dougie CAMPBELL (Ind)', 6)",0
Ward3-DeeandGlenkens_ward3.csv,frozenset({'Susan MURDOCH (Con)'}),8,"('Susan MURDOCH (Con)', 4)","('Dougie CAMPBELL (Ind)', 5)","('John DENERLEY (Con)', 6)","('Dougie CAMPBELL (Ind)', 6)","('Dougie CAMPBELL (Ind)', 6)","('Dougie CAMPBELL (Ind)', 6)","('Dougie CAMPBELL (Ind)', 6)","('Dougie CAMPBELL (Ind)', 6)","('Dougie CAMPBELL (Ind)', 6)","('Dougie CAMPBELL (Ind)', 6)",0
Ward3-DeeandGlenkens_ward3.csv,frozenset({'Dougie CAMPBELL (Ind)'}),8,"('Susan MURDOCH (Con)', 4)","('Dougie CAMPBELL (Ind)', 5)","('John DENERLEY (Con)', 6)","('Dougie CAMPBELL (Ind)', 6)","('Dougie CAMPBELL (Ind)', 6)","('Dougie CAMPBELL (Ind)', 6)","('Dougie CAMPBELL (Ind)', 6)","('Dougie CAMPBELL (Ind)', 6)","('Dougie CAMPBELL (Ind)', 6)","('Dougie CAMPBELL (Ind)', 6)",0
Ward3-DeeandGlenkens_ward3.csv,frozenset({'Graham TRICKEY (Lab)'}),8,"('Susan MURDOCH (Con)', 4)","('Dougie CAMPBELL (Ind)', 5)","('John DENERLEY (Con)', 6)","('Dougie CAMPBELL (Ind)', 6)","('Dougie CAMPBELL (Ind)', 6)","('Dougie CAMPBELL (Ind)', 6)","('Dougie CAMPBELL (Ind)', 6)","('Dougie CAMPBELL (Ind)', 6)","('Dougie CAMPBELL (Ind)', 6)","('Dougie CAMPBELL (Ind)', 6)",0
Ward3-DeeandGlenkens_ward3.csv,none,7,"('Susan MURDOCH (Con)', 3)","('Dougie CAMPBELL (Ind)', 4)","('John DENERLEY (Con)', 5)","('Dougie CAMPBELL (Ind)', 5)","('Dougie CAMPBELL (Ind)', 5)","('Dougie CAMPBELL (Ind)', 5)","('Dougie CAMPBELL (Ind)', 5)","('Dougie CAMPBELL (Ind)', 5)","('Dougie CAMPBELL (Ind)', 5)","('Dougie CAMPBELL (Ind)', 5)",10
Ward3-DeeandGlenkens_ward3.csv,frozenset({'Andy MCFARLANE (SNP)'}),8,"('Susan MURDOCH (Con)', 4)","('Dougie CAMPBELL (Ind)', 5)","('John DENERLEY (Con)', 6)","('Dougie CAMPBELL (Ind)', 6)","('Dougie CAMPBELL (Ind)', 6)","('Dougie CAMPBELL (Ind)', 6)","('Dougie CAMPBELL (Ind)', 6)","('Dougie CAMPBELL (Ind)', 6)","('Dougie CAMPBELL (Ind)', 6)","('Dougie CAMPBELL (Ind)', 6)",10
Ward3-DeeandGlenkens_ward3.csv,frozenset({'John DENERLEY (Con)'}),8,"('Susan MURDOCH (Con)', 4)","('Dougie CAMPBELL (Ind)', 5)","('John DENERLEY (Con)', 6)","('Dougie CAMPBELL (Ind)', 6)","('Dougie CAMPBELL (Ind)', 6)","('Dougie CAMPBELL (Ind)', 6)","('Dougie CAMPBELL (Ind)', 6)","('Dougie CAMPBELL (Ind)', 6)","('Dougie CAMPBELL (Ind)', 6)","('Dougie CAMPBELL (Ind)', 6)",10
Ward3-DeeandGlenkens_ward3.csv,frozenset({'Laura Elizabeth MOODIE (Grn)'}),8,"('Susan MURDOCH (Con)', 4)","('Dougie CAMPBELL (Ind)', 5)","('John DENERLEY (Con)', 6)","('Dougie CAMPBELL (Ind)', 6)","('Dougie CAMPBELL (Ind)', 6)","('Dougie CAMPBELL (Ind)', 6)","('Dougie CAMPBELL (Ind)', 6)","('Dougie CAMPBELL (Ind)', 6)","('Dougie CAMPBELL (Ind)', 6)","('Dougie CAMPBELL (Ind)', 6)",10
Ward3-DeeandGlenkens_ward3.csv,frozenset({'Anthony BIRD (LD)'}),8,"('Susan MURDOCH (Con)', 4)","('Dougie CAMPBELL (Ind)', 5)","('John DENERLEY (Con)', 6)","('Dougie CAMPBELL (Ind)', 6)","('Dougie CAMPBELL (Ind)', 6)","('Dougie CAMPBELL (Ind)', 6)","('Dougie CAMPBELL (Ind)', 6)","('Dougie CAMPBELL (Ind)', 6)","('Dougie CAMPBELL (Ind)', 6)","('Dougie CAMPBELL (Ind)', 6)",10
Ward3-DeeandGlenkens_ward3.csv,frozenset({'Susan MURDOCH (Con)'}),8,"('Clone', 4)","('Dougie CAMPBELL (Ind)', 5)","('John DENERLEY (Con)', 6)","('Dougie CAMPBELL (Ind)', 6)","('Dougie CAMPBELL (Ind)', 6)","('Dougie CAMPBELL (Ind)', 6)","('Dougie CAMPBELL (Ind)', 6)","('Dougie CAMPBELL (Ind)', 6)","('Dougie CAMPBELL (Ind)', 6)","('Dougie CAMPBELL (Ind)', 6)",10
Ward3-DeeandGlenkens_ward3.csv,frozenset({'Dougie CAMPBELL (Ind)'}),8,"('Susan MURDOCH (Con)', 4)","('Dougie CAMPBELL (Ind)', 5)","('John DENERLEY (Con)', 6)","('Dougie CAMPBELL (Ind)', 6)","('Dougie CAMPBELL (Ind)', 6)","('Dougie CAMPBELL (Ind)', 6)","('Dougie CAMPBELL (Ind)', 6)","('Dougie CAMPBELL (Ind)', 6)","('Dougie CAMPBELL (Ind)', 6)","('Dougie CAMPBELL (Ind)', 6)",10
Ward3-DeeandGlenkens_ward3.csv,frozenset({'Graham TRICKEY (Lab)'}),8,"('Susan MURDOCH (Con)', 4)","('Dougie CAMPBELL (Ind)', 5)","('John DENERLEY (Con)', 6)","('Dougie CAMPBELL (Ind)', 6)","('Dougie CAMPBELL (Ind)', 6)","('Dougie CAMPBELL (Ind)', 6)","('Dougie CAMPBELL (Ind)', 6)","('Dougie CAMPBELL (Ind)', 6)","('Dougie CAMPBELL (Ind)', 6)","('Dougie CAMPBELL (Ind)', 6)",10
Ward3-DeeandGlenkens_ward3.csv,none,7,"('Susan MURDOCH (Con)', 3)","('Dougie CAMPBELL (Ind)', 4)","('John DENERLEY (Con)', 5)","('Dougie CAMPBELL (Ind)', 5)","('Dougie CAMPBELL (Ind)', 5)","('Dougie CAMPBELL (Ind)', 5)","('Dougie CAMPBELL (Ind)', 5)","('Dougie CAMPBELL (Ind)', 5)","('Dougie CAMPBELL (Ind)', 5)","('Dougie CAMPBELL (Ind)', 5)",20
Ward3-DeeandGlenkens_ward3.csv,frozenset({'Andy MCFARLANE (SNP)'}),8,"('Susan MURDOCH (Con)', 4)","('Dougie CAMPBELL (Ind)', 5)","('John DENERLEY (Con)', 6)","('Dougie CAMPBELL (Ind)', 6)","('Dougie CAMPBELL (Ind)', 6)","('Dougie CAMPBELL (Ind)', 6)","('Dougie CAMPBELL (Ind)', 6)","('Dougie CAMPBELL (Ind)', 6)","('Dougie CAMPBELL (Ind)', 6)","('Dougie CAMPBELL (Ind)', 6)",20
Ward3-DeeandGlenkens_ward3.csv,frozenset({'John DENERLEY (Con)'}),8,"('Susan MURDOCH (Con)', 4)","('Dougie CAMPBELL (Ind)', 5)","('John DENERLEY (Con)', 6)","('Dougie CAMPBELL (Ind)', 6)","('Dougie CAMPBELL (Ind)', 6)","('Dougie CAMPBELL (Ind)', 6)","('Dougie CAMPBELL (Ind)', 6)","('Dougie CAMPBELL (Ind)', 6)","('Dougie CAMPBELL (Ind)', 6)","('Dougie CAMPBELL (Ind)', 6)",20
Ward3-DeeandGlenkens_ward3.csv,frozenset({'Laura Elizabeth MOODIE (Grn)'}),8,"('Susan MURDOCH (Con)', 4)","('Dougie CAMPBELL (Ind)', 5)","('John DENERLEY (Con)', 6)","('Dougie CAMPBELL (Ind)', 6)","('Dougie CAMPBELL (Ind)', 6)","('Dougie CAMPBELL (Ind)', 6)","('Dougie CAMPBELL (Ind)', 6)","('Dougie CAMPBELL (Ind)', 6)","('Dougie CAMPBELL (Ind)', 6)","('Dougie CAMPBELL (Ind)', 6)",20
Ward3-DeeandGlenkens_ward3.csv,frozenset({'Anthony BIRD (LD)'}),8,"('Susan MURDOCH (Con)', 4)","('Dougie CAMPBELL (Ind)', 5)","('John DENERLEY (Con)', 6)","('Dougie CAMPBELL (Ind)', 6)","('Dougie CAMPBELL (Ind)', 6)","('Dougie CAMPBELL (Ind)', 6)","('Dougie CAMPBELL (Ind)', 6)","('Dougie CAMPBELL (Ind)', 6)","('Dougie CAMPBELL (Ind)', 6)","('Dougie CAMPBELL (Ind)', 6)",20
Ward3-DeeandGlenkens_ward3.csv,frozenset({'Susan MURDOCH (Con)'}),8,"('Clone', 4)","('Dougie CAMPBELL (Ind)', 5)","('John DENERLEY (Con)', 6)","('Dougie CAMPBELL (Ind)', 6)","('Dougie CAMPBELL (Ind)', 6)","('Dougie CAMPBELL (Ind)', 6)","('Dougie CAMPBELL (Ind)', 6)","('Dougie CAMPBELL (Ind)', 6)","('Dougie CAMPBELL (Ind)', 6)","('Dougie CAMPBELL (Ind)', 6)",20
Ward3-DeeandGlenkens_ward3.csv,frozenset({'Dougie CAMPBELL (Ind)'}),8,"('Susan MURDOCH (Con)', 4)","('Dougie CAMPBELL (Ind)', 5)","('John DENERLEY (Con)', 6)","('Dougie CAMPBELL (Ind)', 6)","('Dougie CAMPBELL (Ind)', 6)","('Dougie CAMPBELL (Ind)', 6)","('Dougie CAMPBELL (Ind)', 6)","('Dougie CAMPBELL (Ind)', 6)","('Dougie CAMPBELL (Ind)', 6)","('Dougie CAMPBELL (Ind)', 6)",20
Ward3-DeeandGlenkens_ward3.csv,frozenset({'Graham TRICKEY (Lab)'}),8,"('Susan MURDOCH (Con)', 4)","('Dougie CAMPBELL (Ind)', 5)","('John DENERLEY (Con)', 6)","('Dougie CAMPBELL (Ind)', 6)","('Dougie CAMPBELL (Ind)', 6)","('Dougie CAMPBELL (Ind)', 6)","('Dougie CAMPBELL (Ind)', 6)","('Dougie CAMPBELL (Ind)', 6)","('Dougie CAMPBELL (Ind)', 6)","('Dougie CAMPBELL (Ind)', 6)",20
Ward3-DeeandGlenkens_ward3.csv,none,7,"('Susan MURDOCH (Con)', 3)","('Dougie CAMPBELL (Ind)', 4)","('John DENERLEY (Con)', 5)","('Dougie CAMPBELL (Ind)', 5)","('Dougie CAMPBELL (Ind)', 5)","('Dougie CAMPBELL (Ind)', 5)","('Dougie CAMPBELL (Ind)', 5)","('Dougie CAMPBELL (Ind)', 5)","('Dougie CAMPBELL (Ind)', 5)","('Dougie CAMPBELL (Ind)', 5)",30
Ward3-DeeandGlenkens_ward3.csv,frozenset({'Andy MCFARLANE (SNP)'}),8,"('Susan MURDOCH (Con)', 4)","('Dougie CAMPBELL (Ind)', 5)","('John DENERLEY (Con)', 6)","('Dougie CAMPBELL (Ind)', 6)","('Dougie CAMPBELL (Ind)', 6)","('Dougie CAMPBELL (Ind)', 6)","('Dougie CAMPBELL (Ind)', 6)","('Dougie CAMPBELL (Ind)', 6)","('Dougie CAMPBELL (Ind)', 6)","('Dougie CAMPBELL (Ind)', 6)",30
Ward3-DeeandGlenkens_ward3.csv,frozenset({'John DENERLEY (Con)'}),8,"('Susan MURDOCH (Con)', 4)","('Dougie CAMPBELL (Ind)', 5)","('John DENERLEY (Con)', 6)","('Dougie CAMPBELL (Ind)', 6)","('Dougie CAMPBELL (Ind)', 6)","('Dougie CAMPBELL (Ind)', 6)","('Dougie CAMPBELL (Ind)', 6)","('Dougie CAMPBELL (Ind)', 6)","('Dougie CAMPBELL (Ind)', 6)","('Dougie CAMPBELL (Ind)', 6)",30
Ward3-DeeandGlenkens_ward3.csv,frozenset({'Laura Elizabeth MOODIE (Grn)'}),8,"('Susan MURDOCH (Con)', 4)","('Dougie CAMPBELL (Ind)', 5)","('John DENERLEY (Con)', 6)","('Dougie CAMPBELL (Ind)', 6)","('Dougie CAMPBELL (Ind)', 6)","('Dougie CAMPBELL (Ind)', 6)","('Dougie CAMPBELL (Ind)', 6)","('Dougie CAMPBELL (Ind)', 6)","('Dougie CAMPBELL (Ind)', 6)","('Dougie CAMPBELL (Ind)', 6)",30
Ward3-DeeandGlenkens_ward3.csv,frozenset({'Anthony BIRD (LD)'}),8,"('Susan MURDOCH (Con)', 4)","('Dougie CAMPBELL (Ind)', 5)","('John DENERLEY (Con)', 6)","('Dougie CAMPBELL (Ind)', 6)","('Dougie CAMPBELL (Ind)', 6)","('Dougie CAMPBELL (Ind)', 6)","('Dougie CAMPBELL (Ind)', 6)","('Dougie CAMPBELL (Ind)', 6)","('Dougie CAMPBELL (Ind)', 6)","('Dougie CAMPBELL (Ind)', 6)",30
Ward3-DeeandGlenkens_ward3.csv,frozenset({'Susan MURDOCH (Con)'}),8,"('Clone', 4)","('Dougie CAMPBELL (Ind)', 5)","('John DENERLEY (Con)', 6)","('Dougie CAMPBELL (Ind)', 6)","('Dougie CAMPBELL (Ind)', 6)","('Dougie CAMPBELL (Ind)', 6)","('Dougie CAMPBELL (Ind)', 6)","('Dougie CAMPBELL (Ind)', 6)","('Dougie CAMPBELL (Ind)', 6)","('Dougie CAMPBELL (Ind)', 6)",30
Ward3-DeeandGlenkens_ward3.csv,frozenset({'Dougie CAMPBELL (Ind)'}),8,"('Susan MURDOCH (Con)', 4)","('Dougie CAMPBELL (Ind)', 5)","('John DENERLEY (Con)', 6)","('Dougie CAMPBELL (Ind)', 6)","('Dougie CAMPBELL (Ind)', 6)","('Dougie CAMPBELL (Ind)', 6)","('Dougie CAMPBELL (Ind)', 6)","('Dougie CAMPBELL (Ind)', 6)","('Dougie CAMPBELL (Ind)', 6)","('Dougie CAMPBELL (Ind)', 6)",30
Ward3-DeeandGlenkens_ward3.csv,frozenset({'Graham TRICKEY (Lab)'}),8,"('Susan MURDOCH (Con)', 4)","('Dougie CAMPBELL (Ind)', 5)","('John DENERLEY (Con)', 6)","('Dougie CAMPBELL (Ind)', 6)","('Dougie CAMPBELL (Ind)', 6)","('Dougie CAMPBELL (Ind)', 6)","('Dougie CAMPBELL (Ind)', 6)","('Dougie CAMPBELL (Ind)', 6)","('Dougie CAMPBELL (Ind)', 6)","('Dougie CAMPBELL (Ind)', 6)",30
Ward3-DeeandGlenkens_ward3.csv,none,7,"('Susan MURDOCH (Con)', 3)","('Dougie CAMPBELL (Ind)', 4)","('John DENERLEY (Con)', 5)","('Dougie CAMPBELL (Ind)', 5)","('Dougie CAMPBELL (Ind)', 5)","('Dougie CAMPBELL (Ind)', 5)","('Dougie CAMPBELL (Ind)', 5)","('Dougie CAMPBELL (Ind)', 5)","('Dougie CAMPBELL (Ind)', 5)","('Dougie CAMPBELL (Ind)', 5)",40
Ward3-DeeandGlenkens_ward3.csv,frozenset({'Andy MCFARLANE (SNP)'}),8,"('Susan MURDOCH (Con)', 4)","('Dougie CAMPBELL (Ind)', 5)","('John DENERLEY (Con)', 6)","('John DENERLEY (Con)', 5)","('Dougie CAMPBELL (Ind)', 6)","('Dougie CAMPBELL (Ind)', 6)","('Dougie CAMPBELL (Ind)', 6)","('Dougie CAMPBELL (Ind)', 6)","('Dougie CAMPBELL (Ind)', 6)","('Dougie CAMPBELL (Ind)', 6)",40
Ward3-DeeandGlenkens_ward3.csv,frozenset({'John DENERLEY (Con)'}),8,"('Susan MURDOCH (Con)', 4)","('Dougie CAMPBELL (Ind)', 5)","('John DENERLEY (Con)', 6)","('Dougie CAMPBELL (Ind)', 6)","('Dougie CAMPBELL (Ind)', 6)","('Dougie CAMPBELL (Ind)', 6)","('Dougie CAMPBELL (Ind)', 6)","('Dougie CAMPBELL (Ind)', 6)","('Dougie CAMPBELL (Ind)', 6)","('Dougie CAMPBELL (Ind)', 6)",40
Ward3-DeeandGlenkens_ward3.csv,frozenset({'Laura Elizabeth MOODIE (Grn)'}),8,"('Susan MURDOCH (Con)', 4)","('Dougie CAMPBELL (Ind)', 5)","('John DENERLEY (Con)', 6)","('Dougie CAMPBELL (Ind)', 6)","('Dougie CAMPBELL (Ind)', 6)","('Dougie CAMPBELL (Ind)', 6)","('Dougie CAMPBELL (Ind)', 6)","('Dougie CAMPBELL (Ind)', 6)","('Dougie CAMPBELL (Ind)', 6)","('Dougie CAMPBELL (Ind)', 6)",40
Ward3-DeeandGlenkens_ward3.csv,frozenset({'Anthony BIRD (LD)'}),8,"('Susan MURDOCH (Con)', 4)","('Dougie CAMPBELL (Ind)', 5)","('John DENERLEY (Con)', 6)","('Dougie CAMPBELL (Ind)', 6)","('Dougie CAMPBELL (Ind)', 6)","('Dougie CAMPBELL (Ind)', 6)","('Dougie CAMPBELL (Ind)', 6)","('Dougie CAMPBELL (Ind)', 6)","('Dougie CAMPBELL (Ind)', 6)","('Dougie CAMPBELL (Ind)', 6)",40
Ward3-DeeandGlenkens_ward3.csv,frozenset({'Susan MURDOCH (Con)'}),8,"('Clone', 4)","('Dougie CAMPBELL (Ind)', 5)","('John DENERLEY (Con)', 6)","('Dougie CAMPBELL (Ind)', 6)","('Dougie CAMPBELL (Ind)', 6)","('Dougie CAMPBELL (Ind)', 6)","('Dougie CAMPBELL (Ind)', 6)","('Dougie CAMPBELL (Ind)', 6)","('Dougie CAMPBELL (Ind)', 6)","('Dougie CAMPBELL (Ind)', 6)",40
Ward3-DeeandGlenkens_ward3.csv,frozenset({'Dougie CAMPBELL (Ind)'}),8,"('Susan MURDOCH (Con)', 4)","('Clone', 5)","('John DENERLEY (Con)', 6)","('Clone', 6)","('Clone', 6)","('Clone', 6)","('Clone', 6)","('Clone', 6)","('Clone', 6)","('Clone', 6)",40
Ward3-DeeandGlenkens_ward3.csv,frozenset({'Graham TRICKEY (Lab)'}),8,"('Susan MURDOCH (Con)', 4)","('Dougie CAMPBELL (Ind)', 5)","('John DENERLEY (Con)', 6)","('Dougie CAMPBELL (Ind)', 6)","('Dougie CAMPBELL (Ind)', 6)","('Dougie CAMPBELL (Ind)', 6)","('Dougie CAMPBELL (Ind)', 6)","('Dougie CAMPBELL (Ind)', 6)","('Dougie CAMPBELL (Ind)', 6)","('Dougie CAMPBELL (Ind)', 6)",40
Ward3-DeeandGlenkens_ward3.csv,none,7,"('Susan MURDOCH (Con)', 3)","('Dougie CAMPBELL (Ind)', 4)","('John DENERLEY (Con)', 5)","('Dougie CAMPBELL (Ind)', 5)","('Dougie CAMPBELL (Ind)', 5)","('Dougie CAMPBELL (Ind)', 5)","('Dougie CAMPBELL (Ind)', 5)","('Dougie CAMPBELL (Ind)', 5)","('Dougie CAMPBELL (Ind)', 5)","('Dougie CAMPBELL (Ind)', 5)",50
Ward3-DeeandGlenkens_ward3.csv,frozenset({'Andy MCFARLANE (SNP)'}),8,"('Susan MURDOCH (Con)', 4)","('Dougie CAMPBELL (Ind)', 5)","('John DENERLEY (Con)', 6)","('Dougie CAMPBELL (Ind)', 6)","('Dougie CAMPBELL (Ind)', 5)","('Dougie CAMPBELL (Ind)', 6)","('Dougie CAMPBELL (Ind)', 6)","('Dougie CAMPBELL (Ind)', 6)","('Dougie CAMPBELL (Ind)', 6)","('Dougie CAMPBELL (Ind)', 6)",50
Ward3-DeeandGlenkens_ward3.csv,frozenset({'John DENERLEY (Con)'}),8,"('Susan MURDOCH (Con)', 4)","('Dougie CAMPBELL (Ind)', 5)","('Clone', 6)","('Dougie CAMPBELL (Ind)', 6)","('Dougie CAMPBELL (Ind)', 6)","('Dougie CAMPBELL (Ind)', 5)","('Dougie CAMPBELL (Ind)', 6)","('Dougie CAMPBELL (Ind)', 6)","('Dougie CAMPBELL (Ind)', 6)","('Dougie CAMPBELL (Ind)', 6)",50
Ward3-DeeandGlenkens_ward3.csv,frozenset({'Laura Elizabeth MOODIE (Grn)'}),8,"('Susan MURDOCH (Con)', 4)","('Dougie CAMPBELL (Ind)', 5)","('John DENERLEY (Con)', 6)","('Dougie CAMPBELL (Ind)', 6)","('Dougie CAMPBELL (Ind)', 6)","('Dougie CAMPBELL (Ind)', 6)","('Dougie CAMPBELL (Ind)', 6)","('Dougie CAMPBELL (Ind)', 6)","('Dougie CAMPBELL (Ind)', 6)","('Dougie CAMPBELL (Ind)', 6)",50
Ward3-DeeandGlenkens_ward3.csv,frozenset({'Anthony BIRD (LD)'}),8,"('Susan MURDOCH (Con)', 4)","('Dougie CAMPBELL (Ind)', 5)","('John DENERLEY (Con)', 6)","('Dougie CAMPBELL (Ind)', 6)","('Dougie CAMPBELL (Ind)', 6)","('Dougie CAMPBELL (Ind)', 6)","('Dougie CAMPBELL (Ind)', 6)","('Dougie CAMPBELL (Ind)', 6)","('Dougie CAMPBELL (Ind)', 6)","('Dougie CAMPBELL (Ind)', 6)",50
Ward3-DeeandGlenkens_ward3.csv,frozenset({'Susan MURDOCH (Con)'}),8,"('Clone', 4)","('Dougie CAMPBELL (Ind)', 5)","('John DENERLEY (Con)', 6)","('Dougie CAMPBELL (Ind)', 6)","('Dougie CAMPBELL (Ind)', 6)","('Dougie CAMPBELL (Ind)', 6)","('Dougie CAMPBELL (Ind)', 6)","('Dougie CAMPBELL (Ind)', 6)","('Dougie CAMPBELL (Ind)', 6)","('Dougie CAMPBELL (Ind)', 6)",50
Ward3-DeeandGlenkens_ward3.csv,frozenset({'Dougie CAMPBELL (Ind)'}),8,"('Susan MURDOCH (Con)', 4)","('Clone', 5)","('John DENERLEY (Con)', 6)","('Clone', 6)","('Clone', 6)","('Clone', 6)","('Clone', 6)","('Clone', 6)","('Clone', 6)","('Clone', 6)",50
Ward3-DeeandGlenkens_ward3.csv,frozenset({'Graham TRICKEY (Lab)'}),8,"('Susan MURDOCH (Con)', 4)","('Dougie CAMPBELL (Ind)', 5)","('John DENERLEY (Con)', 6)","('Dougie CAMPBELL (Ind)', 6)","('Dougie CAMPBELL (Ind)', 6)","('Dougie CAMPBELL (Ind)', 6)","('Dougie CAMPBELL (Ind)', 6)","('Dougie CAMPBELL (Ind)', 6)","('Dougie CAMPBELL (Ind)', 6)","('Dougie CAMPBELL (Ind)', 6)",50
Ward3-DeeandGlenkens_ward3.csv,none,7,"('Susan MURDOCH (Con)', 3)","('Dougie CAMPBELL (Ind)', 4)","('John DENERLEY (Con)', 5)","('Dougie CAMPBELL (Ind)', 5)","('Dougie CAMPBELL (Ind)', 5)","('Dougie CAMPBELL (Ind)', 5)","('Dougie CAMPBELL (Ind)', 5)","('Dougie CAMPBELL (Ind)', 5)","('Dougie CAMPBELL (Ind)', 5)","('Dougie CAMPBELL (Ind)', 5)",60
Ward3-DeeandGlenkens_ward3.csv,frozenset({'Andy MCFARLANE (SNP)'}),8,"('Susan MURDOCH (Con)', 4)","('Dougie CAMPBELL (Ind)', 5)","('John DENERLEY (Con)', 6)","('Dougie CAMPBELL (Ind)', 6)","('Dougie CAMPBELL (Ind)', 6)","('Dougie CAMPBELL (Ind)', 6)","('Dougie CAMPBELL (Ind)', 6)","('Dougie CAMPBELL (Ind)', 6)","('Dougie CAMPBELL (Ind)', 6)","('Dougie CAMPBELL (Ind)', 6)",60
Ward3-DeeandGlenkens_ward3.csv,frozenset({'John DENERLEY (Con)'}),8,"('Susan MURDOCH (Con)', 4)","('Dougie CAMPBELL (Ind)', 5)","('Clone', 6)","('Dougie CAMPBELL (Ind)', 6)","('Dougie CAMPBELL (Ind)', 6)","('Dougie CAMPBELL (Ind)', 6)","('Dougie CAMPBELL (Ind)', 6)","('Dougie CAMPBELL (Ind)', 6)","('Dougie CAMPBELL (Ind)', 6)","('Dougie CAMPBELL (Ind)', 6)",60
Ward3-DeeandGlenkens_ward3.csv,frozenset({'Laura Elizabeth MOODIE (Grn)'}),8,"('Susan MURDOCH (Con)', 4)","('Dougie CAMPBELL (Ind)', 5)","('John DENERLEY (Con)', 6)","('Dougie CAMPBELL (Ind)', 6)","('Dougie CAMPBELL (Ind)', 6)","('Dougie CAMPBELL (Ind)', 6)","('Dougie CAMPBELL (Ind)', 6)","('Dougie CAMPBELL (Ind)', 6)","('Dougie CAMPBELL (Ind)', 6)","('Dougie CAMPBELL (Ind)', 6)",60
Ward3-DeeandGlenkens_ward3.csv,frozenset({'Anthony BIRD (LD)'}),8,"('Susan MURDOCH (Con)', 4)","('Dougie CAMPBELL (Ind)', 5)","('John DENERLEY (Con)', 6)","('Dougie CAMPBELL (Ind)', 6)","('Dougie CAMPBELL (Ind)', 6)","('Dougie CAMPBELL (Ind)', 6)","('Dougie CAMPBELL (Ind)', 6)","('Dougie CAMPBELL (Ind)', 6)","('Dougie CAMPBELL (Ind)', 6)","('Dougie CAMPBELL (Ind)', 6)",60
Ward3-DeeandGlenkens_ward3.csv,frozenset({'Susan MURDOCH (Con)'}),8,"('Clone', 4)","('Dougie CAMPBELL (Ind)', 5)","('John DENERLEY (Con)', 6)","('Dougie CAMPBELL (Ind)', 6)","('Dougie CAMPBELL (Ind)', 6)","('Dougie CAMPBELL (Ind)', 6)","('Dougie CAMPBELL (Ind)', 6)","('Dougie CAMPBELL (Ind)', 6)","('Dougie CAMPBELL (Ind)', 6)","('Dougie CAMPBELL (Ind)', 6)",60
Ward3-DeeandGlenkens_ward3.csv,frozenset({'Dougie CAMPBELL (Ind)'}),8,"('Susan MURDOCH (Con)', 4)","('Clone', 5)","('John DENERLEY (Con)', 6)","('Clone', 6)","('Clone', 6)","('Clone', 6)","('Clone', 6)","('Clone', 6)","('Clone', 6)","('Clone', 6)",60
Ward3-DeeandGlenkens_ward3.csv,frozenset({'Graham TRICKEY (Lab)'}),8,"('Susan MURDOCH (Con)', 4)","('Dougie CAMPBELL (Ind)', 5)","('John DENERLEY (Con)', 6)","('Dougie CAMPBELL (Ind)', 6)","('Dougie CAMPBELL (Ind)', 6)","('Dougie CAMPBELL (Ind)', 6)","('Dougie CAMPBELL (Ind)', 6)","('Dougie CAMPBELL (Ind)', 6)","('Dougie CAMPBELL (Ind)', 6)","('Dougie CAMPBELL (Ind)', 6)",60
Ward3-DeeandGlenkens_ward3.csv,none,7,"('Susan MURDOCH (Con)', 3)","('Dougie CAMPBELL (Ind)', 4)","('John DENERLEY (Con)', 5)","('Dougie CAMPBELL (Ind)', 5)","('Dougie CAMPBELL (Ind)', 5)","('Dougie CAMPBELL (Ind)', 5)","('Dougie CAMPBELL (Ind)', 5)","('Dougie CAMPBELL (Ind)', 5)","('Dougie CAMPBELL (Ind)', 5)","('Dougie CAMPBELL (Ind)', 5)",70
Ward3-DeeandGlenkens_ward3.csv,frozenset({'Andy MCFARLANE (SNP)'}),8,"('Susan MURDOCH (Con)', 4)","('Dougie CAMPBELL (Ind)', 5)","('John DENERLEY (Con)', 6)","('Dougie CAMPBELL (Ind)', 6)","('Dougie CAMPBELL (Ind)', 6)","('Dougie CAMPBELL (Ind)', 6)","('Dougie CAMPBELL (Ind)', 6)","('Dougie CAMPBELL (Ind)', 6)","('Dougie CAMPBELL (Ind)', 6)","('Dougie CAMPBELL (Ind)', 6)",70
Ward3-DeeandGlenkens_ward3.csv,frozenset({'John DENERLEY (Con)'}),8,"('Susan MURDOCH (Con)', 4)","('Dougie CAMPBELL (Ind)', 5)","('Clone', 6)","('Dougie CAMPBELL (Ind)', 6)","('Dougie CAMPBELL (Ind)', 6)","('Dougie CAMPBELL (Ind)', 6)","('Dougie CAMPBELL (Ind)', 6)","('Dougie CAMPBELL (Ind)', 6)","('Dougie CAMPBELL (Ind)', 6)","('Dougie CAMPBELL (Ind)', 6)",70
Ward3-DeeandGlenkens_ward3.csv,frozenset({'Laura Elizabeth MOODIE (Grn)'}),8,"('Susan MURDOCH (Con)', 4)","('Dougie CAMPBELL (Ind)', 5)","('John DENERLEY (Con)', 6)","('Dougie CAMPBELL (Ind)', 6)","('Dougie CAMPBELL (Ind)', 6)","('Dougie CAMPBELL (Ind)', 6)","('Dougie CAMPBELL (Ind)', 6)","('Dougie CAMPBELL (Ind)', 6)","('Dougie CAMPBELL (Ind)', 6)","('Dougie CAMPBELL (Ind)', 6)",70
Ward3-DeeandGlenkens_ward3.csv,frozenset({'Anthony BIRD (LD)'}),8,"('Susan MURDOCH (Con)', 4)","('Dougie CAMPBELL (Ind)', 5)","('John DENERLEY (Con)', 6)","('Dougie CAMPBELL (Ind)', 6)","('Dougie CAMPBELL (Ind)', 6)","('Dougie CAMPBELL (Ind)', 6)","('Dougie CAMPBELL (Ind)', 6)","('Dougie CAMPBELL (Ind)', 6)","('Dougie CAMPBELL (Ind)', 6)","('Dougie CAMPBELL (Ind)', 6)",70
Ward3-DeeandGlenkens_ward3.csv,frozenset({'Susan MURDOCH (Con)'}),8,"('Clone', 4)","('Dougie CAMPBELL (Ind)', 5)","('John DENERLEY (Con)', 6)","('Dougie CAMPBELL (Ind)', 6)","('Dougie CAMPBELL (Ind)', 6)","('Dougie CAMPBELL (Ind)', 6)","('Dougie CAMPBELL (Ind)', 6)","('Dougie CAMPBELL (Ind)', 6)","('Dougie CAMPBELL (Ind)', 6)","('Dougie CAMPBELL (Ind)', 6)",70
Ward3-DeeandGlenkens_ward3.csv,frozenset({'Dougie CAMPBELL (Ind)'}),8,"('Susan MURDOCH (Con)', 4)","('Clone', 5)","('John DENERLEY (Con)', 6)","('Clone', 6)","('Clone', 6)","('Clone', 6)","('Clone', 6)","('Clone', 6)","('Clone', 6)","('Clone', 6)",70
Ward3-DeeandGlenkens_ward3.csv,frozenset({'Graham TRICKEY (Lab)'}),8,"('Susan MURDOCH (Con)', 4)","('Dougie CAMPBELL (Ind)', 5)","('John DENERLEY (Con)', 6)","('Dougie CAMPBELL (Ind)', 6)","('Dougie CAMPBELL (Ind)', 6)","('Dougie CAMPBELL (Ind)', 6)","('Dougie CAMPBELL (Ind)', 6)","('Dougie CAMPBELL (Ind)', 6)","('Dougie CAMPBELL (Ind)', 6)","('Dougie CAMPBELL (Ind)', 6)",70
Ward3-DeeandGlenkens_ward3.csv,none,7,"('Susan MURDOCH (Con)', 3)","('Dougie CAMPBELL (Ind)', 4)","('John DENERLEY (Con)', 5)","('Dougie CAMPBELL (Ind)', 5)","('Dougie CAMPBELL (Ind)', 5)","('Dougie CAMPBELL (Ind)', 5)","('Dougie CAMPBELL (Ind)', 5)","('Dougie CAMPBELL (Ind)', 5)","('Dougie CAMPBELL (Ind)', 5)","('Dougie CAMPBELL (Ind)', 5)",80
Ward3-DeeandGlenkens_ward3.csv,frozenset({'Andy MCFARLANE (SNP)'}),8,"('Susan MURDOCH (Con)', 4)","('Dougie CAMPBELL (Ind)', 5)","('John DENERLEY (Con)', 6)","('Dougie CAMPBELL (Ind)', 6)","('Dougie CAMPBELL (Ind)', 6)","('Dougie CAMPBELL (Ind)', 6)","('Dougie CAMPBELL (Ind)', 6)","('Dougie CAMPBELL (Ind)', 6)","('Dougie CAMPBELL (Ind)', 6)","('Dougie CAMPBELL (Ind)', 6)",80
Ward3-DeeandGlenkens_ward3.csv,frozenset({'John DENERLEY (Con)'}),8,"('Susan MURDOCH (Con)', 4)","('Dougie CAMPBELL (Ind)', 5)","('Clone', 6)","('Dougie CAMPBELL (Ind)', 6)","('Dougie CAMPBELL (Ind)', 6)","('Dougie CAMPBELL (Ind)', 6)","('Dougie CAMPBELL (Ind)', 6)","('Dougie CAMPBELL (Ind)', 6)","('Dougie CAMPBELL (Ind)', 6)","('Dougie CAMPBELL (Ind)', 6)",80
Ward3-DeeandGlenkens_ward3.csv,frozenset({'Laura Elizabeth MOODIE (Grn)'}),8,"('Susan MURDOCH (Con)', 4)","('Dougie CAMPBELL (Ind)', 5)","('John DENERLEY (Con)', 6)","('Dougie CAMPBELL (Ind)', 6)","('Dougie CAMPBELL (Ind)', 6)","('Dougie CAMPBELL (Ind)', 6)","('Dougie CAMPBELL (Ind)', 6)","('Dougie CAMPBELL (Ind)', 6)","('Dougie CAMPBELL (Ind)', 6)","('Dougie CAMPBELL (Ind)', 6)",80
Ward3-DeeandGlenkens_ward3.csv,frozenset({'Anthony BIRD (LD)'}),8,"('Susan MURDOCH (Con)', 4)","('Dougie CAMPBELL (Ind)', 5)","('John DENERLEY (Con)', 6)","('Dougie CAMPBELL (Ind)', 6)","('Dougie CAMPBELL (Ind)', 6)","('Dougie CAMPBELL (Ind)', 6)","('Dougie CAMPBELL (Ind)', 6)","('Dougie CAMPBELL (Ind)', 6)","('Dougie CAMPBELL (Ind)', 6)","('Dougie CAMPBELL (Ind)', 6)",80
Ward3-DeeandGlenkens_ward3.csv,frozenset({'Susan MURDOCH (Con)'}),8,"('Clone', 4)","('Dougie CAMPBELL (Ind)', 5)","('John DENERLEY (Con)', 6)","('Dougie CAMPBELL (Ind)', 6)","('Dougie CAMPBELL (Ind)', 6)","('Dougie CAMPBELL (Ind)', 6)","('Dougie CAMPBELL (Ind)', 6)","('Dougie CAMPBELL (Ind)', 6)","('Dougie CAMPBELL (Ind)', 6)","('Dougie CAMPBELL (Ind)', 6)",80
Ward3-DeeandGlenkens_ward3.csv,frozenset({'Dougie CAMPBELL (Ind)'}),8,"('Susan MURDOCH (Con)', 4)","('Clone', 5)","('John DENERLEY (Con)', 6)","('Clone', 6)","('Clone', 6)","('Clone', 6)","('Clone', 6)","('Clone', 6)","('Clone', 6)","('Clone', 6)",80
Ward3-DeeandGlenkens_ward3.csv,frozenset({'Graham TRICKEY (Lab)'}),8,"('Susan MURDOCH (Con)', 4)","('Dougie CAMPBELL (Ind)', 5)","('John DENERLEY (Con)', 6)","('Dougie CAMPBELL (Ind)', 6)","('Dougie CAMPBELL (Ind)', 6)","('Dougie CAMPBELL (Ind)', 6)","('Dougie CAMPBELL (Ind)', 6)","('Dougie CAMPBELL (Ind)', 6)","('Dougie CAMPBELL (Ind)', 6)","('Dougie CAMPBELL (Ind)', 6)",80
Ward3-DeeandGlenkens_ward3.csv,none,7,"('Susan MURDOCH (Con)', 3)","('Dougie CAMPBELL (Ind)', 4)","('John DENERLEY (Con)', 5)","('Dougie CAMPBELL (Ind)', 5)","('Dougie CAMPBELL (Ind)', 5)","('Dougie CAMPBELL (Ind)', 5)","('Dougie CAMPBELL (Ind)', 5)","('Dougie CAMPBELL (Ind)', 5)","('Dougie CAMPBELL (Ind)', 5)","('Dougie CAMPBELL (Ind)', 5)",90
Ward3-DeeandGlenkens_ward3.csv,frozenset({'Andy MCFARLANE (SNP)'}),8,"('Susan MURDOCH (Con)', 4)","('Dougie CAMPBELL (Ind)', 5)","('John DENERLEY (Con)', 6)","('Dougie CAMPBELL (Ind)', 6)","('Dougie CAMPBELL (Ind)', 6)","('Dougie CAMPBELL (Ind)', 6)","('Dougie CAMPBELL (Ind)', 6)","('Dougie CAMPBELL (Ind)', 6)","('Dougie CAMPBELL (Ind)', 6)","('Dougie CAMPBELL (Ind)', 6)",90
Ward3-DeeandGlenkens_ward3.csv,frozenset({'John DENERLEY (Con)'}),8,"('Susan MURDOCH (Con)', 4)","('Dougie CAMPBELL (Ind)', 5)","('Clone', 6)","('Dougie CAMPBELL (Ind)', 6)","('Dougie CAMPBELL (Ind)', 6)","('Dougie CAMPBELL (Ind)', 6)","('Dougie CAMPBELL (Ind)', 6)","('Dougie CAMPBELL (Ind)', 6)","('Dougie CAMPBELL (Ind)', 6)","('Dougie CAMPBELL (Ind)', 6)",90
Ward3-DeeandGlenkens_ward3.csv,frozenset({'Laura Elizabeth MOODIE (Grn)'}),8,"('Susan MURDOCH (Con)', 4)","('Dougie CAMPBELL (Ind)', 5)","('John DENERLEY (Con)', 6)","('Dougie CAMPBELL (Ind)', 6)","('Dougie CAMPBELL (Ind)', 6)","('Dougie CAMPBELL (Ind)', 6)","('Dougie CAMPBELL (Ind)', 6)","('Dougie CAMPBELL (Ind)', 6)","('Dougie CAMPBELL (Ind)', 6)","('Dougie CAMPBELL (Ind)', 6)",90
Ward3-DeeandGlenkens_ward3.csv,frozenset({'Anthony BIRD (LD)'}),8,"('Susan MURDOCH (Con)', 4)","('Dougie CAMPBELL (Ind)', 5)","('John DENERLEY (Con)', 6)","('Dougie CAMPBELL (Ind)', 6)","('Dougie CAMPBELL (Ind)', 6)","('Dougie CAMPBELL (Ind)', 6)","('Dougie CAMPBELL (Ind)', 6)","('Dougie CAMPBELL (Ind)', 6)","('Dougie CAMPBELL (Ind)', 6)","('Dougie CAMPBELL (Ind)', 6)",90
Ward3-DeeandGlenkens_ward3.csv,frozenset({'Susan MURDOCH (Con)'}),8,"('Clone', 4)","('Dougie CAMPBELL (Ind)', 5)","('John DENERLEY (Con)', 6)","('Dougie CAMPBELL (Ind)', 6)","('Dougie CAMPBELL (Ind)', 6)","('Dougie CAMPBELL (Ind)', 6)","('Dougie CAMPBELL (Ind)', 6)","('Dougie CAMPBELL (Ind)', 6)","('Dougie CAMPBELL (Ind)', 6)","('Dougie CAMPBELL (Ind)', 6)",90
Ward3-DeeandGlenkens_ward3.csv,frozenset({'Dougie CAMPBELL (Ind)'}),8,"('Susan MURDOCH (Con)', 4)","('Clone', 5)","('John DENERLEY (Con)', 6)","('Clone', 6)","('Clone', 6)","('Clone', 6)","('Clone', 6)","('Clone', 6)","('Clone', 6)","('Clone', 6)",90
Ward3-DeeandGlenkens_ward3.csv,frozenset({'Graham TRICKEY (Lab)'}),8,"('Susan MURDOCH (Con)', 4)","('Dougie CAMPBELL (Ind)', 5)","('John DENERLEY (Con)', 6)","('Dougie CAMPBELL (Ind)', 6)","('Dougie CAMPBELL (Ind)', 6)","('Dougie CAMPBELL (Ind)', 6)","('Dougie CAMPBELL (Ind)', 6)","('Dougie CAMPBELL (Ind)', 6)","('Dougie CAMPBELL (Ind)', 6)","('Dougie CAMPBELL (Ind)', 6)",90
Ward2-KintyreandtheIslands_ward2.csv,none,6,"('John MCALPINE (Ind)', 5)","('John MCALPINE (Ind)', 5)","('Dougie MCFADZEAN (SNP)', 5)","('Dougie MCFADZEAN (SNP)', 5)","('Dougie MCFADZEAN (SNP)', 5)","('John MCALPINE (Ind)', 5)","('John MCALPINE (Ind)', 5)","('John MCALPINE (Ind)', 5)","('John MCALPINE (Ind)', 5)","('John MCALPINE (Ind)', 5)",0
Ward2-KintyreandtheIslands_ward2.csv,frozenset({'Dougie MCFADZEAN (SNP)'}),7,"('John MCALPINE (Ind)', 6)","('John MCALPINE (Ind)', 6)","('Dougie MCFADZEAN (SNP)', 6)","('Dougie MCFADZEAN (SNP)', 6)","('Dougie MCFADZEAN (SNP)', 6)","('John MCALPINE (Ind)', 6)","('John MCALPINE (Ind)', 6)","('John MCALPINE (Ind)', 6)","('John MCALPINE (Ind)', 6)","('John MCALPINE (Ind)', 6)",0
Ward2-KintyreandtheIslands_ward2.csv,frozenset({'Jane B KELLY (Lab)'}),7,"('John MCALPINE (Ind)', 6)","('John MCALPINE (Ind)', 6)","('Dougie MCFADZEAN (SNP)', 6)","('Dougie MCFADZEAN (SNP)', 6)","('Dougie MCFADZEAN (SNP)', 6)","('John MCALPINE (Ind)', 6)","('John MCALPINE (Ind)', 6)","('John MCALPINE (Ind)', 6)","('John MCALPINE (Ind)', 6)","('John MCALPINE (Ind)', 6)",0
Ward2-KintyreandtheIslands_ward2.csv,frozenset({'John MCALPINE (Ind)'}),7,"('John MCALPINE (Ind)', 6)","('John MCALPINE (Ind)', 6)","('Dougie MCFADZEAN (SNP)', 6)","('Dougie MCFADZEAN (SNP)', 6)","('Dougie MCFADZEAN (SNP)', 6)","('John MCALPINE (Ind)', 6)","('John MCALPINE (Ind)', 6)","('John MCALPINE (Ind)', 6)","('John MCALPINE (Ind)', 6)","('John MCALPINE (Ind)', 6)",0
Ward2-KintyreandtheIslands_ward2.csv,frozenset({'Alastair John REDMAN (Ind)'}),7,"('John MCALPINE (Ind)', 6)","('John MCALPINE (Ind)', 6)","('Dougie MCFADZEAN (SNP)', 6)","('Dougie MCFADZEAN (SNP)', 6)","('Dougie MCFADZEAN (SNP)', 6)","('John MCALPINE (Ind)', 6)","('John MCALPINE (Ind)', 6)","('John MCALPINE (Ind)', 6)","('John MCALPINE (Ind)', 6)","('John MCALPINE (Ind)', 6)",0
Ward2-KintyreandtheIslands_ward2.csv,frozenset({'Alec MCNEILLY (Con)'}),7,"('John MCALPINE (Ind)', 6)","('John MCALPINE (Ind)', 6)","('Dougie MCFADZEAN (SNP)', 6)","('Dougie MCFADZEAN (SNP)', 6)","('Dougie MCFADZEAN (SNP)', 6)","('John MCALPINE (Ind)', 6)","('John MCALPINE (Ind)', 6)","('John MCALPINE (Ind)', 6)","('John MCALPINE (Ind)', 6)","('John MCALPINE (Ind)', 6)",0
Ward2-KintyreandtheIslands_ward2.csv,frozenset({'Robin CURRIE (LD)'}),7,"('John MCALPINE (Ind)', 6)","('John MCALPINE (Ind)', 6)","('Dougie MCFADZEAN (SNP)', 6)","('Dougie MCFADZEAN (SNP)', 6)","('Dougie MCFADZEAN (SNP)', 6)","('John MCALPINE (Ind)', 6)","('John MCALPINE (Ind)', 6)","('John MCALPINE (Ind)', 6)","('John MCALPINE (Ind)', 6)","('John MCALPINE (Ind)', 6)",0
Ward2-KintyreandtheIslands_ward2.csv,none,6,"('John MCALPINE (Ind)', 5)","('John MCALPINE (Ind)', 5)","('Dougie MCFADZEAN (SNP)', 5)","('Dougie MCFADZEAN (SNP)', 5)","('Dougie MCFADZEAN (SNP)', 5)","('John MCALPINE (Ind)', 5)","('John MCALPINE (Ind)', 5)","('John MCALPINE (Ind)', 5)","('John MCALPINE (Ind)', 5)","('John MCALPINE (Ind)', 5)",10
Ward2-KintyreandtheIslands_ward2.csv,frozenset({'Dougie MCFADZEAN (SNP)'}),7,"('John MCALPINE (Ind)', 6)","('John MCALPINE (Ind)', 6)","('Dougie MCFADZEAN (SNP)', 6)","('Dougie MCFADZEAN (SNP)', 6)","('Dougie MCFADZEAN (SNP)', 6)","('John MCALPINE (Ind)', 6)","('John MCALPINE (Ind)', 6)","('John MCALPINE (Ind)', 6)","('John MCALPINE (Ind)', 6)","('John MCALPINE (Ind)', 6)",10
Ward2-KintyreandtheIslands_ward2.csv,frozenset({'Jane B KELLY (Lab)'}),7,"('John MCALPINE (Ind)', 6)","('John MCALPINE (Ind)', 6)","('Dougie MCFADZEAN (SNP)', 6)","('Dougie MCFADZEAN (SNP)', 6)","('Dougie MCFADZEAN (SNP)', 6)","('John MCALPINE (Ind)', 6)","('John MCALPINE (Ind)', 6)","('John MCALPINE (Ind)', 6)","('John MCALPINE (Ind)', 6)","('John MCALPINE (Ind)', 6)",10
Ward2-KintyreandtheIslands_ward2.csv,frozenset({'John MCALPINE (Ind)'}),7,"('Clone', 6)","('John MCALPINE (Ind)', 6)","('Dougie MCFADZEAN (SNP)', 6)","('Dougie MCFADZEAN (SNP)', 6)","('Dougie MCFADZEAN (SNP)', 6)","('John MCALPINE (Ind)', 6)","('John MCALPINE (Ind)', 6)","('John MCALPINE (Ind)', 6)","('John MCALPINE (Ind)', 6)","('John MCALPINE (Ind)', 6)",10
Ward2-KintyreandtheIslands_ward2.csv,frozenset({'Alastair John REDMAN (Ind)'}),7,"('John MCALPINE (Ind)', 6)","('John MCALPINE (Ind)', 6)","('Dougie MCFADZEAN (SNP)', 6)","('Dougie MCFADZEAN (SNP)', 6)","('Dougie MCFADZEAN (SNP)', 6)","('John MCALPINE (Ind)', 6)","('John MCALPINE (Ind)', 6)","('John MCALPINE (Ind)', 6)","('John MCALPINE (Ind)', 6)","('John MCALPINE (Ind)', 6)",10
Ward2-KintyreandtheIslands_ward2.csv,frozenset({'Alec MCNEILLY (Con)'}),7,"('John MCALPINE (Ind)', 6)","('John MCALPINE (Ind)', 6)","('Dougie MCFADZEAN (SNP)', 6)","('Dougie MCFADZEAN (SNP)', 6)","('Dougie MCFADZEAN (SNP)', 6)","('John MCALPINE (Ind)', 6)","('John MCALPINE (Ind)', 6)","('John MCALPINE (Ind)', 6)","('John MCALPINE (Ind)', 6)","('John MCALPINE (Ind)', 6)",10
Ward2-KintyreandtheIslands_ward2.csv,frozenset({'Robin CURRIE (LD)'}),7,"('John MCALPINE (Ind)', 6)","('John MCALPINE (Ind)', 6)","('Dougie MCFADZEAN (SNP)', 6)","('Dougie MCFADZEAN (SNP)', 6)","('Dougie MCFADZEAN (SNP)', 6)","('John MCALPINE (Ind)', 6)","('John MCALPINE (Ind)', 6)","('John MCALPINE (Ind)', 6)","('John MCALPINE (Ind)', 6)","('John MCALPINE (Ind)', 6)",10
Ward2-KintyreandtheIslands_ward2.csv,none,6,"('John MCALPINE (Ind)', 5)","('John MCALPINE (Ind)', 5)","('Dougie MCFADZEAN (SNP)', 5)","('Dougie MCFADZEAN (SNP)', 5)","('Dougie MCFADZEAN (SNP)', 5)","('John MCALPINE (Ind)', 5)","('John MCALPINE (Ind)', 5)","('John MCALPINE (Ind)', 5)","('John MCALPINE (Ind)', 5)","('John MCALPINE (Ind)', 5)",20
Ward2-KintyreandtheIslands_ward2.csv,frozenset({'Dougie MCFADZEAN (SNP)'}),7,"('John MCALPINE (Ind)', 6)","('John MCALPINE (Ind)', 6)","('Dougie MCFADZEAN (SNP)', 6)","('Dougie MCFADZEAN (SNP)', 6)","('Dougie MCFADZEAN (SNP)', 6)","('John MCALPINE (Ind)', 6)","('John MCALPINE (Ind)', 6)","('John MCALPINE (Ind)', 6)","('John MCALPINE (Ind)', 6)","('John MCALPINE (Ind)', 6)",20
Ward2-KintyreandtheIslands_ward2.csv,frozenset({'Jane B KELLY (Lab)'}),7,"('John MCALPINE (Ind)', 6)","('John MCALPINE (Ind)', 6)","('Dougie MCFADZEAN (SNP)', 6)","('Dougie MCFADZEAN (SNP)', 6)","('Dougie MCFADZEAN (SNP)', 6)","('John MCALPINE (Ind)', 6)","('John MCALPINE (Ind)', 6)","('John MCALPINE (Ind)', 6)","('John MCALPINE (Ind)', 6)","('John MCALPINE (Ind)', 6)",20
Ward2-KintyreandtheIslands_ward2.csv,frozenset({'John MCALPINE (Ind)'}),7,"('Clone', 6)","('John MCALPINE (Ind)', 6)","('Dougie MCFADZEAN (SNP)', 6)","('Dougie MCFADZEAN (SNP)', 6)","('Dougie MCFADZEAN (SNP)', 6)","('John MCALPINE (Ind)', 6)","('John MCALPINE (Ind)', 6)","('John MCALPINE (Ind)', 6)","('John MCALPINE (Ind)', 6)","('John MCALPINE (Ind)', 6)",20
Ward2-KintyreandtheIslands_ward2.csv,frozenset({'Alastair John REDMAN (Ind)'}),7,"('John MCALPINE (Ind)', 6)","('John MCALPINE (Ind)', 6)","('Dougie MCFADZEAN (SNP)', 6)","('Dougie MCFADZEAN (SNP)', 6)","('Dougie MCFADZEAN (SNP)', 6)","('John MCALPINE (Ind)', 6)","('John MCALPINE (Ind)', 6)","('John MCALPINE (Ind)', 6)","('John MCALPINE (Ind)', 6)","('John MCALPINE (Ind)', 6)",20
Ward2-KintyreandtheIslands_ward2.csv,frozenset({'Alec MCNEILLY (Con)'}),7,"('John MCALPINE (Ind)', 6)","('John MCALPINE (Ind)', 6)","('Dougie MCFADZEAN (SNP)', 6)","('Dougie MCFADZEAN (SNP)', 6)","('Dougie MCFADZEAN (SNP)', 6)","('John MCALPINE (Ind)', 6)","('John MCALPINE (Ind)', 6)","('John MCALPINE (Ind)', 6)","('John MCALPINE (Ind)', 6)","('John MCALPINE (Ind)', 6)",20
Ward2-KintyreandtheIslands_ward2.csv,frozenset({'Robin CURRIE (LD)'}),7,"('John MCALPINE (Ind)', 6)","('John MCALPINE (Ind)', 6)","('Dougie MCFADZEAN (SNP)', 6)","('Dougie MCFADZEAN (SNP)', 6)","('Dougie MCFADZEAN (SNP)', 6)","('John MCALPINE (Ind)', 6)","('John MCALPINE (Ind)', 6)","('John MCALPINE (Ind)', 6)","('John MCALPINE (Ind)', 6)","('John MCALPINE (Ind)', 6)",20
Ward2-KintyreandtheIslands_ward2.csv,none,6,"('John MCALPINE (Ind)', 5)","('John MCALPINE (Ind)', 5)","('Dougie MCFADZEAN (SNP)', 5)","('Dougie MCFADZEAN (SNP)', 5)","('Dougie MCFADZEAN (SNP)', 5)","('John MCALPINE (Ind)', 5)","('John MCALPINE (Ind)', 5)","('John MCALPINE (Ind)', 5)","('John MCALPINE (Ind)', 5)","('John MCALPINE (Ind)', 5)",30
Ward2-KintyreandtheIslands_ward2.csv,frozenset({'Dougie MCFADZEAN (SNP)'}),7,"('John MCALPINE (Ind)', 6)","('John MCALPINE (Ind)', 6)","('Dougie MCFADZEAN (SNP)', 6)","('Dougie MCFADZEAN (SNP)', 6)","('Dougie MCFADZEAN (SNP)', 6)","('John MCALPINE (Ind)', 6)","('John MCALPINE (Ind)', 6)","('John MCALPINE (Ind)', 6)","('John MCALPINE (Ind)', 6)","('John MCALPINE (Ind)', 6)",30
Ward2-KintyreandtheIslands_ward2.csv,frozenset({'Jane B KELLY (Lab)'}),7,"('John MCALPINE (Ind)', 6)","('John MCALPINE (Ind)', 6)","('Dougie MCFADZEAN (SNP)', 6)","('Dougie MCFADZEAN (SNP)', 6)","('Dougie MCFADZEAN (SNP)', 6)","('John MCALPINE (Ind)', 6)","('John MCALPINE (Ind)', 6)","('John MCALPINE (Ind)', 6)","('John MCALPINE (Ind)', 6)","('John MCALPINE (Ind)', 6)",30
Ward2-KintyreandtheIslands_ward2.csv,frozenset({'John MCALPINE (Ind)'}),7,"('Clone', 6)","('John MCALPINE (Ind)', 6)","('Dougie MCFADZEAN (SNP)', 6)","('Dougie MCFADZEAN (SNP)', 6)","('Dougie MCFADZEAN (SNP)', 6)","('John MCALPINE (Ind)', 6)","('John MCALPINE (Ind)', 6)","('John MCALPINE (Ind)', 6)","('John MCALPINE (Ind)', 6)","('John MCALPINE (Ind)', 6)",30
Ward2-KintyreandtheIslands_ward2.csv,frozenset({'Alastair John REDMAN (Ind)'}),7,"('John MCALPINE (Ind)', 6)","('John MCALPINE (Ind)', 6)","('Dougie MCFADZEAN (SNP)', 6)","('Dougie MCFADZEAN (SNP)', 6)","('Dougie MCFADZEAN (SNP)', 6)","('John MCALPINE (Ind)', 6)","('John MCALPINE (Ind)', 6)","('John MCALPINE (Ind)', 6)","('John MCALPINE (Ind)', 6)","('John MCALPINE (Ind)', 6)",30
Ward2-KintyreandtheIslands_ward2.csv,frozenset({'Alec MCNEILLY (Con)'}),7,"('John MCALPINE (Ind)', 6)","('John MCALPINE (Ind)', 6)","('Dougie MCFADZEAN (SNP)', 6)","('Dougie MCFADZEAN (SNP)', 6)","('Dougie MCFADZEAN (SNP)', 6)","('John MCALPINE (Ind)', 6)","('John MCALPINE (Ind)', 6)","('John MCALPINE (Ind)', 6)","('John MCALPINE (Ind)', 6)","('John MCALPINE (Ind)', 6)",30
Ward2-KintyreandtheIslands_ward2.csv,frozenset({'Robin CURRIE (LD)'}),7,"('John MCALPINE (Ind)', 6)","('John MCALPINE (Ind)', 6)","('Dougie MCFADZEAN (SNP)', 6)","('Dougie MCFADZEAN (SNP)', 6)","('Dougie MCFADZEAN (SNP)', 6)","('John MCALPINE (Ind)', 6)","('John MCALPINE (Ind)', 6)","('John MCALPINE (Ind)', 6)","('John MCALPINE (Ind)', 6)","('John MCALPINE (Ind)', 6)",30
Ward2-KintyreandtheIslands_ward2.csv,none,6,"('John MCALPINE (Ind)', 5)","('John MCALPINE (Ind)', 5)","('Dougie MCFADZEAN (SNP)', 5)","('Dougie MCFADZEAN (SNP)', 5)","('Dougie MCFADZEAN (SNP)', 5)","('John MCALPINE (Ind)', 5)","('John MCALPINE (Ind)', 5)","('John MCALPINE (Ind)', 5)","('John MCALPINE (Ind)', 5)","('John MCALPINE (Ind)', 5)",40
Ward2-KintyreandtheIslands_ward2.csv,frozenset({'Dougie MCFADZEAN (SNP)'}),7,"('John MCALPINE (Ind)', 6)","('John MCALPINE (Ind)', 6)","('Dougie MCFADZEAN (SNP)', 6)","('Dougie MCFADZEAN (SNP)', 6)","('Dougie MCFADZEAN (SNP)', 6)","('John MCALPINE (Ind)', 6)","('John MCALPINE (Ind)', 6)","('John MCALPINE (Ind)', 6)","('John MCALPINE (Ind)', 6)","('John MCALPINE (Ind)', 6)",40
Ward2-KintyreandtheIslands_ward2.csv,frozenset({'Jane B KELLY (Lab)'}),7,"('John MCALPINE (Ind)', 6)","('John MCALPINE (Ind)', 6)","('Dougie MCFADZEAN (SNP)', 6)","('Dougie MCFADZEAN (SNP)', 6)","('Dougie MCFADZEAN (SNP)', 6)","('John MCALPINE (Ind)', 6)","('John MCALPINE (Ind)', 6)","('John MCALPINE (Ind)', 6)","('John MCALPINE (Ind)', 6)","('John MCALPINE (Ind)', 6)",40
Ward2-KintyreandtheIslands_ward2.csv,frozenset({'John MCALPINE (Ind)'}),7,"('Clone', 6)","('John MCALPINE (Ind)', 6)","('Dougie MCFADZEAN (SNP)', 6)","('Dougie MCFADZEAN (SNP)', 6)","('Dougie MCFADZEAN (SNP)', 6)","('John MCALPINE (Ind)', 6)","('John MCALPINE (Ind)', 6)","('John MCALPINE (Ind)', 6)","('John MCALPINE (Ind)', 6)","('John MCALPINE (Ind)', 6)",40
Ward2-KintyreandtheIslands_ward2.csv,frozenset({'Alastair John REDMAN (Ind)'}),7,"('John MCALPINE (Ind)', 6)","('John MCALPINE (Ind)', 6)","('Dougie MCFADZEAN (SNP)', 6)","('Dougie MCFADZEAN (SNP)', 6)","('Dougie MCFADZEAN (SNP)', 6)","('John MCALPINE (Ind)', 6)","('John MCALPINE (Ind)', 6)","('John MCALPINE (Ind)', 6)","('John MCALPINE (Ind)', 6)","('John MCALPINE (Ind)', 6)",40
Ward2-KintyreandtheIslands_ward2.csv,frozenset({'Alec MCNEILLY (Con)'}),7,"('John MCALPINE (Ind)', 6)","('John MCALPINE (Ind)', 6)","('Dougie MCFADZEAN (SNP)', 6)","('Dougie MCFADZEAN (SNP)', 6)","('Dougie MCFADZEAN (SNP)', 6)","('John MCALPINE (Ind)', 6)","('John MCALPINE (Ind)', 6)","('John MCALPINE (Ind)', 6)","('John MCALPINE (Ind)', 6)","('John MCALPINE (Ind)', 6)",40
Ward2-KintyreandtheIslands_ward2.csv,frozenset({'Robin CURRIE (LD)'}),7,"('John MCALPINE (Ind)', 6)","('John MCALPINE (Ind)', 6)","('Dougie MCFADZEAN (SNP)', 6)","('Dougie MCFADZEAN (SNP)', 6)","('Dougie MCFADZEAN (SNP)', 6)","('John MCALPINE (Ind)', 6)","('John MCALPINE (Ind)', 6)","('John MCALPINE (Ind)', 6)","('John MCALPINE (Ind)', 6)","('John MCALPINE (Ind)', 6)",40
Ward2-KintyreandtheIslands_ward2.csv,none,6,"('John MCALPINE (Ind)', 5)","('John MCALPINE (Ind)', 5)","('Dougie MCFADZEAN (SNP)', 5)","('Dougie MCFADZEAN (SNP)', 5)","('Dougie MCFADZEAN (SNP)', 5)","('John MCALPINE (Ind)', 5)","('John MCALPINE (Ind)', 5)","('John MCALPINE (Ind)', 5)","('John MCALPINE (Ind)', 5)","('John MCALPINE (Ind)', 5)",50
Ward2-KintyreandtheIslands_ward2.csv,frozenset({'Dougie MCFADZEAN (SNP)'}),7,"('John MCALPINE (Ind)', 6)","('John MCALPINE (Ind)', 6)","('Clone', 6)","('Clone', 6)","('Clone', 6)","('John MCALPINE (Ind)', 6)","('John MCALPINE (Ind)', 6)","('John MCALPINE (Ind)', 6)","('John MCALPINE (Ind)', 6)","('John MCALPINE (Ind)', 6)",50
Ward2-KintyreandtheIslands_ward2.csv,frozenset({'Jane B KELLY (Lab)'}),7,"('John MCALPINE (Ind)', 6)","('John MCALPINE (Ind)', 6)","('Dougie MCFADZEAN (SNP)', 6)","('Dougie MCFADZEAN (SNP)', 6)","('Dougie MCFADZEAN (SNP)', 6)","('John MCALPINE (Ind)', 6)","('John MCALPINE (Ind)', 6)","('John MCALPINE (Ind)', 6)","('John MCALPINE (Ind)', 6)","('John MCALPINE (Ind)', 6)",50
Ward2-KintyreandtheIslands_ward2.csv,frozenset({'John MCALPINE (Ind)'}),7,"('Clone', 6)","('Clone', 6)","('Dougie MCFADZEAN (SNP)', 6)","('Dougie MCFADZEAN (SNP)', 6)","('Dougie MCFADZEAN (SNP)', 6)","('Clone', 6)","('Clone', 6)","('Clone', 6)","('Clone', 6)","('Clone', 6)",50
Ward2-KintyreandtheIslands_ward2.csv,frozenset({'Alastair John REDMAN (Ind)'}),7,"('John MCALPINE (Ind)', 6)","('John MCALPINE (Ind)', 6)","('Dougie MCFADZEAN (SNP)', 6)","('Dougie MCFADZEAN (SNP)', 6)","('Dougie MCFADZEAN (SNP)', 6)","('John MCALPINE (Ind)', 6)","('John MCALPINE (Ind)', 6)","('John MCALPINE (Ind)', 6)","('John MCALPINE (Ind)', 6)","('John MCALPINE (Ind)', 6)",50
Ward2-KintyreandtheIslands_ward2.csv,frozenset({'Alec MCNEILLY (Con)'}),7,"('John MCALPINE (Ind)', 6)","('John MCALPINE (Ind)', 6)","('Dougie MCFADZEAN (SNP)', 6)","('Dougie MCFADZEAN (SNP)', 6)","('Dougie MCFADZEAN (SNP)', 6)","('John MCALPINE (Ind)', 6)","('John MCALPINE (Ind)', 6)","('John MCALPINE (Ind)', 6)","('John MCALPINE (Ind)', 6)","('John MCALPINE (Ind)', 6)",50
Ward2-KintyreandtheIslands_ward2.csv,frozenset({'Robin CURRIE (LD)'}),7,"('John MCALPINE (Ind)', 6)","('John MCALPINE (Ind)', 6)","('Dougie MCFADZEAN (SNP)', 6)","('Dougie MCFADZEAN (SNP)', 6)","('Dougie MCFADZEAN (SNP)', 6)","('John MCALPINE (Ind)', 6)","('John MCALPINE (Ind)', 6)","('John MCALPINE (Ind)', 6)","('John MCALPINE (Ind)', 6)","('John MCALPINE (Ind)', 6)",50
Ward2-KintyreandtheIslands_ward2.csv,none,6,"('John MCALPINE (Ind)', 5)","('John MCALPINE (Ind)', 5)","('Dougie MCFADZEAN (SNP)', 5)","('Dougie MCFADZEAN (SNP)', 5)","('Dougie MCFADZEAN (SNP)', 5)","('John MCALPINE (Ind)', 5)","('John MCALPINE (Ind)', 5)","('John MCALPINE (Ind)', 5)","('John MCALPINE (Ind)', 5)","('John MCALPINE (Ind)', 5)",60
Ward2-KintyreandtheIslands_ward2.csv,frozenset({'Dougie MCFADZEAN (SNP)'}),7,"('John MCALPINE (Ind)', 6)","('John MCALPINE (Ind)', 6)","('Clone', 6)","('Clone', 6)","('Clone', 6)","('John MCALPINE (Ind)', 6)","('John MCALPINE (Ind)', 6)","('John MCALPINE (Ind)', 6)","('John MCALPINE (Ind)', 6)","('John MCALPINE (Ind)', 6)",60
Ward2-KintyreandtheIslands_ward2.csv,frozenset({'Jane B KELLY (Lab)'}),7,"('John MCALPINE (Ind)', 6)","('John MCALPINE (Ind)', 6)","('Dougie MCFADZEAN (SNP)', 6)","('Dougie MCFADZEAN (SNP)', 6)","('Dougie MCFADZEAN (SNP)', 6)","('John MCALPINE (Ind)', 6)","('John MCALPINE (Ind)', 6)","('John MCALPINE (Ind)', 6)","('John MCALPINE (Ind)', 6)","('John MCALPINE (Ind)', 6)",60
Ward2-KintyreandtheIslands_ward2.csv,frozenset({'John MCALPINE (Ind)'}),7,"('Clone', 6)","('Clone', 6)","('Dougie MCFADZEAN (SNP)', 6)","('Dougie MCFADZEAN (SNP)', 6)","('Dougie MCFADZEAN (SNP)', 6)","('Clone', 6)","('Clone', 6)","('Clone', 6)","('Clone', 6)","('Clone', 6)",60
Ward2-KintyreandtheIslands_ward2.csv,frozenset({'Alastair John REDMAN (Ind)'}),7,"('John MCALPINE (Ind)', 6)","('John MCALPINE (Ind)', 6)","('Dougie MCFADZEAN (SNP)', 6)","('Dougie MCFADZEAN (SNP)', 6)","('Dougie MCFADZEAN (SNP)', 6)","('John MCALPINE (Ind)', 6)","('John MCALPINE (Ind)', 6)","('John MCALPINE (Ind)', 6)","('John MCALPINE (Ind)', 6)","('John MCALPINE (Ind)', 6)",60
Ward2-KintyreandtheIslands_ward2.csv,frozenset({'Alec MCNEILLY (Con)'}),7,"('John MCALPINE (Ind)', 6)","('John MCALPINE (Ind)', 6)","('Dougie MCFADZEAN (SNP)', 6)","('Dougie MCFADZEAN (SNP)', 6)","('Dougie MCFADZEAN (SNP)', 6)","('John MCALPINE (Ind)', 6)","('John MCALPINE (Ind)', 6)","('John MCALPINE (Ind)', 6)","('John MCALPINE (Ind)', 6)","('John MCALPINE (Ind)', 6)",60
Ward2-KintyreandtheIslands_ward2.csv,frozenset({'Robin CURRIE (LD)'}),7,"('John MCALPINE (Ind)', 6)","('John MCALPINE (Ind)', 6)","('Dougie MCFADZEAN (SNP)', 6)","('Dougie MCFADZEAN (SNP)', 6)","('Dougie MCFADZEAN (SNP)', 6)","('John MCALPINE (Ind)', 6)","('John MCALPINE (Ind)', 6)","('John MCALPINE (Ind)', 6)","('John MCALPINE (Ind)', 6)","('John MCALPINE (Ind)', 6)",60
Ward2-KintyreandtheIslands_ward2.csv,none,6,"('John MCALPINE (Ind)', 5)","('John MCALPINE (Ind)', 5)","('Dougie MCFADZEAN (SNP)', 5)","('Dougie MCFADZEAN (SNP)', 5)","('Dougie MCFADZEAN (SNP)', 5)","('John MCALPINE (Ind)', 5)","('John MCALPINE (Ind)', 5)","('John MCALPINE (Ind)', 5)","('John MCALPINE (Ind)', 5)","('John MCALPINE (Ind)', 5)",70
Ward2-KintyreandtheIslands_ward2.csv,frozenset({'Dougie MCFADZEAN (SNP)'}),7,"('John MCALPINE (Ind)', 6)","('John MCALPINE (Ind)', 6)","('Clone', 6)","('Clone', 6)","('Clone', 6)","('John MCALPINE (Ind)', 6)","('John MCALPINE (Ind)', 6)","('John MCALPINE (Ind)', 6)","('John MCALPINE (Ind)', 6)","('John MCALPINE (Ind)', 6)",70
Ward2-KintyreandtheIslands_ward2.csv,frozenset({'Jane B KELLY (Lab)'}),7,"('John MCALPINE (Ind)', 6)","('John MCALPINE (Ind)', 6)","('Dougie MCFADZEAN (SNP)', 6)","('Dougie MCFADZEAN (SNP)', 6)","('Dougie MCFADZEAN (SNP)', 6)","('John MCALPINE (Ind)', 6)","('John MCALPINE (Ind)', 6)","('John MCALPINE (Ind)', 6)","('John MCALPINE (Ind)', 6)","('John MCALPINE (Ind)', 6)",70
Ward2-KintyreandtheIslands_ward2.csv,frozenset({'John MCALPINE (Ind)'}),7,"('Clone', 6)","('Clone', 6)","('Dougie MCFADZEAN (SNP)', 6)","('Dougie MCFADZEAN (SNP)', 6)","('Dougie MCFADZEAN (SNP)', 6)","('Clone', 6)","('Clone', 6)","('Clone', 6)","('Clone', 6)","('Clone', 6)",70
Ward2-KintyreandtheIslands_ward2.csv,frozenset({'Alastair John REDMAN (Ind)'}),7,"('John MCALPINE (Ind)', 6)","('John MCALPINE (Ind)', 6)","('Dougie MCFADZEAN (SNP)', 6)","('Dougie MCFADZEAN (SNP)', 6)","('Dougie MCFADZEAN (SNP)', 6)","('John MCALPINE (Ind)', 6)","('John MCALPINE (Ind)', 6)","('John MCALPINE (Ind)', 6)","('John MCALPINE (Ind)', 6)","('John MCALPINE (Ind)', 6)",70
Ward2-KintyreandtheIslands_ward2.csv,frozenset({'Alec MCNEILLY (Con)'}),7,"('John MCALPINE (Ind)', 6)","('John MCALPINE (Ind)', 6)","('Dougie MCFADZEAN (SNP)', 6)","('Dougie MCFADZEAN (SNP)', 6)","('Dougie MCFADZEAN (SNP)', 6)","('John MCALPINE (Ind)', 6)","('John MCALPINE (Ind)', 6)","('John MCALPINE (Ind)', 6)","('John MCALPINE (Ind)', 6)","('John MCALPINE (Ind)', 6)",70
Ward2-KintyreandtheIslands_ward2.csv,frozenset({'Robin CURRIE (LD)'}),7,"('John MCALPINE (Ind)', 6)","('John MCALPINE (Ind)', 6)","('Dougie MCFADZEAN (SNP)', 6)","('Dougie MCFADZEAN (SNP)', 6)","('Dougie MCFADZEAN (SNP)', 6)","('John MCALPINE (Ind)', 6)","('John MCALPINE (Ind)', 6)","('John MCALPINE (Ind)', 6)","('John MCALPINE (Ind)', 6)","('John MCALPINE (Ind)', 6)",70
Ward2-KintyreandtheIslands_ward2.csv,none,6,"('John MCALPINE (Ind)', 5)","('John MCALPINE (Ind)', 5)","('Dougie MCFADZEAN (SNP)', 5)","('Dougie MCFADZEAN (SNP)', 5)","('Dougie MCFADZEAN (SNP)', 5)","('John MCALPINE (Ind)', 5)","('John MCALPINE (Ind)', 5)","('John MCALPINE (Ind)', 5)","('John MCALPINE (Ind)', 5)","('John MCALPINE (Ind)', 5)",80
Ward2-KintyreandtheIslands_ward2.csv,frozenset({'Dougie MCFADZEAN (SNP)'}),7,"('John MCALPINE (Ind)', 6)","('John MCALPINE (Ind)', 6)","('Clone', 6)","('Clone', 6)","('Clone', 6)","('John MCALPINE (Ind)', 6)","('John MCALPINE (Ind)', 6)","('John MCALPINE (Ind)', 6)","('John MCALPINE (Ind)', 6)","('John MCALPINE (Ind)', 6)",80
Ward2-KintyreandtheIslands_ward2.csv,frozenset({'Jane B KELLY (Lab)'}),7,"('John MCALPINE (Ind)', 6)","('John MCALPINE (Ind)', 6)","('Dougie MCFADZEAN (SNP)', 6)","('Dougie MCFADZEAN (SNP)', 6)","('Dougie MCFADZEAN (SNP)', 6)","('John MCALPINE (Ind)', 6)","('John MCALPINE (Ind)', 6)","('John MCALPINE (Ind)', 6)","('John MCALPINE (Ind)', 6)","('John MCALPINE (Ind)', 6)",80
Ward2-KintyreandtheIslands_ward2.csv,frozenset({'John MCALPINE (Ind)'}),7,"('Clone', 6)","('Clone', 6)","('Dougie MCFADZEAN (SNP)', 6)","('Dougie MCFADZEAN (SNP)', 6)","('Dougie MCFADZEAN (SNP)', 6)","('Clone', 6)","('Clone', 6)","('Clone', 6)","('Clone', 6)","('Clone', 6)",80
Ward2-KintyreandtheIslands_ward2.csv,frozenset({'Alastair John REDMAN (Ind)'}),7,"('John MCALPINE (Ind)', 6)","('John MCALPINE (Ind)', 6)","('Dougie MCFADZEAN (SNP)', 6)","('Dougie MCFADZEAN (SNP)', 6)","('Dougie MCFADZEAN (SNP)', 6)","('John MCALPINE (Ind)', 6)","('John MCALPINE (Ind)', 6)","('John MCALPINE (Ind)', 6)","('John MCALPINE (Ind)', 6)","('John MCALPINE (Ind)', 6)",80
Ward2-KintyreandtheIslands_ward2.csv,frozenset({'Alec MCNEILLY (Con)'}),7,"('John MCALPINE (Ind)', 6)","('John MCALPINE (Ind)', 6)","('Dougie MCFADZEAN (SNP)', 6)","('Dougie MCFADZEAN (SNP)', 6)","('Dougie MCFADZEAN (SNP)', 6)","('John MCALPINE (Ind)', 6)","('John MCALPINE (Ind)', 6)","('John MCALPINE (Ind)', 6)","('John MCALPINE (Ind)', 6)","('John MCALPINE (Ind)', 6)",80
Ward2-KintyreandtheIslands_ward2.csv,frozenset({'Robin CURRIE (LD)'}),7,"('John MCALPINE (Ind)', 6)","('John MCALPINE (Ind)', 6)","('Dougie MCFADZEAN (SNP)', 6)","('Dougie MCFADZEAN (SNP)', 6)","('Dougie MCFADZEAN (SNP)', 6)","('John MCALPINE (Ind)', 6)","('John MCALPINE (Ind)', 6)","('John MCALPINE (Ind)', 6)","('John MCALPINE (Ind)', 6)","('John MCALPINE (Ind)', 6)",80
Ward2-KintyreandtheIslands_ward2.csv,none,6,"('John MCALPINE (Ind)', 5)","('John MCALPINE (Ind)', 5)","('Dougie MCFADZEAN (SNP)', 5)","('Dougie MCFADZEAN (SNP)', 5)","('Dougie MCFADZEAN (SNP)', 5)","('John MCALPINE (Ind)', 5)","('John MCALPINE (Ind)', 5)","('John MCALPINE (Ind)', 5)","('John MCALPINE (Ind)', 5)","('John MCALPINE (Ind)', 5)",90
Ward2-KintyreandtheIslands_ward2.csv,frozenset({'Dougie MCFADZEAN (SNP)'}),7,"('John MCALPINE (Ind)', 6)","('John MCALPINE (Ind)', 6)","('Clone', 6)","('Clone', 6)","('Clone', 6)","('John MCALPINE (Ind)', 6)","('John MCALPINE (Ind)', 6)","('John MCALPINE (Ind)', 6)","('John MCALPINE (Ind)', 6)","('John MCALPINE (Ind)', 6)",90
Ward2-KintyreandtheIslands_ward2.csv,frozenset({'Jane B KELLY (Lab)'}),7,"('John MCALPINE (Ind)', 6)","('John MCALPINE (Ind)', 6)","('Dougie MCFADZEAN (SNP)', 6)","('Dougie MCFADZEAN (SNP)', 6)","('Dougie MCFADZEAN (SNP)', 6)","('John MCALPINE (Ind)', 6)","('John MCALPINE (Ind)', 6)","('John MCALPINE (Ind)', 6)","('John MCALPINE (Ind)', 6)","('John MCALPINE (Ind)', 6)",90
Ward2-KintyreandtheIslands_ward2.csv,frozenset({'John MCALPINE (Ind)'}),7,"('Clone', 6)","('Clone', 6)","('Dougie MCFADZEAN (SNP)', 6)","('Dougie MCFADZEAN (SNP)', 6)","('Dougie MCFADZEAN (SNP)', 6)","('Clone', 6)","('Clone', 6)","('Clone', 6)","('Clone', 6)","('Clone', 6)",90
Ward2-KintyreandtheIslands_ward2.csv,frozenset({'Alastair John REDMAN (Ind)'}),7,"('John MCALPINE (Ind)', 6)","('John MCALPINE (Ind)', 6)","('Dougie MCFADZEAN (SNP)', 6)","('Dougie MCFADZEAN (SNP)', 6)","('Dougie MCFADZEAN (SNP)', 6)","('John MCALPINE (Ind)', 6)","('John MCALPINE (Ind)', 6)","('John MCALPINE (Ind)', 6)","('John MCALPINE (Ind)', 6)","('John MCALPINE (Ind)', 6)",90
Ward2-KintyreandtheIslands_ward2.csv,frozenset({'Alec MCNEILLY (Con)'}),7,"('John MCALPINE (Ind)', 6)","('John MCALPINE (Ind)', 6)","('Dougie MCFADZEAN (SNP)', 6)","('Dougie MCFADZEAN (SNP)', 6)","('Dougie MCFADZEAN (SNP)', 6)","('John MCALPINE (Ind)', 6)","('John MCALPINE (Ind)', 6)","('John MCALPINE (Ind)', 6)","('John MCALPINE (Ind)', 6)","('John MCALPINE (Ind)', 6)",90
Ward2-KintyreandtheIslands_ward2.csv,frozenset({'Robin CURRIE (LD)'}),7,"('John MCALPINE (Ind)', 6)","('John MCALPINE (Ind)', 6)","('Dougie MCFADZEAN (SNP)', 6)","('Dougie MCFADZEAN (SNP)', 6)","('Dougie MCFADZEAN (SNP)', 6)","('John MCALPINE (Ind)', 6)","('John MCALPINE (Ind)', 6)","('John MCALPINE (Ind)', 6)","('John MCALPINE (Ind)', 6)","('John MCALPINE (Ind)', 6)",90
Minneapolis_11022021_CityCouncilWard2.csv,none,5,"('Cam Gordon', 3)","('Robin Wonsley Worlobah', 4)","('Cam Gordon', 4)","('Cam Gordon', 4)","('Robin Wonsley Worlobah', 4)","('Robin Wonsley Worlobah', 4)","('Yusra Arab', 4)","('Robin Wonsley Worlobah', 4)","('Robin Wonsley Worlobah', 4)","('Yusra Arab', 4)",0
Minneapolis_11022021_CityCouncilWard2.csv,frozenset({'Tom Anderson'}),6,"('Cam Gordon', 3)","('Robin Wonsley Worlobah', 5)","('Cam Gordon', 5)","('Cam Gordon', 5)","('Robin Wonsley Worlobah', 5)","('Robin Wonsley Worlobah', 5)","('Yusra Arab', 5)","('Robin Wonsley Worlobah', 5)","('Robin Wonsley Worlobah', 5)","('Yusra Arab', 5)",0
Minneapolis_11022021_CityCouncilWard2.csv,frozenset({'Yusra Arab'}),6,"('Cam Gordon', 3)","('Robin Wonsley Worlobah', 5)","('Cam Gordon', 5)","('Cam Gordon', 5)","('Robin Wonsley Worlobah', 5)","('Robin Wonsley Worlobah', 5)","('Yusra Arab', 5)","('Robin Wonsley Worlobah', 5)","('Robin Wonsley Worlobah', 5)","('Yusra Arab', 5)",0
Minneapolis_11022021_CityCouncilWard2.csv,frozenset({'Robin Wonsley Worlobah'}),6,"('Cam Gordon', 3)","('Robin Wonsley Worlobah', 5)","('Cam Gordon', 5)","('Cam Gordon', 5)","('Robin Wonsley Worlobah', 5)","('Robin Wonsley Worlobah', 5)","('Yusra Arab', 5)","('Robin Wonsley Worlobah', 5)","('Robin Wonsley Worlobah', 5)","('Yusra Arab', 5)",0
Minneapolis_11022021_CityCouncilWard2.csv,frozenset({'Guy T Gaskin'}),6,"('Cam Gordon', 3)","('Robin Wonsley Worlobah', 5)","('Cam Gordon', 5)","('Cam Gordon', 5)","('Robin Wonsley Worlobah', 5)","('Robin Wonsley Worlobah', 5)","('Yusra Arab', 5)","('Robin Wonsley Worlobah', 5)","('Robin Wonsley Worlobah', 5)","('Yusra Arab', 5)",0
Minneapolis_11022021_CityCouncilWard2.csv,frozenset({'Cam Gordon'}),6,"('Cam Gordon', 3)","('Robin Wonsley Worlobah', 5)","('Cam Gordon', 5)","('Cam Gordon', 5)","('Robin Wonsley Worlobah', 5)","('Robin Wonsley Worlobah', 5)","('Yusra Arab', 5)","('Robin Wonsley Worlobah', 5)","('Robin Wonsley Worlobah', 5)","('Yusra Arab', 5)",0
Minneapolis_11022021_CityCouncilWard2.csv,none,5,"('Cam Gordon', 3)","('Robin Wonsley Worlobah', 4)","('Cam Gordon', 4)","('Cam Gordon', 4)","('Robin Wonsley Worlobah', 4)","('Robin Wonsley Worlobah', 4)","('Yusra Arab', 4)","('Robin Wonsley Worlobah', 4)","('Robin Wonsley Worlobah', 4)","('Yusra Arab', 4)",10
Minneapolis_11022021_CityCouncilWard2.csv,frozenset({'Tom Anderson'}),6,"('Cam Gordon', 3)","('Robin Wonsley Worlobah', 5)","('Cam Gordon', 5)","('Cam Gordon', 5)","('Robin Wonsley Worlobah', 5)","('Robin Wonsley Worlobah', 5)","('Yusra Arab', 5)","('Robin Wonsley Worlobah', 5)","('Robin Wonsley Worlobah', 5)","('Yusra Arab', 5)",10
Minneapolis_11022021_CityCouncilWard2.csv,frozenset({'Yusra Arab'}),6,"('Cam Gordon', 3)","('Robin Wonsley Worlobah', 5)","('Cam Gordon', 5)","('Cam Gordon', 5)","('Robin Wonsley Worlobah', 5)","('Robin Wonsley Worlobah', 5)","('Yusra Arab', 5)","('Robin Wonsley Worlobah', 5)","('Robin Wonsley Worlobah', 5)","('Yusra Arab', 5)",10
Minneapolis_11022021_CityCouncilWard2.csv,frozenset({'Robin Wonsley Worlobah'}),6,"('Cam Gordon', 3)","('Robin Wonsley Worlobah', 5)","('Cam Gordon', 5)","('Cam Gordon', 5)","('Robin Wonsley Worlobah', 5)","('Robin Wonsley Worlobah', 5)","('Yusra Arab', 5)","('Robin Wonsley Worlobah', 5)","('Robin Wonsley Worlobah', 5)","('Yusra Arab', 5)",10
Minneapolis_11022021_CityCouncilWard2.csv,frozenset({'Guy T Gaskin'}),6,"('Cam Gordon', 3)","('Robin Wonsley Worlobah', 5)","('Cam Gordon', 5)","('Cam Gordon', 5)","('Robin Wonsley Worlobah', 5)","('Robin Wonsley Worlobah', 5)","('Yusra Arab', 5)","('Robin Wonsley Worlobah', 5)","('Robin Wonsley Worlobah', 5)","('Yusra Arab', 5)",10
Minneapolis_11022021_CityCouncilWard2.csv,frozenset({'Cam Gordon'}),6,"('Cam Gordon', 3)","('Robin Wonsley Worlobah', 5)","('Cam Gordon', 5)","('Cam Gordon', 5)","('Robin Wonsley Worlobah', 5)","('Robin Wonsley Worlobah', 5)","('Yusra Arab', 5)","('Robin Wonsley Worlobah', 5)","('Robin Wonsley Worlobah', 5)","('Yusra Arab', 5)",10
Minneapolis_11022021_CityCouncilWard2.csv,none,5,"('Cam Gordon', 3)","('Robin Wonsley Worlobah', 4)","('Cam Gordon', 4)","('Cam Gordon', 4)","('Robin Wonsley Worlobah', 4)","('Robin Wonsley Worlobah', 4)","('Yusra Arab', 4)","('Robin Wonsley Worlobah', 4)","('Robin Wonsley Worlobah', 4)","('Yusra Arab', 4)",20
Minneapolis_11022021_CityCouncilWard2.csv,frozenset({'Tom Anderson'}),6,"('Cam Gordon', 3)","('Robin Wonsley Worlobah', 5)","('Cam Gordon', 5)","('Cam Gordon', 5)","('Robin Wonsley Worlobah', 5)","('Robin Wonsley Worlobah', 5)","('Yusra Arab', 5)","('Robin Wonsley Worlobah', 5)","('Robin Wonsley Worlobah', 5)","('Yusra Arab', 5)",20
Minneapolis_11022021_CityCouncilWard2.csv,frozenset({'Yusra Arab'}),6,"('Cam Gordon', 3)","('Robin Wonsley Worlobah', 5)","('Cam Gordon', 5)","('Cam Gordon', 5)","('Robin Wonsley Worlobah', 5)","('Robin Wonsley Worlobah', 5)","('Yusra Arab', 5)","('Robin Wonsley Worlobah', 5)","('Robin Wonsley Worlobah', 5)","('Yusra Arab', 5)",20
Minneapolis_11022021_CityCouncilWard2.csv,frozenset({'Robin Wonsley Worlobah'}),6,"('Cam Gordon', 3)","('Robin Wonsley Worlobah', 5)","('Cam Gordon', 5)","('Cam Gordon', 5)","('Robin Wonsley Worlobah', 5)","('Robin Wonsley Worlobah', 5)","('Yusra Arab', 5)","('Robin Wonsley Worlobah', 5)","('Robin Wonsley Worlobah', 5)","('Yusra Arab', 5)",20
Minneapolis_11022021_CityCouncilWard2.csv,frozenset({'Guy T Gaskin'}),6,"('Cam Gordon', 3)","('Robin Wonsley Worlobah', 5)","('Cam Gordon', 5)","('Cam Gordon', 5)","('Robin Wonsley Worlobah', 5)","('Robin Wonsley Worlobah', 5)","('Yusra Arab', 5)","('Robin Wonsley Worlobah', 5)","('Robin Wonsley Worlobah', 5)","('Yusra Arab', 5)",20
Minneapolis_11022021_CityCouncilWard2.csv,frozenset({'Cam Gordon'}),6,"('Cam Gordon', 3)","('Robin Wonsley Worlobah', 5)","('Cam Gordon', 5)","('Cam Gordon', 5)","('Robin Wonsley Worlobah', 5)","('Robin Wonsley Worlobah', 5)","('Yusra Arab', 5)","('Robin Wonsley Worlobah', 5)","('Robin Wonsley Worlobah', 5)","('Yusra Arab', 5)",20
Minneapolis_11022021_CityCouncilWard2.csv,none,5,"('Cam Gordon', 3)","('Robin Wonsley Worlobah', 4)","('Cam Gordon', 4)","('Cam Gordon', 4)","('Robin Wonsley Worlobah', 4)","('Robin Wonsley Worlobah', 4)","('Yusra Arab', 4)","('Robin Wonsley Worlobah', 4)","('Robin Wonsley Worlobah', 4)","('Yusra Arab', 4)",30
Minneapolis_11022021_CityCouncilWard2.csv,frozenset({'Tom Anderson'}),6,"('Cam Gordon', 3)","('Robin Wonsley Worlobah', 5)","('Cam Gordon', 5)","('Cam Gordon', 5)","('Robin Wonsley Worlobah', 5)","('Robin Wonsley Worlobah', 5)","('Yusra Arab', 5)","('Robin Wonsley Worlobah', 5)","('Robin Wonsley Worlobah', 5)","('Yusra Arab', 5)",30
Minneapolis_11022021_CityCouncilWard2.csv,frozenset({'Yusra Arab'}),6,"('Cam Gordon', 3)","('Robin Wonsley Worlobah', 5)","('Cam Gordon', 5)","('Cam Gordon', 5)","('Robin Wonsley Worlobah', 5)","('Robin Wonsley Worlobah', 5)","('Yusra Arab', 5)","('Robin Wonsley Worlobah', 5)","('Robin Wonsley Worlobah', 5)","('Yusra Arab', 5)",30
Minneapolis_11022021_CityCouncilWard2.csv,frozenset({'Robin Wonsley Worlobah'}),6,"('Cam Gordon', 3)","('Robin Wonsley Worlobah', 5)","('Cam Gordon', 5)","('Cam Gordon', 5)","('Robin Wonsley Worlobah', 5)","('Robin Wonsley Worlobah', 5)","('Yusra Arab', 5)","('Robin Wonsley Worlobah', 5)","('Robin Wonsley Worlobah', 5)","('Yusra Arab', 5)",30
Minneapolis_11022021_CityCouncilWard2.csv,frozenset({'Guy T Gaskin'}),6,"('Cam Gordon', 3)","('Robin Wonsley Worlobah', 5)","('Cam Gordon', 5)","('Cam Gordon', 5)","('Robin Wonsley Worlobah', 5)","('Robin Wonsley Worlobah', 5)","('Yusra Arab', 5)","('Robin Wonsley Worlobah', 5)","('Robin Wonsley Worlobah', 5)","('Yusra Arab', 5)",30
Minneapolis_11022021_CityCouncilWard2.csv,frozenset({'Cam Gordon'}),6,"('Cam Gordon', 3)","('Robin Wonsley Worlobah', 5)","('Cam Gordon', 5)","('Cam Gordon', 5)","('Robin Wonsley Worlobah', 5)","('Robin Wonsley Worlobah', 5)","('Yusra Arab', 5)","('Robin Wonsley Worlobah', 5)","('Robin Wonsley Worlobah', 5)","('Yusra Arab', 5)",30
Minneapolis_11022021_CityCouncilWard2.csv,none,5,"('Cam Gordon', 3)","('Robin Wonsley Worlobah', 4)","('Cam Gordon', 4)","('Cam Gordon', 4)","('Robin Wonsley Worlobah', 4)","('Robin Wonsley Worlobah', 4)","('Yusra Arab', 4)","('Robin Wonsley Worlobah', 4)","('Robin Wonsley Worlobah', 4)","('Yusra Arab', 4)",40
Minneapolis_11022021_CityCouncilWard2.csv,frozenset({'Tom Anderson'}),6,"('Cam Gordon', 3)","('Robin Wonsley Worlobah', 5)","('Cam Gordon', 5)","('Cam Gordon', 5)","('Robin Wonsley Worlobah', 5)","('Robin Wonsley Worlobah', 5)","('Yusra Arab', 5)","('Robin Wonsley Worlobah', 5)","('Robin Wonsley Worlobah', 5)","('Yusra Arab', 5)",40
Minneapolis_11022021_CityCouncilWard2.csv,frozenset({'Yusra Arab'}),6,"('Cam Gordon', 3)","('Robin Wonsley Worlobah', 5)","('Cam Gordon', 5)","('Cam Gordon', 5)","('Robin Wonsley Worlobah', 5)","('Robin Wonsley Worlobah', 5)","('Yusra Arab', 5)","('Robin Wonsley Worlobah', 5)","('Robin Wonsley Worlobah', 5)","('Yusra Arab', 5)",40
Minneapolis_11022021_CityCouncilWard2.csv,frozenset({'Robin Wonsley Worlobah'}),6,"('Cam Gordon', 3)","('Robin Wonsley Worlobah', 5)","('Cam Gordon', 5)","('Cam Gordon', 5)","('Robin Wonsley Worlobah', 5)","('Robin Wonsley Worlobah', 5)","('Yusra Arab', 5)","('Robin Wonsley Worlobah', 5)","('Robin Wonsley Worlobah', 5)","('Yusra Arab', 5)",40
Minneapolis_11022021_CityCouncilWard2.csv,frozenset({'Guy T Gaskin'}),6,"('Cam Gordon', 3)","('Robin Wonsley Worlobah', 5)","('Cam Gordon', 5)","('Cam Gordon', 5)","('Robin Wonsley Worlobah', 5)","('Robin Wonsley Worlobah', 5)","('Yusra Arab', 5)","('Robin Wonsley Worlobah', 5)","('Robin Wonsley Worlobah', 5)","('Yusra Arab', 5)",40
Minneapolis_11022021_CityCouncilWard2.csv,frozenset({'Cam Gordon'}),6,"('Cam Gordon', 3)","('Robin Wonsley Worlobah', 5)","('Cam Gordon', 5)","('Cam Gordon', 5)","('Robin Wonsley Worlobah', 5)","('Robin Wonsley Worlobah', 5)","('Yusra Arab', 5)","('Robin Wonsley Worlobah', 5)","('Robin Wonsley Worlobah', 5)","('Yusra Arab', 5)",40
Minneapolis_11022021_CityCouncilWard2.csv,none,5,"('Cam Gordon', 3)","('Robin Wonsley Worlobah', 4)","('Cam Gordon', 4)","('Cam Gordon', 4)","('Robin Wonsley Worlobah', 4)","('Robin Wonsley Worlobah', 4)","('Yusra Arab', 4)","('Robin Wonsley Worlobah', 4)","('Robin Wonsley Worlobah', 4)","('Yusra Arab', 4)",50
Minneapolis_11022021_CityCouncilWard2.csv,frozenset({'Tom Anderson'}),6,"('Cam Gordon', 3)","('Robin Wonsley Worlobah', 5)","('Cam Gordon', 5)","('Cam Gordon', 5)","('Robin Wonsley Worlobah', 5)","('Robin Wonsley Worlobah', 5)","('Yusra Arab', 5)","('Robin Wonsley Worlobah', 5)","('Robin Wonsley Worlobah', 5)","('Yusra Arab', 5)",50
Minneapolis_11022021_CityCouncilWard2.csv,frozenset({'Yusra Arab'}),6,"('Cam Gordon', 3)","('Robin Wonsley Worlobah', 5)","('Cam Gordon', 5)","('Cam Gordon', 5)","('Robin Wonsley Worlobah', 5)","('Robin Wonsley Worlobah', 5)","('Clone', 5)","('Robin Wonsley Worlobah', 5)","('Robin Wonsley Worlobah', 5)","('Clone', 5)",50
Minneapolis_11022021_CityCouncilWard2.csv,frozenset({'Robin Wonsley Worlobah'}),6,"('Cam Gordon', 3)","('Cam Gordon', 4)","('Cam Gordon', 5)","('Cam Gordon', 5)","('Clone', 5)","('Clone', 5)","('Yusra Arab', 5)","('Clone', 5)","('Clone', 5)","('Yusra Arab', 5)",50
Minneapolis_11022021_CityCouncilWard2.csv,frozenset({'Guy T Gaskin'}),6,"('Cam Gordon', 3)","('Robin Wonsley Worlobah', 5)","('Cam Gordon', 5)","('Cam Gordon', 5)","('Robin Wonsley Worlobah', 5)","('Robin Wonsley Worlobah', 5)","('Yusra Arab', 5)","('Robin Wonsley Worlobah', 5)","('Robin Wonsley Worlobah', 5)","('Yusra Arab', 5)",50
Minneapolis_11022021_CityCouncilWard2.csv,frozenset({'Cam Gordon'}),6,"('Clone', 3)","('Clone', 4)","('Clone', 5)","('Clone', 5)","('Robin Wonsley Worlobah', 5)","('Robin Wonsley Worlobah', 5)","('Yusra Arab', 5)","('Robin Wonsley Worlobah', 5)","('Robin Wonsley Worlobah', 5)","('Yusra Arab', 5)",50
Minneapolis_11022021_CityCouncilWard2.csv,none,5,"('Cam Gordon', 3)","('Robin Wonsley Worlobah', 4)","('Cam Gordon', 4)","('Cam Gordon', 4)","('Robin Wonsley Worlobah', 4)","('Robin Wonsley Worlobah', 4)","('Yusra Arab', 4)","('Robin Wonsley Worlobah', 4)","('Robin Wonsley Worlobah', 4)","('Yusra Arab', 4)",60
Minneapolis_11022021_CityCouncilWard2.csv,frozenset({'Tom Anderson'}),6,"('Cam Gordon', 3)","('Robin Wonsley Worlobah', 5)","('Cam Gordon', 5)","('Cam Gordon', 5)","('Robin Wonsley Worlobah', 5)","('Robin Wonsley Worlobah', 5)","('Yusra Arab', 5)","('Robin Wonsley Worlobah', 5)","('Robin Wonsley Worlobah', 5)","('Yusra Arab', 5)",60
Minneapolis_11022021_CityCouncilWard2.csv,frozenset({'Yusra Arab'}),6,"('Cam Gordon', 3)","('Robin Wonsley Worlobah', 5)","('Cam Gordon', 5)","('Cam Gordon', 5)","('Robin Wonsley Worlobah', 5)","('Robin Wonsley Worlobah', 5)","('Clone', 5)","('Robin Wonsley Worlobah', 5)","('Robin Wonsley Worlobah', 5)","('Clone', 5)",60
Minneapolis_11022021_CityCouncilWard2.csv,frozenset({'Robin Wonsley Worlobah'}),6,"('Cam Gordon', 3)","('Clone', 5)","('Cam Gordon', 5)","('Cam Gordon', 5)","('Clone', 5)","('Clone', 5)","('Yusra Arab', 5)","('Clone', 5)","('Clone', 5)","('Yusra Arab', 5)",60
Minneapolis_11022021_CityCouncilWard2.csv,frozenset({'Guy T Gaskin'}),6,"('Cam Gordon', 3)","('Robin Wonsley Worlobah', 5)","('Cam Gordon', 5)","('Cam Gordon', 5)","('Robin Wonsley Worlobah', 5)","('Robin Wonsley Worlobah', 5)","('Yusra Arab', 5)","('Robin Wonsley Worlobah', 5)","('Robin Wonsley Worlobah', 5)","('Yusra Arab', 5)",60
Minneapolis_11022021_CityCouncilWard2.csv,frozenset({'Cam Gordon'}),6,"('Clone', 3)","('Robin Wonsley Worlobah', 5)","('Clone', 5)","('Clone', 5)","('Robin Wonsley Worlobah', 5)","('Robin Wonsley Worlobah', 5)","('Yusra Arab', 5)","('Robin Wonsley Worlobah', 5)","('Robin Wonsley Worlobah', 5)","('Yusra Arab', 5)",60
Minneapolis_11022021_CityCouncilWard2.csv,none,5,"('Cam Gordon', 3)","('Robin Wonsley Worlobah', 4)","('Cam Gordon', 4)","('Cam Gordon', 4)","('Robin Wonsley Worlobah', 4)","('Robin Wonsley Worlobah', 4)","('Yusra Arab', 4)","('Robin Wonsley Worlobah', 4)","('Robin Wonsley Worlobah', 4)","('Yusra Arab', 4)",70
Minneapolis_11022021_CityCouncilWard2.csv,frozenset({'Tom Anderson'}),6,"('Cam Gordon', 3)","('Robin Wonsley Worlobah', 5)","('Cam Gordon', 5)","('Cam Gordon', 5)","('Robin Wonsley Worlobah', 5)","('Robin Wonsley Worlobah', 5)","('Yusra Arab', 5)","('Robin Wonsley Worlobah', 5)","('Robin Wonsley Worlobah', 5)","('Yusra Arab', 5)",70
Minneapolis_11022021_CityCouncilWard2.csv,frozenset({'Yusra Arab'}),6,"('Cam Gordon', 3)","('Robin Wonsley Worlobah', 5)","('Cam Gordon', 5)","('Cam Gordon', 5)","('Robin Wonsley Worlobah', 5)","('Robin Wonsley Worlobah', 5)","('Clone', 5)","('Robin Wonsley Worlobah', 5)","('Robin Wonsley Worlobah', 5)","('Clone', 5)",70
Minneapolis_11022021_CityCouncilWard2.csv,frozenset({'Robin Wonsley Worlobah'}),6,"('Cam Gordon', 3)","('Clone', 5)","('Cam Gordon', 5)","('Cam Gordon', 5)","('Clone', 5)","('Clone', 5)","('Yusra Arab', 5)","('Clone', 5)","('Clone', 5)","('Yusra Arab', 5)",70
Minneapolis_11022021_CityCouncilWard2.csv,frozenset({'Guy T Gaskin'}),6,"('Cam Gordon', 3)","('Robin Wonsley Worlobah', 5)","('Cam Gordon', 5)","('Cam Gordon', 5)","('Robin Wonsley Worlobah', 5)","('Robin Wonsley Worlobah', 5)","('Yusra Arab', 5)","('Robin Wonsley Worlobah', 5)","('Robin Wonsley Worlobah', 5)","('Yusra Arab', 5)",70
Minneapolis_11022021_CityCouncilWard2.csv,frozenset({'Cam Gordon'}),6,"('Clone', 3)","('Robin Wonsley Worlobah', 5)","('Clone', 5)","('Clone', 5)","('Robin Wonsley Worlobah', 5)","('Robin Wonsley Worlobah', 5)","('Yusra Arab', 5)","('Robin Wonsley Worlobah', 5)","('Robin Wonsley Worlobah', 5)","('Yusra Arab', 5)",70
Minneapolis_11022021_CityCouncilWard2.csv,none,5,"('Cam Gordon', 3)","('Robin Wonsley Worlobah', 4)","('Cam Gordon', 4)","('Cam Gordon', 4)","('Robin Wonsley Worlobah', 4)","('Robin Wonsley Worlobah', 4)","('Yusra Arab', 4)","('Robin Wonsley Worlobah', 4)","('Robin Wonsley Worlobah', 4)","('Yusra Arab', 4)",80
Minneapolis_11022021_CityCouncilWard2.csv,frozenset({'Tom Anderson'}),6,"('Cam Gordon', 3)","('Robin Wonsley Worlobah', 5)","('Cam Gordon', 5)","('Cam Gordon', 5)","('Robin Wonsley Worlobah', 5)","('Robin Wonsley Worlobah', 5)","('Yusra Arab', 5)","('Robin Wonsley Worlobah', 5)","('Robin Wonsley Worlobah', 5)","('Yusra Arab', 5)",80
Minneapolis_11022021_CityCouncilWard2.csv,frozenset({'Yusra Arab'}),6,"('Cam Gordon', 3)","('Robin Wonsley Worlobah', 5)","('Cam Gordon', 5)","('Cam Gordon', 5)","('Robin Wonsley Worlobah', 5)","('Robin Wonsley Worlobah', 5)","('Clone', 5)","('Robin Wonsley Worlobah', 5)","('Robin Wonsley Worlobah', 5)","('Clone', 5)",80
Minneapolis_11022021_CityCouncilWard2.csv,frozenset({'Robin Wonsley Worlobah'}),6,"('Cam Gordon', 3)","('Clone', 5)","('Cam Gordon', 5)","('Cam Gordon', 5)","('Clone', 5)","('Clone', 5)","('Yusra Arab', 5)","('Clone', 5)","('Clone', 5)","('Yusra Arab', 5)",80
Minneapolis_11022021_CityCouncilWard2.csv,frozenset({'Guy T Gaskin'}),6,"('Cam Gordon', 3)","('Robin Wonsley Worlobah', 5)","('Cam Gordon', 5)","('Cam Gordon', 5)","('Robin Wonsley Worlobah', 5)","('Robin Wonsley Worlobah', 5)","('Yusra Arab', 5)","('Robin Wonsley Worlobah', 5)","('Robin Wonsley Worlobah', 5)","('Yusra Arab', 5)",80
Minneapolis_11022021_CityCouncilWard2.csv,frozenset({'Cam Gordon'}),6,"('Clone', 3)","('Robin Wonsley Worlobah', 5)","('Clone', 5)","('Clone', 5)","('Robin Wonsley Worlobah', 5)","('Robin Wonsley Worlobah', 5)","('Yusra Arab', 5)","('Robin Wonsley Worlobah', 5)","('Robin Wonsley Worlobah', 5)","('Yusra Arab', 5)",80
Minneapolis_11022021_CityCouncilWard2.csv,none,5,"('Cam Gordon', 3)","('Robin Wonsley Worlobah', 4)","('Cam Gordon', 4)","('Cam Gordon', 4)","('Robin Wonsley Worlobah', 4)","('Robin Wonsley Worlobah', 4)","('Yusra Arab', 4)","('Robin Wonsley Worlobah', 4)","('Robin Wonsley Worlobah', 4)","('Yusra Arab', 4)",90
Minneapolis_11022021_CityCouncilWard2.csv,frozenset({'Tom Anderson'}),6,"('Cam Gordon', 3)","('Robin Wonsley Worlobah', 5)","('Cam Gordon', 5)","('Cam Gordon', 5)","('Robin Wonsley Worlobah', 5)","('Robin Wonsley Worlobah', 5)","('Yusra Arab', 5)","('Robin Wonsley Worlobah', 5)","('Robin Wonsley Worlobah', 5)","('Yusra Arab', 5)",90
Minneapolis_11022021_CityCouncilWard2.csv,frozenset({'Yusra Arab'}),6,"('Cam Gordon', 3)","('Robin Wonsley Worlobah', 5)","('Cam Gordon', 5)","('Cam Gordon', 5)","('Robin Wonsley Worlobah', 5)","('Robin Wonsley Worlobah', 5)","('Clone', 5)","('Robin Wonsley Worlobah', 5)","('Robin Wonsley Worlobah', 5)","('Clone', 5)",90
Minneapolis_11022021_CityCouncilWard2.csv,frozenset({'Robin Wonsley Worlobah'}),6,"('Cam Gordon', 3)","('Clone', 5)","('Cam Gordon', 5)","('Cam Gordon', 5)","('Clone', 5)","('Clone', 5)","('Yusra Arab', 5)","('Clone', 5)","('Clone', 5)","('Yusra Arab', 5)",90
Minneapolis_11022021_CityCouncilWard2.csv,frozenset({'Guy T Gaskin'}),6,"('Cam Gordon', 3)","('Robin Wonsley Worlobah', 5)","('Cam Gordon', 5)","('Cam Gordon', 5)","('Robin Wonsley Worlobah', 5)","('Robin Wonsley Worlobah', 5)","('Yusra Arab', 5)","('Robin Wonsley Worlobah', 5)","('Robin Wonsley Worlobah', 5)","('Yusra Arab', 5)",90
Minneapolis_11022021_CityCouncilWard2.csv,frozenset({'Cam Gordon'}),6,"('Clone', 3)","('Robin Wonsley Worlobah', 5)","('Clone', 5)","('Clone', 5)","('Robin Wonsley Worlobah', 5)","('Robin Wonsley Worlobah', 5)","('Yusra Arab', 5)","('Robin Wonsley Worlobah', 5)","('Robin Wonsley Worlobah', 5)","('Yusra Arab', 5)",90
Ward4-CumbernauldEast_n-lanarks17-004.csv,none,8,"('Tom JOHNSTON (SNP)', 4)","('Tom JOHNSTON (SNP)', 4)","('Tom JOHNSTON (SNP)', 7)","('Tom JOHNSTON (SNP)', 5)","('Tom JOHNSTON (SNP)', 5)","('Tom JOHNSTON (SNP)', 6)","('Tom JOHNSTON (SNP)', 6)","('Tom JOHNSTON (SNP)', 6)","('Tom JOHNSTON (SNP)', 6)","('Tom JOHNSTON (SNP)', 6)",0
Ward4-CumbernauldEast_n-lanarks17-004.csv,frozenset({'Andy LOCKE (Soc)'}),9,"('Tom JOHNSTON (SNP)', 5)","('Tom JOHNSTON (SNP)', 5)","('Tom JOHNSTON (SNP)', 8)","('Tom JOHNSTON (SNP)', 6)","('Tom JOHNSTON (SNP)', 6)","('Tom JOHNSTON (SNP)', 7)","('Tom JOHNSTON (SNP)', 7)","('Tom JOHNSTON (SNP)', 7)","('Tom JOHNSTON (SNP)', 7)","('Tom JOHNSTON (SNP)', 7)",0
Ward4-CumbernauldEast_n-lanarks17-004.csv,frozenset({'Gillian FANNAN (Lab)'}),9,"('Tom JOHNSTON (SNP)', 5)","('Tom JOHNSTON (SNP)', 5)","('Tom JOHNSTON (SNP)', 8)","('Tom JOHNSTON (SNP)', 6)","('Tom JOHNSTON (SNP)', 6)","('Tom JOHNSTON (SNP)', 7)","('Tom JOHNSTON (SNP)', 7)","('Tom JOHNSTON (SNP)', 7)","('Tom JOHNSTON (SNP)', 7)","('Tom JOHNSTON (SNP)', 7)",0
Ward4-CumbernauldEast_n-lanarks17-004.csv,frozenset({'Paddy HOGG (SNP)'}),9,"('Tom JOHNSTON (SNP)', 5)","('Tom JOHNSTON (SNP)', 5)","('Tom JOHNSTON (SNP)', 8)","('Tom JOHNSTON (SNP)', 6)","('Tom JOHNSTON (SNP)', 6)","('Tom JOHNSTON (SNP)', 7)","('Tom JOHNSTON (SNP)', 7)","('Tom JOHNSTON (SNP)', 7)","('Tom JOHNSTON (SNP)', 7)","('Tom JOHNSTON (SNP)', 7)",0
Ward4-CumbernauldEast_n-lanarks17-004.csv,frozenset({'David STARK (Con)'}),9,"('Tom JOHNSTON (SNP)', 5)","('Tom JOHNSTON (SNP)', 5)","('Tom JOHNSTON (SNP)', 8)","('Tom JOHNSTON (SNP)', 6)","('Tom JOHNSTON (SNP)', 6)","('Tom JOHNSTON (SNP)', 7)","('Tom JOHNSTON (SNP)', 7)","('Tom JOHNSTON (SNP)', 7)","('Tom JOHNSTON (SNP)', 7)","('Tom JOHNSTON (SNP)', 7)",0
Ward4-CumbernauldEast_n-lanarks17-004.csv,frozenset({'Claire BARCLAY (SNP)'}),9,"('Tom JOHNSTON (SNP)', 5)","('Tom JOHNSTON (SNP)', 5)","('Tom JOHNSTON (SNP)', 8)","('Tom JOHNSTON (SNP)', 6)","('Tom JOHNSTON (SNP)', 6)","('Tom JOHNSTON (SNP)', 7)","('Tom JOHNSTON (SNP)', 7)","('Tom JOHNSTON (SNP)', 7)","('Tom JOHNSTON (SNP)', 7)","('Tom JOHNSTON (SNP)', 7)",0
Ward4-CumbernauldEast_n-lanarks17-004.csv,frozenset({'Stevie GRANT (Lab)'}),9,"('Tom JOHNSTON (SNP)', 5)","('Tom JOHNSTON (SNP)', 5)","('Tom JOHNSTON (SNP)', 8)","('Tom JOHNSTON (SNP)', 6)","('Tom JOHNSTON (SNP)', 6)","('Tom JOHNSTON (SNP)', 7)","('Tom JOHNSTON (SNP)', 7)","('Tom JOHNSTON (SNP)', 7)","('Tom JOHNSTON (SNP)', 7)","('Tom JOHNSTON (SNP)', 7)",0
Ward4-CumbernauldEast_n-lanarks17-004.csv,frozenset({'Tom JOHNSTON (SNP)'}),9,"('Tom JOHNSTON (SNP)', 5)","('Tom JOHNSTON (SNP)', 5)","('Tom JOHNSTON (SNP)', 8)","('Tom JOHNSTON (SNP)', 6)","('Tom JOHNSTON (SNP)', 6)","('Tom JOHNSTON (SNP)', 7)","('Tom JOHNSTON (SNP)', 7)","('Tom JOHNSTON (SNP)', 7)","('Tom JOHNSTON (SNP)', 7)","('Tom JOHNSTON (SNP)', 7)",0
Ward4-CumbernauldEast_n-lanarks17-004.csv,frozenset({'Anne MCCROSSAN (Grn)'}),9,"('Tom JOHNSTON (SNP)', 5)","('Tom JOHNSTON (SNP)', 5)","('Tom JOHNSTON (SNP)', 8)","('Tom JOHNSTON (SNP)', 6)","('Tom JOHNSTON (SNP)', 6)","('Tom JOHNSTON (SNP)', 7)","('Tom JOHNSTON (SNP)', 7)","('Tom JOHNSTON (SNP)', 7)","('Tom JOHNSTON (SNP)', 7)","('Tom JOHNSTON (SNP)', 7)",0
Ward4-CumbernauldEast_n-lanarks17-004.csv,none,8,"('Tom JOHNSTON (SNP)', 4)","('Tom JOHNSTON (SNP)', 4)","('Tom JOHNSTON (SNP)', 7)","('Tom JOHNSTON (SNP)', 5)","('Tom JOHNSTON (SNP)', 5)","('Tom JOHNSTON (SNP)', 6)","('Tom JOHNSTON (SNP)', 6)","('Tom JOHNSTON (SNP)', 6)","('Tom JOHNSTON (SNP)', 6)","('Tom JOHNSTON (SNP)', 6)",10
Ward4-CumbernauldEast_n-lanarks17-004.csv,frozenset({'Andy LOCKE (Soc)'}),9,"('Tom JOHNSTON (SNP)', 5)","('Tom JOHNSTON (SNP)', 5)","('Tom JOHNSTON (SNP)', 8)","('Tom JOHNSTON (SNP)', 6)","('Tom JOHNSTON (SNP)', 6)","('Tom JOHNSTON (SNP)', 7)","('Tom JOHNSTON (SNP)', 7)","('Tom JOHNSTON (SNP)', 7)","('Tom JOHNSTON (SNP)', 7)","('Tom JOHNSTON (SNP)', 7)",10
Ward4-CumbernauldEast_n-lanarks17-004.csv,frozenset({'Gillian FANNAN (Lab)'}),9,"('Tom JOHNSTON (SNP)', 5)","('Tom JOHNSTON (SNP)', 5)","('Tom JOHNSTON (SNP)', 8)","('Tom JOHNSTON (SNP)', 6)","('Tom JOHNSTON (SNP)', 6)","('Tom JOHNSTON (SNP)', 7)","('Tom JOHNSTON (SNP)', 7)","('Tom JOHNSTON (SNP)', 7)","('Tom JOHNSTON (SNP)', 7)","('Tom JOHNSTON (SNP)', 7)",10
Ward4-CumbernauldEast_n-lanarks17-004.csv,frozenset({'Paddy HOGG (SNP)'}),9,"('Tom JOHNSTON (SNP)', 5)","('Tom JOHNSTON (SNP)', 5)","('Tom JOHNSTON (SNP)', 8)","('Tom JOHNSTON (SNP)', 6)","('Tom JOHNSTON (SNP)', 6)","('Tom JOHNSTON (SNP)', 7)","('Tom JOHNSTON (SNP)', 7)","('Tom JOHNSTON (SNP)', 7)","('Tom JOHNSTON (SNP)', 7)","('Tom JOHNSTON (SNP)', 7)",10
Ward4-CumbernauldEast_n-lanarks17-004.csv,frozenset({'David STARK (Con)'}),9,"('Tom JOHNSTON (SNP)', 5)","('Tom JOHNSTON (SNP)', 5)","('Tom JOHNSTON (SNP)', 8)","('Tom JOHNSTON (SNP)', 6)","('Tom JOHNSTON (SNP)', 6)","('Tom JOHNSTON (SNP)', 7)","('Tom JOHNSTON (SNP)', 7)","('Tom JOHNSTON (SNP)', 7)","('Tom JOHNSTON (SNP)', 7)","('Tom JOHNSTON (SNP)', 7)",10
Ward4-CumbernauldEast_n-lanarks17-004.csv,frozenset({'Claire BARCLAY (SNP)'}),9,"('Tom JOHNSTON (SNP)', 5)","('Tom JOHNSTON (SNP)', 5)","('Tom JOHNSTON (SNP)', 8)","('Tom JOHNSTON (SNP)', 6)","('Tom JOHNSTON (SNP)', 6)","('Tom JOHNSTON (SNP)', 7)","('Tom JOHNSTON (SNP)', 7)","('Tom JOHNSTON (SNP)', 7)","('Tom JOHNSTON (SNP)', 7)","('Tom JOHNSTON (SNP)', 7)",10
Ward4-CumbernauldEast_n-lanarks17-004.csv,frozenset({'Stevie GRANT (Lab)'}),9,"('Tom JOHNSTON (SNP)', 5)","('Tom JOHNSTON (SNP)', 5)","('Tom JOHNSTON (SNP)', 8)","('Tom JOHNSTON (SNP)', 6)","('Tom JOHNSTON (SNP)', 6)","('Tom JOHNSTON (SNP)', 7)","('Tom JOHNSTON (SNP)', 7)","('Tom JOHNSTON (SNP)', 7)","('Tom JOHNSTON (SNP)', 7)","('Tom JOHNSTON (SNP)', 7)",10
Ward4-CumbernauldEast_n-lanarks17-004.csv,frozenset({'Tom JOHNSTON (SNP)'}),9,"('Clone', 5)","('Tom JOHNSTON (SNP)', 5)","('Tom JOHNSTON (SNP)', 8)","('Tom JOHNSTON (SNP)', 6)","('Tom JOHNSTON (SNP)', 6)","('Tom JOHNSTON (SNP)', 7)","('Tom JOHNSTON (SNP)', 7)","('Tom JOHNSTON (SNP)', 7)","('Tom JOHNSTON (SNP)', 7)","('Tom JOHNSTON (SNP)', 7)",10
Ward4-CumbernauldEast_n-lanarks17-004.csv,frozenset({'Anne MCCROSSAN (Grn)'}),9,"('Tom JOHNSTON (SNP)', 5)","('Tom JOHNSTON (SNP)', 5)","('Tom JOHNSTON (SNP)', 8)","('Tom JOHNSTON (SNP)', 6)","('Tom JOHNSTON (SNP)', 6)","('Tom JOHNSTON (SNP)', 7)","('Tom JOHNSTON (SNP)', 7)","('Tom JOHNSTON (SNP)', 7)","('Tom JOHNSTON (SNP)', 7)","('Tom JOHNSTON (SNP)', 7)",10
Ward4-CumbernauldEast_n-lanarks17-004.csv,none,8,"('Tom JOHNSTON (SNP)', 4)","('Tom JOHNSTON (SNP)', 4)","('Tom JOHNSTON (SNP)', 7)","('Tom JOHNSTON (SNP)', 5)","('Tom JOHNSTON (SNP)', 5)","('Tom JOHNSTON (SNP)', 6)","('Tom JOHNSTON (SNP)', 6)","('Tom JOHNSTON (SNP)', 6)","('Tom JOHNSTON (SNP)', 6)","('Tom JOHNSTON (SNP)', 6)",20
Ward4-CumbernauldEast_n-lanarks17-004.csv,frozenset({'Andy LOCKE (Soc)'}),9,"('Tom JOHNSTON (SNP)', 5)","('Tom JOHNSTON (SNP)', 5)","('Tom JOHNSTON (SNP)', 8)","('Tom JOHNSTON (SNP)', 6)","('Tom JOHNSTON (SNP)', 6)","('Tom JOHNSTON (SNP)', 7)","('Tom JOHNSTON (SNP)', 7)","('Tom JOHNSTON (SNP)', 7)","('Tom JOHNSTON (SNP)', 7)","('Tom JOHNSTON (SNP)', 7)",20
Ward4-CumbernauldEast_n-lanarks17-004.csv,frozenset({'Gillian FANNAN (Lab)'}),9,"('Tom JOHNSTON (SNP)', 5)","('Tom JOHNSTON (SNP)', 5)","('Tom JOHNSTON (SNP)', 8)","('Tom JOHNSTON (SNP)', 6)","('Tom JOHNSTON (SNP)', 6)","('Tom JOHNSTON (SNP)', 7)","('Tom JOHNSTON (SNP)', 7)","('Tom JOHNSTON (SNP)', 7)","('Tom JOHNSTON (SNP)', 7)","('Tom JOHNSTON (SNP)', 7)",20
Ward4-CumbernauldEast_n-lanarks17-004.csv,frozenset({'Paddy HOGG (SNP)'}),9,"('Tom JOHNSTON (SNP)', 5)","('Tom JOHNSTON (SNP)', 5)","('Tom JOHNSTON (SNP)', 8)","('Tom JOHNSTON (SNP)', 6)","('Tom JOHNSTON (SNP)', 6)","('Tom JOHNSTON (SNP)', 7)","('Tom JOHNSTON (SNP)', 7)","('Tom JOHNSTON (SNP)', 7)","('Tom JOHNSTON (SNP)', 7)","('Tom JOHNSTON (SNP)', 7)",20
Ward4-CumbernauldEast_n-lanarks17-004.csv,frozenset({'David STARK (Con)'}),9,"('Tom JOHNSTON (SNP)', 5)","('Tom JOHNSTON (SNP)', 5)","('Tom JOHNSTON (SNP)', 8)","('Tom JOHNSTON (SNP)', 6)","('Tom JOHNSTON (SNP)', 6)","('Tom JOHNSTON (SNP)', 7)","('Tom JOHNSTON (SNP)', 7)","('Tom JOHNSTON (SNP)', 7)","('Tom JOHNSTON (SNP)', 7)","('Tom JOHNSTON (SNP)', 7)",20
Ward4-CumbernauldEast_n-lanarks17-004.csv,frozenset({'Claire BARCLAY (SNP)'}),9,"('Tom JOHNSTON (SNP)', 5)","('Tom JOHNSTON (SNP)', 5)","('Tom JOHNSTON (SNP)', 8)","('Tom JOHNSTON (SNP)', 6)","('Tom JOHNSTON (SNP)', 6)","('Tom JOHNSTON (SNP)', 7)","('Tom JOHNSTON (SNP)', 7)","('Tom JOHNSTON (SNP)', 7)","('Tom JOHNSTON (SNP)', 7)","('Tom JOHNSTON (SNP)', 7)",20
Ward4-CumbernauldEast_n-lanarks17-004.csv,frozenset({'Stevie GRANT (Lab)'}),9,"('Tom JOHNSTON (SNP)', 5)","('Tom JOHNSTON (SNP)', 5)","('Tom JOHNSTON (SNP)', 8)","('Tom JOHNSTON (SNP)', 6)","('Tom JOHNSTON (SNP)', 6)","('Tom JOHNSTON (SNP)', 7)","('Tom JOHNSTON (SNP)', 7)","('Tom JOHNSTON (SNP)', 7)","('Tom JOHNSTON (SNP)', 7)","('Tom JOHNSTON (SNP)', 7)",20
Ward4-CumbernauldEast_n-lanarks17-004.csv,frozenset({'Tom JOHNSTON (SNP)'}),9,"('Clone', 5)","('Tom JOHNSTON (SNP)', 5)","('Tom JOHNSTON (SNP)', 8)","('Tom JOHNSTON (SNP)', 6)","('Tom JOHNSTON (SNP)', 6)","('Tom JOHNSTON (SNP)', 7)","('Tom JOHNSTON (SNP)', 7)","('Tom JOHNSTON (SNP)', 7)","('Tom JOHNSTON (SNP)', 7)","('Tom JOHNSTON (SNP)', 7)",20
Ward4-CumbernauldEast_n-lanarks17-004.csv,frozenset({'Anne MCCROSSAN (Grn)'}),9,"('Tom JOHNSTON (SNP)', 5)","('Tom JOHNSTON (SNP)', 5)","('Tom JOHNSTON (SNP)', 8)","('Tom JOHNSTON (SNP)', 6)","('Tom JOHNSTON (SNP)', 6)","('Tom JOHNSTON (SNP)', 7)","('Tom JOHNSTON (SNP)', 7)","('Tom JOHNSTON (SNP)', 7)","('Tom JOHNSTON (SNP)', 7)","('Tom JOHNSTON (SNP)', 7)",20
Ward4-CumbernauldEast_n-lanarks17-004.csv,none,8,"('Tom JOHNSTON (SNP)', 4)","('Tom JOHNSTON (SNP)', 4)","('Tom JOHNSTON (SNP)', 7)","('Tom JOHNSTON (SNP)', 5)","('Tom JOHNSTON (SNP)', 5)","('Tom JOHNSTON (SNP)', 6)","('Tom JOHNSTON (SNP)', 6)","('Tom JOHNSTON (SNP)', 6)","('Tom JOHNSTON (SNP)', 6)","('Tom JOHNSTON (SNP)', 6)",30
Ward4-CumbernauldEast_n-lanarks17-004.csv,frozenset({'Andy LOCKE (Soc)'}),9,"('Tom JOHNSTON (SNP)', 5)","('Tom JOHNSTON (SNP)', 5)","('Tom JOHNSTON (SNP)', 8)","('Tom JOHNSTON (SNP)', 6)","('Tom JOHNSTON (SNP)', 6)","('Tom JOHNSTON (SNP)', 7)","('Tom JOHNSTON (SNP)', 7)","('Tom JOHNSTON (SNP)', 7)","('Tom JOHNSTON (SNP)', 7)","('Tom JOHNSTON (SNP)', 7)",30
Ward4-CumbernauldEast_n-lanarks17-004.csv,frozenset({'Gillian FANNAN (Lab)'}),9,"('Tom JOHNSTON (SNP)', 5)","('Tom JOHNSTON (SNP)', 5)","('Tom JOHNSTON (SNP)', 8)","('Tom JOHNSTON (SNP)', 6)","('Tom JOHNSTON (SNP)', 6)","('Tom JOHNSTON (SNP)', 7)","('Tom JOHNSTON (SNP)', 7)","('Tom JOHNSTON (SNP)', 7)","('Tom JOHNSTON (SNP)', 7)","('Tom JOHNSTON (SNP)', 7)",30
Ward4-CumbernauldEast_n-lanarks17-004.csv,frozenset({'Paddy HOGG (SNP)'}),9,"('Tom JOHNSTON (SNP)', 5)","('Tom JOHNSTON (SNP)', 5)","('Tom JOHNSTON (SNP)', 8)","('Tom JOHNSTON (SNP)', 6)","('Tom JOHNSTON (SNP)', 6)","('Tom JOHNSTON (SNP)', 7)","('Tom JOHNSTON (SNP)', 7)","('Tom JOHNSTON (SNP)', 7)","('Tom JOHNSTON (SNP)', 7)","('Tom JOHNSTON (SNP)', 7)",30
Ward4-CumbernauldEast_n-lanarks17-004.csv,frozenset({'David STARK (Con)'}),9,"('Tom JOHNSTON (SNP)', 5)","('Tom JOHNSTON (SNP)', 5)","('Tom JOHNSTON (SNP)', 8)","('Tom JOHNSTON (SNP)', 6)","('Tom JOHNSTON (SNP)', 6)","('Tom JOHNSTON (SNP)', 7)","('Tom JOHNSTON (SNP)', 7)","('Tom JOHNSTON (SNP)', 7)","('Tom JOHNSTON (SNP)', 7)","('Tom JOHNSTON (SNP)', 7)",30
Ward4-CumbernauldEast_n-lanarks17-004.csv,frozenset({'Claire BARCLAY (SNP)'}),9,"('Tom JOHNSTON (SNP)', 5)","('Tom JOHNSTON (SNP)', 5)","('Tom JOHNSTON (SNP)', 8)","('Tom JOHNSTON (SNP)', 6)","('Tom JOHNSTON (SNP)', 6)","('Tom JOHNSTON (SNP)', 7)","('Tom JOHNSTON (SNP)', 7)","('Tom JOHNSTON (SNP)', 7)","('Tom JOHNSTON (SNP)', 7)","('Tom JOHNSTON (SNP)', 7)",30
Ward4-CumbernauldEast_n-lanarks17-004.csv,frozenset({'Stevie GRANT (Lab)'}),9,"('Tom JOHNSTON (SNP)', 5)","('Tom JOHNSTON (SNP)', 5)","('Tom JOHNSTON (SNP)', 8)","('Tom JOHNSTON (SNP)', 6)","('Tom JOHNSTON (SNP)', 6)","('Tom JOHNSTON (SNP)', 7)","('Tom JOHNSTON (SNP)', 7)","('Tom JOHNSTON (SNP)', 7)","('Tom JOHNSTON (SNP)', 7)","('Tom JOHNSTON (SNP)', 7)",30
Ward4-CumbernauldEast_n-lanarks17-004.csv,frozenset({'Tom JOHNSTON (SNP)'}),9,"('Clone', 5)","('Tom JOHNSTON (SNP)', 5)","('Tom JOHNSTON (SNP)', 8)","('Tom JOHNSTON (SNP)', 6)","('Tom JOHNSTON (SNP)', 6)","('Tom JOHNSTON (SNP)', 7)","('Tom JOHNSTON (SNP)', 7)","('Tom JOHNSTON (SNP)', 7)","('Tom JOHNSTON (SNP)', 7)","('Tom JOHNSTON (SNP)', 7)",30
Ward4-CumbernauldEast_n-lanarks17-004.csv,frozenset({'Anne MCCROSSAN (Grn)'}),9,"('Tom JOHNSTON (SNP)', 5)","('Tom JOHNSTON (SNP)', 5)","('Tom JOHNSTON (SNP)', 8)","('Tom JOHNSTON (SNP)', 6)","('Tom JOHNSTON (SNP)', 6)","('Tom JOHNSTON (SNP)', 7)","('Tom JOHNSTON (SNP)', 7)","('Tom JOHNSTON (SNP)', 7)","('Tom JOHNSTON (SNP)', 7)","('Tom JOHNSTON (SNP)', 7)",30
Ward4-CumbernauldEast_n-lanarks17-004.csv,none,8,"('Tom JOHNSTON (SNP)', 4)","('Tom JOHNSTON (SNP)', 4)","('Tom JOHNSTON (SNP)', 7)","('Tom JOHNSTON (SNP)', 5)","('Tom JOHNSTON (SNP)', 5)","('Tom JOHNSTON (SNP)', 6)","('Tom JOHNSTON (SNP)', 6)","('Tom JOHNSTON (SNP)', 6)","('Tom JOHNSTON (SNP)', 6)","('Tom JOHNSTON (SNP)', 6)",40
Ward4-CumbernauldEast_n-lanarks17-004.csv,frozenset({'Andy LOCKE (Soc)'}),9,"('Tom JOHNSTON (SNP)', 5)","('Tom JOHNSTON (SNP)', 5)","('Tom JOHNSTON (SNP)', 8)","('Tom JOHNSTON (SNP)', 6)","('Tom JOHNSTON (SNP)', 6)","('Tom JOHNSTON (SNP)', 7)","('Tom JOHNSTON (SNP)', 7)","('Tom JOHNSTON (SNP)', 7)","('Tom JOHNSTON (SNP)', 7)","('Tom JOHNSTON (SNP)', 7)",40
Ward4-CumbernauldEast_n-lanarks17-004.csv,frozenset({'Gillian FANNAN (Lab)'}),9,"('Tom JOHNSTON (SNP)', 5)","('Tom JOHNSTON (SNP)', 5)","('Tom JOHNSTON (SNP)', 8)","('Tom JOHNSTON (SNP)', 6)","('Tom JOHNSTON (SNP)', 6)","('Tom JOHNSTON (SNP)', 7)","('Tom JOHNSTON (SNP)', 7)","('Tom JOHNSTON (SNP)', 7)","('Tom JOHNSTON (SNP)', 7)","('Tom JOHNSTON (SNP)', 7)",40
Ward4-CumbernauldEast_n-lanarks17-004.csv,frozenset({'Paddy HOGG (SNP)'}),9,"('Tom JOHNSTON (SNP)', 5)","('Tom JOHNSTON (SNP)', 5)","('Tom JOHNSTON (SNP)', 8)","('Tom JOHNSTON (SNP)', 6)","('Tom JOHNSTON (SNP)', 6)","('Tom JOHNSTON (SNP)', 7)","('Tom JOHNSTON (SNP)', 7)","('Tom JOHNSTON (SNP)', 7)","('Tom JOHNSTON (SNP)', 7)","('Tom JOHNSTON (SNP)', 7)",40
Ward4-CumbernauldEast_n-lanarks17-004.csv,frozenset({'David STARK (Con)'}),9,"('Tom JOHNSTON (SNP)', 5)","('Tom JOHNSTON (SNP)', 5)","('Tom JOHNSTON (SNP)', 8)","('Tom JOHNSTON (SNP)', 6)","('Tom JOHNSTON (SNP)', 6)","('Tom JOHNSTON (SNP)', 7)","('Tom JOHNSTON (SNP)', 7)","('Tom JOHNSTON (SNP)', 7)","('Tom JOHNSTON (SNP)', 7)","('Tom JOHNSTON (SNP)', 7)",40
Ward4-CumbernauldEast_n-lanarks17-004.csv,frozenset({'Claire BARCLAY (SNP)'}),9,"('Tom JOHNSTON (SNP)', 5)","('Tom JOHNSTON (SNP)', 5)","('Tom JOHNSTON (SNP)', 8)","('Tom JOHNSTON (SNP)', 6)","('Tom JOHNSTON (SNP)', 6)","('Tom JOHNSTON (SNP)', 7)","('Tom JOHNSTON (SNP)', 7)","('Tom JOHNSTON (SNP)', 7)","('Tom JOHNSTON (SNP)', 7)","('Tom JOHNSTON (SNP)', 7)",40
Ward4-CumbernauldEast_n-lanarks17-004.csv,frozenset({'Stevie GRANT (Lab)'}),9,"('Tom JOHNSTON (SNP)', 5)","('Tom JOHNSTON (SNP)', 5)","('Tom JOHNSTON (SNP)', 8)","('Tom JOHNSTON (SNP)', 6)","('Tom JOHNSTON (SNP)', 6)","('Tom JOHNSTON (SNP)', 7)","('Tom JOHNSTON (SNP)', 7)","('Tom JOHNSTON (SNP)', 7)","('Tom JOHNSTON (SNP)', 7)","('Tom JOHNSTON (SNP)', 7)",40
Ward4-CumbernauldEast_n-lanarks17-004.csv,frozenset({'Tom JOHNSTON (SNP)'}),9,"('Clone', 5)","('Tom JOHNSTON (SNP)', 5)","('Tom JOHNSTON (SNP)', 8)","('Tom JOHNSTON (SNP)', 6)","('Tom JOHNSTON (SNP)', 6)","('Tom JOHNSTON (SNP)', 7)","('Tom JOHNSTON (SNP)', 7)","('Tom JOHNSTON (SNP)', 7)","('Tom JOHNSTON (SNP)', 7)","('Tom JOHNSTON (SNP)', 7)",40
Ward4-CumbernauldEast_n-lanarks17-004.csv,frozenset({'Anne MCCROSSAN (Grn)'}),9,"('Tom JOHNSTON (SNP)', 5)","('Tom JOHNSTON (SNP)', 5)","('Tom JOHNSTON (SNP)', 8)","('Tom JOHNSTON (SNP)', 6)","('Tom JOHNSTON (SNP)', 6)","('Tom JOHNSTON (SNP)', 7)","('Tom JOHNSTON (SNP)', 7)","('Tom JOHNSTON (SNP)', 7)","('Tom JOHNSTON (SNP)', 7)","('Tom JOHNSTON (SNP)', 7)",40
Ward4-CumbernauldEast_n-lanarks17-004.csv,none,8,"('Tom JOHNSTON (SNP)', 4)","('Tom JOHNSTON (SNP)', 4)","('Tom JOHNSTON (SNP)', 7)","('Tom JOHNSTON (SNP)', 5)","('Tom JOHNSTON (SNP)', 5)","('Tom JOHNSTON (SNP)', 6)","('Tom JOHNSTON (SNP)', 6)","('Tom JOHNSTON (SNP)', 6)","('Tom JOHNSTON (SNP)', 6)","('Tom JOHNSTON (SNP)', 6)",50
Ward4-CumbernauldEast_n-lanarks17-004.csv,frozenset({'Andy LOCKE (Soc)'}),9,"('Tom JOHNSTON (SNP)', 5)","('Tom JOHNSTON (SNP)', 5)","('Tom JOHNSTON (SNP)', 8)","('Tom JOHNSTON (SNP)', 6)","('Tom JOHNSTON (SNP)', 6)","('Tom JOHNSTON (SNP)', 7)","('Tom JOHNSTON (SNP)', 7)","('Tom JOHNSTON (SNP)', 7)","('Tom JOHNSTON (SNP)', 7)","('Tom JOHNSTON (SNP)', 7)",50
Ward4-CumbernauldEast_n-lanarks17-004.csv,frozenset({'Gillian FANNAN (Lab)'}),9,"('Tom JOHNSTON (SNP)', 5)","('Tom JOHNSTON (SNP)', 5)","('Tom JOHNSTON (SNP)', 8)","('Tom JOHNSTON (SNP)', 6)","('Tom JOHNSTON (SNP)', 6)","('Tom JOHNSTON (SNP)', 7)","('Tom JOHNSTON (SNP)', 7)","('Tom JOHNSTON (SNP)', 7)","('Tom JOHNSTON (SNP)', 7)","('Tom JOHNSTON (SNP)', 7)",50
Ward4-CumbernauldEast_n-lanarks17-004.csv,frozenset({'Paddy HOGG (SNP)'}),9,"('Tom JOHNSTON (SNP)', 5)","('Tom JOHNSTON (SNP)', 5)","('Tom JOHNSTON (SNP)', 8)","('Tom JOHNSTON (SNP)', 6)","('Tom JOHNSTON (SNP)', 6)","('Tom JOHNSTON (SNP)', 7)","('Tom JOHNSTON (SNP)', 7)","('Tom JOHNSTON (SNP)', 7)","('Tom JOHNSTON (SNP)', 7)","('Tom JOHNSTON (SNP)', 7)",50
Ward4-CumbernauldEast_n-lanarks17-004.csv,frozenset({'David STARK (Con)'}),9,"('Tom JOHNSTON (SNP)', 5)","('Tom JOHNSTON (SNP)', 5)","('Tom JOHNSTON (SNP)', 8)","('Tom JOHNSTON (SNP)', 6)","('Tom JOHNSTON (SNP)', 6)","('Tom JOHNSTON (SNP)', 7)","('Tom JOHNSTON (SNP)', 7)","('Tom JOHNSTON (SNP)', 7)","('Tom JOHNSTON (SNP)', 7)","('Tom JOHNSTON (SNP)', 7)",50
Ward4-CumbernauldEast_n-lanarks17-004.csv,frozenset({'Claire BARCLAY (SNP)'}),9,"('Tom JOHNSTON (SNP)', 5)","('Tom JOHNSTON (SNP)', 5)","('Tom JOHNSTON (SNP)', 8)","('Tom JOHNSTON (SNP)', 6)","('Tom JOHNSTON (SNP)', 6)","('Tom JOHNSTON (SNP)', 5)","('Tom JOHNSTON (SNP)', 7)","('Tom JOHNSTON (SNP)', 7)","('Tom JOHNSTON (SNP)', 7)","('Tom JOHNSTON (SNP)', 7)",50
Ward4-CumbernauldEast_n-lanarks17-004.csv,frozenset({'Stevie GRANT (Lab)'}),9,"('Tom JOHNSTON (SNP)', 5)","('Tom JOHNSTON (SNP)', 5)","('Tom JOHNSTON (SNP)', 8)","('Tom JOHNSTON (SNP)', 6)","('Tom JOHNSTON (SNP)', 6)","('Tom JOHNSTON (SNP)', 7)","('Tom JOHNSTON (SNP)', 7)","('Tom JOHNSTON (SNP)', 7)","('Tom JOHNSTON (SNP)', 7)","('Tom JOHNSTON (SNP)', 7)",50
Ward4-CumbernauldEast_n-lanarks17-004.csv,frozenset({'Tom JOHNSTON (SNP)'}),9,"('Clone', 5)","('Clone', 5)","('Clone', 8)","('Clone', 6)","('Clone', 6)","('Clone', 5)","('Clone', 7)","('Clone', 7)","('Clone', 7)","('Clone', 7)",50
Ward4-CumbernauldEast_n-lanarks17-004.csv,frozenset({'Anne MCCROSSAN (Grn)'}),9,"('Tom JOHNSTON (SNP)', 5)","('Tom JOHNSTON (SNP)', 5)","('Tom JOHNSTON (SNP)', 8)","('Tom JOHNSTON (SNP)', 6)","('Tom JOHNSTON (SNP)', 6)","('Tom JOHNSTON (SNP)', 7)","('Tom JOHNSTON (SNP)', 7)","('Tom JOHNSTON (SNP)', 7)","('Tom JOHNSTON (SNP)', 7)","('Tom JOHNSTON (SNP)', 7)",50
Ward4-CumbernauldEast_n-lanarks17-004.csv,none,8,"('Tom JOHNSTON (SNP)', 4)","('Tom JOHNSTON (SNP)', 4)","('Tom JOHNSTON (SNP)', 7)","('Tom JOHNSTON (SNP)', 5)","('Tom JOHNSTON (SNP)', 5)","('Tom JOHNSTON (SNP)', 6)","('Tom JOHNSTON (SNP)', 6)","('Tom JOHNSTON (SNP)', 6)","('Tom JOHNSTON (SNP)', 6)","('Tom JOHNSTON (SNP)', 6)",60
Ward4-CumbernauldEast_n-lanarks17-004.csv,frozenset({'Andy LOCKE (Soc)'}),9,"('Tom JOHNSTON (SNP)', 5)","('Tom JOHNSTON (SNP)', 5)","('Tom JOHNSTON (SNP)', 8)","('Tom JOHNSTON (SNP)', 6)","('Tom JOHNSTON (SNP)', 6)","('Tom JOHNSTON (SNP)', 7)","('Tom JOHNSTON (SNP)', 7)","('Tom JOHNSTON (SNP)', 7)","('Tom JOHNSTON (SNP)', 7)","('Tom JOHNSTON (SNP)', 7)",60
Ward4-CumbernauldEast_n-lanarks17-004.csv,frozenset({'Gillian FANNAN (Lab)'}),9,"('Tom JOHNSTON (SNP)', 5)","('Tom JOHNSTON (SNP)', 5)","('Tom JOHNSTON (SNP)', 8)","('Tom JOHNSTON (SNP)', 6)","('Tom JOHNSTON (SNP)', 6)","('Tom JOHNSTON (SNP)', 7)","('Tom JOHNSTON (SNP)', 7)","('Tom JOHNSTON (SNP)', 7)","('Tom JOHNSTON (SNP)', 7)","('Tom JOHNSTON (SNP)', 7)",60
Ward4-CumbernauldEast_n-lanarks17-004.csv,frozenset({'Paddy HOGG (SNP)'}),9,"('Tom JOHNSTON (SNP)', 5)","('Tom JOHNSTON (SNP)', 5)","('Tom JOHNSTON (SNP)', 8)","('Tom JOHNSTON (SNP)', 6)","('Tom JOHNSTON (SNP)', 6)","('Tom JOHNSTON (SNP)', 7)","('Tom JOHNSTON (SNP)', 7)","('Tom JOHNSTON (SNP)', 7)","('Tom JOHNSTON (SNP)', 7)","('Tom JOHNSTON (SNP)', 7)",60
Ward4-CumbernauldEast_n-lanarks17-004.csv,frozenset({'David STARK (Con)'}),9,"('Tom JOHNSTON (SNP)', 5)","('Tom JOHNSTON (SNP)', 5)","('Tom JOHNSTON (SNP)', 8)","('Tom JOHNSTON (SNP)', 6)","('Tom JOHNSTON (SNP)', 6)","('Tom JOHNSTON (SNP)', 7)","('Tom JOHNSTON (SNP)', 7)","('Tom JOHNSTON (SNP)', 7)","('Tom JOHNSTON (SNP)', 7)","('Tom JOHNSTON (SNP)', 7)",60
Ward4-CumbernauldEast_n-lanarks17-004.csv,frozenset({'Claire BARCLAY (SNP)'}),9,"('Tom JOHNSTON (SNP)', 5)","('Tom JOHNSTON (SNP)', 5)","('Tom JOHNSTON (SNP)', 8)","('Tom JOHNSTON (SNP)', 6)","('Tom JOHNSTON (SNP)', 6)","('Tom JOHNSTON (SNP)', 7)","('Tom JOHNSTON (SNP)', 7)","('Tom JOHNSTON (SNP)', 7)","('Tom JOHNSTON (SNP)', 7)","('Tom JOHNSTON (SNP)', 7)",60
Ward4-CumbernauldEast_n-lanarks17-004.csv,frozenset({'Stevie GRANT (Lab)'}),9,"('Tom JOHNSTON (SNP)', 5)","('Tom JOHNSTON (SNP)', 5)","('Tom JOHNSTON (SNP)', 8)","('Tom JOHNSTON (SNP)', 6)","('Tom JOHNSTON (SNP)', 6)","('Tom JOHNSTON (SNP)', 7)","('Tom JOHNSTON (SNP)', 7)","('Tom JOHNSTON (SNP)', 7)","('Tom JOHNSTON (SNP)', 7)","('Tom JOHNSTON (SNP)', 7)",60
Ward4-CumbernauldEast_n-lanarks17-004.csv,frozenset({'Tom JOHNSTON (SNP)'}),9,"('Clone', 5)","('Clone', 5)","('Clone', 8)","('Clone', 6)","('Clone', 6)","('Clone', 7)","('Clone', 7)","('Clone', 7)","('Clone', 7)","('Clone', 7)",60
Ward4-CumbernauldEast_n-lanarks17-004.csv,frozenset({'Anne MCCROSSAN (Grn)'}),9,"('Tom JOHNSTON (SNP)', 5)","('Tom JOHNSTON (SNP)', 5)","('Tom JOHNSTON (SNP)', 8)","('Tom JOHNSTON (SNP)', 6)","('Tom JOHNSTON (SNP)', 6)","('Tom JOHNSTON (SNP)', 7)","('Tom JOHNSTON (SNP)', 7)","('Tom JOHNSTON (SNP)', 7)","('Tom JOHNSTON (SNP)', 7)","('Tom JOHNSTON (SNP)', 7)",60
Ward4-CumbernauldEast_n-lanarks17-004.csv,none,8,"('Tom JOHNSTON (SNP)', 4)","('Tom JOHNSTON (SNP)', 4)","('Tom JOHNSTON (SNP)', 7)","('Tom JOHNSTON (SNP)', 5)","('Tom JOHNSTON (SNP)', 5)","('Tom JOHNSTON (SNP)', 6)","('Tom JOHNSTON (SNP)', 6)","('Tom JOHNSTON (SNP)', 6)","('Tom JOHNSTON (SNP)', 6)","('Tom JOHNSTON (SNP)', 6)",70
Ward4-CumbernauldEast_n-lanarks17-004.csv,frozenset({'Andy LOCKE (Soc)'}),9,"('Tom JOHNSTON (SNP)', 5)","('Tom JOHNSTON (SNP)', 5)","('Tom JOHNSTON (SNP)', 8)","('Tom JOHNSTON (SNP)', 6)","('Tom JOHNSTON (SNP)', 6)","('Tom JOHNSTON (SNP)', 7)","('Tom JOHNSTON (SNP)', 7)","('Tom JOHNSTON (SNP)', 7)","('Tom JOHNSTON (SNP)', 7)","('Tom JOHNSTON (SNP)', 7)",70
Ward4-CumbernauldEast_n-lanarks17-004.csv,frozenset({'Gillian FANNAN (Lab)'}),9,"('Tom JOHNSTON (SNP)', 5)","('Tom JOHNSTON (SNP)', 5)","('Tom JOHNSTON (SNP)', 8)","('Tom JOHNSTON (SNP)', 6)","('Tom JOHNSTON (SNP)', 6)","('Tom JOHNSTON (SNP)', 7)","('Tom JOHNSTON (SNP)', 7)","('Tom JOHNSTON (SNP)', 7)","('Tom JOHNSTON (SNP)', 7)","('Tom JOHNSTON (SNP)', 7)",70
Ward4-CumbernauldEast_n-lanarks17-004.csv,frozenset({'Paddy HOGG (SNP)'}),9,"('Tom JOHNSTON (SNP)', 5)","('Tom JOHNSTON (SNP)', 5)","('Tom JOHNSTON (SNP)', 8)","('Tom JOHNSTON (SNP)', 6)","('Tom JOHNSTON (SNP)', 6)","('Tom JOHNSTON (SNP)', 7)","('Tom JOHNSTON (SNP)', 7)","('Tom JOHNSTON (SNP)', 7)","('Tom JOHNSTON (SNP)', 7)","('Tom JOHNSTON (SNP)', 7)",70
Ward4-CumbernauldEast_n-lanarks17-004.csv,frozenset({'David STARK (Con)'}),9,"('Tom JOHNSTON (SNP)', 5)","('Tom JOHNSTON (SNP)', 5)","('Tom JOHNSTON (SNP)', 8)","('Tom JOHNSTON (SNP)', 6)","('Tom JOHNSTON (SNP)', 6)","('Tom JOHNSTON (SNP)', 7)","('Tom JOHNSTON (SNP)', 7)","('Tom JOHNSTON (SNP)', 7)","('Tom JOHNSTON (SNP)', 7)","('Tom JOHNSTON (SNP)', 7)",70
Ward4-CumbernauldEast_n-lanarks17-004.csv,frozenset({'Claire BARCLAY (SNP)'}),9,"('Tom JOHNSTON (SNP)', 5)","('Tom JOHNSTON (SNP)', 5)","('Tom JOHNSTON (SNP)', 8)","('Tom JOHNSTON (SNP)', 6)","('Tom JOHNSTON (SNP)', 6)","('Tom JOHNSTON (SNP)', 7)","('Tom JOHNSTON (SNP)', 7)","('Tom JOHNSTON (SNP)', 7)","('Tom JOHNSTON (SNP)', 7)","('Tom JOHNSTON (SNP)', 7)",70
Ward4-CumbernauldEast_n-lanarks17-004.csv,frozenset({'Stevie GRANT (Lab)'}),9,"('Tom JOHNSTON (SNP)', 5)","('Tom JOHNSTON (SNP)', 5)","('Tom JOHNSTON (SNP)', 8)","('Tom JOHNSTON (SNP)', 6)","('Tom JOHNSTON (SNP)', 6)","('Tom JOHNSTON (SNP)', 7)","('Tom JOHNSTON (SNP)', 7)","('Tom JOHNSTON (SNP)', 7)","('Tom JOHNSTON (SNP)', 7)","('Tom JOHNSTON (SNP)', 7)",70
Ward4-CumbernauldEast_n-lanarks17-004.csv,frozenset({'Tom JOHNSTON (SNP)'}),9,"('Clone', 5)","('Clone', 5)","('Clone', 8)","('Clone', 6)","('Clone', 6)","('Clone', 7)","('Clone', 7)","('Clone', 7)","('Clone', 7)","('Clone', 7)",70
Ward4-CumbernauldEast_n-lanarks17-004.csv,frozenset({'Anne MCCROSSAN (Grn)'}),9,"('Tom JOHNSTON (SNP)', 5)","('Tom JOHNSTON (SNP)', 5)","('Tom JOHNSTON (SNP)', 8)","('Tom JOHNSTON (SNP)', 6)","('Tom JOHNSTON (SNP)', 6)","('Tom JOHNSTON (SNP)', 7)","('Tom JOHNSTON (SNP)', 7)","('Tom JOHNSTON (SNP)', 7)","('Tom JOHNSTON (SNP)', 7)","('Tom JOHNSTON (SNP)', 7)",70
Ward4-CumbernauldEast_n-lanarks17-004.csv,none,8,"('Tom JOHNSTON (SNP)', 4)","('Tom JOHNSTON (SNP)', 4)","('Tom JOHNSTON (SNP)', 7)","('Tom JOHNSTON (SNP)', 5)","('Tom JOHNSTON (SNP)', 5)","('Tom JOHNSTON (SNP)', 6)","('Tom JOHNSTON (SNP)', 6)","('Tom JOHNSTON (SNP)', 6)","('Tom JOHNSTON (SNP)', 6)","('Tom JOHNSTON (SNP)', 6)",80
Ward4-CumbernauldEast_n-lanarks17-004.csv,frozenset({'Andy LOCKE (Soc)'}),9,"('Tom JOHNSTON (SNP)', 5)","('Tom JOHNSTON (SNP)', 5)","('Tom JOHNSTON (SNP)', 8)","('Tom JOHNSTON (SNP)', 6)","('Tom JOHNSTON (SNP)', 6)","('Tom JOHNSTON (SNP)', 7)","('Tom JOHNSTON (SNP)', 7)","('Tom JOHNSTON (SNP)', 7)","('Tom JOHNSTON (SNP)', 7)","('Tom JOHNSTON (SNP)', 7)",80
Ward4-CumbernauldEast_n-lanarks17-004.csv,frozenset({'Gillian FANNAN (Lab)'}),9,"('Tom JOHNSTON (SNP)', 5)","('Tom JOHNSTON (SNP)', 5)","('Tom JOHNSTON (SNP)', 8)","('Tom JOHNSTON (SNP)', 6)","('Tom JOHNSTON (SNP)', 6)","('Tom JOHNSTON (SNP)', 7)","('Tom JOHNSTON (SNP)', 7)","('Tom JOHNSTON (SNP)', 7)","('Tom JOHNSTON (SNP)', 7)","('Tom JOHNSTON (SNP)', 7)",80
Ward4-CumbernauldEast_n-lanarks17-004.csv,frozenset({'Paddy HOGG (SNP)'}),9,"('Tom JOHNSTON (SNP)', 5)","('Tom JOHNSTON (SNP)', 5)","('Tom JOHNSTON (SNP)', 8)","('Tom JOHNSTON (SNP)', 6)","('Tom JOHNSTON (SNP)', 6)","('Tom JOHNSTON (SNP)', 7)","('Tom JOHNSTON (SNP)', 7)","('Tom JOHNSTON (SNP)', 7)","('Tom JOHNSTON (SNP)', 7)","('Tom JOHNSTON (SNP)', 7)",80
Ward4-CumbernauldEast_n-lanarks17-004.csv,frozenset({'David STARK (Con)'}),9,"('Tom JOHNSTON (SNP)', 5)","('Tom JOHNSTON (SNP)', 5)","('Tom JOHNSTON (SNP)', 8)","('Tom JOHNSTON (SNP)', 6)","('Tom JOHNSTON (SNP)', 6)","('Tom JOHNSTON (SNP)', 7)","('Tom JOHNSTON (SNP)', 7)","('Tom JOHNSTON (SNP)', 7)","('Tom JOHNSTON (SNP)', 7)","('Tom JOHNSTON (SNP)', 7)",80
Ward4-CumbernauldEast_n-lanarks17-004.csv,frozenset({'Claire BARCLAY (SNP)'}),9,"('Tom JOHNSTON (SNP)', 5)","('Tom JOHNSTON (SNP)', 5)","('Tom JOHNSTON (SNP)', 8)","('Tom JOHNSTON (SNP)', 6)","('Tom JOHNSTON (SNP)', 6)","('Tom JOHNSTON (SNP)', 7)","('Tom JOHNSTON (SNP)', 7)","('Tom JOHNSTON (SNP)', 7)","('Tom JOHNSTON (SNP)', 7)","('Tom JOHNSTON (SNP)', 7)",80
Ward4-CumbernauldEast_n-lanarks17-004.csv,frozenset({'Stevie GRANT (Lab)'}),9,"('Tom JOHNSTON (SNP)', 5)","('Tom JOHNSTON (SNP)', 5)","('Tom JOHNSTON (SNP)', 8)","('Tom JOHNSTON (SNP)', 6)","('Tom JOHNSTON (SNP)', 6)","('Tom JOHNSTON (SNP)', 7)","('Tom JOHNSTON (SNP)', 7)","('Tom JOHNSTON (SNP)', 7)","('Tom JOHNSTON (SNP)', 7)","('Tom JOHNSTON (SNP)', 7)",80
Ward4-CumbernauldEast_n-lanarks17-004.csv,frozenset({'Tom JOHNSTON (SNP)'}),9,"('Clone', 5)","('Clone', 5)","('Clone', 8)","('Clone', 6)","('Clone', 6)","('Clone', 7)","('Clone', 7)","('Clone', 7)","('Clone', 7)","('Clone', 7)",80
Ward4-CumbernauldEast_n-lanarks17-004.csv,frozenset({'Anne MCCROSSAN (Grn)'}),9,"('Tom JOHNSTON (SNP)', 5)","('Tom JOHNSTON (SNP)', 5)","('Tom JOHNSTON (SNP)', 8)","('Tom JOHNSTON (SNP)', 6)","('Tom JOHNSTON (SNP)', 6)","('Tom JOHNSTON (SNP)', 7)","('Tom JOHNSTON (SNP)', 7)","('Tom JOHNSTON (SNP)', 7)","('Tom JOHNSTON (SNP)', 7)","('Tom JOHNSTON (SNP)', 7)",80
Ward4-CumbernauldEast_n-lanarks17-004.csv,none,8,"('Tom JOHNSTON (SNP)', 4)","('Tom JOHNSTON (SNP)', 4)","('Tom JOHNSTON (SNP)', 7)","('Tom JOHNSTON (SNP)', 5)","('Tom JOHNSTON (SNP)', 5)","('Tom JOHNSTON (SNP)', 6)","('Tom JOHNSTON (SNP)', 6)","('Tom JOHNSTON (SNP)', 6)","('Tom JOHNSTON (SNP)', 6)","('Tom JOHNSTON (SNP)', 6)",90
Ward4-CumbernauldEast_n-lanarks17-004.csv,frozenset({'Andy LOCKE (Soc)'}),9,"('Tom JOHNSTON (SNP)', 5)","('Tom JOHNSTON (SNP)', 5)","('Tom JOHNSTON (SNP)', 8)","('Tom JOHNSTON (SNP)', 6)","('Tom JOHNSTON (SNP)', 6)","('Tom JOHNSTON (SNP)', 7)","('Tom JOHNSTON (SNP)', 7)","('Tom JOHNSTON (SNP)', 7)","('Tom JOHNSTON (SNP)', 7)","('Tom JOHNSTON (SNP)', 7)",90
Ward4-CumbernauldEast_n-lanarks17-004.csv,frozenset({'Gillian FANNAN (Lab)'}),9,"('Tom JOHNSTON (SNP)', 5)","('Tom JOHNSTON (SNP)', 5)","('Tom JOHNSTON (SNP)', 8)","('Tom JOHNSTON (SNP)', 6)","('Tom JOHNSTON (SNP)', 6)","('Tom JOHNSTON (SNP)', 7)","('Tom JOHNSTON (SNP)', 7)","('Tom JOHNSTON (SNP)', 7)","('Tom JOHNSTON (SNP)', 7)","('Tom JOHNSTON (SNP)', 7)",90
Ward4-CumbernauldEast_n-lanarks17-004.csv,frozenset({'Paddy HOGG (SNP)'}),9,"('Tom JOHNSTON (SNP)', 5)","('Tom JOHNSTON (SNP)', 5)","('Tom JOHNSTON (SNP)', 8)","('Tom JOHNSTON (SNP)', 6)","('Tom JOHNSTON (SNP)', 6)","('Tom JOHNSTON (SNP)', 7)","('Tom JOHNSTON (SNP)', 7)","('Tom JOHNSTON (SNP)', 7)","('Tom JOHNSTON (SNP)', 7)","('Tom JOHNSTON (SNP)', 7)",90
Ward4-CumbernauldEast_n-lanarks17-004.csv,frozenset({'David STARK (Con)'}),9,"('Tom JOHNSTON (SNP)', 5)","('Tom JOHNSTON (SNP)', 5)","('Tom JOHNSTON (SNP)', 8)","('Tom JOHNSTON (SNP)', 6)","('Tom JOHNSTON (SNP)', 6)","('Tom JOHNSTON (SNP)', 7)","('Tom JOHNSTON (SNP)', 7)","('Tom JOHNSTON (SNP)', 7)","('Tom JOHNSTON (SNP)', 7)","('Tom JOHNSTON (SNP)', 7)",90
Ward4-CumbernauldEast_n-lanarks17-004.csv,frozenset({'Claire BARCLAY (SNP)'}),9,"('Tom JOHNSTON (SNP)', 5)","('Tom JOHNSTON (SNP)', 5)","('Tom JOHNSTON (SNP)', 8)","('Tom JOHNSTON (SNP)', 6)","('Tom JOHNSTON (SNP)', 6)","('Tom JOHNSTON (SNP)', 7)","('Tom JOHNSTON (SNP)', 7)","('Tom JOHNSTON (SNP)', 7)","('Tom JOHNSTON (SNP)', 7)","('Tom JOHNSTON (SNP)', 7)",90
Ward4-CumbernauldEast_n-lanarks17-004.csv,frozenset({'Stevie GRANT (Lab)'}),9,"('Tom JOHNSTON (SNP)', 5)","('Tom JOHNSTON (SNP)', 5)","('Tom JOHNSTON (SNP)', 8)","('Tom JOHNSTON (SNP)', 6)","('Tom JOHNSTON (SNP)', 6)","('Tom JOHNSTON (SNP)', 7)","('Tom JOHNSTON (SNP)', 7)","('Tom JOHNSTON (SNP)', 7)","('Tom JOHNSTON (SNP)', 7)","('Tom JOHNSTON (SNP)', 7)",90
Ward4-CumbernauldEast_n-lanarks17-004.csv,frozenset({'Tom JOHNSTON (SNP)'}),9,"('Clone', 5)","('Clone', 5)","('Clone', 8)","('Clone', 6)","('Clone', 6)","('Clone', 7)","('Clone', 7)","('Clone', 7)","('Clone', 7)","('Clone', 7)",90
Ward4-CumbernauldEast_n-lanarks17-004.csv,frozenset({'Anne MCCROSSAN (Grn)'}),9,"('Tom JOHNSTON (SNP)', 5)","('Tom JOHNSTON (SNP)', 5)","('Tom JOHNSTON (SNP)', 8)","('Tom JOHNSTON (SNP)', 6)","('Tom JOHNSTON (SNP)', 6)","('Tom JOHNSTON (SNP)', 7)","('Tom JOHNSTON (SNP)', 7)","('Tom JOHNSTON (SNP)', 7)","('Tom JOHNSTON (SNP)', 7)","('Tom JOHNSTON (SNP)', 7)",90
Ward21NorthEast_glasgow17-021.csv,none,8,"('Maureen BURKE (Lab)', 8)","('Maureen BURKE (Lab)', 8)","('Maureen BURKE (Lab)', 8)","('Maureen BURKE (Lab)', 8)","('Maureen BURKE (Lab)', 8)","('Ruairi KELLY (SNP)', 7)","('Ruairi KELLY (SNP)', 7)","('Maureen BURKE (Lab)', 8)","('Maureen BURKE (Lab)', 8)","('Maureen BURKE (Lab)', 8)",0
Ward21NorthEast_glasgow17-021.csv,frozenset({'Frances HOWELL (Con)'}),9,"('Ruairi KELLY (SNP)', 9)","('Ruairi KELLY (SNP)', 9)","('Ruairi KELLY (SNP)', 9)","('Ruairi KELLY (SNP)', 9)","('Ruairi KELLY (SNP)', 9)","('Ruairi KELLY (SNP)', 8)","('Ruairi KELLY (SNP)', 8)","('Ruairi KELLY (SNP)', 9)","('Ruairi KELLY (SNP)', 9)","('Ruairi KELLY (SNP)', 9)",0
Ward21NorthEast_glasgow17-021.csv,frozenset({'Maureen BURKE (Lab)'}),9,"('Ruairi KELLY (SNP)', 9)","('Ruairi KELLY (SNP)', 9)","('Ruairi KELLY (SNP)', 9)","('Ruairi KELLY (SNP)', 9)","('Ruairi KELLY (SNP)', 9)","('Ruairi KELLY (SNP)', 8)","('Ruairi KELLY (SNP)', 8)","('Ruairi KELLY (SNP)', 9)","('Ruairi KELLY (SNP)', 9)","('Ruairi KELLY (SNP)', 9)",0
Ward21NorthEast_glasgow17-021.csv,frozenset({'Carole URE (Grn)'}),9,"('Ruairi KELLY (SNP)', 9)","('Ruairi KELLY (SNP)', 9)","('Ruairi KELLY (SNP)', 9)","('Ruairi KELLY (SNP)', 9)","('Ruairi KELLY (SNP)', 9)","('Ruairi KELLY (SNP)', 8)","('Ruairi KELLY (SNP)', 8)","('Ruairi KELLY (SNP)', 9)","('Ruairi KELLY (SNP)', 9)","('Ruairi KELLY (SNP)', 9)",0
Ward21NorthEast_glasgow17-021.csv,frozenset({'Jenny KIERNAN (Sol)'}),9,"('Ruairi KELLY (SNP)', 9)","('Ruairi KELLY (SNP)', 9)","('Ruairi KELLY (SNP)', 9)","('Ruairi KELLY (SNP)', 9)","('Ruairi KELLY (SNP)', 9)","('Ruairi KELLY (SNP)', 8)","('Ruairi KELLY (SNP)', 8)","('Ruairi KELLY (SNP)', 9)","('Ruairi KELLY (SNP)', 9)","('Ruairi KELLY (SNP)', 9)",0
Ward21NorthEast_glasgow17-021.csv,frozenset({'Gerry BOYLE (Ind)'}),9,"('Ruairi KELLY (SNP)', 9)","('Ruairi KELLY (SNP)', 9)","('Ruairi KELLY (SNP)', 9)","('Ruairi KELLY (SNP)', 9)","('Ruairi KELLY (SNP)', 9)","('Ruairi KELLY (SNP)', 8)","('Ruairi KELLY (SNP)', 8)","('Ruairi KELLY (SNP)', 9)","('Ruairi KELLY (SNP)', 9)","('Ruairi KELLY (SNP)', 9)",0
Ward21NorthEast_glasgow17-021.csv,frozenset({'Mandy MORGAN (SNP)'}),9,"('Ruairi KELLY (SNP)', 9)","('Ruairi KELLY (SNP)', 9)","('Ruairi KELLY (SNP)', 9)","('Ruairi KELLY (SNP)', 9)","('Ruairi KELLY (SNP)', 9)","('Ruairi KELLY (SNP)', 8)","('Ruairi KELLY (SNP)', 8)","('Ruairi KELLY (SNP)', 9)","('Ruairi KELLY (SNP)', 9)","('Ruairi KELLY (SNP)', 9)",0
Ward21NorthEast_glasgow17-021.csv,frozenset({'Ruairi KELLY (SNP)'}),9,"('Ruairi KELLY (SNP)', 9)","('Ruairi KELLY (SNP)', 9)","('Ruairi KELLY (SNP)', 9)","('Ruairi KELLY (SNP)', 9)","('Ruairi KELLY (SNP)', 9)","('Ruairi KELLY (SNP)', 8)","('Ruairi KELLY (SNP)', 8)","('Ruairi KELLY (SNP)', 9)","('Ruairi KELLY (SNP)', 9)","('Ruairi KELLY (SNP)', 9)",0
Ward21NorthEast_glasgow17-021.csv,frozenset({'Stephen DOCHERTY (Lab)'}),9,"('Ruairi KELLY (SNP)', 9)","('Ruairi KELLY (SNP)', 9)","('Ruairi KELLY (SNP)', 9)","('Ruairi KELLY (SNP)', 9)","('Ruairi KELLY (SNP)', 9)","('Ruairi KELLY (SNP)', 8)","('Ruairi KELLY (SNP)', 8)","('Ruairi KELLY (SNP)', 9)","('Ruairi KELLY (SNP)', 9)","('Ruairi KELLY (SNP)', 9)",0
Ward21NorthEast_glasgow17-021.csv,none,8,"('Maureen BURKE (Lab)', 8)","('Maureen BURKE (Lab)', 8)","('Maureen BURKE (Lab)', 8)","('Maureen BURKE (Lab)', 8)","('Maureen BURKE (Lab)', 8)","('Ruairi KELLY (SNP)', 7)","('Ruairi KELLY (SNP)', 7)","('Maureen BURKE (Lab)', 8)","('Maureen BURKE (Lab)', 8)","('Maureen BURKE (Lab)', 8)",10
Ward21NorthEast_glasgow17-021.csv,frozenset({'Frances HOWELL (Con)'}),9,"('Ruairi KELLY (SNP)', 9)","('Ruairi KELLY (SNP)', 9)","('Ruairi KELLY (SNP)', 9)","('Ruairi KELLY (SNP)', 9)","('Ruairi KELLY (SNP)', 9)","('Ruairi KELLY (SNP)', 8)","('Ruairi KELLY (SNP)', 8)","('Ruairi KELLY (SNP)', 9)","('Ruairi KELLY (SNP)', 9)","('Ruairi KELLY (SNP)', 9)",10
Ward21NorthEast_glasgow17-021.csv,frozenset({'Maureen BURKE (Lab)'}),9,"('Ruairi KELLY (SNP)', 9)","('Ruairi KELLY (SNP)', 9)","('Ruairi KELLY (SNP)', 9)","('Ruairi KELLY (SNP)', 9)","('Ruairi KELLY (SNP)', 9)","('Ruairi KELLY (SNP)', 8)","('Ruairi KELLY (SNP)', 8)","('Ruairi KELLY (SNP)', 9)","('Ruairi KELLY (SNP)', 9)","('Ruairi KELLY (SNP)', 9)",10
Ward21NorthEast_glasgow17-021.csv,frozenset({'Carole URE (Grn)'}),9,"('Ruairi KELLY (SNP)', 9)","('Ruairi KELLY (SNP)', 9)","('Ruairi KELLY (SNP)', 9)","('Ruairi KELLY (SNP)', 9)","('Ruairi KELLY (SNP)', 9)","('Ruairi KELLY (SNP)', 8)","('Ruairi KELLY (SNP)', 8)","('Ruairi KELLY (SNP)', 9)","('Ruairi KELLY (SNP)', 9)","('Ruairi KELLY (SNP)', 9)",10
Ward21NorthEast_glasgow17-021.csv,frozenset({'Jenny KIERNAN (Sol)'}),9,"('Ruairi KELLY (SNP)', 9)","('Ruairi KELLY (SNP)', 9)","('Ruairi KELLY (SNP)', 9)","('Ruairi KELLY (SNP)', 9)","('Ruairi KELLY (SNP)', 9)","('Ruairi KELLY (SNP)', 8)","('Ruairi KELLY (SNP)', 8)","('Ruairi KELLY (SNP)', 9)","('Ruairi KELLY (SNP)', 9)","('Ruairi KELLY (SNP)', 9)",10
Ward21NorthEast_glasgow17-021.csv,frozenset({'Gerry BOYLE (Ind)'}),9,"('Ruairi KELLY (SNP)', 9)","('Ruairi KELLY (SNP)', 9)","('Ruairi KELLY (SNP)', 9)","('Ruairi KELLY (SNP)', 9)","('Ruairi KELLY (SNP)', 9)","('Ruairi KELLY (SNP)', 8)","('Ruairi KELLY (SNP)', 8)","('Ruairi KELLY (SNP)', 9)","('Ruairi KELLY (SNP)', 9)","('Ruairi KELLY (SNP)', 9)",10
Ward21NorthEast_glasgow17-021.csv,frozenset({'Mandy MORGAN (SNP)'}),9,"('Ruairi KELLY (SNP)', 9)","('Ruairi KELLY (SNP)', 9)","('Ruairi KELLY (SNP)', 9)","('Ruairi KELLY (SNP)', 9)","('Ruairi KELLY (SNP)', 9)","('Ruairi KELLY (SNP)', 8)","('Ruairi KELLY (SNP)', 8)","('Ruairi KELLY (SNP)', 9)","('Ruairi KELLY (SNP)', 9)","('Ruairi KELLY (SNP)', 9)",10
Ward21NorthEast_glasgow17-021.csv,frozenset({'Ruairi KELLY (SNP)'}),9,"('Clone', 9)","('Ruairi KELLY (SNP)', 9)","('Ruairi KELLY (SNP)', 9)","('Ruairi KELLY (SNP)', 9)","('Ruairi KELLY (SNP)', 9)","('Ruairi KELLY (SNP)', 8)","('Ruairi KELLY (SNP)', 8)","('Ruairi KELLY (SNP)', 9)","('Ruairi KELLY (SNP)', 9)","('Ruairi KELLY (SNP)', 9)",10
Ward21NorthEast_glasgow17-021.csv,frozenset({'Stephen DOCHERTY (Lab)'}),9,"('Ruairi KELLY (SNP)', 9)","('Ruairi KELLY (SNP)', 9)","('Ruairi KELLY (SNP)', 9)","('Ruairi KELLY (SNP)', 9)","('Ruairi KELLY (SNP)', 9)","('Ruairi KELLY (SNP)', 8)","('Ruairi KELLY (SNP)', 8)","('Ruairi KELLY (SNP)', 9)","('Ruairi KELLY (SNP)', 9)","('Ruairi KELLY (SNP)', 9)",10
Ward21NorthEast_glasgow17-021.csv,none,8,"('Maureen BURKE (Lab)', 8)","('Maureen BURKE (Lab)', 8)","('Maureen BURKE (Lab)', 8)","('Maureen BURKE (Lab)', 8)","('Maureen BURKE (Lab)', 8)","('Ruairi KELLY (SNP)', 7)","('Ruairi KELLY (SNP)', 7)","('Maureen BURKE (Lab)', 8)","('Maureen BURKE (Lab)', 8)","('Maureen BURKE (Lab)', 8)",20
Ward21NorthEast_glasgow17-021.csv,frozenset({'Frances HOWELL (Con)'}),9,"('Ruairi KELLY (SNP)', 9)","('Ruairi KELLY (SNP)', 9)","('Ruairi KELLY (SNP)', 9)","('Ruairi KELLY (SNP)', 9)","('Ruairi KELLY (SNP)', 9)","('Ruairi KELLY (SNP)', 8)","('Ruairi KELLY (SNP)', 8)","('Ruairi KELLY (SNP)', 9)","('Ruairi KELLY (SNP)', 9)","('Ruairi KELLY (SNP)', 9)",20
Ward21NorthEast_glasgow17-021.csv,frozenset({'Maureen BURKE (Lab)'}),9,"('Ruairi KELLY (SNP)', 9)","('Ruairi KELLY (SNP)', 9)","('Ruairi KELLY (SNP)', 9)","('Ruairi KELLY (SNP)', 9)","('Ruairi KELLY (SNP)', 9)","('Ruairi KELLY (SNP)', 8)","('Ruairi KELLY (SNP)', 8)","('Ruairi KELLY (SNP)', 9)","('Ruairi KELLY (SNP)', 9)","('Ruairi KELLY (SNP)', 9)",20
Ward21NorthEast_glasgow17-021.csv,frozenset({'Carole URE (Grn)'}),9,"('Ruairi KELLY (SNP)', 9)","('Ruairi KELLY (SNP)', 9)","('Ruairi KELLY (SNP)', 9)","('Ruairi KELLY (SNP)', 9)","('Ruairi KELLY (SNP)', 9)","('Ruairi KELLY (SNP)', 8)","('Ruairi KELLY (SNP)', 8)","('Ruairi KELLY (SNP)', 9)","('Ruairi KELLY (SNP)', 9)","('Ruairi KELLY (SNP)', 9)",20
Ward21NorthEast_glasgow17-021.csv,frozenset({'Jenny KIERNAN (Sol)'}),9,"('Ruairi KELLY (SNP)', 9)","('Ruairi KELLY (SNP)', 9)","('Ruairi KELLY (SNP)', 9)","('Ruairi KELLY (SNP)', 9)","('Ruairi KELLY (SNP)', 9)","('Ruairi KELLY (SNP)', 8)","('Ruairi KELLY (SNP)', 8)","('Ruairi KELLY (SNP)', 9)","('Ruairi KELLY (SNP)', 9)","('Ruairi KELLY (SNP)', 9)",20
Ward21NorthEast_glasgow17-021.csv,frozenset({'Gerry BOYLE (Ind)'}),9,"('Ruairi KELLY (SNP)', 9)","('Ruairi KELLY (SNP)', 9)","('Ruairi KELLY (SNP)', 9)","('Ruairi KELLY (SNP)', 9)","('Ruairi KELLY (SNP)', 9)","('Ruairi KELLY (SNP)', 8)","('Ruairi KELLY (SNP)', 8)","('Ruairi KELLY (SNP)', 9)","('Ruairi KELLY (SNP)', 9)","('Ruairi KELLY (SNP)', 9)",20
Ward21NorthEast_glasgow17-021.csv,frozenset({'Mandy MORGAN (SNP)'}),9,"('Ruairi KELLY (SNP)', 9)","('Ruairi KELLY (SNP)', 9)","('Ruairi KELLY (SNP)', 9)","('Ruairi KELLY (SNP)', 9)","('Ruairi KELLY (SNP)', 9)","('Ruairi KELLY (SNP)', 8)","('Ruairi KELLY (SNP)', 8)","('Ruairi KELLY (SNP)', 9)","('Ruairi KELLY (SNP)', 9)","('Ruairi KELLY (SNP)', 9)",20
Ward21NorthEast_glasgow17-021.csv,frozenset({'Ruairi KELLY (SNP)'}),9,"('Clone', 9)","('Ruairi KELLY (SNP)', 9)","('Ruairi KELLY (SNP)', 9)","('Ruairi KELLY (SNP)', 9)","('Ruairi KELLY (SNP)', 9)","('Ruairi KELLY (SNP)', 8)","('Ruairi KELLY (SNP)', 8)","('Ruairi KELLY (SNP)', 9)","('Ruairi KELLY (SNP)', 9)","('Ruairi KELLY (SNP)', 9)",20
Ward21NorthEast_glasgow17-021.csv,frozenset({'Stephen DOCHERTY (Lab)'}),9,"('Ruairi KELLY (SNP)', 9)","('Ruairi KELLY (SNP)', 9)","('Ruairi KELLY (SNP)', 9)","('Ruairi KELLY (SNP)', 9)","('Ruairi KELLY (SNP)', 9)","('Ruairi KELLY (SNP)', 8)","('Ruairi KELLY (SNP)', 8)","('Ruairi KELLY (SNP)', 9)","('Ruairi KELLY (SNP)', 9)","('Ruairi KELLY (SNP)', 9)",20
Ward21NorthEast_glasgow17-021.csv,none,8,"('Maureen BURKE (Lab)', 8)","('Maureen BURKE (Lab)', 8)","('Maureen BURKE (Lab)', 8)","('Maureen BURKE (Lab)', 8)","('Maureen BURKE (Lab)', 8)","('Ruairi KELLY (SNP)', 7)","('Ruairi KELLY (SNP)', 7)","('Maureen BURKE (Lab)', 8)","('Maureen BURKE (Lab)', 8)","('Maureen BURKE (Lab)', 8)",30
Ward21NorthEast_glasgow17-021.csv,frozenset({'Frances HOWELL (Con)'}),9,"('Ruairi KELLY (SNP)', 9)","('Ruairi KELLY (SNP)', 9)","('Ruairi KELLY (SNP)', 9)","('Ruairi KELLY (SNP)', 9)","('Ruairi KELLY (SNP)', 9)","('Ruairi KELLY (SNP)', 8)","('Ruairi KELLY (SNP)', 8)","('Ruairi KELLY (SNP)', 9)","('Ruairi KELLY (SNP)', 9)","('Ruairi KELLY (SNP)', 9)",30
Ward21NorthEast_glasgow17-021.csv,frozenset({'Maureen BURKE (Lab)'}),9,"('Ruairi KELLY (SNP)', 9)","('Ruairi KELLY (SNP)', 9)","('Ruairi KELLY (SNP)', 9)","('Ruairi KELLY (SNP)', 9)","('Ruairi KELLY (SNP)', 9)","('Ruairi KELLY (SNP)', 8)","('Ruairi KELLY (SNP)', 8)","('Ruairi KELLY (SNP)', 9)","('Ruairi KELLY (SNP)', 9)","('Ruairi KELLY (SNP)', 9)",30
Ward21NorthEast_glasgow17-021.csv,frozenset({'Carole URE (Grn)'}),9,"('Ruairi KELLY (SNP)', 9)","('Ruairi KELLY (SNP)', 9)","('Ruairi KELLY (SNP)', 9)","('Ruairi KELLY (SNP)', 9)","('Ruairi KELLY (SNP)', 9)","('Ruairi KELLY (SNP)', 8)","('Ruairi KELLY (SNP)', 8)","('Ruairi KELLY (SNP)', 9)","('Ruairi KELLY (SNP)', 9)","('Ruairi KELLY (SNP)', 9)",30
Ward21NorthEast_glasgow17-021.csv,frozenset({'Jenny KIERNAN (Sol)'}),9,"('Ruairi KELLY (SNP)', 9)","('Ruairi KELLY (SNP)', 9)","('Ruairi KELLY (SNP)', 9)","('Ruairi KELLY (SNP)', 9)","('Ruairi KELLY (SNP)', 9)","('Ruairi KELLY (SNP)', 8)","('Ruairi KELLY (SNP)', 8)","('Ruairi KELLY (SNP)', 9)","('Ruairi KELLY (SNP)', 9)","('Ruairi KELLY (SNP)', 9)",30
Ward21NorthEast_glasgow17-021.csv,frozenset({'Gerry BOYLE (Ind)'}),9,"('Ruairi KELLY (SNP)', 9)","('Ruairi KELLY (SNP)', 9)","('Ruairi KELLY (SNP)', 9)","('Ruairi KELLY (SNP)', 9)","('Ruairi KELLY (SNP)', 9)","('Ruairi KELLY (SNP)', 8)","('Ruairi KELLY (SNP)', 8)","('Ruairi KELLY (SNP)', 9)","('Ruairi KELLY (SNP)', 9)","('Ruairi KELLY (SNP)', 9)",30
Ward21NorthEast_glasgow17-021.csv,frozenset({'Mandy MORGAN (SNP)'}),9,"('Ruairi KELLY (SNP)', 9)","('Ruairi KELLY (SNP)', 9)","('Ruairi KELLY (SNP)', 9)","('Ruairi KELLY (SNP)', 9)","('Ruairi KELLY (SNP)', 9)","('Ruairi KELLY (SNP)', 8)","('Ruairi KELLY (SNP)', 8)","('Ruairi KELLY (SNP)', 9)","('Ruairi KELLY (SNP)', 9)","('Ruairi KELLY (SNP)', 9)",30
Ward21NorthEast_glasgow17-021.csv,frozenset({'Ruairi KELLY (SNP)'}),9,"('Clone', 9)","('Ruairi KELLY (SNP)', 9)","('Ruairi KELLY (SNP)', 9)","('Ruairi KELLY (SNP)', 9)","('Ruairi KELLY (SNP)', 9)","('Ruairi KELLY (SNP)', 8)","('Ruairi KELLY (SNP)', 8)","('Ruairi KELLY (SNP)', 9)","('Ruairi KELLY (SNP)', 9)","('Ruairi KELLY (SNP)', 9)",30
Ward21NorthEast_glasgow17-021.csv,frozenset({'Stephen DOCHERTY (Lab)'}),9,"('Ruairi KELLY (SNP)', 9)","('Ruairi KELLY (SNP)', 9)","('Ruairi KELLY (SNP)', 9)","('Ruairi KELLY (SNP)', 9)","('Ruairi KELLY (SNP)', 9)","('Ruairi KELLY (SNP)', 8)","('Ruairi KELLY (SNP)', 8)","('Ruairi KELLY (SNP)', 9)","('Ruairi KELLY (SNP)', 9)","('Ruairi KELLY (SNP)', 9)",30
Ward21NorthEast_glasgow17-021.csv,none,8,"('Maureen BURKE (Lab)', 8)","('Maureen BURKE (Lab)', 8)","('Maureen BURKE (Lab)', 8)","('Maureen BURKE (Lab)', 8)","('Maureen BURKE (Lab)', 8)","('Ruairi KELLY (SNP)', 7)","('Ruairi KELLY (SNP)', 7)","('Maureen BURKE (Lab)', 8)","('Maureen BURKE (Lab)', 8)","('Maureen BURKE (Lab)', 8)",40
Ward21NorthEast_glasgow17-021.csv,frozenset({'Frances HOWELL (Con)'}),9,"('Ruairi KELLY (SNP)', 9)","('Ruairi KELLY (SNP)', 9)","('Ruairi KELLY (SNP)', 9)","('Ruairi KELLY (SNP)', 9)","('Ruairi KELLY (SNP)', 9)","('Ruairi KELLY (SNP)', 8)","('Ruairi KELLY (SNP)', 8)","('Ruairi KELLY (SNP)', 9)","('Ruairi KELLY (SNP)', 9)","('Ruairi KELLY (SNP)', 9)",40
Ward21NorthEast_glasgow17-021.csv,frozenset({'Maureen BURKE (Lab)'}),9,"('Ruairi KELLY (SNP)', 9)","('Ruairi KELLY (SNP)', 9)","('Ruairi KELLY (SNP)', 9)","('Ruairi KELLY (SNP)', 9)","('Ruairi KELLY (SNP)', 9)","('Ruairi KELLY (SNP)', 9)","('Ruairi KELLY (SNP)', 9)","('Ruairi KELLY (SNP)', 9)","('Ruairi KELLY (SNP)', 9)","('Ruairi KELLY (SNP)', 9)",40
Ward21NorthEast_glasgow17-021.csv,frozenset({'Carole URE (Grn)'}),9,"('Ruairi KELLY (SNP)', 9)","('Ruairi KELLY (SNP)', 9)","('Ruairi KELLY (SNP)', 9)","('Ruairi KELLY (SNP)', 9)","('Ruairi KELLY (SNP)', 9)","('Ruairi KELLY (SNP)', 8)","('Ruairi KELLY (SNP)', 8)","('Ruairi KELLY (SNP)', 9)","('Ruairi KELLY (SNP)', 9)","('Ruairi KELLY (SNP)', 9)",40
Ward21NorthEast_glasgow17-021.csv,frozenset({'Jenny KIERNAN (Sol)'}),9,"('Ruairi KELLY (SNP)', 9)","('Ruairi KELLY (SNP)', 9)","('Ruairi KELLY (SNP)', 9)","('Ruairi KELLY (SNP)', 9)","('Ruairi KELLY (SNP)', 9)","('Ruairi KELLY (SNP)', 8)","('Ruairi KELLY (SNP)', 8)","('Ruairi KELLY (SNP)', 9)","('Ruairi KELLY (SNP)', 9)","('Ruairi KELLY (SNP)', 9)",40
Ward21NorthEast_glasgow17-021.csv,frozenset({'Gerry BOYLE (Ind)'}),9,"('Ruairi KELLY (SNP)', 9)","('Ruairi KELLY (SNP)', 9)","('Ruairi KELLY (SNP)', 9)","('Ruairi KELLY (SNP)', 9)","('Ruairi KELLY (SNP)', 9)","('Ruairi KELLY (SNP)', 8)","('Ruairi KELLY (SNP)', 8)","('Ruairi KELLY (SNP)', 9)","('Ruairi KELLY (SNP)', 9)","('Ruairi KELLY (SNP)', 9)",40
Ward21NorthEast_glasgow17-021.csv,frozenset({'Mandy MORGAN (SNP)'}),9,"('Ruairi KELLY (SNP)', 9)","('Ruairi KELLY (SNP)', 9)","('Ruairi KELLY (SNP)', 9)","('Ruairi KELLY (SNP)', 9)","('Ruairi KELLY (SNP)', 9)","('Ruairi KELLY (SNP)', 8)","('Ruairi KELLY (SNP)', 8)","('Ruairi KELLY (SNP)', 9)","('Ruairi KELLY (SNP)', 9)","('Ruairi KELLY (SNP)', 9)",40
Ward21NorthEast_glasgow17-021.csv,frozenset({'Ruairi KELLY (SNP)'}),9,"('Clone', 9)","('Clone', 9)","('Ruairi KELLY (SNP)', 9)","('Clone', 9)","('Clone', 9)","('Clone', 8)","('Clone', 8)","('Ruairi KELLY (SNP)', 9)","('Ruairi KELLY (SNP)', 9)","('Clone', 9)",40
Ward21NorthEast_glasgow17-021.csv,frozenset({'Stephen DOCHERTY (Lab)'}),9,"('Ruairi KELLY (SNP)', 9)","('Ruairi KELLY (SNP)', 9)","('Ruairi KELLY (SNP)', 9)","('Ruairi KELLY (SNP)', 9)","('Ruairi KELLY (SNP)', 9)","('Ruairi KELLY (SNP)', 8)","('Ruairi KELLY (SNP)', 8)","('Ruairi KELLY (SNP)', 9)","('Ruairi KELLY (SNP)', 9)","('Ruairi KELLY (SNP)', 9)",40
Ward21NorthEast_glasgow17-021.csv,none,8,"('Maureen BURKE (Lab)', 8)","('Maureen BURKE (Lab)', 8)","('Maureen BURKE (Lab)', 8)","('Maureen BURKE (Lab)', 8)","('Maureen BURKE (Lab)', 8)","('Ruairi KELLY (SNP)', 7)","('Ruairi KELLY (SNP)', 7)","('Maureen BURKE (Lab)', 8)","('Maureen BURKE (Lab)', 8)","('Maureen BURKE (Lab)', 8)",50
Ward21NorthEast_glasgow17-021.csv,frozenset({'Frances HOWELL (Con)'}),9,"('Ruairi KELLY (SNP)', 9)","('Ruairi KELLY (SNP)', 9)","('Ruairi KELLY (SNP)', 9)","('Ruairi KELLY (SNP)', 9)","('Ruairi KELLY (SNP)', 9)","('Ruairi KELLY (SNP)', 8)","('Ruairi KELLY (SNP)', 8)","('Ruairi KELLY (SNP)', 9)","('Ruairi KELLY (SNP)', 9)","('Ruairi KELLY (SNP)', 9)",50
Ward21NorthEast_glasgow17-021.csv,frozenset({'Maureen BURKE (Lab)'}),9,"('Ruairi KELLY (SNP)', 9)","('Ruairi KELLY (SNP)', 9)","('Ruairi KELLY (SNP)', 9)","('Ruairi KELLY (SNP)', 9)","('Ruairi KELLY (SNP)', 9)","('Ruairi KELLY (SNP)', 8)","('Ruairi KELLY (SNP)', 8)","('Ruairi KELLY (SNP)', 9)","('Ruairi KELLY (SNP)', 9)","('Ruairi KELLY (SNP)', 9)",50
Ward21NorthEast_glasgow17-021.csv,frozenset({'Carole URE (Grn)'}),9,"('Ruairi KELLY (SNP)', 9)","('Ruairi KELLY (SNP)', 9)","('Ruairi KELLY (SNP)', 9)","('Ruairi KELLY (SNP)', 9)","('Ruairi KELLY (SNP)', 9)","('Ruairi KELLY (SNP)', 8)","('Ruairi KELLY (SNP)', 8)","('Ruairi KELLY (SNP)', 9)","('Ruairi KELLY (SNP)', 9)","('Ruairi KELLY (SNP)', 9)",50
Ward21NorthEast_glasgow17-021.csv,frozenset({'Jenny KIERNAN (Sol)'}),9,"('Ruairi KELLY (SNP)', 9)","('Ruairi KELLY (SNP)', 9)","('Ruairi KELLY (SNP)', 9)","('Ruairi KELLY (SNP)', 9)","('Ruairi KELLY (SNP)', 9)","('Ruairi KELLY (SNP)', 8)","('Ruairi KELLY (SNP)', 8)","('Ruairi KELLY (SNP)', 9)","('Ruairi KELLY (SNP)', 9)","('Ruairi KELLY (SNP)', 9)",50
Ward21NorthEast_glasgow17-021.csv,frozenset({'Gerry BOYLE (Ind)'}),9,"('Ruairi KELLY (SNP)', 9)","('Ruairi KELLY (SNP)', 9)","('Ruairi KELLY (SNP)', 9)","('Ruairi KELLY (SNP)', 9)","('Ruairi KELLY (SNP)', 9)","('Ruairi KELLY (SNP)', 8)","('Ruairi KELLY (SNP)', 8)","('Ruairi KELLY (SNP)', 9)","('Ruairi KELLY (SNP)', 9)","('Ruairi KELLY (SNP)', 9)",50
Ward21NorthEast_glasgow17-021.csv,frozenset({'Mandy MORGAN (SNP)'}),9,"('Ruairi KELLY (SNP)', 9)","('Ruairi KELLY (SNP)', 9)","('Ruairi KELLY (SNP)', 9)","('Ruairi KELLY (SNP)', 9)","('Ruairi KELLY (SNP)', 9)","('Ruairi KELLY (SNP)', 8)","('Ruairi KELLY (SNP)', 8)","('Ruairi KELLY (SNP)', 9)","('Ruairi KELLY (SNP)', 9)","('Ruairi KELLY (SNP)', 9)",50
Ward21NorthEast_glasgow17-021.csv,frozenset({'Ruairi KELLY (SNP)'}),9,"('Clone', 9)","('Clone', 9)","('Clone', 9)","('Clone', 9)","('Clone', 9)","('Clone', 8)","('Clone', 8)","('Clone', 9)","('Clone', 9)","('Clone', 9)",50
Ward21NorthEast_glasgow17-021.csv,frozenset({'Stephen DOCHERTY (Lab)'}),9,"('Ruairi KELLY (SNP)', 9)","('Ruairi KELLY (SNP)', 9)","('Ruairi KELLY (SNP)', 9)","('Ruairi KELLY (SNP)', 9)","('Ruairi KELLY (SNP)', 9)","('Ruairi KELLY (SNP)', 8)","('Ruairi KELLY (SNP)', 8)","('Ruairi KELLY (SNP)', 9)","('Ruairi KELLY (SNP)', 9)","('Ruairi KELLY (SNP)', 9)",50
Ward21NorthEast_glasgow17-021.csv,none,8,"('Maureen BURKE (Lab)', 8)","('Maureen BURKE (Lab)', 8)","('Maureen BURKE (Lab)', 8)","('Maureen BURKE (Lab)', 8)","('Maureen BURKE (Lab)', 8)","('Ruairi KELLY (SNP)', 7)","('Ruairi KELLY (SNP)', 7)","('Maureen BURKE (Lab)', 8)","('Maureen BURKE (Lab)', 8)","('Maureen BURKE (Lab)', 8)",60
Ward21NorthEast_glasgow17-021.csv,frozenset({'Frances HOWELL (Con)'}),9,"('Ruairi KELLY (SNP)', 9)","('Ruairi KELLY (SNP)', 9)","('Ruairi KELLY (SNP)', 9)","('Ruairi KELLY (SNP)', 9)","('Ruairi KELLY (SNP)', 9)","('Ruairi KELLY (SNP)', 8)","('Ruairi KELLY (SNP)', 8)","('Ruairi KELLY (SNP)', 9)","('Ruairi KELLY (SNP)', 9)","('Ruairi KELLY (SNP)', 9)",60
Ward21NorthEast_glasgow17-021.csv,frozenset({'Maureen BURKE (Lab)'}),9,"('Ruairi KELLY (SNP)', 9)","('Ruairi KELLY (SNP)', 9)","('Ruairi KELLY (SNP)', 9)","('Ruairi KELLY (SNP)', 9)","('Ruairi KELLY (SNP)', 9)","('Ruairi KELLY (SNP)', 8)","('Ruairi KELLY (SNP)', 8)","('Ruairi KELLY (SNP)', 9)","('Ruairi KELLY (SNP)', 9)","('Ruairi KELLY (SNP)', 9)",60
Ward21NorthEast_glasgow17-021.csv,frozenset({'Carole URE (Grn)'}),9,"('Ruairi KELLY (SNP)', 9)","('Ruairi KELLY (SNP)', 9)","('Ruairi KELLY (SNP)', 9)","('Ruairi KELLY (SNP)', 9)","('Ruairi KELLY (SNP)', 9)","('Ruairi KELLY (SNP)', 8)","('Ruairi KELLY (SNP)', 8)","('Ruairi KELLY (SNP)', 9)","('Ruairi KELLY (SNP)', 9)","('Ruairi KELLY (SNP)', 9)",60
Ward21NorthEast_glasgow17-021.csv,frozenset({'Jenny KIERNAN (Sol)'}),9,"('Ruairi KELLY (SNP)', 9)","('Ruairi KELLY (SNP)', 9)","('Ruairi KELLY (SNP)', 9)","('Ruairi KELLY (SNP)', 9)","('Ruairi KELLY (SNP)', 9)","('Ruairi KELLY (SNP)', 8)","('Ruairi KELLY (SNP)', 8)","('Ruairi KELLY (SNP)', 9)","('Ruairi KELLY (SNP)', 9)","('Ruairi KELLY (SNP)', 9)",60
Ward21NorthEast_glasgow17-021.csv,frozenset({'Gerry BOYLE (Ind)'}),9,"('Ruairi KELLY (SNP)', 9)","('Ruairi KELLY (SNP)', 9)","('Ruairi KELLY (SNP)', 9)","('Ruairi KELLY (SNP)', 9)","('Ruairi KELLY (SNP)', 9)","('Ruairi KELLY (SNP)', 8)","('Ruairi KELLY (SNP)', 8)","('Ruairi KELLY (SNP)', 9)","('Ruairi KELLY (SNP)', 9)","('Ruairi KELLY (SNP)', 9)",60
Ward21NorthEast_glasgow17-021.csv,frozenset({'Mandy MORGAN (SNP)'}),9,"('Ruairi KELLY (SNP)', 9)","('Ruairi KELLY (SNP)', 9)","('Ruairi KELLY (SNP)', 9)","('Ruairi KELLY (SNP)', 9)","('Ruairi KELLY (SNP)', 9)","('Ruairi KELLY (SNP)', 8)","('Ruairi KELLY (SNP)', 8)","('Ruairi KELLY (SNP)', 9)","('Ruairi KELLY (SNP)', 9)","('Ruairi KELLY (SNP)', 9)",60
Ward21NorthEast_glasgow17-021.csv,frozenset({'Ruairi KELLY (SNP)'}),9,"('Clone', 9)","('Clone', 9)","('Clone', 9)","('Clone', 9)","('Clone', 9)","('Clone', 8)","('Clone', 8)","('Clone', 9)","('Clone', 9)","('Clone', 9)",60
Ward21NorthEast_glasgow17-021.csv,frozenset({'Stephen DOCHERTY (Lab)'}),9,"('Ruairi KELLY (SNP)', 9)","('Ruairi KELLY (SNP)', 9)","('Ruairi KELLY (SNP)', 9)","('Ruairi KELLY (SNP)', 9)","('Ruairi KELLY (SNP)', 9)","('Ruairi KELLY (SNP)', 8)","('Ruairi KELLY (SNP)', 8)","('Ruairi KELLY (SNP)', 9)","('Ruairi KELLY (SNP)', 9)","('Ruairi KELLY (SNP)', 9)",60
Ward21NorthEast_glasgow17-021.csv,none,8,"('Maureen BURKE (Lab)', 8)","('Maureen BURKE (Lab)', 8)","('Maureen BURKE (Lab)', 8)","('Maureen BURKE (Lab)', 8)","('Maureen BURKE (Lab)', 8)","('Ruairi KELLY (SNP)', 7)","('Ruairi KELLY (SNP)', 7)","('Maureen BURKE (Lab)', 8)","('Maureen BURKE (Lab)', 8)","('Maureen BURKE (Lab)', 8)",70
Ward21NorthEast_glasgow17-021.csv,frozenset({'Frances HOWELL (Con)'}),9,"('Ruairi KELLY (SNP)', 9)","('Ruairi KELLY (SNP)', 9)","('Ruairi KELLY (SNP)', 9)","('Ruairi KELLY (SNP)', 9)","('Ruairi KELLY (SNP)', 9)","('Ruairi KELLY (SNP)', 8)","('Ruairi KELLY (SNP)', 8)","('Ruairi KELLY (SNP)', 9)","('Ruairi KELLY (SNP)', 9)","('Ruairi KELLY (SNP)', 9)",70
Ward21NorthEast_glasgow17-021.csv,frozenset({'Maureen BURKE (Lab)'}),9,"('Ruairi KELLY (SNP)', 9)","('Ruairi KELLY (SNP)', 9)","('Ruairi KELLY (SNP)', 9)","('Ruairi KELLY (SNP)', 9)","('Ruairi KELLY (SNP)', 9)","('Ruairi KELLY (SNP)', 8)","('Ruairi KELLY (SNP)', 8)","('Ruairi KELLY (SNP)', 9)","('Ruairi KELLY (SNP)', 9)","('Ruairi KELLY (SNP)', 9)",70
Ward21NorthEast_glasgow17-021.csv,frozenset({'Carole URE (Grn)'}),9,"('Ruairi KELLY (SNP)', 9)","('Ruairi KELLY (SNP)', 9)","('Ruairi KELLY (SNP)', 9)","('Ruairi KELLY (SNP)', 9)","('Ruairi KELLY (SNP)', 9)","('Ruairi KELLY (SNP)', 8)","('Ruairi KELLY (SNP)', 8)","('Ruairi KELLY (SNP)', 9)","('Ruairi KELLY (SNP)', 9)","('Ruairi KELLY (SNP)', 9)",70
Ward21NorthEast_glasgow17-021.csv,frozenset({'Jenny KIERNAN (Sol)'}),9,"('Ruairi KELLY (SNP)', 9)","('Ruairi KELLY (SNP)', 9)","('Ruairi KELLY (SNP)', 9)","('Ruairi KELLY (SNP)', 9)","('Ruairi KELLY (SNP)', 9)","('Ruairi KELLY (SNP)', 8)","('Ruairi KELLY (SNP)', 8)","('Ruairi KELLY (SNP)', 9)","('Ruairi KELLY (SNP)', 9)","('Ruairi KELLY (SNP)', 9)",70
Ward21NorthEast_glasgow17-021.csv,frozenset({'Gerry BOYLE (Ind)'}),9,"('Ruairi KELLY (SNP)', 9)","('Ruairi KELLY (SNP)', 9)","('Ruairi KELLY (SNP)', 9)","('Ruairi KELLY (SNP)', 9)","('Ruairi KELLY (SNP)', 9)","('Ruairi KELLY (SNP)', 8)","('Ruairi KELLY (SNP)', 8)","('Ruairi KELLY (SNP)', 9)","('Ruairi KELLY (SNP)', 9)","('Ruairi KELLY (SNP)', 9)",70
Ward21NorthEast_glasgow17-021.csv,frozenset({'Mandy MORGAN (SNP)'}),9,"('Ruairi KELLY (SNP)', 9)","('Ruairi KELLY (SNP)', 9)","('Ruairi KELLY (SNP)', 9)","('Ruairi KELLY (SNP)', 9)","('Ruairi KELLY (SNP)', 9)","('Ruairi KELLY (SNP)', 8)","('Ruairi KELLY (SNP)', 8)","('Ruairi KELLY (SNP)', 9)","('Ruairi KELLY (SNP)', 9)","('Ruairi KELLY (SNP)', 9)",70
Ward21NorthEast_glasgow17-021.csv,frozenset({'Ruairi KELLY (SNP)'}),9,"('Clone', 9)","('Clone', 9)","('Clone', 9)","('Clone', 9)","('Clone', 9)","('Clone', 8)","('Clone', 8)","('Clone', 9)","('Clone', 9)","('Clone', 9)",70
Ward21NorthEast_glasgow17-021.csv,frozenset({'Stephen DOCHERTY (Lab)'}),9,"('Ruairi KELLY (SNP)', 9)","('Ruairi KELLY (SNP)', 9)","('Ruairi KELLY (SNP)', 9)","('Ruairi KELLY (SNP)', 9)","('Ruairi KELLY (SNP)', 9)","('Ruairi KELLY (SNP)', 8)","('Ruairi KELLY (SNP)', 8)","('Ruairi KELLY (SNP)', 9)","('Ruairi KELLY (SNP)', 9)","('Ruairi KELLY (SNP)', 9)",70
Ward21NorthEast_glasgow17-021.csv,none,8,"('Maureen BURKE (Lab)', 8)","('Maureen BURKE (Lab)', 8)","('Maureen BURKE (Lab)', 8)","('Maureen BURKE (Lab)', 8)","('Maureen BURKE (Lab)', 8)","('Ruairi KELLY (SNP)', 7)","('Ruairi KELLY (SNP)', 7)","('Maureen BURKE (Lab)', 8)","('Maureen BURKE (Lab)', 8)","('Maureen BURKE (Lab)', 8)",80
Ward21NorthEast_glasgow17-021.csv,frozenset({'Frances HOWELL (Con)'}),9,"('Ruairi KELLY (SNP)', 9)","('Ruairi KELLY (SNP)', 9)","('Ruairi KELLY (SNP)', 9)","('Ruairi KELLY (SNP)', 9)","('Ruairi KELLY (SNP)', 9)","('Ruairi KELLY (SNP)', 8)","('Ruairi KELLY (SNP)', 8)","('Ruairi KELLY (SNP)', 9)","('Ruairi KELLY (SNP)', 9)","('Ruairi KELLY (SNP)', 9)",80
Ward21NorthEast_glasgow17-021.csv,frozenset({'Maureen BURKE (Lab)'}),9,"('Ruairi KELLY (SNP)', 9)","('Ruairi KELLY (SNP)', 9)","('Ruairi KELLY (SNP)', 9)","('Ruairi KELLY (SNP)', 9)","('Ruairi KELLY (SNP)', 9)","('Ruairi KELLY (SNP)', 8)","('Ruairi KELLY (SNP)', 8)","('Ruairi KELLY (SNP)', 9)","('Ruairi KELLY (SNP)', 9)","('Ruairi KELLY (SNP)', 9)",80
Ward21NorthEast_glasgow17-021.csv,frozenset({'Carole URE (Grn)'}),9,"('Ruairi KELLY (SNP)', 9)","('Ruairi KELLY (SNP)', 9)","('Ruairi KELLY (SNP)', 9)","('Ruairi KELLY (SNP)', 9)","('Ruairi KELLY (SNP)', 9)","('Ruairi KELLY (SNP)', 8)","('Ruairi KELLY (SNP)', 8)","('Ruairi KELLY (SNP)', 9)","('Ruairi KELLY (SNP)', 9)","('Ruairi KELLY (SNP)', 9)",80
Ward21NorthEast_glasgow17-021.csv,frozenset({'Jenny KIERNAN (Sol)'}),9,"('Ruairi KELLY (SNP)', 9)","('Ruairi KELLY (SNP)', 9)","('Ruairi KELLY (SNP)', 9)","('Ruairi KELLY (SNP)', 9)","('Ruairi KELLY (SNP)', 9)","('Ruairi KELLY (SNP)', 8)","('Ruairi KELLY (SNP)', 8)","('Ruairi KELLY (SNP)', 9)","('Ruairi KELLY (SNP)', 9)","('Ruairi KELLY (SNP)', 9)",80
Ward21NorthEast_glasgow17-021.csv,frozenset({'Gerry BOYLE (Ind)'}),9,"('Ruairi KELLY (SNP)', 9)","('Ruairi KELLY (SNP)', 9)","('Ruairi KELLY (SNP)', 9)","('Ruairi KELLY (SNP)', 9)","('Ruairi KELLY (SNP)', 9)","('Ruairi KELLY (SNP)', 8)","('Ruairi KELLY (SNP)', 8)","('Ruairi KELLY (SNP)', 9)","('Ruairi KELLY (SNP)', 9)","('Ruairi KELLY (SNP)', 9)",80
Ward21NorthEast_glasgow17-021.csv,frozenset({'Mandy MORGAN (SNP)'}),9,"('Ruairi KELLY (SNP)', 9)","('Ruairi KELLY (SNP)', 9)","('Ruairi KELLY (SNP)', 9)","('Ruairi KELLY (SNP)', 9)","('Ruairi KELLY (SNP)', 9)","('Ruairi KELLY (SNP)', 8)","('Ruairi KELLY (SNP)', 8)","('Ruairi KELLY (SNP)', 9)","('Ruairi KELLY (SNP)', 9)","('Ruairi KELLY (SNP)', 9)",80
Ward21NorthEast_glasgow17-021.csv,frozenset({'Ruairi KELLY (SNP)'}),9,"('Clone', 9)","('Clone', 9)","('Clone', 9)","('Clone', 9)","('Clone', 9)","('Clone', 8)","('Clone', 8)","('Clone', 9)","('Clone', 9)","('Clone', 9)",80
Ward21NorthEast_glasgow17-021.csv,frozenset({'Stephen DOCHERTY (Lab)'}),9,"('Ruairi KELLY (SNP)', 9)","('Ruairi KELLY (SNP)', 9)","('Ruairi KELLY (SNP)', 9)","('Ruairi KELLY (SNP)', 9)","('Ruairi KELLY (SNP)', 9)","('Ruairi KELLY (SNP)', 8)","('Ruairi KELLY (SNP)', 8)","('Ruairi KELLY (SNP)', 9)","('Ruairi KELLY (SNP)', 9)","('Ruairi KELLY (SNP)', 9)",80
Ward21NorthEast_glasgow17-021.csv,none,8,"('Maureen BURKE (Lab)', 8)","('Maureen BURKE (Lab)', 8)","('Maureen BURKE (Lab)', 8)","('Maureen BURKE (Lab)', 8)","('Maureen BURKE (Lab)', 8)","('Ruairi KELLY (SNP)', 7)","('Ruairi KELLY (SNP)', 7)","('Maureen BURKE (Lab)', 8)","('Maureen BURKE (Lab)', 8)","('Maureen BURKE (Lab)', 8)",90
Ward21NorthEast_glasgow17-021.csv,frozenset({'Frances HOWELL (Con)'}),9,"('Ruairi KELLY (SNP)', 9)","('Ruairi KELLY (SNP)', 9)","('Ruairi KELLY (SNP)', 9)","('Ruairi KELLY (SNP)', 9)","('Ruairi KELLY (SNP)', 9)","('Ruairi KELLY (SNP)', 8)","('Ruairi KELLY (SNP)', 8)","('Ruairi KELLY (SNP)', 9)","('Ruairi KELLY (SNP)', 9)","('Ruairi KELLY (SNP)', 9)",90
Ward21NorthEast_glasgow17-021.csv,frozenset({'Maureen BURKE (Lab)'}),9,"('Ruairi KELLY (SNP)', 9)","('Ruairi KELLY (SNP)', 9)","('Ruairi KELLY (SNP)', 9)","('Ruairi KELLY (SNP)', 9)","('Ruairi KELLY (SNP)', 9)","('Ruairi KELLY (SNP)', 8)","('Ruairi KELLY (SNP)', 8)","('Ruairi KELLY (SNP)', 9)","('Ruairi KELLY (SNP)', 9)","('Ruairi KELLY (SNP)', 9)",90
Ward21NorthEast_glasgow17-021.csv,frozenset({'Carole URE (Grn)'}),9,"('Ruairi KELLY (SNP)', 9)","('Ruairi KELLY (SNP)', 9)","('Ruairi KELLY (SNP)', 9)","('Ruairi KELLY (SNP)', 9)","('Ruairi KELLY (SNP)', 9)","('Ruairi KELLY (SNP)', 8)","('Ruairi KELLY (SNP)', 8)","('Ruairi KELLY (SNP)', 9)","('Ruairi KELLY (SNP)', 9)","('Ruairi KELLY (SNP)', 9)",90
Ward21NorthEast_glasgow17-021.csv,frozenset({'Jenny KIERNAN (Sol)'}),9,"('Ruairi KELLY (SNP)', 9)","('Ruairi KELLY (SNP)', 9)","('Ruairi KELLY (SNP)', 9)","('Ruairi KELLY (SNP)', 9)","('Ruairi KELLY (SNP)', 9)","('Ruairi KELLY (SNP)', 8)","('Ruairi KELLY (SNP)', 8)","('Ruairi KELLY (SNP)', 9)","('Ruairi KELLY (SNP)', 9)","('Ruairi KELLY (SNP)', 9)",90
Ward21NorthEast_glasgow17-021.csv,frozenset({'Gerry BOYLE (Ind)'}),9,"('Ruairi KELLY (SNP)', 9)","('Ruairi KELLY (SNP)', 9)","('Ruairi KELLY (SNP)', 9)","('Ruairi KELLY (SNP)', 9)","('Ruairi KELLY (SNP)', 9)","('Ruairi KELLY (SNP)', 8)","('Ruairi KELLY (SNP)', 8)","('Ruairi KELLY (SNP)', 9)","('Ruairi KELLY (SNP)', 9)","('Ruairi KELLY (SNP)', 9)",90
Ward21NorthEast_glasgow17-021.csv,frozenset({'Mandy MORGAN (SNP)'}),9,"('Ruairi KELLY (SNP)', 9)","('Ruairi KELLY (SNP)', 9)","('Ruairi KELLY (SNP)', 9)","('Ruairi KELLY (SNP)', 9)","('Ruairi KELLY (SNP)', 9)","('Ruairi KELLY (SNP)', 8)","('Ruairi KELLY (SNP)', 8)","('Ruairi KELLY (SNP)', 9)","('Ruairi KELLY (SNP)', 9)","('Ruairi KELLY (SNP)', 9)",90
Ward21NorthEast_glasgow17-021.csv,frozenset({'Ruairi KELLY (SNP)'}),9,"('Clone', 9)","('Clone', 9)","('Clone', 9)","('Clone', 9)","('Clone', 9)","('Clone', 8)","('Clone', 8)","('Clone', 9)","('Clone', 9)","('Clone', 9)",90
Ward21NorthEast_glasgow17-021.csv,frozenset({'Stephen DOCHERTY (Lab)'}),9,"('Ruairi KELLY (SNP)', 9)","('Ruairi KELLY (SNP)', 9)","('Ruairi KELLY (SNP)', 9)","('Ruairi KELLY (SNP)', 9)","('Ruairi KELLY (SNP)', 9)","('Ruairi KELLY (SNP)', 8)","('Ruairi KELLY (SNP)', 8)","('Ruairi KELLY (SNP)', 9)","('Ruairi KELLY (SNP)', 9)","('Ruairi KELLY (SNP)', 9)",90
Oakland_11082022_Schoolboarddistrict4.csv,none,3,"('MIKE HUTCHINSON', 2)","('MIKE HUTCHINSON', 2)","('NICK RESNICK', 2)","('MIKE HUTCHINSON', 2)","('PECOLIA MANIGO', 2)","('NICK RESNICK', 2)","('MIKE HUTCHINSON', 2)","('MIKE HUTCHINSON', 2)","('MIKE HUTCHINSON', 2)","('NICK RESNICK', 2)",0
Oakland_11082022_Schoolboarddistrict4.csv,frozenset({'MIKE HUTCHINSON'}),4,"('MIKE HUTCHINSON', 3)","('MIKE HUTCHINSON', 3)","('MIKE HUTCHINSON', 3)","('MIKE HUTCHINSON', 3)","('PECOLIA MANIGO', 3)","('NICK RESNICK', 3)","('MIKE HUTCHINSON', 3)","('MIKE HUTCHINSON', 3)","('MIKE HUTCHINSON', 3)","('NICK RESNICK', 3)",0
Oakland_11082022_Schoolboarddistrict4.csv,frozenset({'NICK RESNICK'}),4,"('MIKE HUTCHINSON', 3)","('MIKE HUTCHINSON', 3)","('MIKE HUTCHINSON', 3)","('MIKE HUTCHINSON', 3)","('PECOLIA MANIGO', 3)","('NICK RESNICK', 3)","('MIKE HUTCHINSON', 3)","('MIKE HUTCHINSON', 3)","('MIKE HUTCHINSON', 3)","('NICK RESNICK', 3)",0
Oakland_11082022_Schoolboarddistrict4.csv,frozenset({'PECOLIA MANIGO'}),4,"('MIKE HUTCHINSON', 3)","('MIKE HUTCHINSON', 3)","('MIKE HUTCHINSON', 3)","('MIKE HUTCHINSON', 3)","('PECOLIA MANIGO', 3)","('NICK RESNICK', 3)","('MIKE HUTCHINSON', 3)","('MIKE HUTCHINSON', 3)","('MIKE HUTCHINSON', 3)","('NICK RESNICK', 3)",0
Oakland_11082022_Schoolboarddistrict4.csv,none,3,"('MIKE HUTCHINSON', 2)","('MIKE HUTCHINSON', 2)","('NICK RESNICK', 2)","('MIKE HUTCHINSON', 2)","('PECOLIA MANIGO', 2)","('NICK RESNICK', 2)","('MIKE HUTCHINSON', 2)","('MIKE HUTCHINSON', 2)","('MIKE HUTCHINSON', 2)","('NICK RESNICK', 2)",10
Oakland_11082022_Schoolboarddistrict4.csv,frozenset({'MIKE HUTCHINSON'}),4,"('MIKE HUTCHINSON', 3)","('MIKE HUTCHINSON', 3)","('MIKE HUTCHINSON', 3)","('MIKE HUTCHINSON', 3)","('PECOLIA MANIGO', 3)","('NICK RESNICK', 3)","('MIKE HUTCHINSON', 3)","('MIKE HUTCHINSON', 3)","('MIKE HUTCHINSON', 3)","('NICK RESNICK', 3)",10
Oakland_11082022_Schoolboarddistrict4.csv,frozenset({'NICK RESNICK'}),4,"('MIKE HUTCHINSON', 3)","('MIKE HUTCHINSON', 3)","('MIKE HUTCHINSON', 3)","('MIKE HUTCHINSON', 3)","('PECOLIA MANIGO', 3)","('NICK RESNICK', 3)","('MIKE HUTCHINSON', 3)","('MIKE HUTCHINSON', 3)","('MIKE HUTCHINSON', 3)","('NICK RESNICK', 3)",10
Oakland_11082022_Schoolboarddistrict4.csv,frozenset({'PECOLIA MANIGO'}),4,"('MIKE HUTCHINSON', 3)","('MIKE HUTCHINSON', 3)","('MIKE HUTCHINSON', 3)","('MIKE HUTCHINSON', 3)","('PECOLIA MANIGO', 3)","('NICK RESNICK', 3)","('MIKE HUTCHINSON', 3)","('MIKE HUTCHINSON', 3)","('MIKE HUTCHINSON', 3)","('NICK RESNICK', 3)",10
Oakland_11082022_Schoolboarddistrict4.csv,none,3,"('MIKE HUTCHINSON', 2)","('MIKE HUTCHINSON', 2)","('NICK RESNICK', 2)","('MIKE HUTCHINSON', 2)","('PECOLIA MANIGO', 2)","('NICK RESNICK', 2)","('MIKE HUTCHINSON', 2)","('MIKE HUTCHINSON', 2)","('MIKE HUTCHINSON', 2)","('NICK RESNICK', 2)",20
Oakland_11082022_Schoolboarddistrict4.csv,frozenset({'MIKE HUTCHINSON'}),4,"('MIKE HUTCHINSON', 3)","('MIKE HUTCHINSON', 3)","('MIKE HUTCHINSON', 3)","('MIKE HUTCHINSON', 3)","('PECOLIA MANIGO', 3)","('NICK RESNICK', 3)","('MIKE HUTCHINSON', 3)","('MIKE HUTCHINSON', 3)","('MIKE HUTCHINSON', 3)","('NICK RESNICK', 3)",20
Oakland_11082022_Schoolboarddistrict4.csv,frozenset({'NICK RESNICK'}),4,"('MIKE HUTCHINSON', 3)","('MIKE HUTCHINSON', 3)","('MIKE HUTCHINSON', 3)","('MIKE HUTCHINSON', 3)","('PECOLIA MANIGO', 3)","('NICK RESNICK', 3)","('MIKE HUTCHINSON', 3)","('MIKE HUTCHINSON', 3)","('MIKE HUTCHINSON', 3)","('NICK RESNICK', 3)",20
Oakland_11082022_Schoolboarddistrict4.csv,frozenset({'PECOLIA MANIGO'}),4,"('MIKE HUTCHINSON', 3)","('MIKE HUTCHINSON', 3)","('MIKE HUTCHINSON', 3)","('MIKE HUTCHINSON', 3)","('PECOLIA MANIGO', 3)","('NICK RESNICK', 3)","('MIKE HUTCHINSON', 3)","('MIKE HUTCHINSON', 3)","('MIKE HUTCHINSON', 3)","('NICK RESNICK', 3)",20
Oakland_11082022_Schoolboarddistrict4.csv,none,3,"('MIKE HUTCHINSON', 2)","('MIKE HUTCHINSON', 2)","('NICK RESNICK', 2)","('MIKE HUTCHINSON', 2)","('PECOLIA MANIGO', 2)","('NICK RESNICK', 2)","('MIKE HUTCHINSON', 2)","('MIKE HUTCHINSON', 2)","('MIKE HUTCHINSON', 2)","('NICK RESNICK', 2)",30
Oakland_11082022_Schoolboarddistrict4.csv,frozenset({'MIKE HUTCHINSON'}),4,"('MIKE HUTCHINSON', 3)","('MIKE HUTCHINSON', 3)","('MIKE HUTCHINSON', 3)","('MIKE HUTCHINSON', 3)","('PECOLIA MANIGO', 3)","('NICK RESNICK', 3)","('MIKE HUTCHINSON', 3)","('MIKE HUTCHINSON', 3)","('MIKE HUTCHINSON', 3)","('NICK RESNICK', 3)",30
Oakland_11082022_Schoolboarddistrict4.csv,frozenset({'NICK RESNICK'}),4,"('MIKE HUTCHINSON', 3)","('MIKE HUTCHINSON', 3)","('MIKE HUTCHINSON', 3)","('MIKE HUTCHINSON', 3)","('PECOLIA MANIGO', 3)","('NICK RESNICK', 3)","('MIKE HUTCHINSON', 3)","('MIKE HUTCHINSON', 3)","('MIKE HUTCHINSON', 3)","('NICK RESNICK', 3)",30
Oakland_11082022_Schoolboarddistrict4.csv,frozenset({'PECOLIA MANIGO'}),4,"('MIKE HUTCHINSON', 3)","('MIKE HUTCHINSON', 3)","('MIKE HUTCHINSON', 3)","('MIKE HUTCHINSON', 3)","('PECOLIA MANIGO', 3)","('NICK RESNICK', 3)","('MIKE HUTCHINSON', 3)","('MIKE HUTCHINSON', 3)","('MIKE HUTCHINSON', 3)","('NICK RESNICK', 3)",30
Oakland_11082022_Schoolboarddistrict4.csv,none,3,"('MIKE HUTCHINSON', 2)","('MIKE HUTCHINSON', 2)","('NICK RESNICK', 2)","('MIKE HUTCHINSON', 2)","('PECOLIA MANIGO', 2)","('NICK RESNICK', 2)","('MIKE HUTCHINSON', 2)","('MIKE HUTCHINSON', 2)","('MIKE HUTCHINSON', 2)","('NICK RESNICK', 2)",40
Oakland_11082022_Schoolboarddistrict4.csv,frozenset({'MIKE HUTCHINSON'}),4,"('MIKE HUTCHINSON', 3)","('MIKE HUTCHINSON', 3)","('MIKE HUTCHINSON', 3)","('MIKE HUTCHINSON', 3)","('PECOLIA MANIGO', 3)","('NICK RESNICK', 3)","('MIKE HUTCHINSON', 3)","('MIKE HUTCHINSON', 3)","('MIKE HUTCHINSON', 3)","('NICK RESNICK', 3)",40
Oakland_11082022_Schoolboarddistrict4.csv,frozenset({'NICK RESNICK'}),4,"('MIKE HUTCHINSON', 3)","('MIKE HUTCHINSON', 3)","('MIKE HUTCHINSON', 3)","('MIKE HUTCHINSON', 3)","('PECOLIA MANIGO', 3)","('NICK RESNICK', 3)","('MIKE HUTCHINSON', 3)","('MIKE HUTCHINSON', 3)","('MIKE HUTCHINSON', 3)","('NICK RESNICK', 3)",40
Oakland_11082022_Schoolboarddistrict4.csv,frozenset({'PECOLIA MANIGO'}),4,"('MIKE HUTCHINSON', 3)","('MIKE HUTCHINSON', 3)","('MIKE HUTCHINSON', 3)","('MIKE HUTCHINSON', 3)","('PECOLIA MANIGO', 3)","('NICK RESNICK', 3)","('MIKE HUTCHINSON', 3)","('MIKE HUTCHINSON', 3)","('MIKE HUTCHINSON', 3)","('NICK RESNICK', 3)",40
Oakland_11082022_Schoolboarddistrict4.csv,none,3,"('MIKE HUTCHINSON', 2)","('MIKE HUTCHINSON', 2)","('NICK RESNICK', 2)","('MIKE HUTCHINSON', 2)","('PECOLIA MANIGO', 2)","('NICK RESNICK', 2)","('MIKE HUTCHINSON', 2)","('MIKE HUTCHINSON', 2)","('MIKE HUTCHINSON', 2)","('NICK RESNICK', 2)",50
Oakland_11082022_Schoolboarddistrict4.csv,frozenset({'MIKE HUTCHINSON'}),4,"('Clone', 3)","('Clone', 3)","('Clone', 3)","('Clone', 3)","('PECOLIA MANIGO', 3)","('NICK RESNICK', 3)","('Clone', 3)","('Clone', 3)","('Clone', 3)","('NICK RESNICK', 3)",50
Oakland_11082022_Schoolboarddistrict4.csv,frozenset({'NICK RESNICK'}),4,"('MIKE HUTCHINSON', 3)","('MIKE HUTCHINSON', 3)","('MIKE HUTCHINSON', 3)","('MIKE HUTCHINSON', 3)","('MIKE HUTCHINSON', 2)","('Clone', 3)","('MIKE HUTCHINSON', 3)","('MIKE HUTCHINSON', 3)","('MIKE HUTCHINSON', 3)","('Clone', 3)",50
Oakland_11082022_Schoolboarddistrict4.csv,frozenset({'PECOLIA MANIGO'}),4,"('MIKE HUTCHINSON', 3)","('MIKE HUTCHINSON', 3)","('MIKE HUTCHINSON', 3)","('MIKE HUTCHINSON', 3)","('Clone', 3)","('NICK RESNICK', 3)","('MIKE HUTCHINSON', 3)","('MIKE HUTCHINSON', 3)","('MIKE HUTCHINSON', 3)","('NICK RESNICK', 3)",50
Oakland_11082022_Schoolboarddistrict4.csv,none,3,"('MIKE HUTCHINSON', 2)","('MIKE HUTCHINSON', 2)","('NICK RESNICK', 2)","('MIKE HUTCHINSON', 2)","('PECOLIA MANIGO', 2)","('NICK RESNICK', 2)","('MIKE HUTCHINSON', 2)","('MIKE HUTCHINSON', 2)","('MIKE HUTCHINSON', 2)","('NICK RESNICK', 2)",60
Oakland_11082022_Schoolboarddistrict4.csv,frozenset({'MIKE HUTCHINSON'}),4,"('Clone', 3)","('Clone', 3)","('Clone', 3)","('Clone', 3)","('PECOLIA MANIGO', 3)","('NICK RESNICK', 3)","('Clone', 3)","('Clone', 3)","('Clone', 3)","('NICK RESNICK', 3)",60
Oakland_11082022_Schoolboarddistrict4.csv,frozenset({'NICK RESNICK'}),4,"('MIKE HUTCHINSON', 3)","('MIKE HUTCHINSON', 3)","('MIKE HUTCHINSON', 3)","('MIKE HUTCHINSON', 3)","('PECOLIA MANIGO', 3)","('Clone', 3)","('MIKE HUTCHINSON', 3)","('MIKE HUTCHINSON', 3)","('MIKE HUTCHINSON', 3)","('Clone', 3)",60
Oakland_11082022_Schoolboarddistrict4.csv,frozenset({'PECOLIA MANIGO'}),4,"('MIKE HUTCHINSON', 3)","('MIKE HUTCHINSON', 3)","('MIKE HUTCHINSON', 3)","('MIKE HUTCHINSON', 3)","('Clone', 3)","('NICK RESNICK', 3)","('MIKE HUTCHINSON', 3)","('MIKE HUTCHINSON', 3)","('MIKE HUTCHINSON', 3)","('NICK RESNICK', 3)",60
Oakland_11082022_Schoolboarddistrict4.csv,none,3,"('MIKE HUTCHINSON', 2)","('MIKE HUTCHINSON', 2)","('NICK RESNICK', 2)","('MIKE HUTCHINSON', 2)","('PECOLIA MANIGO', 2)","('NICK RESNICK', 2)","('MIKE HUTCHINSON', 2)","('MIKE HUTCHINSON', 2)","('MIKE HUTCHINSON', 2)","('NICK RESNICK', 2)",70
Oakland_11082022_Schoolboarddistrict4.csv,frozenset({'MIKE HUTCHINSON'}),4,"('Clone', 3)","('Clone', 3)","('Clone', 3)","('Clone', 3)","('PECOLIA MANIGO', 3)","('NICK RESNICK', 3)","('Clone', 3)","('Clone', 3)","('Clone', 3)","('NICK RESNICK', 3)",70
Oakland_11082022_Schoolboarddistrict4.csv,frozenset({'NICK RESNICK'}),4,"('MIKE HUTCHINSON', 3)","('MIKE HUTCHINSON', 3)","('MIKE HUTCHINSON', 3)","('MIKE HUTCHINSON', 3)","('PECOLIA MANIGO', 3)","('Clone', 3)","('MIKE HUTCHINSON', 3)","('MIKE HUTCHINSON', 3)","('MIKE HUTCHINSON', 3)","('Clone', 3)",70
Oakland_11082022_Schoolboarddistrict4.csv,frozenset({'PECOLIA MANIGO'}),4,"('MIKE HUTCHINSON', 3)","('MIKE HUTCHINSON', 3)","('MIKE HUTCHINSON', 3)","('MIKE HUTCHINSON', 3)","('Clone', 3)","('NICK RESNICK', 3)","('MIKE HUTCHINSON', 3)","('MIKE HUTCHINSON', 3)","('MIKE HUTCHINSON', 3)","('NICK RESNICK', 3)",70
Oakland_11082022_Schoolboarddistrict4.csv,none,3,"('MIKE HUTCHINSON', 2)","('MIKE HUTCHINSON', 2)","('NICK RESNICK', 2)","('MIKE HUTCHINSON', 2)","('PECOLIA MANIGO', 2)","('NICK RESNICK', 2)","('MIKE HUTCHINSON', 2)","('MIKE HUTCHINSON', 2)","('MIKE HUTCHINSON', 2)","('NICK RESNICK', 2)",80
Oakland_11082022_Schoolboarddistrict4.csv,frozenset({'MIKE HUTCHINSON'}),4,"('Clone', 3)","('Clone', 3)","('Clone', 3)","('Clone', 3)","('PECOLIA MANIGO', 3)","('NICK RESNICK', 3)","('Clone', 3)","('Clone', 3)","('Clone', 3)","('NICK RESNICK', 3)",80
Oakland_11082022_Schoolboarddistrict4.csv,frozenset({'NICK RESNICK'}),4,"('MIKE HUTCHINSON', 3)","('MIKE HUTCHINSON', 3)","('MIKE HUTCHINSON', 3)","('MIKE HUTCHINSON', 3)","('PECOLIA MANIGO', 3)","('Clone', 3)","('MIKE HUTCHINSON', 3)","('MIKE HUTCHINSON', 3)","('MIKE HUTCHINSON', 3)","('Clone', 3)",80
Oakland_11082022_Schoolboarddistrict4.csv,frozenset({'PECOLIA MANIGO'}),4,"('MIKE HUTCHINSON', 3)","('MIKE HUTCHINSON', 3)","('MIKE HUTCHINSON', 3)","('MIKE HUTCHINSON', 3)","('Clone', 3)","('NICK RESNICK', 3)","('MIKE HUTCHINSON', 3)","('MIKE HUTCHINSON', 3)","('MIKE HUTCHINSON', 3)","('NICK RESNICK', 3)",80
Oakland_11082022_Schoolboarddistrict4.csv,none,3,"('MIKE HUTCHINSON', 2)","('MIKE HUTCHINSON', 2)","('NICK RESNICK', 2)","('MIKE HUTCHINSON', 2)","('PECOLIA MANIGO', 2)","('NICK RESNICK', 2)","('MIKE HUTCHINSON', 2)","('MIKE HUTCHINSON', 2)","('MIKE HUTCHINSON', 2)","('NICK RESNICK', 2)",90
Oakland_11082022_Schoolboarddistrict4.csv,frozenset({'MIKE HUTCHINSON'}),4,"('Clone', 3)","('Clone', 3)","('Clone', 3)","('Clone', 3)","('PECOLIA MANIGO', 3)","('NICK RESNICK', 3)","('Clone', 3)","('Clone', 3)","('Clone', 3)","('NICK RESNICK', 3)",90
Oakland_11082022_Schoolboarddistrict4.csv,frozenset({'NICK RESNICK'}),4,"('MIKE HUTCHINSON', 3)","('MIKE HUTCHINSON', 3)","('MIKE HUTCHINSON', 3)","('MIKE HUTCHINSON', 3)","('PECOLIA MANIGO', 3)","('Clone', 3)","('MIKE HUTCHINSON', 3)","('MIKE HUTCHINSON', 3)","('MIKE HUTCHINSON', 3)","('Clone', 3)",90
Oakland_11082022_Schoolboarddistrict4.csv,frozenset({'PECOLIA MANIGO'}),4,"('MIKE HUTCHINSON', 3)","('MIKE HUTCHINSON', 3)","('MIKE HUTCHINSON', 3)","('MIKE HUTCHINSON', 3)","('Clone', 3)","('NICK RESNICK', 3)","('MIKE HUTCHINSON', 3)","('MIKE HUTCHINSON', 3)","('MIKE HUTCHINSON', 3)","('NICK RESNICK', 3)",90
AnnandaleNorthWard_dumgal12-12.csv,none,7,"('(Con) Gail MACGREGOR', 3)","('(Con) Gail MACGREGOR', 3)","('(Con) Gail MACGREGOR', 3)","('(Con) Gail MACGREGOR', 3)","('(Con) Gail MACGREGOR', 3)","('(Con) Gail MACGREGOR', 3)","('(Con) Gail MACGREGOR', 3)","('(Con) Gail MACGREGOR', 3)","('(Con) Gail MACGREGOR', 3)","('(Con) Gail MACGREGOR', 3)",0
AnnandaleNorthWard_dumgal12-12.csv,frozenset({'(Con) Gail MACGREGOR'}),8,"('(Con) Gail MACGREGOR', 4)","('(Con) Gail MACGREGOR', 4)","('(Con) Gail MACGREGOR', 4)","('(Con) Gail MACGREGOR', 4)","('(Con) Gail MACGREGOR', 4)","('(Con) Gail MACGREGOR', 4)","('(Con) Gail MACGREGOR', 4)","('(Con) Gail MACGREGOR', 4)","('(Con) Gail MACGREGOR', 4)","('(Con) Gail MACGREGOR', 4)",0
AnnandaleNorthWard_dumgal12-12.csv,frozenset({'(LD) Hugh YOUNG'}),8,"('(Con) Gail MACGREGOR', 4)","('(Con) Gail MACGREGOR', 4)","('(Con) Gail MACGREGOR', 4)","('(Con) Gail MACGREGOR', 4)","('(Con) Gail MACGREGOR', 4)","('(Con) Gail MACGREGOR', 4)","('(Con) Gail MACGREGOR', 4)","('(Con) Gail MACGREGOR', 4)","('(Con) Gail MACGREGOR', 4)","('(Con) Gail MACGREGOR', 4)",0
AnnandaleNorthWard_dumgal12-12.csv,frozenset({'(Grn) Alis BALLANCE'}),8,"('(Con) Gail MACGREGOR', 4)","('(Con) Gail MACGREGOR', 4)","('(Con) Gail MACGREGOR', 4)","('(Con) Gail MACGREGOR', 4)","('(Con) Gail MACGREGOR', 4)","('(Con) Gail MACGREGOR', 4)","('(Con) Gail MACGREGOR', 4)","('(Con) Gail MACGREGOR', 4)","('(Con) Gail MACGREGOR', 4)","('(Con) Gail MACGREGOR', 4)",0
AnnandaleNorthWard_dumgal12-12.csv,frozenset({'(Con) Peter DIGGLE'}),8,"('(Con) Gail MACGREGOR', 4)","('(Con) Gail MACGREGOR', 4)","('(Con) Gail MACGREGOR', 4)","('(Con) Gail MACGREGOR', 4)","('(Con) Gail MACGREGOR', 4)","('(Con) Gail MACGREGOR', 4)","('(Con) Gail MACGREGOR', 4)","('(Con) Gail MACGREGOR', 4)","('(Con) Gail MACGREGOR', 4)","('(Con) Gail MACGREGOR', 4)",0
AnnandaleNorthWard_dumgal12-12.csv,frozenset({'(Con) Roger GRANT'}),8,"('(Con) Gail MACGREGOR', 4)","('(Con) Gail MACGREGOR', 4)","('(Con) Gail MACGREGOR', 4)","('(Con) Gail MACGREGOR', 4)","('(Con) Gail MACGREGOR', 4)","('(Con) Gail MACGREGOR', 4)","('(Con) Gail MACGREGOR', 4)","('(Con) Gail MACGREGOR', 4)","('(Con) Gail MACGREGOR', 4)","('(Con) Gail MACGREGOR', 4)",0
AnnandaleNorthWard_dumgal12-12.csv,frozenset({'(SNP) Stephen THOMPSON'}),8,"('(Con) Gail MACGREGOR', 4)","('(Con) Gail MACGREGOR', 4)","('(Con) Gail MACGREGOR', 4)","('(Con) Gail MACGREGOR', 4)","('(Con) Gail MACGREGOR', 4)","('(Con) Gail MACGREGOR', 4)","('(Con) Gail MACGREGOR', 4)","('(Con) Gail MACGREGOR', 4)","('(Con) Gail MACGREGOR', 4)","('(Con) Gail MACGREGOR', 4)",0
AnnandaleNorthWard_dumgal12-12.csv,frozenset({'(Lab) Ted BROWN'}),8,"('(Con) Gail MACGREGOR', 4)","('(Con) Gail MACGREGOR', 4)","('(Con) Gail MACGREGOR', 4)","('(Con) Gail MACGREGOR', 4)","('(Con) Gail MACGREGOR', 4)","('(Con) Gail MACGREGOR', 4)","('(Con) Gail MACGREGOR', 4)","('(Con) Gail MACGREGOR', 4)","('(Con) Gail MACGREGOR', 4)","('(Con) Gail MACGREGOR', 4)",0
AnnandaleNorthWard_dumgal12-12.csv,none,7,"('(Con) Gail MACGREGOR', 3)","('(Con) Gail MACGREGOR', 3)","('(Con) Gail MACGREGOR', 3)","('(Con) Gail MACGREGOR', 3)","('(Con) Gail MACGREGOR', 3)","('(Con) Gail MACGREGOR', 3)","('(Con) Gail MACGREGOR', 3)","('(Con) Gail MACGREGOR', 3)","('(Con) Gail MACGREGOR', 3)","('(Con) Gail MACGREGOR', 3)",10
AnnandaleNorthWard_dumgal12-12.csv,frozenset({'(Con) Gail MACGREGOR'}),8,"('Clone', 4)","('(Con) Gail MACGREGOR', 4)","('(Con) Gail MACGREGOR', 4)","('(Con) Gail MACGREGOR', 4)","('(Con) Gail MACGREGOR', 4)","('(Con) Gail MACGREGOR', 4)","('(Con) Gail MACGREGOR', 4)","('(Con) Gail MACGREGOR', 4)","('(Con) Gail MACGREGOR', 4)","('(Con) Gail MACGREGOR', 4)",10
AnnandaleNorthWard_dumgal12-12.csv,frozenset({'(LD) Hugh YOUNG'}),8,"('(Con) Gail MACGREGOR', 4)","('(Con) Gail MACGREGOR', 4)","('(Con) Gail MACGREGOR', 4)","('(Con) Gail MACGREGOR', 4)","('(Con) Gail MACGREGOR', 4)","('(Con) Gail MACGREGOR', 4)","('(Con) Gail MACGREGOR', 4)","('(Con) Gail MACGREGOR', 4)","('(Con) Gail MACGREGOR', 4)","('(Con) Gail MACGREGOR', 4)",10
AnnandaleNorthWard_dumgal12-12.csv,frozenset({'(Grn) Alis BALLANCE'}),8,"('(Con) Gail MACGREGOR', 4)","('(Con) Gail MACGREGOR', 4)","('(Con) Gail MACGREGOR', 4)","('(Con) Gail MACGREGOR', 4)","('(Con) Gail MACGREGOR', 4)","('(Con) Gail MACGREGOR', 4)","('(Con) Gail MACGREGOR', 4)","('(Con) Gail MACGREGOR', 4)","('(Con) Gail MACGREGOR', 4)","('(Con) Gail MACGREGOR', 4)",10
AnnandaleNorthWard_dumgal12-12.csv,frozenset({'(Con) Peter DIGGLE'}),8,"('(Con) Gail MACGREGOR', 4)","('(Con) Gail MACGREGOR', 4)","('(Con) Gail MACGREGOR', 4)","('(Con) Gail MACGREGOR', 4)","('(Con) Gail MACGREGOR', 4)","('(Con) Gail MACGREGOR', 4)","('(Con) Gail MACGREGOR', 4)","('(Con) Gail MACGREGOR', 4)","('(Con) Gail MACGREGOR', 4)","('(Con) Gail MACGREGOR', 4)",10
AnnandaleNorthWard_dumgal12-12.csv,frozenset({'(Con) Roger GRANT'}),8,"('(Con) Gail MACGREGOR', 4)","('(Con) Gail MACGREGOR', 4)","('(Con) Gail MACGREGOR', 4)","('(Con) Gail MACGREGOR', 4)","('(Con) Gail MACGREGOR', 4)","('(Con) Gail MACGREGOR', 4)","('(Con) Gail MACGREGOR', 4)","('(Con) Gail MACGREGOR', 4)","('(Con) Gail MACGREGOR', 4)","('(Con) Gail MACGREGOR', 4)",10
AnnandaleNorthWard_dumgal12-12.csv,frozenset({'(SNP) Stephen THOMPSON'}),8,"('(Con) Gail MACGREGOR', 4)","('(Con) Gail MACGREGOR', 4)","('(Con) Gail MACGREGOR', 4)","('(Con) Gail MACGREGOR', 4)","('(Con) Gail MACGREGOR', 4)","('(Con) Gail MACGREGOR', 4)","('(Con) Gail MACGREGOR', 4)","('(Con) Gail MACGREGOR', 4)","('(Con) Gail MACGREGOR', 4)","('(Con) Gail MACGREGOR', 4)",10
AnnandaleNorthWard_dumgal12-12.csv,frozenset({'(Lab) Ted BROWN'}),8,"('(Con) Gail MACGREGOR', 4)","('(Con) Gail MACGREGOR', 4)","('(Con) Gail MACGREGOR', 4)","('(Con) Gail MACGREGOR', 4)","('(Con) Gail MACGREGOR', 4)","('(Con) Gail MACGREGOR', 4)","('(Con) Gail MACGREGOR', 4)","('(Con) Gail MACGREGOR', 4)","('(Con) Gail MACGREGOR', 4)","('(Con) Gail MACGREGOR', 4)",10
AnnandaleNorthWard_dumgal12-12.csv,none,7,"('(Con) Gail MACGREGOR', 3)","('(Con) Gail MACGREGOR', 3)","('(Con) Gail MACGREGOR', 3)","('(Con) Gail MACGREGOR', 3)","('(Con) Gail MACGREGOR', 3)","('(Con) Gail MACGREGOR', 3)","('(Con) Gail MACGREGOR', 3)","('(Con) Gail MACGREGOR', 3)","('(Con) Gail MACGREGOR', 3)","('(Con) Gail MACGREGOR', 3)",20
AnnandaleNorthWard_dumgal12-12.csv,frozenset({'(Con) Gail MACGREGOR'}),8,"('Clone', 4)","('(Con) Gail MACGREGOR', 4)","('(Con) Gail MACGREGOR', 4)","('(Con) Gail MACGREGOR', 4)","('(Con) Gail MACGREGOR', 4)","('(Con) Gail MACGREGOR', 4)","('(Con) Gail MACGREGOR', 4)","('(Con) Gail MACGREGOR', 4)","('(Con) Gail MACGREGOR', 4)","('(Con) Gail MACGREGOR', 4)",20
AnnandaleNorthWard_dumgal12-12.csv,frozenset({'(LD) Hugh YOUNG'}),8,"('(Con) Gail MACGREGOR', 4)","('(Con) Gail MACGREGOR', 4)","('(Con) Gail MACGREGOR', 4)","('(Con) Gail MACGREGOR', 4)","('(Con) Gail MACGREGOR', 4)","('(Con) Gail MACGREGOR', 4)","('(Con) Gail MACGREGOR', 4)","('(Con) Gail MACGREGOR', 4)","('(Con) Gail MACGREGOR', 4)","('(Con) Gail MACGREGOR', 4)",20
AnnandaleNorthWard_dumgal12-12.csv,frozenset({'(Grn) Alis BALLANCE'}),8,"('(Con) Gail MACGREGOR', 4)","('(Con) Gail MACGREGOR', 4)","('(Con) Gail MACGREGOR', 4)","('(Con) Gail MACGREGOR', 4)","('(Con) Gail MACGREGOR', 4)","('(Con) Gail MACGREGOR', 4)","('(Con) Gail MACGREGOR', 4)","('(Con) Gail MACGREGOR', 4)","('(Con) Gail MACGREGOR', 4)","('(Con) Gail MACGREGOR', 4)",20
AnnandaleNorthWard_dumgal12-12.csv,frozenset({'(Con) Peter DIGGLE'}),8,"('(Con) Gail MACGREGOR', 4)","('(Con) Gail MACGREGOR', 4)","('(Con) Gail MACGREGOR', 4)","('(Con) Gail MACGREGOR', 4)","('(Con) Gail MACGREGOR', 4)","('(Con) Gail MACGREGOR', 4)","('(Con) Gail MACGREGOR', 4)","('(Con) Gail MACGREGOR', 4)","('(Con) Gail MACGREGOR', 4)","('(Con) Gail MACGREGOR', 4)",20
AnnandaleNorthWard_dumgal12-12.csv,frozenset({'(Con) Roger GRANT'}),8,"('(Con) Gail MACGREGOR', 4)","('(Con) Gail MACGREGOR', 4)","('(Con) Gail MACGREGOR', 4)","('(Con) Gail MACGREGOR', 4)","('(Con) Gail MACGREGOR', 4)","('(Con) Gail MACGREGOR', 4)","('(Con) Gail MACGREGOR', 4)","('(Con) Gail MACGREGOR', 4)","('(Con) Gail MACGREGOR', 4)","('(Con) Gail MACGREGOR', 4)",20
AnnandaleNorthWard_dumgal12-12.csv,frozenset({'(SNP) Stephen THOMPSON'}),8,"('(Con) Gail MACGREGOR', 4)","('(Con) Gail MACGREGOR', 4)","('(Con) Gail MACGREGOR', 4)","('(Con) Gail MACGREGOR', 4)","('(Con) Gail MACGREGOR', 4)","('(Con) Gail MACGREGOR', 4)","('(Con) Gail MACGREGOR', 4)","('(Con) Gail MACGREGOR', 4)","('(Con) Gail MACGREGOR', 4)","('(Con) Gail MACGREGOR', 4)",20
AnnandaleNorthWard_dumgal12-12.csv,frozenset({'(Lab) Ted BROWN'}),8,"('(Con) Gail MACGREGOR', 4)","('(Con) Gail MACGREGOR', 4)","('(Con) Gail MACGREGOR', 4)","('(Con) Gail MACGREGOR', 4)","('(Con) Gail MACGREGOR', 4)","('(Con) Gail MACGREGOR', 4)","('(Con) Gail MACGREGOR', 4)","('(Con) Gail MACGREGOR', 4)","('(Con) Gail MACGREGOR', 4)","('(Con) Gail MACGREGOR', 4)",20
AnnandaleNorthWard_dumgal12-12.csv,none,7,"('(Con) Gail MACGREGOR', 3)","('(Con) Gail MACGREGOR', 3)","('(Con) Gail MACGREGOR', 3)","('(Con) Gail MACGREGOR', 3)","('(Con) Gail MACGREGOR', 3)","('(Con) Gail MACGREGOR', 3)","('(Con) Gail MACGREGOR', 3)","('(Con) Gail MACGREGOR', 3)","('(Con) Gail MACGREGOR', 3)","('(Con) Gail MACGREGOR', 3)",30
AnnandaleNorthWard_dumgal12-12.csv,frozenset({'(Con) Gail MACGREGOR'}),8,"('Clone', 4)","('(Con) Gail MACGREGOR', 4)","('(Con) Gail MACGREGOR', 4)","('(Con) Gail MACGREGOR', 4)","('(Con) Gail MACGREGOR', 4)","('(Con) Gail MACGREGOR', 4)","('(Con) Gail MACGREGOR', 4)","('(Con) Gail MACGREGOR', 4)","('(Con) Gail MACGREGOR', 4)","('(Con) Gail MACGREGOR', 4)",30
AnnandaleNorthWard_dumgal12-12.csv,frozenset({'(LD) Hugh YOUNG'}),8,"('(Con) Gail MACGREGOR', 4)","('(Con) Gail MACGREGOR', 4)","('(Con) Gail MACGREGOR', 4)","('(Con) Gail MACGREGOR', 4)","('(Con) Gail MACGREGOR', 4)","('(Con) Gail MACGREGOR', 4)","('(Con) Gail MACGREGOR', 4)","('(Con) Gail MACGREGOR', 4)","('(Con) Gail MACGREGOR', 4)","('(Con) Gail MACGREGOR', 4)",30
AnnandaleNorthWard_dumgal12-12.csv,frozenset({'(Grn) Alis BALLANCE'}),8,"('(Con) Gail MACGREGOR', 4)","('(Con) Gail MACGREGOR', 4)","('(Con) Gail MACGREGOR', 4)","('(Con) Gail MACGREGOR', 4)","('(Con) Gail MACGREGOR', 4)","('(Con) Gail MACGREGOR', 4)","('(Con) Gail MACGREGOR', 4)","('(Con) Gail MACGREGOR', 4)","('(Con) Gail MACGREGOR', 4)","('(Con) Gail MACGREGOR', 4)",30
AnnandaleNorthWard_dumgal12-12.csv,frozenset({'(Con) Peter DIGGLE'}),8,"('(Con) Gail MACGREGOR', 4)","('(Con) Gail MACGREGOR', 4)","('(Con) Gail MACGREGOR', 4)","('(Con) Gail MACGREGOR', 4)","('(Con) Gail MACGREGOR', 4)","('(Con) Gail MACGREGOR', 4)","('(Con) Gail MACGREGOR', 4)","('(Con) Gail MACGREGOR', 4)","('(Con) Gail MACGREGOR', 4)","('(Con) Gail MACGREGOR', 4)",30
AnnandaleNorthWard_dumgal12-12.csv,frozenset({'(Con) Roger GRANT'}),8,"('(Con) Gail MACGREGOR', 4)","('(Con) Gail MACGREGOR', 4)","('(Con) Gail MACGREGOR', 4)","('(Con) Gail MACGREGOR', 4)","('(Con) Gail MACGREGOR', 4)","('(Con) Gail MACGREGOR', 4)","('(Con) Gail MACGREGOR', 4)","('(Con) Gail MACGREGOR', 4)","('(Con) Gail MACGREGOR', 4)","('(Con) Gail MACGREGOR', 4)",30
AnnandaleNorthWard_dumgal12-12.csv,frozenset({'(SNP) Stephen THOMPSON'}),8,"('(Con) Gail MACGREGOR', 4)","('(Con) Gail MACGREGOR', 4)","('(Con) Gail MACGREGOR', 4)","('(Con) Gail MACGREGOR', 4)","('(Con) Gail MACGREGOR', 4)","('(Con) Gail MACGREGOR', 4)","('(Con) Gail MACGREGOR', 4)","('(Con) Gail MACGREGOR', 4)","('(Con) Gail MACGREGOR', 4)","('(Con) Gail MACGREGOR', 4)",30
AnnandaleNorthWard_dumgal12-12.csv,frozenset({'(Lab) Ted BROWN'}),8,"('(Con) Gail MACGREGOR', 4)","('(Con) Gail MACGREGOR', 4)","('(Con) Gail MACGREGOR', 4)","('(Con) Gail MACGREGOR', 4)","('(Con) Gail MACGREGOR', 4)","('(Con) Gail MACGREGOR', 4)","('(Con) Gail MACGREGOR', 4)","('(Con) Gail MACGREGOR', 4)","('(Con) Gail MACGREGOR', 4)","('(Con) Gail MACGREGOR', 4)",30
AnnandaleNorthWard_dumgal12-12.csv,none,7,"('(Con) Gail MACGREGOR', 3)","('(Con) Gail MACGREGOR', 3)","('(Con) Gail MACGREGOR', 3)","('(Con) Gail MACGREGOR', 3)","('(Con) Gail MACGREGOR', 3)","('(Con) Gail MACGREGOR', 3)","('(Con) Gail MACGREGOR', 3)","('(Con) Gail MACGREGOR', 3)","('(Con) Gail MACGREGOR', 3)","('(Con) Gail MACGREGOR', 3)",40
AnnandaleNorthWard_dumgal12-12.csv,frozenset({'(Con) Gail MACGREGOR'}),8,"('Clone', 4)","('(Con) Gail MACGREGOR', 4)","('Clone', 4)","('Clone', 4)","('Clone', 4)","('Clone', 4)","('Clone', 4)","('Clone', 4)","('Clone', 4)","('Clone', 4)",40
AnnandaleNorthWard_dumgal12-12.csv,frozenset({'(LD) Hugh YOUNG'}),8,"('(Con) Gail MACGREGOR', 4)","('(Con) Gail MACGREGOR', 4)","('(Con) Gail MACGREGOR', 4)","('(Con) Gail MACGREGOR', 4)","('(Con) Gail MACGREGOR', 4)","('(Con) Gail MACGREGOR', 4)","('(Con) Gail MACGREGOR', 4)","('(Con) Gail MACGREGOR', 4)","('(Con) Gail MACGREGOR', 4)","('(Con) Gail MACGREGOR', 4)",40
AnnandaleNorthWard_dumgal12-12.csv,frozenset({'(Grn) Alis BALLANCE'}),8,"('(Con) Gail MACGREGOR', 4)","('(Con) Gail MACGREGOR', 4)","('(Con) Gail MACGREGOR', 4)","('(Con) Gail MACGREGOR', 4)","('(Con) Gail MACGREGOR', 4)","('(Con) Gail MACGREGOR', 4)","('(Con) Gail MACGREGOR', 4)","('(Con) Gail MACGREGOR', 4)","('(Con) Gail MACGREGOR', 4)","('(Con) Gail MACGREGOR', 4)",40
AnnandaleNorthWard_dumgal12-12.csv,frozenset({'(Con) Peter DIGGLE'}),8,"('(Con) Gail MACGREGOR', 4)","('(Con) Gail MACGREGOR', 4)","('(Con) Gail MACGREGOR', 3)","('(Con) Gail MACGREGOR', 4)","('(Con) Gail MACGREGOR', 4)","('(Con) Gail MACGREGOR', 4)","('(Con) Gail MACGREGOR', 4)","('(Con) Gail MACGREGOR', 4)","('(Con) Gail MACGREGOR', 4)","('(Con) Gail MACGREGOR', 4)",40
AnnandaleNorthWard_dumgal12-12.csv,frozenset({'(Con) Roger GRANT'}),8,"('(Con) Gail MACGREGOR', 4)","('(Con) Gail MACGREGOR', 4)","('(Con) Gail MACGREGOR', 4)","('(Con) Gail MACGREGOR', 4)","('(Con) Gail MACGREGOR', 4)","('(Con) Gail MACGREGOR', 4)","('(Con) Gail MACGREGOR', 4)","('(Con) Gail MACGREGOR', 4)","('(Con) Gail MACGREGOR', 4)","('(Con) Gail MACGREGOR', 4)",40
AnnandaleNorthWard_dumgal12-12.csv,frozenset({'(SNP) Stephen THOMPSON'}),8,"('(Con) Gail MACGREGOR', 4)","('(Con) Gail MACGREGOR', 4)","('(Con) Gail MACGREGOR', 4)","('(Con) Gail MACGREGOR', 4)","('(Con) Gail MACGREGOR', 4)","('(Con) Gail MACGREGOR', 4)","('(Con) Gail MACGREGOR', 4)","('(Con) Gail MACGREGOR', 4)","('(Con) Gail MACGREGOR', 4)","('(Con) Gail MACGREGOR', 4)",40
AnnandaleNorthWard_dumgal12-12.csv,frozenset({'(Lab) Ted BROWN'}),8,"('(Con) Gail MACGREGOR', 4)","('(Con) Gail MACGREGOR', 4)","('(Con) Gail MACGREGOR', 4)","('(Con) Gail MACGREGOR', 4)","('(Con) Gail MACGREGOR', 4)","('(Con) Gail MACGREGOR', 4)","('(Con) Gail MACGREGOR', 4)","('(Con) Gail MACGREGOR', 4)","('(Con) Gail MACGREGOR', 4)","('(Con) Gail MACGREGOR', 4)",40
AnnandaleNorthWard_dumgal12-12.csv,none,7,"('(Con) Gail MACGREGOR', 3)","('(Con) Gail MACGREGOR', 3)","('(Con) Gail MACGREGOR', 3)","('(Con) Gail MACGREGOR', 3)","('(Con) Gail MACGREGOR', 3)","('(Con) Gail MACGREGOR', 3)","('(Con) Gail MACGREGOR', 3)","('(Con) Gail MACGREGOR', 3)","('(Con) Gail MACGREGOR', 3)","('(Con) Gail MACGREGOR', 3)",50
AnnandaleNorthWard_dumgal12-12.csv,frozenset({'(Con) Gail MACGREGOR'}),8,"('Clone', 4)","('Clone', 4)","('Clone', 4)","('Clone', 4)","('Clone', 4)","('Clone', 4)","('Clone', 4)","('Clone', 4)","('Clone', 4)","('Clone', 4)",50
AnnandaleNorthWard_dumgal12-12.csv,frozenset({'(LD) Hugh YOUNG'}),8,"('(Con) Gail MACGREGOR', 4)","('(Con) Gail MACGREGOR', 4)","('(Con) Gail MACGREGOR', 4)","('(Con) Gail MACGREGOR', 4)","('(Con) Gail MACGREGOR', 4)","('(Con) Gail MACGREGOR', 4)","('(Con) Gail MACGREGOR', 4)","('(Con) Gail MACGREGOR', 4)","('(Con) Gail MACGREGOR', 4)","('(Con) Gail MACGREGOR', 4)",50
AnnandaleNorthWard_dumgal12-12.csv,frozenset({'(Grn) Alis BALLANCE'}),8,"('(Con) Gail MACGREGOR', 4)","('(Con) Gail MACGREGOR', 4)","('(Con) Gail MACGREGOR', 4)","('(Con) Gail MACGREGOR', 4)","('(Con) Gail MACGREGOR', 4)","('(Con) Gail MACGREGOR', 4)","('(Con) Gail MACGREGOR', 4)","('(Con) Gail MACGREGOR', 4)","('(Con) Gail MACGREGOR', 4)","('(Con) Gail MACGREGOR', 4)",50
AnnandaleNorthWard_dumgal12-12.csv,frozenset({'(Con) Peter DIGGLE'}),8,"('(Con) Gail MACGREGOR', 4)","('(Con) Gail MACGREGOR', 4)","('(Con) Gail MACGREGOR', 3)","('(Con) Gail MACGREGOR', 4)","('(Con) Gail MACGREGOR', 4)","('(Con) Gail MACGREGOR', 4)","('(Con) Gail MACGREGOR', 4)","('(Con) Gail MACGREGOR', 4)","('(Con) Gail MACGREGOR', 4)","('(Con) Gail MACGREGOR', 4)",50
AnnandaleNorthWard_dumgal12-12.csv,frozenset({'(Con) Roger GRANT'}),8,"('(Con) Gail MACGREGOR', 4)","('(Con) Gail MACGREGOR', 4)","('(Con) Gail MACGREGOR', 4)","('(Con) Gail MACGREGOR', 4)","('(Con) Gail MACGREGOR', 4)","('(Con) Gail MACGREGOR', 4)","('(Con) Gail MACGREGOR', 4)","('(Con) Gail MACGREGOR', 4)","('(Con) Gail MACGREGOR', 4)","('(Con) Gail MACGREGOR', 4)",50
AnnandaleNorthWard_dumgal12-12.csv,frozenset({'(SNP) Stephen THOMPSON'}),8,"('(Con) Gail MACGREGOR', 4)","('(Con) Gail MACGREGOR', 4)","('(Con) Gail MACGREGOR', 4)","('(Con) Gail MACGREGOR', 4)","('(Con) Gail MACGREGOR', 4)","('(Con) Gail MACGREGOR', 4)","('(Con) Gail MACGREGOR', 4)","('(Con) Gail MACGREGOR', 4)","('(Con) Gail MACGREGOR', 4)","('(Con) Gail MACGREGOR', 4)",50
AnnandaleNorthWard_dumgal12-12.csv,frozenset({'(Lab) Ted BROWN'}),8,"('(Con) Gail MACGREGOR', 4)","('(Con) Gail MACGREGOR', 4)","('(Con) Gail MACGREGOR', 4)","('(Con) Gail MACGREGOR', 4)","('(Con) Gail MACGREGOR', 4)","('(Con) Gail MACGREGOR', 4)","('(Con) Gail MACGREGOR', 4)","('(Con) Gail MACGREGOR', 4)","('(Con) Gail MACGREGOR', 4)","('(Con) Gail MACGREGOR', 4)",50
AnnandaleNorthWard_dumgal12-12.csv,none,7,"('(Con) Gail MACGREGOR', 3)","('(Con) Gail MACGREGOR', 3)","('(Con) Gail MACGREGOR', 3)","('(Con) Gail MACGREGOR', 3)","('(Con) Gail MACGREGOR', 3)","('(Con) Gail MACGREGOR', 3)","('(Con) Gail MACGREGOR', 3)","('(Con) Gail MACGREGOR', 3)","('(Con) Gail MACGREGOR', 3)","('(Con) Gail MACGREGOR', 3)",60
AnnandaleNorthWard_dumgal12-12.csv,frozenset({'(Con) Gail MACGREGOR'}),8,"('Clone', 4)","('Clone', 4)","('Clone', 4)","('Clone', 4)","('Clone', 4)","('Clone', 4)","('Clone', 4)","('Clone', 4)","('Clone', 4)","('Clone', 4)",60
AnnandaleNorthWard_dumgal12-12.csv,frozenset({'(LD) Hugh YOUNG'}),8,"('(Con) Gail MACGREGOR', 4)","('(Con) Gail MACGREGOR', 4)","('(Con) Gail MACGREGOR', 4)","('(Con) Gail MACGREGOR', 4)","('(Con) Gail MACGREGOR', 4)","('(Con) Gail MACGREGOR', 4)","('(Con) Gail MACGREGOR', 4)","('(Con) Gail MACGREGOR', 4)","('(Con) Gail MACGREGOR', 4)","('(Con) Gail MACGREGOR', 4)",60
AnnandaleNorthWard_dumgal12-12.csv,frozenset({'(Grn) Alis BALLANCE'}),8,"('(Con) Gail MACGREGOR', 4)","('(Con) Gail MACGREGOR', 4)","('(Con) Gail MACGREGOR', 4)","('(Con) Gail MACGREGOR', 4)","('(Con) Gail MACGREGOR', 4)","('(Con) Gail MACGREGOR', 4)","('(Con) Gail MACGREGOR', 4)","('(Con) Gail MACGREGOR', 4)","('(Con) Gail MACGREGOR', 4)","('(Con) Gail MACGREGOR', 4)",60
AnnandaleNorthWard_dumgal12-12.csv,frozenset({'(Con) Peter DIGGLE'}),8,"('(Con) Gail MACGREGOR', 4)","('(Con) Gail MACGREGOR', 4)","('(Con) Gail MACGREGOR', 3)","('(Con) Gail MACGREGOR', 4)","('(Con) Gail MACGREGOR', 4)","('(Con) Gail MACGREGOR', 4)","('(Con) Gail MACGREGOR', 4)","('(Con) Gail MACGREGOR', 4)","('(Con) Gail MACGREGOR', 4)","('(Con) Gail MACGREGOR', 4)",60
AnnandaleNorthWard_dumgal12-12.csv,frozenset({'(Con) Roger GRANT'}),8,"('(Con) Gail MACGREGOR', 4)","('(Con) Gail MACGREGOR', 4)","('(Con) Gail MACGREGOR', 4)","('(Con) Gail MACGREGOR', 4)","('(Con) Gail MACGREGOR', 4)","('(Con) Gail MACGREGOR', 4)","('(Con) Gail MACGREGOR', 4)","('(Con) Gail MACGREGOR', 4)","('(Con) Gail MACGREGOR', 4)","('(Con) Gail MACGREGOR', 4)",60
AnnandaleNorthWard_dumgal12-12.csv,frozenset({'(SNP) Stephen THOMPSON'}),8,"('(Con) Gail MACGREGOR', 4)","('(Con) Gail MACGREGOR', 4)","('(Con) Gail MACGREGOR', 4)","('(Con) Gail MACGREGOR', 4)","('(Con) Gail MACGREGOR', 4)","('(Con) Gail MACGREGOR', 4)","('(Con) Gail MACGREGOR', 4)","('(Con) Gail MACGREGOR', 4)","('(Con) Gail MACGREGOR', 4)","('(Con) Gail MACGREGOR', 4)",60
AnnandaleNorthWard_dumgal12-12.csv,frozenset({'(Lab) Ted BROWN'}),8,"('(Con) Gail MACGREGOR', 4)","('(Con) Gail MACGREGOR', 4)","('(Con) Gail MACGREGOR', 4)","('(Con) Gail MACGREGOR', 4)","('(Con) Gail MACGREGOR', 4)","('(Con) Gail MACGREGOR', 4)","('(Con) Gail MACGREGOR', 4)","('(Con) Gail MACGREGOR', 4)","('(Con) Gail MACGREGOR', 4)","('(Con) Gail MACGREGOR', 4)",60
AnnandaleNorthWard_dumgal12-12.csv,none,7,"('(Con) Gail MACGREGOR', 3)","('(Con) Gail MACGREGOR', 3)","('(Con) Gail MACGREGOR', 3)","('(Con) Gail MACGREGOR', 3)","('(Con) Gail MACGREGOR', 3)","('(Con) Gail MACGREGOR', 3)","('(Con) Gail MACGREGOR', 3)","('(Con) Gail MACGREGOR', 3)","('(Con) Gail MACGREGOR', 3)","('(Con) Gail MACGREGOR', 3)",70
AnnandaleNorthWard_dumgal12-12.csv,frozenset({'(Con) Gail MACGREGOR'}),8,"('Clone', 4)","('Clone', 4)","('Clone', 4)","('Clone', 4)","('Clone', 4)","('Clone', 4)","('Clone', 4)","('Clone', 4)","('Clone', 4)","('Clone', 4)",70
AnnandaleNorthWard_dumgal12-12.csv,frozenset({'(LD) Hugh YOUNG'}),8,"('(Con) Gail MACGREGOR', 4)","('(Con) Gail MACGREGOR', 4)","('(Con) Gail MACGREGOR', 4)","('(Con) Gail MACGREGOR', 4)","('(Con) Gail MACGREGOR', 4)","('(Con) Gail MACGREGOR', 4)","('(Con) Gail MACGREGOR', 4)","('(Con) Gail MACGREGOR', 4)","('(Con) Gail MACGREGOR', 4)","('(Con) Gail MACGREGOR', 4)",70
AnnandaleNorthWard_dumgal12-12.csv,frozenset({'(Grn) Alis BALLANCE'}),8,"('(Con) Gail MACGREGOR', 4)","('(Con) Gail MACGREGOR', 4)","('(Con) Gail MACGREGOR', 4)","('(Con) Gail MACGREGOR', 4)","('(Con) Gail MACGREGOR', 4)","('(Con) Gail MACGREGOR', 4)","('(Con) Gail MACGREGOR', 4)","('(Con) Gail MACGREGOR', 4)","('(Con) Gail MACGREGOR', 4)","('(Con) Gail MACGREGOR', 4)",70
AnnandaleNorthWard_dumgal12-12.csv,frozenset({'(Con) Peter DIGGLE'}),8,"('(Con) Gail MACGREGOR', 4)","('(Con) Gail MACGREGOR', 4)","('(Con) Gail MACGREGOR', 4)","('(Con) Gail MACGREGOR', 4)","('(Con) Gail MACGREGOR', 4)","('(Con) Gail MACGREGOR', 4)","('(Con) Gail MACGREGOR', 4)","('(Con) Gail MACGREGOR', 4)","('(Con) Gail MACGREGOR', 4)","('(Con) Gail MACGREGOR', 4)",70
AnnandaleNorthWard_dumgal12-12.csv,frozenset({'(Con) Roger GRANT'}),8,"('(Con) Gail MACGREGOR', 4)","('(Con) Gail MACGREGOR', 4)","('(Con) Gail MACGREGOR', 4)","('(Con) Gail MACGREGOR', 4)","('(Con) Gail MACGREGOR', 4)","('(Con) Gail MACGREGOR', 4)","('(Con) Gail MACGREGOR', 4)","('(Con) Gail MACGREGOR', 4)","('(Con) Gail MACGREGOR', 4)","('(Con) Gail MACGREGOR', 4)",70
AnnandaleNorthWard_dumgal12-12.csv,frozenset({'(SNP) Stephen THOMPSON'}),8,"('(Con) Gail MACGREGOR', 4)","('(Con) Gail MACGREGOR', 4)","('(Con) Gail MACGREGOR', 4)","('(Con) Gail MACGREGOR', 4)","('(Con) Gail MACGREGOR', 4)","('(Con) Gail MACGREGOR', 4)","('(Con) Gail MACGREGOR', 4)","('(Con) Gail MACGREGOR', 4)","('(Con) Gail MACGREGOR', 4)","('(Con) Gail MACGREGOR', 4)",70
AnnandaleNorthWard_dumgal12-12.csv,frozenset({'(Lab) Ted BROWN'}),8,"('(Con) Gail MACGREGOR', 4)","('(Con) Gail MACGREGOR', 4)","('(Con) Gail MACGREGOR', 4)","('(Con) Gail MACGREGOR', 4)","('(Con) Gail MACGREGOR', 4)","('(Con) Gail MACGREGOR', 4)","('(Con) Gail MACGREGOR', 4)","('(Con) Gail MACGREGOR', 4)","('(Con) Gail MACGREGOR', 4)","('(Con) Gail MACGREGOR', 4)",70
AnnandaleNorthWard_dumgal12-12.csv,none,7,"('(Con) Gail MACGREGOR', 3)","('(Con) Gail MACGREGOR', 3)","('(Con) Gail MACGREGOR', 3)","('(Con) Gail MACGREGOR', 3)","('(Con) Gail MACGREGOR', 3)","('(Con) Gail MACGREGOR', 3)","('(Con) Gail MACGREGOR', 3)","('(Con) Gail MACGREGOR', 3)","('(Con) Gail MACGREGOR', 3)","('(Con) Gail MACGREGOR', 3)",80
AnnandaleNorthWard_dumgal12-12.csv,frozenset({'(Con) Gail MACGREGOR'}),8,"('Clone', 4)","('Clone', 4)","('Clone', 4)","('Clone', 4)","('Clone', 4)","('Clone', 4)","('Clone', 4)","('Clone', 4)","('Clone', 4)","('Clone', 4)",80
AnnandaleNorthWard_dumgal12-12.csv,frozenset({'(LD) Hugh YOUNG'}),8,"('(Con) Gail MACGREGOR', 4)","('(Con) Gail MACGREGOR', 4)","('(Con) Gail MACGREGOR', 4)","('(Con) Gail MACGREGOR', 4)","('(Con) Gail MACGREGOR', 4)","('(Con) Gail MACGREGOR', 4)","('(Con) Gail MACGREGOR', 4)","('(Con) Gail MACGREGOR', 4)","('(Con) Gail MACGREGOR', 4)","('(Con) Gail MACGREGOR', 4)",80
AnnandaleNorthWard_dumgal12-12.csv,frozenset({'(Grn) Alis BALLANCE'}),8,"('(Con) Gail MACGREGOR', 4)","('(Con) Gail MACGREGOR', 4)","('(Con) Gail MACGREGOR', 4)","('(Con) Gail MACGREGOR', 4)","('(Con) Gail MACGREGOR', 4)","('(Con) Gail MACGREGOR', 4)","('(Con) Gail MACGREGOR', 4)","('(Con) Gail MACGREGOR', 4)","('(Con) Gail MACGREGOR', 4)","('(Con) Gail MACGREGOR', 4)",80
AnnandaleNorthWard_dumgal12-12.csv,frozenset({'(Con) Peter DIGGLE'}),8,"('(Con) Gail MACGREGOR', 4)","('(Con) Gail MACGREGOR', 4)","('(Con) Gail MACGREGOR', 4)","('(Con) Gail MACGREGOR', 4)","('(Con) Gail MACGREGOR', 4)","('(Con) Gail MACGREGOR', 4)","('(Con) Gail MACGREGOR', 4)","('(Con) Gail MACGREGOR', 4)","('(Con) Gail MACGREGOR', 4)","('(Con) Gail MACGREGOR', 4)",80
AnnandaleNorthWard_dumgal12-12.csv,frozenset({'(Con) Roger GRANT'}),8,"('(Con) Gail MACGREGOR', 4)","('(Con) Gail MACGREGOR', 4)","('(Con) Gail MACGREGOR', 4)","('(Con) Gail MACGREGOR', 4)","('(Con) Gail MACGREGOR', 4)","('(Con) Gail MACGREGOR', 4)","('(Con) Gail MACGREGOR', 4)","('(Con) Gail MACGREGOR', 4)","('(Con) Gail MACGREGOR', 4)","('(Con) Gail MACGREGOR', 4)",80
AnnandaleNorthWard_dumgal12-12.csv,frozenset({'(SNP) Stephen THOMPSON'}),8,"('(Con) Gail MACGREGOR', 4)","('(Con) Gail MACGREGOR', 4)","('(Con) Gail MACGREGOR', 4)","('(Con) Gail MACGREGOR', 4)","('(Con) Gail MACGREGOR', 4)","('(Con) Gail MACGREGOR', 4)","('(Con) Gail MACGREGOR', 4)","('(Con) Gail MACGREGOR', 4)","('(Con) Gail MACGREGOR', 4)","('(Con) Gail MACGREGOR', 4)",80
AnnandaleNorthWard_dumgal12-12.csv,frozenset({'(Lab) Ted BROWN'}),8,"('(Con) Gail MACGREGOR', 4)","('(Con) Gail MACGREGOR', 4)","('(Con) Gail MACGREGOR', 4)","('(Con) Gail MACGREGOR', 4)","('(Con) Gail MACGREGOR', 4)","('(Con) Gail MACGREGOR', 4)","('(Con) Gail MACGREGOR', 4)","('(Con) Gail MACGREGOR', 4)","('(Con) Gail MACGREGOR', 4)","('(Con) Gail MACGREGOR', 4)",80
AnnandaleNorthWard_dumgal12-12.csv,none,7,"('(Con) Gail MACGREGOR', 3)","('(Con) Gail MACGREGOR', 3)","('(Con) Gail MACGREGOR', 3)","('(Con) Gail MACGREGOR', 3)","('(Con) Gail MACGREGOR', 3)","('(Con) Gail MACGREGOR', 3)","('(Con) Gail MACGREGOR', 3)","('(Con) Gail MACGREGOR', 3)","('(Con) Gail MACGREGOR', 3)","('(Con) Gail MACGREGOR', 3)",90
AnnandaleNorthWard_dumgal12-12.csv,frozenset({'(Con) Gail MACGREGOR'}),8,"('Clone', 4)","('Clone', 4)","('Clone', 4)","('Clone', 4)","('Clone', 4)","('Clone', 4)","('Clone', 4)","('Clone', 4)","('Clone', 4)","('Clone', 4)",90
AnnandaleNorthWard_dumgal12-12.csv,frozenset({'(LD) Hugh YOUNG'}),8,"('(Con) Gail MACGREGOR', 4)","('(Con) Gail MACGREGOR', 4)","('(Con) Gail MACGREGOR', 4)","('(Con) Gail MACGREGOR', 4)","('(Con) Gail MACGREGOR', 4)","('(Con) Gail MACGREGOR', 4)","('(Con) Gail MACGREGOR', 4)","('(Con) Gail MACGREGOR', 4)","('(Con) Gail MACGREGOR', 4)","('(Con) Gail MACGREGOR', 4)",90
AnnandaleNorthWard_dumgal12-12.csv,frozenset({'(Grn) Alis BALLANCE'}),8,"('(Con) Gail MACGREGOR', 4)","('(Con) Gail MACGREGOR', 4)","('(Con) Gail MACGREGOR', 4)","('(Con) Gail MACGREGOR', 4)","('(Con) Gail MACGREGOR', 4)","('(Con) Gail MACGREGOR', 4)","('(Con) Gail MACGREGOR', 4)","('(Con) Gail MACGREGOR', 4)","('(Con) Gail MACGREGOR', 4)","('(Con) Gail MACGREGOR', 4)",90
AnnandaleNorthWard_dumgal12-12.csv,frozenset({'(Con) Peter DIGGLE'}),8,"('(Con) Gail MACGREGOR', 4)","('(Con) Gail MACGREGOR', 4)","('(Con) Gail MACGREGOR', 4)","('(Con) Gail MACGREGOR', 4)","('(Con) Gail MACGREGOR', 4)","('(Con) Gail MACGREGOR', 4)","('(Con) Gail MACGREGOR', 4)","('(Con) Gail MACGREGOR', 4)","('(Con) Gail MACGREGOR', 4)","('(Con) Gail MACGREGOR', 4)",90
AnnandaleNorthWard_dumgal12-12.csv,frozenset({'(Con) Roger GRANT'}),8,"('(Con) Gail MACGREGOR', 4)","('(Con) Gail MACGREGOR', 4)","('(Con) Gail MACGREGOR', 4)","('(Con) Gail MACGREGOR', 4)","('(Con) Gail MACGREGOR', 4)","('(Con) Gail MACGREGOR', 4)","('(Con) Gail MACGREGOR', 4)","('(Con) Gail MACGREGOR', 4)","('(Con) Gail MACGREGOR', 4)","('(Con) Gail MACGREGOR', 4)",90
AnnandaleNorthWard_dumgal12-12.csv,frozenset({'(SNP) Stephen THOMPSON'}),8,"('(Con) Gail MACGREGOR', 4)","('(Con) Gail MACGREGOR', 4)","('(Con) Gail MACGREGOR', 4)","('(Con) Gail MACGREGOR', 4)","('(Con) Gail MACGREGOR', 4)","('(Con) Gail MACGREGOR', 4)","('(Con) Gail MACGREGOR', 4)","('(Con) Gail MACGREGOR', 4)","('(Con) Gail MACGREGOR', 4)","('(Con) Gail MACGREGOR', 4)",90
AnnandaleNorthWard_dumgal12-12.csv,frozenset({'(Lab) Ted BROWN'}),8,"('(Con) Gail MACGREGOR', 4)","('(Con) Gail MACGREGOR', 4)","('(Con) Gail MACGREGOR', 4)","('(Con) Gail MACGREGOR', 4)","('(Con) Gail MACGREGOR', 4)","('(Con) Gail MACGREGOR', 4)","('(Con) Gail MACGREGOR', 4)","('(Con) Gail MACGREGOR', 4)","('(Con) Gail MACGREGOR', 4)","('(Con) Gail MACGREGOR', 4)",90
Ward3-ForfarandDistrict_ward3.csv,none,8,"('Ian MCLAREN (Ind)', 6)","('Ian MCLAREN (Ind)', 7)","('Ian MCLAREN (Ind)', 5)","('Ian MCLAREN (Ind)', 6)","('Ian MCLAREN (Ind)', 6)","('Ian MCLAREN (Ind)', 6)","('Ian MCLAREN (Ind)', 6)","('Ian MCLAREN (Ind)', 6)","('Ian MCLAREN (Ind)', 6)","('Ian MCLAREN (Ind)', 6)",0
Ward3-ForfarandDistrict_ward3.csv,frozenset({'Colin BROWN (Ind)'}),9,"('Ian MCLAREN (Ind)', 7)","('Ian MCLAREN (Ind)', 8)","('Ian MCLAREN (Ind)', 6)","('Ian MCLAREN (Ind)', 7)","('Ian MCLAREN (Ind)', 7)","('Ian MCLAREN (Ind)', 7)","('Ian MCLAREN (Ind)', 7)","('Ian MCLAREN (Ind)', 7)","('Ian MCLAREN (Ind)', 7)","('Ian MCLAREN (Ind)', 7)",0
Ward3-ForfarandDistrict_ward3.csv,frozenset({'Ed MCADAM (Lab)'}),9,"('Ian MCLAREN (Ind)', 7)","('Ian MCLAREN (Ind)', 8)","('Ian MCLAREN (Ind)', 6)","('Ian MCLAREN (Ind)', 7)","('Ian MCLAREN (Ind)', 7)","('Ian MCLAREN (Ind)', 7)","('Ian MCLAREN (Ind)', 7)","('Ian MCLAREN (Ind)', 7)","('Ian MCLAREN (Ind)', 7)","('Ian MCLAREN (Ind)', 7)",0
Ward3-ForfarandDistrict_ward3.csv,frozenset({'Ross GREIG (Con)'}),9,"('Ian MCLAREN (Ind)', 7)","('Ian MCLAREN (Ind)', 8)","('Ian MCLAREN (Ind)', 6)","('Ian MCLAREN (Ind)', 7)","('Ian MCLAREN (Ind)', 7)","('Ian MCLAREN (Ind)', 7)","('Ian MCLAREN (Ind)', 7)","('Ian MCLAREN (Ind)', 7)","('Ian MCLAREN (Ind)', 7)","('Ian MCLAREN (Ind)', 7)",0
Ward3-ForfarandDistrict_ward3.csv,frozenset({'Samuel David STRUTH (LD)'}),9,"('Ian MCLAREN (Ind)', 7)","('Ian MCLAREN (Ind)', 8)","('Ian MCLAREN (Ind)', 6)","('Ian MCLAREN (Ind)', 7)","('Ian MCLAREN (Ind)', 7)","('Ian MCLAREN (Ind)', 7)","('Ian MCLAREN (Ind)', 7)","('Ian MCLAREN (Ind)', 7)","('Ian MCLAREN (Ind)', 7)","('Ian MCLAREN (Ind)', 7)",0
Ward3-ForfarandDistrict_ward3.csv,frozenset({'Ian MCLAREN (Ind)'}),9,"('Ian MCLAREN (Ind)', 7)","('Ian MCLAREN (Ind)', 8)","('Ian MCLAREN (Ind)', 6)","('Ian MCLAREN (Ind)', 7)","('Ian MCLAREN (Ind)', 7)","('Ian MCLAREN (Ind)', 7)","('Ian MCLAREN (Ind)', 7)","('Ian MCLAREN (Ind)', 7)","('Ian MCLAREN (Ind)', 7)","('Ian MCLAREN (Ind)', 7)",0
Ward3-ForfarandDistrict_ward3.csv,frozenset({'Linda CLARK (SNP)'}),9,"('Ian MCLAREN (Ind)', 7)","('Ian MCLAREN (Ind)', 8)","('Ian MCLAREN (Ind)', 6)","('Ian MCLAREN (Ind)', 7)","('Ian MCLAREN (Ind)', 7)","('Ian MCLAREN (Ind)', 7)","('Ian MCLAREN (Ind)', 7)","('Ian MCLAREN (Ind)', 7)","('Ian MCLAREN (Ind)', 7)","('Ian MCLAREN (Ind)', 7)",0
Ward3-ForfarandDistrict_ward3.csv,frozenset({'Marley HUNTER (Grn)'}),9,"('Ian MCLAREN (Ind)', 7)","('Ian MCLAREN (Ind)', 8)","('Ian MCLAREN (Ind)', 6)","('Ian MCLAREN (Ind)', 7)","('Ian MCLAREN (Ind)', 7)","('Ian MCLAREN (Ind)', 7)","('Ian MCLAREN (Ind)', 7)","('Ian MCLAREN (Ind)', 7)","('Ian MCLAREN (Ind)', 7)","('Ian MCLAREN (Ind)', 7)",0
Ward3-ForfarandDistrict_ward3.csv,frozenset({'Lynne DEVINE (SNP)'}),9,"('Ian MCLAREN (Ind)', 7)","('Ian MCLAREN (Ind)', 8)","('Ian MCLAREN (Ind)', 6)","('Ian MCLAREN (Ind)', 7)","('Ian MCLAREN (Ind)', 7)","('Ian MCLAREN (Ind)', 7)","('Ian MCLAREN (Ind)', 7)","('Ian MCLAREN (Ind)', 7)","('Ian MCLAREN (Ind)', 7)","('Ian MCLAREN (Ind)', 7)",0
Ward3-ForfarandDistrict_ward3.csv,none,8,"('Ian MCLAREN (Ind)', 6)","('Ian MCLAREN (Ind)', 7)","('Ian MCLAREN (Ind)', 5)","('Ian MCLAREN (Ind)', 6)","('Ian MCLAREN (Ind)', 6)","('Ian MCLAREN (Ind)', 6)","('Ian MCLAREN (Ind)', 6)","('Ian MCLAREN (Ind)', 6)","('Ian MCLAREN (Ind)', 6)","('Ian MCLAREN (Ind)', 6)",10
Ward3-ForfarandDistrict_ward3.csv,frozenset({'Colin BROWN (Ind)'}),9,"('Ian MCLAREN (Ind)', 7)","('Ian MCLAREN (Ind)', 8)","('Ian MCLAREN (Ind)', 6)","('Ian MCLAREN (Ind)', 7)","('Ian MCLAREN (Ind)', 7)","('Ian MCLAREN (Ind)', 7)","('Ian MCLAREN (Ind)', 7)","('Ian MCLAREN (Ind)', 7)","('Ian MCLAREN (Ind)', 7)","('Ian MCLAREN (Ind)', 7)",10
Ward3-ForfarandDistrict_ward3.csv,frozenset({'Ed MCADAM (Lab)'}),9,"('Ian MCLAREN (Ind)', 7)","('Ian MCLAREN (Ind)', 8)","('Ian MCLAREN (Ind)', 6)","('Ian MCLAREN (Ind)', 7)","('Ian MCLAREN (Ind)', 7)","('Ian MCLAREN (Ind)', 7)","('Ian MCLAREN (Ind)', 7)","('Ian MCLAREN (Ind)', 7)","('Ian MCLAREN (Ind)', 7)","('Ian MCLAREN (Ind)', 7)",10
Ward3-ForfarandDistrict_ward3.csv,frozenset({'Ross GREIG (Con)'}),9,"('Ian MCLAREN (Ind)', 7)","('Ian MCLAREN (Ind)', 8)","('Ian MCLAREN (Ind)', 6)","('Ian MCLAREN (Ind)', 7)","('Ian MCLAREN (Ind)', 7)","('Ian MCLAREN (Ind)', 7)","('Ian MCLAREN (Ind)', 7)","('Ian MCLAREN (Ind)', 7)","('Ian MCLAREN (Ind)', 7)","('Ian MCLAREN (Ind)', 7)",10
Ward3-ForfarandDistrict_ward3.csv,frozenset({'Samuel David STRUTH (LD)'}),9,"('Ian MCLAREN (Ind)', 7)","('Ian MCLAREN (Ind)', 8)","('Ian MCLAREN (Ind)', 6)","('Ian MCLAREN (Ind)', 7)","('Ian MCLAREN (Ind)', 7)","('Ian MCLAREN (Ind)', 7)","('Ian MCLAREN (Ind)', 7)","('Ian MCLAREN (Ind)', 7)","('Ian MCLAREN (Ind)', 7)","('Ian MCLAREN (Ind)', 7)",10
Ward3-ForfarandDistrict_ward3.csv,frozenset({'Ian MCLAREN (Ind)'}),9,"('Clone', 7)","('Ian MCLAREN (Ind)', 8)","('Ian MCLAREN (Ind)', 6)","('Ian MCLAREN (Ind)', 7)","('Ian MCLAREN (Ind)', 7)","('Ian MCLAREN (Ind)', 7)","('Ian MCLAREN (Ind)', 7)","('Ian MCLAREN (Ind)', 7)","('Ian MCLAREN (Ind)', 7)","('Ian MCLAREN (Ind)', 7)",10
Ward3-ForfarandDistrict_ward3.csv,frozenset({'Linda CLARK (SNP)'}),9,"('Ian MCLAREN (Ind)', 7)","('Ian MCLAREN (Ind)', 8)","('Ian MCLAREN (Ind)', 6)","('Ian MCLAREN (Ind)', 7)","('Ian MCLAREN (Ind)', 7)","('Ian MCLAREN (Ind)', 7)","('Ian MCLAREN (Ind)', 7)","('Ian MCLAREN (Ind)', 7)","('Ian MCLAREN (Ind)', 7)","('Ian MCLAREN (Ind)', 7)",10
Ward3-ForfarandDistrict_ward3.csv,frozenset({'Marley HUNTER (Grn)'}),9,"('Ian MCLAREN (Ind)', 7)","('Ian MCLAREN (Ind)', 8)","('Ian MCLAREN (Ind)', 6)","('Ian MCLAREN (Ind)', 7)","('Ian MCLAREN (Ind)', 7)","('Ian MCLAREN (Ind)', 7)","('Ian MCLAREN (Ind)', 7)","('Ian MCLAREN (Ind)', 7)","('Ian MCLAREN (Ind)', 7)","('Ian MCLAREN (Ind)', 7)",10
Ward3-ForfarandDistrict_ward3.csv,frozenset({'Lynne DEVINE (SNP)'}),9,"('Ian MCLAREN (Ind)', 7)","('Ian MCLAREN (Ind)', 8)","('Ian MCLAREN (Ind)', 6)","('Ian MCLAREN (Ind)', 7)","('Ian MCLAREN (Ind)', 7)","('Ian MCLAREN (Ind)', 7)","('Ian MCLAREN (Ind)', 7)","('Ian MCLAREN (Ind)', 7)","('Ian MCLAREN (Ind)', 7)","('Ian MCLAREN (Ind)', 7)",10
Ward3-ForfarandDistrict_ward3.csv,none,8,"('Ian MCLAREN (Ind)', 6)","('Ian MCLAREN (Ind)', 7)","('Ian MCLAREN (Ind)', 5)","('Ian MCLAREN (Ind)', 6)","('Ian MCLAREN (Ind)', 6)","('Ian MCLAREN (Ind)', 6)","('Ian MCLAREN (Ind)', 6)","('Ian MCLAREN (Ind)', 6)","('Ian MCLAREN (Ind)', 6)","('Ian MCLAREN (Ind)', 6)",20
Ward3-ForfarandDistrict_ward3.csv,frozenset({'Colin BROWN (Ind)'}),9,"('Ian MCLAREN (Ind)', 7)","('Ian MCLAREN (Ind)', 8)","('Ian MCLAREN (Ind)', 6)","('Ian MCLAREN (Ind)', 7)","('Ian MCLAREN (Ind)', 7)","('Ian MCLAREN (Ind)', 7)","('Ian MCLAREN (Ind)', 7)","('Ian MCLAREN (Ind)', 7)","('Ian MCLAREN (Ind)', 7)","('Ian MCLAREN (Ind)', 7)",20
Ward3-ForfarandDistrict_ward3.csv,frozenset({'Ed MCADAM (Lab)'}),9,"('Ian MCLAREN (Ind)', 7)","('Ian MCLAREN (Ind)', 8)","('Ian MCLAREN (Ind)', 6)","('Ian MCLAREN (Ind)', 7)","('Ian MCLAREN (Ind)', 7)","('Ian MCLAREN (Ind)', 7)","('Ian MCLAREN (Ind)', 7)","('Ian MCLAREN (Ind)', 7)","('Ian MCLAREN (Ind)', 7)","('Ian MCLAREN (Ind)', 7)",20
Ward3-ForfarandDistrict_ward3.csv,frozenset({'Ross GREIG (Con)'}),9,"('Ian MCLAREN (Ind)', 7)","('Ian MCLAREN (Ind)', 8)","('Ian MCLAREN (Ind)', 6)","('Ian MCLAREN (Ind)', 7)","('Ian MCLAREN (Ind)', 7)","('Ian MCLAREN (Ind)', 7)","('Ian MCLAREN (Ind)', 7)","('Ian MCLAREN (Ind)', 7)","('Ian MCLAREN (Ind)', 7)","('Ian MCLAREN (Ind)', 7)",20
Ward3-ForfarandDistrict_ward3.csv,frozenset({'Samuel David STRUTH (LD)'}),9,"('Ian MCLAREN (Ind)', 7)","('Ian MCLAREN (Ind)', 8)","('Ian MCLAREN (Ind)', 6)","('Ian MCLAREN (Ind)', 7)","('Ian MCLAREN (Ind)', 7)","('Ian MCLAREN (Ind)', 7)","('Ian MCLAREN (Ind)', 7)","('Ian MCLAREN (Ind)', 7)","('Ian MCLAREN (Ind)', 7)","('Ian MCLAREN (Ind)', 7)",20
Ward3-ForfarandDistrict_ward3.csv,frozenset({'Ian MCLAREN (Ind)'}),9,"('Clone', 7)","('Ian MCLAREN (Ind)', 8)","('Ian MCLAREN (Ind)', 6)","('Ian MCLAREN (Ind)', 7)","('Ian MCLAREN (Ind)', 7)","('Ian MCLAREN (Ind)', 7)","('Ian MCLAREN (Ind)', 7)","('Ian MCLAREN (Ind)', 7)","('Ian MCLAREN (Ind)', 7)","('Ian MCLAREN (Ind)', 7)",20
Ward3-ForfarandDistrict_ward3.csv,frozenset({'Linda CLARK (SNP)'}),9,"('Ian MCLAREN (Ind)', 7)","('Ian MCLAREN (Ind)', 8)","('Ian MCLAREN (Ind)', 6)","('Ian MCLAREN (Ind)', 7)","('Ian MCLAREN (Ind)', 7)","('Ian MCLAREN (Ind)', 7)","('Ian MCLAREN (Ind)', 7)","('Ian MCLAREN (Ind)', 7)","('Ian MCLAREN (Ind)', 7)","('Ian MCLAREN (Ind)', 7)",20
Ward3-ForfarandDistrict_ward3.csv,frozenset({'Marley HUNTER (Grn)'}),9,"('Ian MCLAREN (Ind)', 7)","('Ian MCLAREN (Ind)', 8)","('Ian MCLAREN (Ind)', 6)","('Ian MCLAREN (Ind)', 7)","('Ian MCLAREN (Ind)', 7)","('Ian MCLAREN (Ind)', 7)","('Ian MCLAREN (Ind)', 7)","('Ian MCLAREN (Ind)', 7)","('Ian MCLAREN (Ind)', 7)","('Ian MCLAREN (Ind)', 7)",20
Ward3-ForfarandDistrict_ward3.csv,frozenset({'Lynne DEVINE (SNP)'}),9,"('Ian MCLAREN (Ind)', 7)","('Ian MCLAREN (Ind)', 8)","('Ian MCLAREN (Ind)', 6)","('Ian MCLAREN (Ind)', 7)","('Ian MCLAREN (Ind)', 7)","('Ian MCLAREN (Ind)', 7)","('Ian MCLAREN (Ind)', 7)","('Ian MCLAREN (Ind)', 7)","('Ian MCLAREN (Ind)', 7)","('Ian MCLAREN (Ind)', 7)",20
Ward3-ForfarandDistrict_ward3.csv,none,8,"('Ian MCLAREN (Ind)', 6)","('Ian MCLAREN (Ind)', 7)","('Ian MCLAREN (Ind)', 5)","('Ian MCLAREN (Ind)', 6)","('Ian MCLAREN (Ind)', 6)","('Ian MCLAREN (Ind)', 6)","('Ian MCLAREN (Ind)', 6)","('Ian MCLAREN (Ind)', 6)","('Ian MCLAREN (Ind)', 6)","('Ian MCLAREN (Ind)', 6)",30
Ward3-ForfarandDistrict_ward3.csv,frozenset({'Colin BROWN (Ind)'}),9,"('Ian MCLAREN (Ind)', 7)","('Ian MCLAREN (Ind)', 8)","('Ian MCLAREN (Ind)', 6)","('Ian MCLAREN (Ind)', 7)","('Ian MCLAREN (Ind)', 7)","('Ian MCLAREN (Ind)', 7)","('Ian MCLAREN (Ind)', 7)","('Ian MCLAREN (Ind)', 7)","('Ian MCLAREN (Ind)', 7)","('Ian MCLAREN (Ind)', 7)",30
Ward3-ForfarandDistrict_ward3.csv,frozenset({'Ed MCADAM (Lab)'}),9,"('Ian MCLAREN (Ind)', 7)","('Ian MCLAREN (Ind)', 8)","('Ian MCLAREN (Ind)', 6)","('Ian MCLAREN (Ind)', 7)","('Ian MCLAREN (Ind)', 7)","('Ian MCLAREN (Ind)', 7)","('Ian MCLAREN (Ind)', 7)","('Ian MCLAREN (Ind)', 7)","('Ian MCLAREN (Ind)', 7)","('Ian MCLAREN (Ind)', 7)",30
Ward3-ForfarandDistrict_ward3.csv,frozenset({'Ross GREIG (Con)'}),9,"('Ian MCLAREN (Ind)', 7)","('Ian MCLAREN (Ind)', 8)","('Ian MCLAREN (Ind)', 6)","('Ian MCLAREN (Ind)', 7)","('Ian MCLAREN (Ind)', 7)","('Ian MCLAREN (Ind)', 7)","('Ian MCLAREN (Ind)', 7)","('Ian MCLAREN (Ind)', 7)","('Ian MCLAREN (Ind)', 7)","('Ian MCLAREN (Ind)', 7)",30
Ward3-ForfarandDistrict_ward3.csv,frozenset({'Samuel David STRUTH (LD)'}),9,"('Ian MCLAREN (Ind)', 7)","('Ian MCLAREN (Ind)', 8)","('Ian MCLAREN (Ind)', 6)","('Ian MCLAREN (Ind)', 7)","('Ian MCLAREN (Ind)', 7)","('Ian MCLAREN (Ind)', 7)","('Ian MCLAREN (Ind)', 7)","('Ian MCLAREN (Ind)', 7)","('Ian MCLAREN (Ind)', 7)","('Ian MCLAREN (Ind)', 7)",30
Ward3-ForfarandDistrict_ward3.csv,frozenset({'Ian MCLAREN (Ind)'}),9,"('Clone', 7)","('Ian MCLAREN (Ind)', 5)","('Ian MCLAREN (Ind)', 6)","('Ian MCLAREN (Ind)', 7)","('Ian MCLAREN (Ind)', 7)","('Ian MCLAREN (Ind)', 7)","('Ian MCLAREN (Ind)', 7)","('Ian MCLAREN (Ind)', 7)","('Ian MCLAREN (Ind)', 7)","('Ian MCLAREN (Ind)', 7)",30
Ward3-ForfarandDistrict_ward3.csv,frozenset({'Linda CLARK (SNP)'}),9,"('Ian MCLAREN (Ind)', 7)","('Ian MCLAREN (Ind)', 8)","('Ian MCLAREN (Ind)', 6)","('Ian MCLAREN (Ind)', 7)","('Ian MCLAREN (Ind)', 7)","('Ian MCLAREN (Ind)', 7)","('Ian MCLAREN (Ind)', 7)","('Ian MCLAREN (Ind)', 7)","('Ian MCLAREN (Ind)', 7)","('Ian MCLAREN (Ind)', 7)",30
Ward3-ForfarandDistrict_ward3.csv,frozenset({'Marley HUNTER (Grn)'}),9,"('Ian MCLAREN (Ind)', 7)","('Ian MCLAREN (Ind)', 8)","('Ian MCLAREN (Ind)', 6)","('Ian MCLAREN (Ind)', 7)","('Ian MCLAREN (Ind)', 7)","('Ian MCLAREN (Ind)', 7)","('Ian MCLAREN (Ind)', 7)","('Ian MCLAREN (Ind)', 7)","('Ian MCLAREN (Ind)', 7)","('Ian MCLAREN (Ind)', 7)",30
Ward3-ForfarandDistrict_ward3.csv,frozenset({'Lynne DEVINE (SNP)'}),9,"('Ian MCLAREN (Ind)', 7)","('Ian MCLAREN (Ind)', 8)","('Ian MCLAREN (Ind)', 6)","('Ian MCLAREN (Ind)', 7)","('Ian MCLAREN (Ind)', 7)","('Ian MCLAREN (Ind)', 7)","('Ian MCLAREN (Ind)', 7)","('Ian MCLAREN (Ind)', 7)","('Ian MCLAREN (Ind)', 7)","('Ian MCLAREN (Ind)', 7)",30
Ward3-ForfarandDistrict_ward3.csv,none,8,"('Ian MCLAREN (Ind)', 6)","('Ian MCLAREN (Ind)', 7)","('Ian MCLAREN (Ind)', 5)","('Ian MCLAREN (Ind)', 6)","('Ian MCLAREN (Ind)', 6)","('Ian MCLAREN (Ind)', 6)","('Ian MCLAREN (Ind)', 6)","('Ian MCLAREN (Ind)', 6)","('Ian MCLAREN (Ind)', 6)","('Ian MCLAREN (Ind)', 6)",40
Ward3-ForfarandDistrict_ward3.csv,frozenset({'Colin BROWN (Ind)'}),9,"('Ian MCLAREN (Ind)', 7)","('Ian MCLAREN (Ind)', 8)","('Ian MCLAREN (Ind)', 6)","('Ian MCLAREN (Ind)', 7)","('Ian MCLAREN (Ind)', 7)","('Ian MCLAREN (Ind)', 7)","('Ian MCLAREN (Ind)', 7)","('Ian MCLAREN (Ind)', 7)","('Ian MCLAREN (Ind)', 7)","('Ian MCLAREN (Ind)', 7)",40
Ward3-ForfarandDistrict_ward3.csv,frozenset({'Ed MCADAM (Lab)'}),9,"('Ian MCLAREN (Ind)', 7)","('Ian MCLAREN (Ind)', 8)","('Ian MCLAREN (Ind)', 6)","('Ian MCLAREN (Ind)', 7)","('Ian MCLAREN (Ind)', 7)","('Ian MCLAREN (Ind)', 7)","('Ian MCLAREN (Ind)', 7)","('Ian MCLAREN (Ind)', 7)","('Ian MCLAREN (Ind)', 7)","('Ian MCLAREN (Ind)', 7)",40
Ward3-ForfarandDistrict_ward3.csv,frozenset({'Ross GREIG (Con)'}),9,"('Ian MCLAREN (Ind)', 7)","('Ian MCLAREN (Ind)', 8)","('Ian MCLAREN (Ind)', 6)","('Ian MCLAREN (Ind)', 7)","('Ian MCLAREN (Ind)', 7)","('Ian MCLAREN (Ind)', 7)","('Ian MCLAREN (Ind)', 7)","('Ian MCLAREN (Ind)', 7)","('Ian MCLAREN (Ind)', 7)","('Ian MCLAREN (Ind)', 7)",40
Ward3-ForfarandDistrict_ward3.csv,frozenset({'Samuel David STRUTH (LD)'}),9,"('Ian MCLAREN (Ind)', 7)","('Ian MCLAREN (Ind)', 8)","('Ian MCLAREN (Ind)', 6)","('Ian MCLAREN (Ind)', 7)","('Ian MCLAREN (Ind)', 7)","('Ian MCLAREN (Ind)', 7)","('Ian MCLAREN (Ind)', 7)","('Ian MCLAREN (Ind)', 7)","('Ian MCLAREN (Ind)', 7)","('Ian MCLAREN (Ind)', 7)",40
Ward3-ForfarandDistrict_ward3.csv,frozenset({'Ian MCLAREN (Ind)'}),9,"('Clone', 7)","('Clone', 5)","('Clone', 6)","('Clone', 7)","('Clone', 7)","('Clone', 7)","('Clone', 7)","('Clone', 7)","('Clone', 7)","('Clone', 7)",40
Ward3-ForfarandDistrict_ward3.csv,frozenset({'Linda CLARK (SNP)'}),9,"('Ian MCLAREN (Ind)', 7)","('Ian MCLAREN (Ind)', 8)","('Ian MCLAREN (Ind)', 6)","('Ian MCLAREN (Ind)', 7)","('Ian MCLAREN (Ind)', 7)","('Ian MCLAREN (Ind)', 7)","('Ian MCLAREN (Ind)', 7)","('Ian MCLAREN (Ind)', 7)","('Ian MCLAREN (Ind)', 7)","('Ian MCLAREN (Ind)', 7)",40
Ward3-ForfarandDistrict_ward3.csv,frozenset({'Marley HUNTER (Grn)'}),9,"('Ian MCLAREN (Ind)', 7)","('Ian MCLAREN (Ind)', 8)","('Ian MCLAREN (Ind)', 6)","('Ian MCLAREN (Ind)', 7)","('Ian MCLAREN (Ind)', 7)","('Ian MCLAREN (Ind)', 7)","('Ian MCLAREN (Ind)', 7)","('Ian MCLAREN (Ind)', 7)","('Ian MCLAREN (Ind)', 7)","('Ian MCLAREN (Ind)', 7)",40
Ward3-ForfarandDistrict_ward3.csv,frozenset({'Lynne DEVINE (SNP)'}),9,"('Ian MCLAREN (Ind)', 7)","('Ian MCLAREN (Ind)', 8)","('Ian MCLAREN (Ind)', 6)","('Ian MCLAREN (Ind)', 7)","('Ian MCLAREN (Ind)', 7)","('Ian MCLAREN (Ind)', 7)","('Ian MCLAREN (Ind)', 7)","('Ian MCLAREN (Ind)', 7)","('Ian MCLAREN (Ind)', 7)","('Ian MCLAREN (Ind)', 7)",40
Ward3-ForfarandDistrict_ward3.csv,none,8,"('Ian MCLAREN (Ind)', 6)","('Ian MCLAREN (Ind)', 7)","('Ian MCLAREN (Ind)', 5)","('Ian MCLAREN (Ind)', 6)","('Ian MCLAREN (Ind)', 6)","('Ian MCLAREN (Ind)', 6)","('Ian MCLAREN (Ind)', 6)","('Ian MCLAREN (Ind)', 6)","('Ian MCLAREN (Ind)', 6)","('Ian MCLAREN (Ind)', 6)",50
Ward3-ForfarandDistrict_ward3.csv,frozenset({'Colin BROWN (Ind)'}),9,"('Ian MCLAREN (Ind)', 7)","('Ian MCLAREN (Ind)', 8)","('Ian MCLAREN (Ind)', 6)","('Ian MCLAREN (Ind)', 7)","('Ian MCLAREN (Ind)', 7)","('Ian MCLAREN (Ind)', 7)","('Ian MCLAREN (Ind)', 7)","('Ian MCLAREN (Ind)', 7)","('Ian MCLAREN (Ind)', 7)","('Ian MCLAREN (Ind)', 7)",50
Ward3-ForfarandDistrict_ward3.csv,frozenset({'Ed MCADAM (Lab)'}),9,"('Ian MCLAREN (Ind)', 7)","('Ian MCLAREN (Ind)', 8)","('Ian MCLAREN (Ind)', 6)","('Ian MCLAREN (Ind)', 7)","('Ian MCLAREN (Ind)', 7)","('Ian MCLAREN (Ind)', 7)","('Ian MCLAREN (Ind)', 7)","('Ian MCLAREN (Ind)', 7)","('Ian MCLAREN (Ind)', 7)","('Ian MCLAREN (Ind)', 7)",50
Ward3-ForfarandDistrict_ward3.csv,frozenset({'Ross GREIG (Con)'}),9,"('Ian MCLAREN (Ind)', 7)","('Ian MCLAREN (Ind)', 8)","('Ian MCLAREN (Ind)', 6)","('Ian MCLAREN (Ind)', 7)","('Ian MCLAREN (Ind)', 7)","('Ian MCLAREN (Ind)', 7)","('Ian MCLAREN (Ind)', 7)","('Ian MCLAREN (Ind)', 7)","('Ian MCLAREN (Ind)', 7)","('Ian MCLAREN (Ind)', 7)",50
Ward3-ForfarandDistrict_ward3.csv,frozenset({'Samuel David STRUTH (LD)'}),9,"('Ian MCLAREN (Ind)', 7)","('Ian MCLAREN (Ind)', 8)","('Ian MCLAREN (Ind)', 6)","('Ian MCLAREN (Ind)', 7)","('Ian MCLAREN (Ind)', 7)","('Ian MCLAREN (Ind)', 7)","('Ian MCLAREN (Ind)', 7)","('Ian MCLAREN (Ind)', 7)","('Ian MCLAREN (Ind)', 7)","('Ian MCLAREN (Ind)', 7)",50
Ward3-ForfarandDistrict_ward3.csv,frozenset({'Ian MCLAREN (Ind)'}),9,"('Clone', 7)","('Clone', 5)","('Clone', 6)","('Clone', 7)","('Clone', 7)","('Clone', 7)","('Clone', 7)","('Clone', 7)","('Clone', 7)","('Clone', 7)",50
Ward3-ForfarandDistrict_ward3.csv,frozenset({'Linda CLARK (SNP)'}),9,"('Ian MCLAREN (Ind)', 7)","('Ian MCLAREN (Ind)', 8)","('Ian MCLAREN (Ind)', 6)","('Ian MCLAREN (Ind)', 7)","('Ian MCLAREN (Ind)', 7)","('Ian MCLAREN (Ind)', 7)","('Ian MCLAREN (Ind)', 6)","('Ian MCLAREN (Ind)', 7)","('Ian MCLAREN (Ind)', 7)","('Ian MCLAREN (Ind)', 7)",50
Ward3-ForfarandDistrict_ward3.csv,frozenset({'Marley HUNTER (Grn)'}),9,"('Ian MCLAREN (Ind)', 7)","('Ian MCLAREN (Ind)', 8)","('Ian MCLAREN (Ind)', 6)","('Ian MCLAREN (Ind)', 7)","('Ian MCLAREN (Ind)', 7)","('Ian MCLAREN (Ind)', 7)","('Ian MCLAREN (Ind)', 7)","('Ian MCLAREN (Ind)', 7)","('Ian MCLAREN (Ind)', 7)","('Ian MCLAREN (Ind)', 7)",50
Ward3-ForfarandDistrict_ward3.csv,frozenset({'Lynne DEVINE (SNP)'}),9,"('Ian MCLAREN (Ind)', 7)","('Ian MCLAREN (Ind)', 8)","('Ian MCLAREN (Ind)', 6)","('Ian MCLAREN (Ind)', 7)","('Ian MCLAREN (Ind)', 7)","('Ian MCLAREN (Ind)', 7)","('Ian MCLAREN (Ind)', 7)","('Ian MCLAREN (Ind)', 7)","('Ian MCLAREN (Ind)', 7)","('Ian MCLAREN (Ind)', 7)",50
Ward3-ForfarandDistrict_ward3.csv,none,8,"('Ian MCLAREN (Ind)', 6)","('Ian MCLAREN (Ind)', 7)","('Ian MCLAREN (Ind)', 5)","('Ian MCLAREN (Ind)', 6)","('Ian MCLAREN (Ind)', 6)","('Ian MCLAREN (Ind)', 6)","('Ian MCLAREN (Ind)', 6)","('Ian MCLAREN (Ind)', 6)","('Ian MCLAREN (Ind)', 6)","('Ian MCLAREN (Ind)', 6)",60
Ward3-ForfarandDistrict_ward3.csv,frozenset({'Colin BROWN (Ind)'}),9,"('Ian MCLAREN (Ind)', 7)","('Ian MCLAREN (Ind)', 8)","('Ian MCLAREN (Ind)', 6)","('Ian MCLAREN (Ind)', 7)","('Ian MCLAREN (Ind)', 7)","('Ian MCLAREN (Ind)', 7)","('Ian MCLAREN (Ind)', 7)","('Ian MCLAREN (Ind)', 7)","('Ian MCLAREN (Ind)', 7)","('Ian MCLAREN (Ind)', 7)",60
Ward3-ForfarandDistrict_ward3.csv,frozenset({'Ed MCADAM (Lab)'}),9,"('Ian MCLAREN (Ind)', 7)","('Ian MCLAREN (Ind)', 8)","('Ian MCLAREN (Ind)', 6)","('Ian MCLAREN (Ind)', 7)","('Ian MCLAREN (Ind)', 7)","('Ian MCLAREN (Ind)', 7)","('Ian MCLAREN (Ind)', 7)","('Ian MCLAREN (Ind)', 7)","('Ian MCLAREN (Ind)', 7)","('Ian MCLAREN (Ind)', 7)",60
Ward3-ForfarandDistrict_ward3.csv,frozenset({'Ross GREIG (Con)'}),9,"('Ian MCLAREN (Ind)', 7)","('Ian MCLAREN (Ind)', 8)","('Ian MCLAREN (Ind)', 6)","('Ian MCLAREN (Ind)', 7)","('Ian MCLAREN (Ind)', 7)","('Ian MCLAREN (Ind)', 7)","('Ian MCLAREN (Ind)', 7)","('Ian MCLAREN (Ind)', 7)","('Ian MCLAREN (Ind)', 7)","('Ian MCLAREN (Ind)', 7)",60
Ward3-ForfarandDistrict_ward3.csv,frozenset({'Samuel David STRUTH (LD)'}),9,"('Ian MCLAREN (Ind)', 7)","('Ian MCLAREN (Ind)', 8)","('Ian MCLAREN (Ind)', 6)","('Ian MCLAREN (Ind)', 7)","('Ian MCLAREN (Ind)', 7)","('Ian MCLAREN (Ind)', 7)","('Ian MCLAREN (Ind)', 7)","('Ian MCLAREN (Ind)', 7)","('Ian MCLAREN (Ind)', 7)","('Ian MCLAREN (Ind)', 7)",60
Ward3-ForfarandDistrict_ward3.csv,frozenset({'Ian MCLAREN (Ind)'}),9,"('Clone', 7)","('Clone', 8)","('Clone', 6)","('Clone', 7)","('Clone', 7)","('Clone', 7)","('Clone', 7)","('Clone', 7)","('Clone', 7)","('Clone', 7)",60
Ward3-ForfarandDistrict_ward3.csv,frozenset({'Linda CLARK (SNP)'}),9,"('Ian MCLAREN (Ind)', 7)","('Ian MCLAREN (Ind)', 8)","('Ian MCLAREN (Ind)', 6)","('Ian MCLAREN (Ind)', 7)","('Ian MCLAREN (Ind)', 7)","('Ian MCLAREN (Ind)', 7)","('Ian MCLAREN (Ind)', 7)","('Ian MCLAREN (Ind)', 7)","('Ian MCLAREN (Ind)', 7)","('Ian MCLAREN (Ind)', 7)",60
Ward3-ForfarandDistrict_ward3.csv,frozenset({'Marley HUNTER (Grn)'}),9,"('Ian MCLAREN (Ind)', 7)","('Ian MCLAREN (Ind)', 8)","('Ian MCLAREN (Ind)', 6)","('Ian MCLAREN (Ind)', 7)","('Ian MCLAREN (Ind)', 7)","('Ian MCLAREN (Ind)', 7)","('Ian MCLAREN (Ind)', 7)","('Ian MCLAREN (Ind)', 7)","('Ian MCLAREN (Ind)', 7)","('Ian MCLAREN (Ind)', 7)",60
Ward3-ForfarandDistrict_ward3.csv,frozenset({'Lynne DEVINE (SNP)'}),9,"('Ian MCLAREN (Ind)', 7)","('Ian MCLAREN (Ind)', 8)","('Ian MCLAREN (Ind)', 6)","('Ian MCLAREN (Ind)', 7)","('Ian MCLAREN (Ind)', 7)","('Ian MCLAREN (Ind)', 7)","('Ian MCLAREN (Ind)', 7)","('Ian MCLAREN (Ind)', 7)","('Ian MCLAREN (Ind)', 7)","('Ian MCLAREN (Ind)', 7)",60
Ward3-ForfarandDistrict_ward3.csv,none,8,"('Ian MCLAREN (Ind)', 6)","('Ian MCLAREN (Ind)', 7)","('Ian MCLAREN (Ind)', 5)","('Ian MCLAREN (Ind)', 6)","('Ian MCLAREN (Ind)', 6)","('Ian MCLAREN (Ind)', 6)","('Ian MCLAREN (Ind)', 6)","('Ian MCLAREN (Ind)', 6)","('Ian MCLAREN (Ind)', 6)","('Ian MCLAREN (Ind)', 6)",70
Ward3-ForfarandDistrict_ward3.csv,frozenset({'Colin BROWN (Ind)'}),9,"('Ian MCLAREN (Ind)', 7)","('Ian MCLAREN (Ind)', 8)","('Ian MCLAREN (Ind)', 6)","('Ian MCLAREN (Ind)', 7)","('Ian MCLAREN (Ind)', 7)","('Ian MCLAREN (Ind)', 7)","('Ian MCLAREN (Ind)', 7)","('Ian MCLAREN (Ind)', 7)","('Ian MCLAREN (Ind)', 7)","('Ian MCLAREN (Ind)', 7)",70
Ward3-ForfarandDistrict_ward3.csv,frozenset({'Ed MCADAM (Lab)'}),9,"('Ian MCLAREN (Ind)', 7)","('Ian MCLAREN (Ind)', 8)","('Ian MCLAREN (Ind)', 6)","('Ian MCLAREN (Ind)', 7)","('Ian MCLAREN (Ind)', 7)","('Ian MCLAREN (Ind)', 7)","('Ian MCLAREN (Ind)', 7)","('Ian MCLAREN (Ind)', 7)","('Ian MCLAREN (Ind)', 7)","('Ian MCLAREN (Ind)', 7)",70
Ward3-ForfarandDistrict_ward3.csv,frozenset({'Ross GREIG (Con)'}),9,"('Ian MCLAREN (Ind)', 7)","('Ian MCLAREN (Ind)', 8)","('Ian MCLAREN (Ind)', 6)","('Ian MCLAREN (Ind)', 7)","('Ian MCLAREN (Ind)', 7)","('Ian MCLAREN (Ind)', 7)","('Ian MCLAREN (Ind)', 7)","('Ian MCLAREN (Ind)', 7)","('Ian MCLAREN (Ind)', 7)","('Ian MCLAREN (Ind)', 7)",70
Ward3-ForfarandDistrict_ward3.csv,frozenset({'Samuel David STRUTH (LD)'}),9,"('Ian MCLAREN (Ind)', 7)","('Ian MCLAREN (Ind)', 8)","('Ian MCLAREN (Ind)', 6)","('Ian MCLAREN (Ind)', 7)","('Ian MCLAREN (Ind)', 7)","('Ian MCLAREN (Ind)', 7)","('Ian MCLAREN (Ind)', 7)","('Ian MCLAREN (Ind)', 7)","('Ian MCLAREN (Ind)', 7)","('Ian MCLAREN (Ind)', 7)",70
Ward3-ForfarandDistrict_ward3.csv,frozenset({'Ian MCLAREN (Ind)'}),9,"('Clone', 7)","('Clone', 8)","('Clone', 6)","('Clone', 7)","('Clone', 7)","('Clone', 7)","('Clone', 7)","('Clone', 7)","('Clone', 7)","('Clone', 7)",70
Ward3-ForfarandDistrict_ward3.csv,frozenset({'Linda CLARK (SNP)'}),9,"('Ian MCLAREN (Ind)', 7)","('Ian MCLAREN (Ind)', 8)","('Ian MCLAREN (Ind)', 6)","('Ian MCLAREN (Ind)', 7)","('Ian MCLAREN (Ind)', 7)","('Ian MCLAREN (Ind)', 7)","('Ian MCLAREN (Ind)', 7)","('Ian MCLAREN (Ind)', 7)","('Ian MCLAREN (Ind)', 7)","('Ian MCLAREN (Ind)', 7)",70
Ward3-ForfarandDistrict_ward3.csv,frozenset({'Marley HUNTER (Grn)'}),9,"('Ian MCLAREN (Ind)', 7)","('Ian MCLAREN (Ind)', 8)","('Ian MCLAREN (Ind)', 6)","('Ian MCLAREN (Ind)', 7)","('Ian MCLAREN (Ind)', 7)","('Ian MCLAREN (Ind)', 7)","('Ian MCLAREN (Ind)', 7)","('Ian MCLAREN (Ind)', 7)","('Ian MCLAREN (Ind)', 7)","('Ian MCLAREN (Ind)', 7)",70
Ward3-ForfarandDistrict_ward3.csv,frozenset({'Lynne DEVINE (SNP)'}),9,"('Ian MCLAREN (Ind)', 7)","('Ian MCLAREN (Ind)', 8)","('Ian MCLAREN (Ind)', 6)","('Ian MCLAREN (Ind)', 7)","('Ian MCLAREN (Ind)', 7)","('Ian MCLAREN (Ind)', 7)","('Ian MCLAREN (Ind)', 7)","('Ian MCLAREN (Ind)', 7)","('Ian MCLAREN (Ind)', 7)","('Ian MCLAREN (Ind)', 7)",70
Ward3-ForfarandDistrict_ward3.csv,none,8,"('Ian MCLAREN (Ind)', 6)","('Ian MCLAREN (Ind)', 7)","('Ian MCLAREN (Ind)', 5)","('Ian MCLAREN (Ind)', 6)","('Ian MCLAREN (Ind)', 6)","('Ian MCLAREN (Ind)', 6)","('Ian MCLAREN (Ind)', 6)","('Ian MCLAREN (Ind)', 6)","('Ian MCLAREN (Ind)', 6)","('Ian MCLAREN (Ind)', 6)",80
Ward3-ForfarandDistrict_ward3.csv,frozenset({'Colin BROWN (Ind)'}),9,"('Ian MCLAREN (Ind)', 7)","('Ian MCLAREN (Ind)', 8)","('Ian MCLAREN (Ind)', 6)","('Ian MCLAREN (Ind)', 7)","('Ian MCLAREN (Ind)', 7)","('Ian MCLAREN (Ind)', 7)","('Ian MCLAREN (Ind)', 7)","('Ian MCLAREN (Ind)', 7)","('Ian MCLAREN (Ind)', 7)","('Ian MCLAREN (Ind)', 7)",80
Ward3-ForfarandDistrict_ward3.csv,frozenset({'Ed MCADAM (Lab)'}),9,"('Ian MCLAREN (Ind)', 7)","('Ian MCLAREN (Ind)', 8)","('Ian MCLAREN (Ind)', 6)","('Ian MCLAREN (Ind)', 7)","('Ian MCLAREN (Ind)', 7)","('Ian MCLAREN (Ind)', 7)","('Ian MCLAREN (Ind)', 7)","('Ian MCLAREN (Ind)', 7)","('Ian MCLAREN (Ind)', 7)","('Ian MCLAREN (Ind)', 7)",80
Ward3-ForfarandDistrict_ward3.csv,frozenset({'Ross GREIG (Con)'}),9,"('Ian MCLAREN (Ind)', 7)","('Ian MCLAREN (Ind)', 8)","('Ian MCLAREN (Ind)', 6)","('Ian MCLAREN (Ind)', 7)","('Ian MCLAREN (Ind)', 7)","('Ian MCLAREN (Ind)', 7)","('Ian MCLAREN (Ind)', 7)","('Ian MCLAREN (Ind)', 7)","('Ian MCLAREN (Ind)', 7)","('Ian MCLAREN (Ind)', 7)",80
Ward3-ForfarandDistrict_ward3.csv,frozenset({'Samuel David STRUTH (LD)'}),9,"('Ian MCLAREN (Ind)', 7)","('Ian MCLAREN (Ind)', 8)","('Ian MCLAREN (Ind)', 6)","('Ian MCLAREN (Ind)', 7)","('Ian MCLAREN (Ind)', 7)","('Ian MCLAREN (Ind)', 7)","('Ian MCLAREN (Ind)', 7)","('Ian MCLAREN (Ind)', 7)","('Ian MCLAREN (Ind)', 7)","('Ian MCLAREN (Ind)', 7)",80
Ward3-ForfarandDistrict_ward3.csv,frozenset({'Ian MCLAREN (Ind)'}),9,"('Clone', 7)","('Clone', 8)","('Clone', 6)","('Clone', 7)","('Clone', 7)","('Clone', 7)","('Clone', 7)","('Clone', 7)","('Clone', 7)","('Clone', 7)",80
Ward3-ForfarandDistrict_ward3.csv,frozenset({'Linda CLARK (SNP)'}),9,"('Ian MCLAREN (Ind)', 7)","('Ian MCLAREN (Ind)', 8)","('Ian MCLAREN (Ind)', 6)","('Ian MCLAREN (Ind)', 7)","('Ian MCLAREN (Ind)', 7)","('Ian MCLAREN (Ind)', 7)","('Ian MCLAREN (Ind)', 7)","('Ian MCLAREN (Ind)', 7)","('Ian MCLAREN (Ind)', 7)","('Ian MCLAREN (Ind)', 7)",80
Ward3-ForfarandDistrict_ward3.csv,frozenset({'Marley HUNTER (Grn)'}),9,"('Ian MCLAREN (Ind)', 7)","('Ian MCLAREN (Ind)', 8)","('Ian MCLAREN (Ind)', 6)","('Ian MCLAREN (Ind)', 7)","('Ian MCLAREN (Ind)', 7)","('Ian MCLAREN (Ind)', 7)","('Ian MCLAREN (Ind)', 7)","('Ian MCLAREN (Ind)', 7)","('Ian MCLAREN (Ind)', 7)","('Ian MCLAREN (Ind)', 7)",80
Ward3-ForfarandDistrict_ward3.csv,frozenset({'Lynne DEVINE (SNP)'}),9,"('Ian MCLAREN (Ind)', 7)","('Ian MCLAREN (Ind)', 8)","('Ian MCLAREN (Ind)', 6)","('Ian MCLAREN (Ind)', 7)","('Ian MCLAREN (Ind)', 7)","('Ian MCLAREN (Ind)', 7)","('Ian MCLAREN (Ind)', 7)","('Ian MCLAREN (Ind)', 7)","('Ian MCLAREN (Ind)', 7)","('Ian MCLAREN (Ind)', 7)",80
Ward3-ForfarandDistrict_ward3.csv,none,8,"('Ian MCLAREN (Ind)', 6)","('Ian MCLAREN (Ind)', 7)","('Ian MCLAREN (Ind)', 5)","('Ian MCLAREN (Ind)', 6)","('Ian MCLAREN (Ind)', 6)","('Ian MCLAREN (Ind)', 6)","('Ian MCLAREN (Ind)', 6)","('Ian MCLAREN (Ind)', 6)","('Ian MCLAREN (Ind)', 6)","('Ian MCLAREN (Ind)', 6)",90
Ward3-ForfarandDistrict_ward3.csv,frozenset({'Colin BROWN (Ind)'}),9,"('Ian MCLAREN (Ind)', 7)","('Ian MCLAREN (Ind)', 8)","('Ian MCLAREN (Ind)', 6)","('Ian MCLAREN (Ind)', 7)","('Ian MCLAREN (Ind)', 7)","('Ian MCLAREN (Ind)', 7)","('Ian MCLAREN (Ind)', 7)","('Ian MCLAREN (Ind)', 7)","('Ian MCLAREN (Ind)', 7)","('Ian MCLAREN (Ind)', 7)",90
Ward3-ForfarandDistrict_ward3.csv,frozenset({'Ed MCADAM (Lab)'}),9,"('Ian MCLAREN (Ind)', 7)","('Ian MCLAREN (Ind)', 8)","('Ian MCLAREN (Ind)', 6)","('Ian MCLAREN (Ind)', 7)","('Ian MCLAREN (Ind)', 7)","('Ian MCLAREN (Ind)', 7)","('Ian MCLAREN (Ind)', 7)","('Ian MCLAREN (Ind)', 7)","('Ian MCLAREN (Ind)', 7)","('Ian MCLAREN (Ind)', 7)",90
Ward3-ForfarandDistrict_ward3.csv,frozenset({'Ross GREIG (Con)'}),9,"('Ian MCLAREN (Ind)', 7)","('Ian MCLAREN (Ind)', 8)","('Ian MCLAREN (Ind)', 6)","('Ian MCLAREN (Ind)', 7)","('Ian MCLAREN (Ind)', 7)","('Ian MCLAREN (Ind)', 7)","('Ian MCLAREN (Ind)', 7)","('Ian MCLAREN (Ind)', 7)","('Ian MCLAREN (Ind)', 7)","('Ian MCLAREN (Ind)', 7)",90
Ward3-ForfarandDistrict_ward3.csv,frozenset({'Samuel David STRUTH (LD)'}),9,"('Ian MCLAREN (Ind)', 7)","('Ian MCLAREN (Ind)', 8)","('Ian MCLAREN (Ind)', 6)","('Ian MCLAREN (Ind)', 7)","('Ian MCLAREN (Ind)', 7)","('Ian MCLAREN (Ind)', 7)","('Ian MCLAREN (Ind)', 7)","('Ian MCLAREN (Ind)', 7)","('Ian MCLAREN (Ind)', 7)","('Ian MCLAREN (Ind)', 7)",90
Ward3-ForfarandDistrict_ward3.csv,frozenset({'Ian MCLAREN (Ind)'}),9,"('Clone', 7)","('Clone', 8)","('Clone', 6)","('Clone', 7)","('Clone', 7)","('Clone', 7)","('Clone', 7)","('Clone', 7)","('Clone', 7)","('Clone', 7)",90
Ward3-ForfarandDistrict_ward3.csv,frozenset({'Linda CLARK (SNP)'}),9,"('Ian MCLAREN (Ind)', 7)","('Ian MCLAREN (Ind)', 8)","('Ian MCLAREN (Ind)', 6)","('Ian MCLAREN (Ind)', 7)","('Ian MCLAREN (Ind)', 7)","('Ian MCLAREN (Ind)', 7)","('Ian MCLAREN (Ind)', 7)","('Ian MCLAREN (Ind)', 7)","('Ian MCLAREN (Ind)', 7)","('Ian MCLAREN (Ind)', 7)",90
Ward3-ForfarandDistrict_ward3.csv,frozenset({'Marley HUNTER (Grn)'}),9,"('Ian MCLAREN (Ind)', 7)","('Ian MCLAREN (Ind)', 8)","('Ian MCLAREN (Ind)', 6)","('Ian MCLAREN (Ind)', 7)","('Ian MCLAREN (Ind)', 7)","('Ian MCLAREN (Ind)', 7)","('Ian MCLAREN (Ind)', 7)","('Ian MCLAREN (Ind)', 7)","('Ian MCLAREN (Ind)', 7)","('Ian MCLAREN (Ind)', 7)",90
Ward3-ForfarandDistrict_ward3.csv,frozenset({'Lynne DEVINE (SNP)'}),9,"('Ian MCLAREN (Ind)', 7)","('Ian MCLAREN (Ind)', 8)","('Ian MCLAREN (Ind)', 6)","('Ian MCLAREN (Ind)', 7)","('Ian MCLAREN (Ind)', 7)","('Ian MCLAREN (Ind)', 7)","('Ian MCLAREN (Ind)', 7)","('Ian MCLAREN (Ind)', 7)","('Ian MCLAREN (Ind)', 7)","('Ian MCLAREN (Ind)', 7)",90
Ward03-Kilwinning_n-ayrshire12-03.csv,none,11,"('John FERGUSON (SNP)', 11)","('John FERGUSON (SNP)', 11)","('John FERGUSON (SNP)', 11)","('John FERGUSON (SNP)', 11)","('John FERGUSON (SNP)', 11)","('John FERGUSON (SNP)', 11)","('John FERGUSON (SNP)', 11)","('John FERGUSON (SNP)', 11)","('John FERGUSON (SNP)', 11)","('John FERGUSON (SNP)', 11)",0
Ward03-Kilwinning_n-ayrshire12-03.csv,frozenset({'Iain WALKER (SNP)'}),12,"('Joe CULLINANE (Lab)', 12)","('Joe CULLINANE (Lab)', 12)","('Joe CULLINANE (Lab)', 12)","('Joe CULLINANE (Lab)', 12)","('Joe CULLINANE (Lab)', 12)","('Joe CULLINANE (Lab)', 12)","('Joe CULLINANE (Lab)', 12)","('Joe CULLINANE (Lab)', 12)","('John FERGUSON (SNP)', 12)","('John FERGUSON (SNP)', 12)",0
Ward03-Kilwinning_n-ayrshire12-03.csv,frozenset({'Donald REID (Lab)'}),12,"('Joe CULLINANE (Lab)', 12)","('Joe CULLINANE (Lab)', 12)","('Joe CULLINANE (Lab)', 12)","('Joe CULLINANE (Lab)', 12)","('Joe CULLINANE (Lab)', 12)","('Joe CULLINANE (Lab)', 12)","('Joe CULLINANE (Lab)', 12)","('Joe CULLINANE (Lab)', 12)","('John FERGUSON (SNP)', 12)","('John FERGUSON (SNP)', 12)",0
Ward03-Kilwinning_n-ayrshire12-03.csv,frozenset({'Joe CULLINANE (Lab)'}),12,"('Joe CULLINANE (Lab)', 12)","('Joe CULLINANE (Lab)', 12)","('Joe CULLINANE (Lab)', 12)","('Joe CULLINANE (Lab)', 12)","('Joe CULLINANE (Lab)', 12)","('Joe CULLINANE (Lab)', 12)","('Joe CULLINANE (Lab)', 12)","('Joe CULLINANE (Lab)', 12)","('John FERGUSON (SNP)', 12)","('John FERGUSON (SNP)', 12)",0
Ward03-Kilwinning_n-ayrshire12-03.csv,frozenset({'Stuart GARDINER (LD)'}),12,"('Joe CULLINANE (Lab)', 12)","('Joe CULLINANE (Lab)', 12)","('Joe CULLINANE (Lab)', 12)","('Joe CULLINANE (Lab)', 12)","('Joe CULLINANE (Lab)', 12)","('Joe CULLINANE (Lab)', 12)","('Joe CULLINANE (Lab)', 12)","('Joe CULLINANE (Lab)', 12)","('John FERGUSON (SNP)', 12)","('John FERGUSON (SNP)', 12)",0
Ward03-Kilwinning_n-ayrshire12-03.csv,frozenset({'Robert STEEL (Ind)'}),12,"('Joe CULLINANE (Lab)', 12)","('Joe CULLINANE (Lab)', 12)","('Joe CULLINANE (Lab)', 12)","('Joe CULLINANE (Lab)', 12)","('Joe CULLINANE (Lab)', 12)","('Joe CULLINANE (Lab)', 12)","('Joe CULLINANE (Lab)', 12)","('Joe CULLINANE (Lab)', 12)","('John FERGUSON (SNP)', 12)","('John FERGUSON (SNP)', 12)",0
Ward03-Kilwinning_n-ayrshire12-03.csv,frozenset({'John FERGUSON (SNP)'}),12,"('Joe CULLINANE (Lab)', 12)","('Joe CULLINANE (Lab)', 12)","('Joe CULLINANE (Lab)', 12)","('Joe CULLINANE (Lab)', 12)","('Joe CULLINANE (Lab)', 12)","('Joe CULLINANE (Lab)', 12)","('Joe CULLINANE (Lab)', 12)","('Joe CULLINANE (Lab)', 12)","('John FERGUSON (SNP)', 12)","('John FERGUSON (SNP)', 12)",0
Ward03-Kilwinning_n-ayrshire12-03.csv,frozenset({'Helen HAINEY (Lab)'}),12,"('Joe CULLINANE (Lab)', 12)","('Joe CULLINANE (Lab)', 12)","('Joe CULLINANE (Lab)', 12)","('Joe CULLINANE (Lab)', 12)","('Joe CULLINANE (Lab)', 12)","('Joe CULLINANE (Lab)', 12)","('Joe CULLINANE (Lab)', 12)","('Joe CULLINANE (Lab)', 12)","('John FERGUSON (SNP)', 12)","('John FERGUSON (SNP)', 12)",0
Ward03-Kilwinning_n-ayrshire12-03.csv,frozenset({'Colin HEDLEY (Ind)'}),12,"('Joe CULLINANE (Lab)', 12)","('Joe CULLINANE (Lab)', 12)","('Joe CULLINANE (Lab)', 12)","('Joe CULLINANE (Lab)', 12)","('Joe CULLINANE (Lab)', 12)","('Joe CULLINANE (Lab)', 12)","('Joe CULLINANE (Lab)', 12)","('Joe CULLINANE (Lab)', 12)","('John FERGUSON (SNP)', 12)","('John FERGUSON (SNP)', 12)",0
Ward03-Kilwinning_n-ayrshire12-03.csv,frozenset({'Andy JONES (Lab)'}),12,"('Joe CULLINANE (Lab)', 12)","('Joe CULLINANE (Lab)', 12)","('Joe CULLINANE (Lab)', 12)","('Joe CULLINANE (Lab)', 12)","('Joe CULLINANE (Lab)', 12)","('Joe CULLINANE (Lab)', 12)","('Joe CULLINANE (Lab)', 12)","('Joe CULLINANE (Lab)', 12)","('John FERGUSON (SNP)', 12)","('John FERGUSON (SNP)', 12)",0
Ward03-Kilwinning_n-ayrshire12-03.csv,frozenset({'Scott GALLACHER (Con)'}),12,"('Joe CULLINANE (Lab)', 12)","('Joe CULLINANE (Lab)', 12)","('Joe CULLINANE (Lab)', 12)","('Joe CULLINANE (Lab)', 12)","('Joe CULLINANE (Lab)', 12)","('Joe CULLINANE (Lab)', 12)","('Joe CULLINANE (Lab)', 12)","('Joe CULLINANE (Lab)', 12)","('John FERGUSON (SNP)', 12)","('John FERGUSON (SNP)', 12)",0
Ward03-Kilwinning_n-ayrshire12-03.csv,frozenset({'Philip HOGG (Ind)'}),12,"('Joe CULLINANE (Lab)', 12)","('Joe CULLINANE (Lab)', 12)","('Joe CULLINANE (Lab)', 12)","('Joe CULLINANE (Lab)', 12)","('Joe CULLINANE (Lab)', 12)","('Joe CULLINANE (Lab)', 12)","('Joe CULLINANE (Lab)', 12)","('Joe CULLINANE (Lab)', 12)","('John FERGUSON (SNP)', 12)","('John FERGUSON (SNP)', 12)",0
Ward03-Kilwinning_n-ayrshire12-03.csv,none,11,"('John FERGUSON (SNP)', 11)","('John FERGUSON (SNP)', 11)","('John FERGUSON (SNP)', 11)","('John FERGUSON (SNP)', 11)","('John FERGUSON (SNP)', 11)","('John FERGUSON (SNP)', 11)","('John FERGUSON (SNP)', 11)","('John FERGUSON (SNP)', 11)","('John FERGUSON (SNP)', 11)","('John FERGUSON (SNP)', 11)",10
Ward03-Kilwinning_n-ayrshire12-03.csv,frozenset({'Iain WALKER (SNP)'}),12,"('Joe CULLINANE (Lab)', 12)","('Joe CULLINANE (Lab)', 12)","('Joe CULLINANE (Lab)', 12)","('Joe CULLINANE (Lab)', 12)","('Joe CULLINANE (Lab)', 12)","('Joe CULLINANE (Lab)', 12)","('Joe CULLINANE (Lab)', 12)","('Joe CULLINANE (Lab)', 12)","('John FERGUSON (SNP)', 12)","('John FERGUSON (SNP)', 12)",10
Ward03-Kilwinning_n-ayrshire12-03.csv,frozenset({'Donald REID (Lab)'}),12,"('Joe CULLINANE (Lab)', 12)","('Joe CULLINANE (Lab)', 12)","('Joe CULLINANE (Lab)', 12)","('Joe CULLINANE (Lab)', 12)","('Joe CULLINANE (Lab)', 12)","('Joe CULLINANE (Lab)', 12)","('Joe CULLINANE (Lab)', 12)","('Joe CULLINANE (Lab)', 12)","('John FERGUSON (SNP)', 12)","('John FERGUSON (SNP)', 12)",10
Ward03-Kilwinning_n-ayrshire12-03.csv,frozenset({'Joe CULLINANE (Lab)'}),12,"('Clone', 12)","('Joe CULLINANE (Lab)', 12)","('Joe CULLINANE (Lab)', 12)","('Joe CULLINANE (Lab)', 12)","('Joe CULLINANE (Lab)', 12)","('Joe CULLINANE (Lab)', 12)","('Joe CULLINANE (Lab)', 12)","('Joe CULLINANE (Lab)', 12)","('John FERGUSON (SNP)', 12)","('John FERGUSON (SNP)', 12)",10
Ward03-Kilwinning_n-ayrshire12-03.csv,frozenset({'Stuart GARDINER (LD)'}),12,"('Joe CULLINANE (Lab)', 12)","('Joe CULLINANE (Lab)', 12)","('Joe CULLINANE (Lab)', 12)","('Joe CULLINANE (Lab)', 12)","('Joe CULLINANE (Lab)', 12)","('Joe CULLINANE (Lab)', 12)","('Joe CULLINANE (Lab)', 12)","('Joe CULLINANE (Lab)', 12)","('John FERGUSON (SNP)', 12)","('John FERGUSON (SNP)', 12)",10
Ward03-Kilwinning_n-ayrshire12-03.csv,frozenset({'Robert STEEL (Ind)'}),12,"('Joe CULLINANE (Lab)', 12)","('Joe CULLINANE (Lab)', 12)","('Joe CULLINANE (Lab)', 12)","('Joe CULLINANE (Lab)', 12)","('Joe CULLINANE (Lab)', 12)","('Joe CULLINANE (Lab)', 12)","('Joe CULLINANE (Lab)', 12)","('Joe CULLINANE (Lab)', 12)","('John FERGUSON (SNP)', 12)","('John FERGUSON (SNP)', 12)",10
Ward03-Kilwinning_n-ayrshire12-03.csv,frozenset({'John FERGUSON (SNP)'}),12,"('Joe CULLINANE (Lab)', 12)","('Joe CULLINANE (Lab)', 12)","('Joe CULLINANE (Lab)', 12)","('Joe CULLINANE (Lab)', 12)","('Joe CULLINANE (Lab)', 12)","('Joe CULLINANE (Lab)', 12)","('Joe CULLINANE (Lab)', 12)","('Joe CULLINANE (Lab)', 12)","('John FERGUSON (SNP)', 12)","('John FERGUSON (SNP)', 12)",10
Ward03-Kilwinning_n-ayrshire12-03.csv,frozenset({'Helen HAINEY (Lab)'}),12,"('Joe CULLINANE (Lab)', 12)","('Joe CULLINANE (Lab)', 12)","('Joe CULLINANE (Lab)', 12)","('Joe CULLINANE (Lab)', 12)","('Joe CULLINANE (Lab)', 12)","('Joe CULLINANE (Lab)', 12)","('Joe CULLINANE (Lab)', 12)","('Joe CULLINANE (Lab)', 12)","('John FERGUSON (SNP)', 12)","('John FERGUSON (SNP)', 12)",10
Ward03-Kilwinning_n-ayrshire12-03.csv,frozenset({'Colin HEDLEY (Ind)'}),12,"('Joe CULLINANE (Lab)', 12)","('Joe CULLINANE (Lab)', 12)","('Joe CULLINANE (Lab)', 12)","('Joe CULLINANE (Lab)', 12)","('Joe CULLINANE (Lab)', 12)","('Joe CULLINANE (Lab)', 12)","('Joe CULLINANE (Lab)', 12)","('Joe CULLINANE (Lab)', 12)","('John FERGUSON (SNP)', 12)","('John FERGUSON (SNP)', 12)",10
Ward03-Kilwinning_n-ayrshire12-03.csv,frozenset({'Andy JONES (Lab)'}),12,"('Joe CULLINANE (Lab)', 12)","('Joe CULLINANE (Lab)', 12)","('Joe CULLINANE (Lab)', 12)","('Joe CULLINANE (Lab)', 12)","('Joe CULLINANE (Lab)', 12)","('Joe CULLINANE (Lab)', 12)","('Joe CULLINANE (Lab)', 12)","('Joe CULLINANE (Lab)', 12)","('John FERGUSON (SNP)', 12)","('John FERGUSON (SNP)', 12)",10
Ward03-Kilwinning_n-ayrshire12-03.csv,frozenset({'Scott GALLACHER (Con)'}),12,"('Joe CULLINANE (Lab)', 12)","('Joe CULLINANE (Lab)', 12)","('Joe CULLINANE (Lab)', 12)","('Joe CULLINANE (Lab)', 12)","('Joe CULLINANE (Lab)', 12)","('Joe CULLINANE (Lab)', 12)","('Joe CULLINANE (Lab)', 12)","('Joe CULLINANE (Lab)', 12)","('John FERGUSON (SNP)', 12)","('John FERGUSON (SNP)', 12)",10
Ward03-Kilwinning_n-ayrshire12-03.csv,frozenset({'Philip HOGG (Ind)'}),12,"('Joe CULLINANE (Lab)', 12)","('Joe CULLINANE (Lab)', 12)","('Joe CULLINANE (Lab)', 12)","('Joe CULLINANE (Lab)', 12)","('Joe CULLINANE (Lab)', 12)","('Joe CULLINANE (Lab)', 12)","('Joe CULLINANE (Lab)', 12)","('Joe CULLINANE (Lab)', 12)","('John FERGUSON (SNP)', 12)","('John FERGUSON (SNP)', 12)",10
Ward03-Kilwinning_n-ayrshire12-03.csv,none,11,"('John FERGUSON (SNP)', 11)","('John FERGUSON (SNP)', 11)","('John FERGUSON (SNP)', 11)","('John FERGUSON (SNP)', 11)","('John FERGUSON (SNP)', 11)","('John FERGUSON (SNP)', 11)","('John FERGUSON (SNP)', 11)","('John FERGUSON (SNP)', 11)","('John FERGUSON (SNP)', 11)","('John FERGUSON (SNP)', 11)",20
Ward03-Kilwinning_n-ayrshire12-03.csv,frozenset({'Iain WALKER (SNP)'}),12,"('Joe CULLINANE (Lab)', 12)","('Joe CULLINANE (Lab)', 12)","('Joe CULLINANE (Lab)', 12)","('Joe CULLINANE (Lab)', 12)","('Joe CULLINANE (Lab)', 12)","('Joe CULLINANE (Lab)', 12)","('Joe CULLINANE (Lab)', 12)","('Joe CULLINANE (Lab)', 12)","('John FERGUSON (SNP)', 12)","('John FERGUSON (SNP)', 12)",20
Ward03-Kilwinning_n-ayrshire12-03.csv,frozenset({'Donald REID (Lab)'}),12,"('Joe CULLINANE (Lab)', 12)","('Joe CULLINANE (Lab)', 12)","('Joe CULLINANE (Lab)', 12)","('Joe CULLINANE (Lab)', 12)","('Joe CULLINANE (Lab)', 12)","('Joe CULLINANE (Lab)', 12)","('Joe CULLINANE (Lab)', 12)","('Joe CULLINANE (Lab)', 12)","('John FERGUSON (SNP)', 12)","('John FERGUSON (SNP)', 12)",20
Ward03-Kilwinning_n-ayrshire12-03.csv,frozenset({'Joe CULLINANE (Lab)'}),12,"('Clone', 12)","('Clone', 12)","('Joe CULLINANE (Lab)', 12)","('Joe CULLINANE (Lab)', 12)","('Joe CULLINANE (Lab)', 12)","('Joe CULLINANE (Lab)', 12)","('Joe CULLINANE (Lab)', 12)","('Joe CULLINANE (Lab)', 12)","('John FERGUSON (SNP)', 12)","('John FERGUSON (SNP)', 12)",20
Ward03-Kilwinning_n-ayrshire12-03.csv,frozenset({'Stuart GARDINER (LD)'}),12,"('Joe CULLINANE (Lab)', 12)","('Joe CULLINANE (Lab)', 12)","('Joe CULLINANE (Lab)', 12)","('Joe CULLINANE (Lab)', 12)","('Joe CULLINANE (Lab)', 12)","('Joe CULLINANE (Lab)', 12)","('Joe CULLINANE (Lab)', 12)","('Joe CULLINANE (Lab)', 12)","('John FERGUSON (SNP)', 12)","('John FERGUSON (SNP)', 12)",20
Ward03-Kilwinning_n-ayrshire12-03.csv,frozenset({'Robert STEEL (Ind)'}),12,"('Joe CULLINANE (Lab)', 12)","('Joe CULLINANE (Lab)', 12)","('Joe CULLINANE (Lab)', 12)","('Joe CULLINANE (Lab)', 12)","('Joe CULLINANE (Lab)', 12)","('Joe CULLINANE (Lab)', 12)","('Joe CULLINANE (Lab)', 12)","('Joe CULLINANE (Lab)', 12)","('John FERGUSON (SNP)', 12)","('John FERGUSON (SNP)', 12)",20
Ward03-Kilwinning_n-ayrshire12-03.csv,frozenset({'John FERGUSON (SNP)'}),12,"('Joe CULLINANE (Lab)', 12)","('Joe CULLINANE (Lab)', 12)","('Joe CULLINANE (Lab)', 12)","('Joe CULLINANE (Lab)', 12)","('Joe CULLINANE (Lab)', 12)","('Joe CULLINANE (Lab)', 12)","('Joe CULLINANE (Lab)', 12)","('Joe CULLINANE (Lab)', 12)","('John FERGUSON (SNP)', 12)","('John FERGUSON (SNP)', 12)",20
Ward03-Kilwinning_n-ayrshire12-03.csv,frozenset({'Helen HAINEY (Lab)'}),12,"('Joe CULLINANE (Lab)', 12)","('Joe CULLINANE (Lab)', 12)","('Joe CULLINANE (Lab)', 12)","('Joe CULLINANE (Lab)', 12)","('Joe CULLINANE (Lab)', 12)","('Joe CULLINANE (Lab)', 12)","('Joe CULLINANE (Lab)', 12)","('Joe CULLINANE (Lab)', 12)","('John FERGUSON (SNP)', 12)","('John FERGUSON (SNP)', 12)",20
Ward03-Kilwinning_n-ayrshire12-03.csv,frozenset({'Colin HEDLEY (Ind)'}),12,"('Joe CULLINANE (Lab)', 12)","('Joe CULLINANE (Lab)', 12)","('Joe CULLINANE (Lab)', 12)","('Joe CULLINANE (Lab)', 12)","('Joe CULLINANE (Lab)', 12)","('Joe CULLINANE (Lab)', 12)","('Joe CULLINANE (Lab)', 12)","('Joe CULLINANE (Lab)', 12)","('John FERGUSON (SNP)', 12)","('John FERGUSON (SNP)', 12)",20
Ward03-Kilwinning_n-ayrshire12-03.csv,frozenset({'Andy JONES (Lab)'}),12,"('Joe CULLINANE (Lab)', 12)","('Joe CULLINANE (Lab)', 12)","('Joe CULLINANE (Lab)', 12)","('Joe CULLINANE (Lab)', 12)","('Joe CULLINANE (Lab)', 12)","('Joe CULLINANE (Lab)', 12)","('Joe CULLINANE (Lab)', 12)","('Joe CULLINANE (Lab)', 12)","('John FERGUSON (SNP)', 12)","('John FERGUSON (SNP)', 12)",20
Ward03-Kilwinning_n-ayrshire12-03.csv,frozenset({'Scott GALLACHER (Con)'}),12,"('Joe CULLINANE (Lab)', 12)","('Joe CULLINANE (Lab)', 12)","('Joe CULLINANE (Lab)', 12)","('Joe CULLINANE (Lab)', 12)","('Joe CULLINANE (Lab)', 12)","('Joe CULLINANE (Lab)', 12)","('Joe CULLINANE (Lab)', 12)","('Joe CULLINANE (Lab)', 12)","('John FERGUSON (SNP)', 12)","('John FERGUSON (SNP)', 12)",20
Ward03-Kilwinning_n-ayrshire12-03.csv,frozenset({'Philip HOGG (Ind)'}),12,"('Joe CULLINANE (Lab)', 12)","('Joe CULLINANE (Lab)', 12)","('Joe CULLINANE (Lab)', 12)","('Joe CULLINANE (Lab)', 12)","('Joe CULLINANE (Lab)', 12)","('Joe CULLINANE (Lab)', 12)","('Joe CULLINANE (Lab)', 12)","('Joe CULLINANE (Lab)', 12)","('John FERGUSON (SNP)', 12)","('John FERGUSON (SNP)', 12)",20
Ward03-Kilwinning_n-ayrshire12-03.csv,none,11,"('John FERGUSON (SNP)', 11)","('John FERGUSON (SNP)', 11)","('John FERGUSON (SNP)', 11)","('John FERGUSON (SNP)', 11)","('John FERGUSON (SNP)', 11)","('John FERGUSON (SNP)', 11)","('John FERGUSON (SNP)', 11)","('John FERGUSON (SNP)', 11)","('John FERGUSON (SNP)', 11)","('John FERGUSON (SNP)', 11)",30
Ward03-Kilwinning_n-ayrshire12-03.csv,frozenset({'Iain WALKER (SNP)'}),12,"('Joe CULLINANE (Lab)', 12)","('Joe CULLINANE (Lab)', 12)","('Joe CULLINANE (Lab)', 12)","('Joe CULLINANE (Lab)', 12)","('Joe CULLINANE (Lab)', 12)","('Joe CULLINANE (Lab)', 12)","('Joe CULLINANE (Lab)', 12)","('Joe CULLINANE (Lab)', 12)","('John FERGUSON (SNP)', 12)","('John FERGUSON (SNP)', 12)",30
Ward03-Kilwinning_n-ayrshire12-03.csv,frozenset({'Donald REID (Lab)'}),12,"('Joe CULLINANE (Lab)', 12)","('Joe CULLINANE (Lab)', 12)","('Joe CULLINANE (Lab)', 12)","('Joe CULLINANE (Lab)', 12)","('Joe CULLINANE (Lab)', 12)","('Joe CULLINANE (Lab)', 12)","('Joe CULLINANE (Lab)', 12)","('Joe CULLINANE (Lab)', 12)","('John FERGUSON (SNP)', 12)","('John FERGUSON (SNP)', 12)",30
Ward03-Kilwinning_n-ayrshire12-03.csv,frozenset({'Joe CULLINANE (Lab)'}),12,"('Clone', 12)","('Clone', 12)","('Joe CULLINANE (Lab)', 12)","('Joe CULLINANE (Lab)', 12)","('Joe CULLINANE (Lab)', 12)","('Joe CULLINANE (Lab)', 12)","('Joe CULLINANE (Lab)', 12)","('Joe CULLINANE (Lab)', 12)","('John FERGUSON (SNP)', 12)","('John FERGUSON (SNP)', 12)",30
Ward03-Kilwinning_n-ayrshire12-03.csv,frozenset({'Stuart GARDINER (LD)'}),12,"('Joe CULLINANE (Lab)', 12)","('Joe CULLINANE (Lab)', 12)","('Joe CULLINANE (Lab)', 12)","('Joe CULLINANE (Lab)', 12)","('Joe CULLINANE (Lab)', 12)","('Joe CULLINANE (Lab)', 12)","('Joe CULLINANE (Lab)', 12)","('Joe CULLINANE (Lab)', 12)","('John FERGUSON (SNP)', 12)","('John FERGUSON (SNP)', 12)",30
Ward03-Kilwinning_n-ayrshire12-03.csv,frozenset({'Robert STEEL (Ind)'}),12,"('Joe CULLINANE (Lab)', 12)","('Joe CULLINANE (Lab)', 12)","('Joe CULLINANE (Lab)', 12)","('Joe CULLINANE (Lab)', 12)","('Joe CULLINANE (Lab)', 12)","('Joe CULLINANE (Lab)', 12)","('Joe CULLINANE (Lab)', 12)","('Joe CULLINANE (Lab)', 12)","('John FERGUSON (SNP)', 12)","('John FERGUSON (SNP)', 12)",30
Ward03-Kilwinning_n-ayrshire12-03.csv,frozenset({'John FERGUSON (SNP)'}),12,"('Joe CULLINANE (Lab)', 12)","('Joe CULLINANE (Lab)', 12)","('Joe CULLINANE (Lab)', 12)","('Joe CULLINANE (Lab)', 12)","('Joe CULLINANE (Lab)', 12)","('Joe CULLINANE (Lab)', 12)","('Joe CULLINANE (Lab)', 12)","('Joe CULLINANE (Lab)', 12)","('John FERGUSON (SNP)', 12)","('John FERGUSON (SNP)', 12)",30
Ward03-Kilwinning_n-ayrshire12-03.csv,frozenset({'Helen HAINEY (Lab)'}),12,"('Joe CULLINANE (Lab)', 12)","('Joe CULLINANE (Lab)', 12)","('Joe CULLINANE (Lab)', 12)","('Joe CULLINANE (Lab)', 12)","('Joe CULLINANE (Lab)', 12)","('Joe CULLINANE (Lab)', 12)","('Joe CULLINANE (Lab)', 12)","('Joe CULLINANE (Lab)', 12)","('John FERGUSON (SNP)', 12)","('John FERGUSON (SNP)', 12)",30
Ward03-Kilwinning_n-ayrshire12-03.csv,frozenset({'Colin HEDLEY (Ind)'}),12,"('Joe CULLINANE (Lab)', 12)","('Joe CULLINANE (Lab)', 12)","('Joe CULLINANE (Lab)', 12)","('Joe CULLINANE (Lab)', 12)","('Joe CULLINANE (Lab)', 12)","('Joe CULLINANE (Lab)', 12)","('Joe CULLINANE (Lab)', 12)","('Joe CULLINANE (Lab)', 12)","('John FERGUSON (SNP)', 12)","('John FERGUSON (SNP)', 12)",30
Ward03-Kilwinning_n-ayrshire12-03.csv,frozenset({'Andy JONES (Lab)'}),12,"('Joe CULLINANE (Lab)', 12)","('Joe CULLINANE (Lab)', 12)","('Joe CULLINANE (Lab)', 12)","('Joe CULLINANE (Lab)', 12)","('Joe CULLINANE (Lab)', 12)","('Joe CULLINANE (Lab)', 12)","('Joe CULLINANE (Lab)', 12)","('Joe CULLINANE (Lab)', 12)","('John FERGUSON (SNP)', 12)","('John FERGUSON (SNP)', 12)",30
Ward03-Kilwinning_n-ayrshire12-03.csv,frozenset({'Scott GALLACHER (Con)'}),12,"('Joe CULLINANE (Lab)', 12)","('Joe CULLINANE (Lab)', 12)","('Joe CULLINANE (Lab)', 12)","('Joe CULLINANE (Lab)', 12)","('Joe CULLINANE (Lab)', 12)","('Joe CULLINANE (Lab)', 12)","('Joe CULLINANE (Lab)', 12)","('Joe CULLINANE (Lab)', 12)","('John FERGUSON (SNP)', 12)","('John FERGUSON (SNP)', 12)",30
Ward03-Kilwinning_n-ayrshire12-03.csv,frozenset({'Philip HOGG (Ind)'}),12,"('Joe CULLINANE (Lab)', 12)","('Joe CULLINANE (Lab)', 12)","('Joe CULLINANE (Lab)', 12)","('Joe CULLINANE (Lab)', 12)","('Joe CULLINANE (Lab)', 12)","('Joe CULLINANE (Lab)', 12)","('Joe CULLINANE (Lab)', 12)","('Joe CULLINANE (Lab)', 12)","('John FERGUSON (SNP)', 12)","('John FERGUSON (SNP)', 12)",30
Ward03-Kilwinning_n-ayrshire12-03.csv,none,11,"('John FERGUSON (SNP)', 11)","('John FERGUSON (SNP)', 11)","('John FERGUSON (SNP)', 11)","('John FERGUSON (SNP)', 11)","('John FERGUSON (SNP)', 11)","('John FERGUSON (SNP)', 11)","('John FERGUSON (SNP)', 11)","('John FERGUSON (SNP)', 11)","('John FERGUSON (SNP)', 11)","('John FERGUSON (SNP)', 11)",40
Ward03-Kilwinning_n-ayrshire12-03.csv,frozenset({'Iain WALKER (SNP)'}),12,"('Joe CULLINANE (Lab)', 12)","('Joe CULLINANE (Lab)', 12)","('Joe CULLINANE (Lab)', 12)","('Joe CULLINANE (Lab)', 12)","('Joe CULLINANE (Lab)', 12)","('Joe CULLINANE (Lab)', 12)","('Joe CULLINANE (Lab)', 12)","('Joe CULLINANE (Lab)', 12)","('John FERGUSON (SNP)', 12)","('John FERGUSON (SNP)', 12)",40
Ward03-Kilwinning_n-ayrshire12-03.csv,frozenset({'Donald REID (Lab)'}),12,"('Joe CULLINANE (Lab)', 12)","('Joe CULLINANE (Lab)', 12)","('Joe CULLINANE (Lab)', 12)","('Joe CULLINANE (Lab)', 12)","('Joe CULLINANE (Lab)', 12)","('Joe CULLINANE (Lab)', 12)","('Joe CULLINANE (Lab)', 12)","('Joe CULLINANE (Lab)', 12)","('John FERGUSON (SNP)', 12)","('John FERGUSON (SNP)', 12)",40
Ward03-Kilwinning_n-ayrshire12-03.csv,frozenset({'Joe CULLINANE (Lab)'}),12,"('Clone', 12)","('Clone', 12)","('Clone', 12)","('Clone', 12)","('Clone', 12)","('Clone', 12)","('Clone', 12)","('Clone', 12)","('John FERGUSON (SNP)', 12)","('John FERGUSON (SNP)', 12)",40
Ward03-Kilwinning_n-ayrshire12-03.csv,frozenset({'Stuart GARDINER (LD)'}),12,"('Joe CULLINANE (Lab)', 12)","('Joe CULLINANE (Lab)', 12)","('Joe CULLINANE (Lab)', 12)","('Joe CULLINANE (Lab)', 12)","('Joe CULLINANE (Lab)', 12)","('Joe CULLINANE (Lab)', 12)","('Joe CULLINANE (Lab)', 12)","('Joe CULLINANE (Lab)', 12)","('John FERGUSON (SNP)', 12)","('John FERGUSON (SNP)', 12)",40
Ward03-Kilwinning_n-ayrshire12-03.csv,frozenset({'Robert STEEL (Ind)'}),12,"('Joe CULLINANE (Lab)', 12)","('Joe CULLINANE (Lab)', 12)","('Joe CULLINANE (Lab)', 12)","('Joe CULLINANE (Lab)', 12)","('Joe CULLINANE (Lab)', 12)","('Joe CULLINANE (Lab)', 12)","('Joe CULLINANE (Lab)', 12)","('Joe CULLINANE (Lab)', 12)","('John FERGUSON (SNP)', 12)","('John FERGUSON (SNP)', 12)",40
Ward03-Kilwinning_n-ayrshire12-03.csv,frozenset({'John FERGUSON (SNP)'}),12,"('Joe CULLINANE (Lab)', 12)","('Joe CULLINANE (Lab)', 12)","('Joe CULLINANE (Lab)', 12)","('Joe CULLINANE (Lab)', 12)","('Joe CULLINANE (Lab)', 12)","('Joe CULLINANE (Lab)', 12)","('Joe CULLINANE (Lab)', 12)","('Joe CULLINANE (Lab)', 12)","('Clone', 12)","('Clone', 12)",40
Ward03-Kilwinning_n-ayrshire12-03.csv,frozenset({'Helen HAINEY (Lab)'}),12,"('Joe CULLINANE (Lab)', 12)","('Joe CULLINANE (Lab)', 12)","('Joe CULLINANE (Lab)', 12)","('Joe CULLINANE (Lab)', 12)","('Joe CULLINANE (Lab)', 12)","('Joe CULLINANE (Lab)', 12)","('Joe CULLINANE (Lab)', 12)","('Joe CULLINANE (Lab)', 12)","('John FERGUSON (SNP)', 12)","('John FERGUSON (SNP)', 12)",40
Ward03-Kilwinning_n-ayrshire12-03.csv,frozenset({'Colin HEDLEY (Ind)'}),12,"('Joe CULLINANE (Lab)', 12)","('Joe CULLINANE (Lab)', 12)","('Joe CULLINANE (Lab)', 12)","('Joe CULLINANE (Lab)', 12)","('Joe CULLINANE (Lab)', 12)","('Joe CULLINANE (Lab)', 12)","('Joe CULLINANE (Lab)', 12)","('Joe CULLINANE (Lab)', 12)","('John FERGUSON (SNP)', 12)","('John FERGUSON (SNP)', 12)",40
Ward03-Kilwinning_n-ayrshire12-03.csv,frozenset({'Andy JONES (Lab)'}),12,"('Joe CULLINANE (Lab)', 12)","('Joe CULLINANE (Lab)', 12)","('Joe CULLINANE (Lab)', 12)","('Joe CULLINANE (Lab)', 12)","('Joe CULLINANE (Lab)', 12)","('Joe CULLINANE (Lab)', 12)","('Joe CULLINANE (Lab)', 12)","('Joe CULLINANE (Lab)', 12)","('John FERGUSON (SNP)', 12)","('John FERGUSON (SNP)', 12)",40
Ward03-Kilwinning_n-ayrshire12-03.csv,frozenset({'Scott GALLACHER (Con)'}),12,"('Joe CULLINANE (Lab)', 12)","('Joe CULLINANE (Lab)', 12)","('Joe CULLINANE (Lab)', 12)","('Joe CULLINANE (Lab)', 12)","('Joe CULLINANE (Lab)', 12)","('Joe CULLINANE (Lab)', 12)","('Joe CULLINANE (Lab)', 12)","('Joe CULLINANE (Lab)', 12)","('John FERGUSON (SNP)', 12)","('John FERGUSON (SNP)', 12)",40
Ward03-Kilwinning_n-ayrshire12-03.csv,frozenset({'Philip HOGG (Ind)'}),12,"('Joe CULLINANE (Lab)', 12)","('Joe CULLINANE (Lab)', 12)","('Joe CULLINANE (Lab)', 12)","('Joe CULLINANE (Lab)', 12)","('Joe CULLINANE (Lab)', 12)","('Joe CULLINANE (Lab)', 12)","('Joe CULLINANE (Lab)', 12)","('Joe CULLINANE (Lab)', 12)","('John FERGUSON (SNP)', 12)","('John FERGUSON (SNP)', 12)",40
Ward03-Kilwinning_n-ayrshire12-03.csv,none,11,"('John FERGUSON (SNP)', 11)","('John FERGUSON (SNP)', 11)","('John FERGUSON (SNP)', 11)","('John FERGUSON (SNP)', 11)","('John FERGUSON (SNP)', 11)","('John FERGUSON (SNP)', 11)","('John FERGUSON (SNP)', 11)","('John FERGUSON (SNP)', 11)","('John FERGUSON (SNP)', 11)","('John FERGUSON (SNP)', 11)",50
Ward03-Kilwinning_n-ayrshire12-03.csv,frozenset({'Iain WALKER (SNP)'}),12,"('Joe CULLINANE (Lab)', 12)","('Joe CULLINANE (Lab)', 12)","('Joe CULLINANE (Lab)', 12)","('Joe CULLINANE (Lab)', 12)","('Joe CULLINANE (Lab)', 12)","('Joe CULLINANE (Lab)', 12)","('Joe CULLINANE (Lab)', 12)","('Joe CULLINANE (Lab)', 12)","('John FERGUSON (SNP)', 12)","('John FERGUSON (SNP)', 12)",50
Ward03-Kilwinning_n-ayrshire12-03.csv,frozenset({'Donald REID (Lab)'}),12,"('Joe CULLINANE (Lab)', 12)","('Joe CULLINANE (Lab)', 12)","('Joe CULLINANE (Lab)', 12)","('Joe CULLINANE (Lab)', 12)","('Joe CULLINANE (Lab)', 12)","('Joe CULLINANE (Lab)', 12)","('Joe CULLINANE (Lab)', 12)","('Joe CULLINANE (Lab)', 12)","('John FERGUSON (SNP)', 12)","('John FERGUSON (SNP)', 12)",50
Ward03-Kilwinning_n-ayrshire12-03.csv,frozenset({'Joe CULLINANE (Lab)'}),12,"('Clone', 12)","('Clone', 12)","('Clone', 12)","('Clone', 12)","('Clone', 12)","('Clone', 12)","('Clone', 12)","('Clone', 12)","('John FERGUSON (SNP)', 12)","('John FERGUSON (SNP)', 12)",50
Ward03-Kilwinning_n-ayrshire12-03.csv,frozenset({'Stuart GARDINER (LD)'}),12,"('Joe CULLINANE (Lab)', 12)","('Joe CULLINANE (Lab)', 12)","('Joe CULLINANE (Lab)', 12)","('Joe CULLINANE (Lab)', 12)","('Joe CULLINANE (Lab)', 12)","('Joe CULLINANE (Lab)', 12)","('Joe CULLINANE (Lab)', 12)","('Joe CULLINANE (Lab)', 12)","('John FERGUSON (SNP)', 12)","('John FERGUSON (SNP)', 12)",50
Ward03-Kilwinning_n-ayrshire12-03.csv,frozenset({'Robert STEEL (Ind)'}),12,"('Joe CULLINANE (Lab)', 12)","('Joe CULLINANE (Lab)', 12)","('Joe CULLINANE (Lab)', 12)","('Joe CULLINANE (Lab)', 12)","('Joe CULLINANE (Lab)', 12)","('Joe CULLINANE (Lab)', 12)","('Joe CULLINANE (Lab)', 12)","('Joe CULLINANE (Lab)', 12)","('John FERGUSON (SNP)', 12)","('John FERGUSON (SNP)', 12)",50
Ward03-Kilwinning_n-ayrshire12-03.csv,frozenset({'John FERGUSON (SNP)'}),12,"('Joe CULLINANE (Lab)', 12)","('Joe CULLINANE (Lab)', 12)","('Joe CULLINANE (Lab)', 12)","('Joe CULLINANE (Lab)', 12)","('Joe CULLINANE (Lab)', 12)","('Joe CULLINANE (Lab)', 12)","('Joe CULLINANE (Lab)', 12)","('Joe CULLINANE (Lab)', 12)","('Clone', 12)","('Clone', 12)",50
Ward03-Kilwinning_n-ayrshire12-03.csv,frozenset({'Helen HAINEY (Lab)'}),12,"('Joe CULLINANE (Lab)', 12)","('Joe CULLINANE (Lab)', 12)","('Joe CULLINANE (Lab)', 12)","('Joe CULLINANE (Lab)', 12)","('Joe CULLINANE (Lab)', 12)","('Joe CULLINANE (Lab)', 12)","('Joe CULLINANE (Lab)', 12)","('Joe CULLINANE (Lab)', 12)","('John FERGUSON (SNP)', 12)","('John FERGUSON (SNP)', 12)",50
Ward03-Kilwinning_n-ayrshire12-03.csv,frozenset({'Colin HEDLEY (Ind)'}),12,"('Joe CULLINANE (Lab)', 12)","('Joe CULLINANE (Lab)', 12)","('Joe CULLINANE (Lab)', 12)","('Joe CULLINANE (Lab)', 12)","('Joe CULLINANE (Lab)', 12)","('Joe CULLINANE (Lab)', 12)","('Joe CULLINANE (Lab)', 12)","('Joe CULLINANE (Lab)', 12)","('John FERGUSON (SNP)', 12)","('John FERGUSON (SNP)', 12)",50
Ward03-Kilwinning_n-ayrshire12-03.csv,frozenset({'Andy JONES (Lab)'}),12,"('Joe CULLINANE (Lab)', 12)","('Joe CULLINANE (Lab)', 12)","('Joe CULLINANE (Lab)', 12)","('Joe CULLINANE (Lab)', 12)","('Joe CULLINANE (Lab)', 12)","('Joe CULLINANE (Lab)', 12)","('Joe CULLINANE (Lab)', 12)","('Joe CULLINANE (Lab)', 12)","('John FERGUSON (SNP)', 12)","('John FERGUSON (SNP)', 12)",50
Ward03-Kilwinning_n-ayrshire12-03.csv,frozenset({'Scott GALLACHER (Con)'}),12,"('Joe CULLINANE (Lab)', 12)","('Joe CULLINANE (Lab)', 12)","('Joe CULLINANE (Lab)', 12)","('Joe CULLINANE (Lab)', 12)","('Joe CULLINANE (Lab)', 12)","('Joe CULLINANE (Lab)', 12)","('Joe CULLINANE (Lab)', 12)","('Joe CULLINANE (Lab)', 12)","('John FERGUSON (SNP)', 12)","('John FERGUSON (SNP)', 12)",50
Ward03-Kilwinning_n-ayrshire12-03.csv,frozenset({'Philip HOGG (Ind)'}),12,"('Joe CULLINANE (Lab)', 12)","('Joe CULLINANE (Lab)', 12)","('Joe CULLINANE (Lab)', 12)","('Joe CULLINANE (Lab)', 12)","('Joe CULLINANE (Lab)', 12)","('Joe CULLINANE (Lab)', 12)","('Joe CULLINANE (Lab)', 12)","('Joe CULLINANE (Lab)', 12)","('John FERGUSON (SNP)', 12)","('John FERGUSON (SNP)', 12)",50
Ward03-Kilwinning_n-ayrshire12-03.csv,none,11,"('John FERGUSON (SNP)', 11)","('John FERGUSON (SNP)', 11)","('John FERGUSON (SNP)', 11)","('John FERGUSON (SNP)', 11)","('John FERGUSON (SNP)', 11)","('John FERGUSON (SNP)', 11)","('John FERGUSON (SNP)', 11)","('John FERGUSON (SNP)', 11)","('John FERGUSON (SNP)', 11)","('John FERGUSON (SNP)', 11)",60
Ward03-Kilwinning_n-ayrshire12-03.csv,frozenset({'Iain WALKER (SNP)'}),12,"('Joe CULLINANE (Lab)', 12)","('Joe CULLINANE (Lab)', 12)","('Joe CULLINANE (Lab)', 12)","('Joe CULLINANE (Lab)', 12)","('Joe CULLINANE (Lab)', 12)","('Joe CULLINANE (Lab)', 12)","('Joe CULLINANE (Lab)', 12)","('Joe CULLINANE (Lab)', 12)","('John FERGUSON (SNP)', 12)","('John FERGUSON (SNP)', 12)",60
Ward03-Kilwinning_n-ayrshire12-03.csv,frozenset({'Donald REID (Lab)'}),12,"('Joe CULLINANE (Lab)', 12)","('Joe CULLINANE (Lab)', 12)","('Joe CULLINANE (Lab)', 12)","('Joe CULLINANE (Lab)', 12)","('Joe CULLINANE (Lab)', 12)","('Joe CULLINANE (Lab)', 12)","('Joe CULLINANE (Lab)', 12)","('Joe CULLINANE (Lab)', 12)","('John FERGUSON (SNP)', 12)","('John FERGUSON (SNP)', 12)",60
Ward03-Kilwinning_n-ayrshire12-03.csv,frozenset({'Joe CULLINANE (Lab)'}),12,"('Clone', 12)","('Clone', 12)","('Clone', 12)","('Clone', 12)","('Clone', 12)","('Clone', 12)","('Clone', 12)","('Clone', 12)","('John FERGUSON (SNP)', 12)","('John FERGUSON (SNP)', 12)",60
Ward03-Kilwinning_n-ayrshire12-03.csv,frozenset({'Stuart GARDINER (LD)'}),12,"('Joe CULLINANE (Lab)', 12)","('Joe CULLINANE (Lab)', 12)","('Joe CULLINANE (Lab)', 12)","('Joe CULLINANE (Lab)', 12)","('Joe CULLINANE (Lab)', 12)","('Joe CULLINANE (Lab)', 12)","('Joe CULLINANE (Lab)', 12)","('Joe CULLINANE (Lab)', 12)","('John FERGUSON (SNP)', 12)","('John FERGUSON (SNP)', 12)",60
Ward03-Kilwinning_n-ayrshire12-03.csv,frozenset({'Robert STEEL (Ind)'}),12,"('Joe CULLINANE (Lab)', 12)","('Joe CULLINANE (Lab)', 12)","('Joe CULLINANE (Lab)', 12)","('Joe CULLINANE (Lab)', 12)","('Joe CULLINANE (Lab)', 12)","('Joe CULLINANE (Lab)', 12)","('Joe CULLINANE (Lab)', 12)","('Joe CULLINANE (Lab)', 12)","('John FERGUSON (SNP)', 12)","('John FERGUSON (SNP)', 12)",60
Ward03-Kilwinning_n-ayrshire12-03.csv,frozenset({'John FERGUSON (SNP)'}),12,"('Joe CULLINANE (Lab)', 12)","('Joe CULLINANE (Lab)', 12)","('Joe CULLINANE (Lab)', 12)","('Joe CULLINANE (Lab)', 12)","('Joe CULLINANE (Lab)', 12)","('Joe CULLINANE (Lab)', 12)","('Joe CULLINANE (Lab)', 12)","('Joe CULLINANE (Lab)', 12)","('Clone', 12)","('Clone', 12)",60
Ward03-Kilwinning_n-ayrshire12-03.csv,frozenset({'Helen HAINEY (Lab)'}),12,"('Joe CULLINANE (Lab)', 12)","('Joe CULLINANE (Lab)', 12)","('Joe CULLINANE (Lab)', 12)","('Joe CULLINANE (Lab)', 12)","('Joe CULLINANE (Lab)', 12)","('Joe CULLINANE (Lab)', 12)","('Joe CULLINANE (Lab)', 12)","('Joe CULLINANE (Lab)', 12)","('John FERGUSON (SNP)', 12)","('John FERGUSON (SNP)', 12)",60
Ward03-Kilwinning_n-ayrshire12-03.csv,frozenset({'Colin HEDLEY (Ind)'}),12,"('Joe CULLINANE (Lab)', 12)","('Joe CULLINANE (Lab)', 12)","('Joe CULLINANE (Lab)', 12)","('Joe CULLINANE (Lab)', 12)","('Joe CULLINANE (Lab)', 12)","('Joe CULLINANE (Lab)', 12)","('Joe CULLINANE (Lab)', 12)","('Joe CULLINANE (Lab)', 12)","('John FERGUSON (SNP)', 12)","('John FERGUSON (SNP)', 12)",60
Ward03-Kilwinning_n-ayrshire12-03.csv,frozenset({'Andy JONES (Lab)'}),12,"('Joe CULLINANE (Lab)', 12)","('Joe CULLINANE (Lab)', 12)","('Joe CULLINANE (Lab)', 12)","('Joe CULLINANE (Lab)', 12)","('Joe CULLINANE (Lab)', 12)","('Joe CULLINANE (Lab)', 12)","('Joe CULLINANE (Lab)', 12)","('Joe CULLINANE (Lab)', 12)","('John FERGUSON (SNP)', 12)","('John FERGUSON (SNP)', 12)",60
Ward03-Kilwinning_n-ayrshire12-03.csv,frozenset({'Scott GALLACHER (Con)'}),12,"('Joe CULLINANE (Lab)', 12)","('Joe CULLINANE (Lab)', 12)","('Joe CULLINANE (Lab)', 12)","('Joe CULLINANE (Lab)', 12)","('Joe CULLINANE (Lab)', 12)","('Joe CULLINANE (Lab)', 12)","('Joe CULLINANE (Lab)', 12)","('Joe CULLINANE (Lab)', 12)","('John FERGUSON (SNP)', 12)","('John FERGUSON (SNP)', 12)",60
Ward03-Kilwinning_n-ayrshire12-03.csv,frozenset({'Philip HOGG (Ind)'}),12,"('Joe CULLINANE (Lab)', 12)","('Joe CULLINANE (Lab)', 12)","('Joe CULLINANE (Lab)', 12)","('Joe CULLINANE (Lab)', 12)","('Joe CULLINANE (Lab)', 12)","('Joe CULLINANE (Lab)', 12)","('Joe CULLINANE (Lab)', 12)","('Joe CULLINANE (Lab)', 12)","('John FERGUSON (SNP)', 12)","('John FERGUSON (SNP)', 12)",60
Ward03-Kilwinning_n-ayrshire12-03.csv,none,11,"('John FERGUSON (SNP)', 11)","('John FERGUSON (SNP)', 11)","('John FERGUSON (SNP)', 11)","('John FERGUSON (SNP)', 11)","('John FERGUSON (SNP)', 11)","('John FERGUSON (SNP)', 11)","('John FERGUSON (SNP)', 11)","('John FERGUSON (SNP)', 11)","('John FERGUSON (SNP)', 11)","('John FERGUSON (SNP)', 11)",70
Ward03-Kilwinning_n-ayrshire12-03.csv,frozenset({'Iain WALKER (SNP)'}),12,"('Joe CULLINANE (Lab)', 12)","('Joe CULLINANE (Lab)', 12)","('Joe CULLINANE (Lab)', 12)","('Joe CULLINANE (Lab)', 12)","('Joe CULLINANE (Lab)', 12)","('Joe CULLINANE (Lab)', 12)","('Joe CULLINANE (Lab)', 12)","('Joe CULLINANE (Lab)', 12)","('John FERGUSON (SNP)', 12)","('John FERGUSON (SNP)', 12)",70
Ward03-Kilwinning_n-ayrshire12-03.csv,frozenset({'Donald REID (Lab)'}),12,"('Joe CULLINANE (Lab)', 12)","('Joe CULLINANE (Lab)', 12)","('Joe CULLINANE (Lab)', 12)","('Joe CULLINANE (Lab)', 12)","('Joe CULLINANE (Lab)', 12)","('Joe CULLINANE (Lab)', 12)","('Joe CULLINANE (Lab)', 12)","('Joe CULLINANE (Lab)', 12)","('John FERGUSON (SNP)', 12)","('John FERGUSON (SNP)', 12)",70
Ward03-Kilwinning_n-ayrshire12-03.csv,frozenset({'Joe CULLINANE (Lab)'}),12,"('Clone', 12)","('Clone', 12)","('Clone', 12)","('Clone', 12)","('Clone', 12)","('Clone', 12)","('Clone', 12)","('Clone', 12)","('John FERGUSON (SNP)', 12)","('John FERGUSON (SNP)', 12)",70
Ward03-Kilwinning_n-ayrshire12-03.csv,frozenset({'Stuart GARDINER (LD)'}),12,"('Joe CULLINANE (Lab)', 12)","('Joe CULLINANE (Lab)', 12)","('Joe CULLINANE (Lab)', 12)","('Joe CULLINANE (Lab)', 12)","('Joe CULLINANE (Lab)', 12)","('Joe CULLINANE (Lab)', 12)","('Joe CULLINANE (Lab)', 12)","('Joe CULLINANE (Lab)', 12)","('John FERGUSON (SNP)', 12)","('John FERGUSON (SNP)', 12)",70
Ward03-Kilwinning_n-ayrshire12-03.csv,frozenset({'Robert STEEL (Ind)'}),12,"('Joe CULLINANE (Lab)', 12)","('Joe CULLINANE (Lab)', 12)","('Joe CULLINANE (Lab)', 12)","('Joe CULLINANE (Lab)', 12)","('Joe CULLINANE (Lab)', 12)","('Joe CULLINANE (Lab)', 12)","('Joe CULLINANE (Lab)', 12)","('Joe CULLINANE (Lab)', 12)","('John FERGUSON (SNP)', 12)","('John FERGUSON (SNP)', 12)",70
Ward03-Kilwinning_n-ayrshire12-03.csv,frozenset({'John FERGUSON (SNP)'}),12,"('Joe CULLINANE (Lab)', 12)","('Joe CULLINANE (Lab)', 12)","('Joe CULLINANE (Lab)', 12)","('Joe CULLINANE (Lab)', 12)","('Joe CULLINANE (Lab)', 12)","('Joe CULLINANE (Lab)', 12)","('Joe CULLINANE (Lab)', 12)","('Joe CULLINANE (Lab)', 12)","('Clone', 12)","('Clone', 12)",70
Ward03-Kilwinning_n-ayrshire12-03.csv,frozenset({'Helen HAINEY (Lab)'}),12,"('Joe CULLINANE (Lab)', 12)","('Joe CULLINANE (Lab)', 12)","('Joe CULLINANE (Lab)', 12)","('Joe CULLINANE (Lab)', 12)","('Joe CULLINANE (Lab)', 12)","('Joe CULLINANE (Lab)', 12)","('Joe CULLINANE (Lab)', 12)","('Joe CULLINANE (Lab)', 12)","('John FERGUSON (SNP)', 12)","('John FERGUSON (SNP)', 12)",70
Ward03-Kilwinning_n-ayrshire12-03.csv,frozenset({'Colin HEDLEY (Ind)'}),12,"('Joe CULLINANE (Lab)', 12)","('Joe CULLINANE (Lab)', 12)","('Joe CULLINANE (Lab)', 12)","('Joe CULLINANE (Lab)', 12)","('Joe CULLINANE (Lab)', 12)","('Joe CULLINANE (Lab)', 12)","('Joe CULLINANE (Lab)', 12)","('Joe CULLINANE (Lab)', 12)","('John FERGUSON (SNP)', 12)","('John FERGUSON (SNP)', 12)",70
Ward03-Kilwinning_n-ayrshire12-03.csv,frozenset({'Andy JONES (Lab)'}),12,"('Joe CULLINANE (Lab)', 12)","('Joe CULLINANE (Lab)', 12)","('Joe CULLINANE (Lab)', 12)","('Joe CULLINANE (Lab)', 12)","('Joe CULLINANE (Lab)', 12)","('Joe CULLINANE (Lab)', 12)","('Joe CULLINANE (Lab)', 12)","('Joe CULLINANE (Lab)', 12)","('John FERGUSON (SNP)', 12)","('John FERGUSON (SNP)', 12)",70
Ward03-Kilwinning_n-ayrshire12-03.csv,frozenset({'Scott GALLACHER (Con)'}),12,"('Joe CULLINANE (Lab)', 12)","('Joe CULLINANE (Lab)', 12)","('Joe CULLINANE (Lab)', 12)","('Joe CULLINANE (Lab)', 12)","('Joe CULLINANE (Lab)', 12)","('Joe CULLINANE (Lab)', 12)","('Joe CULLINANE (Lab)', 12)","('Joe CULLINANE (Lab)', 12)","('John FERGUSON (SNP)', 12)","('John FERGUSON (SNP)', 12)",70
Ward03-Kilwinning_n-ayrshire12-03.csv,frozenset({'Philip HOGG (Ind)'}),12,"('Joe CULLINANE (Lab)', 12)","('Joe CULLINANE (Lab)', 12)","('Joe CULLINANE (Lab)', 12)","('Joe CULLINANE (Lab)', 12)","('Joe CULLINANE (Lab)', 12)","('Joe CULLINANE (Lab)', 12)","('Joe CULLINANE (Lab)', 12)","('Joe CULLINANE (Lab)', 12)","('John FERGUSON (SNP)', 12)","('John FERGUSON (SNP)', 12)",70
Ward03-Kilwinning_n-ayrshire12-03.csv,none,11,"('John FERGUSON (SNP)', 11)","('John FERGUSON (SNP)', 11)","('John FERGUSON (SNP)', 11)","('John FERGUSON (SNP)', 11)","('John FERGUSON (SNP)', 11)","('John FERGUSON (SNP)', 11)","('John FERGUSON (SNP)', 11)","('John FERGUSON (SNP)', 11)","('John FERGUSON (SNP)', 11)","('John FERGUSON (SNP)', 11)",80
Ward03-Kilwinning_n-ayrshire12-03.csv,frozenset({'Iain WALKER (SNP)'}),12,"('Joe CULLINANE (Lab)', 12)","('Joe CULLINANE (Lab)', 12)","('Joe CULLINANE (Lab)', 12)","('Joe CULLINANE (Lab)', 12)","('Joe CULLINANE (Lab)', 12)","('Joe CULLINANE (Lab)', 12)","('Joe CULLINANE (Lab)', 12)","('Joe CULLINANE (Lab)', 12)","('John FERGUSON (SNP)', 12)","('John FERGUSON (SNP)', 12)",80
Ward03-Kilwinning_n-ayrshire12-03.csv,frozenset({'Donald REID (Lab)'}),12,"('Joe CULLINANE (Lab)', 12)","('Joe CULLINANE (Lab)', 12)","('Joe CULLINANE (Lab)', 12)","('Joe CULLINANE (Lab)', 12)","('Joe CULLINANE (Lab)', 12)","('Joe CULLINANE (Lab)', 12)","('Joe CULLINANE (Lab)', 12)","('Joe CULLINANE (Lab)', 12)","('John FERGUSON (SNP)', 12)","('John FERGUSON (SNP)', 12)",80
Ward03-Kilwinning_n-ayrshire12-03.csv,frozenset({'Joe CULLINANE (Lab)'}),12,"('Clone', 12)","('Clone', 12)","('Clone', 12)","('Clone', 12)","('Clone', 12)","('Clone', 12)","('Clone', 12)","('Clone', 12)","('John FERGUSON (SNP)', 12)","('John FERGUSON (SNP)', 12)",80
Ward03-Kilwinning_n-ayrshire12-03.csv,frozenset({'Stuart GARDINER (LD)'}),12,"('Joe CULLINANE (Lab)', 12)","('Joe CULLINANE (Lab)', 12)","('Joe CULLINANE (Lab)', 12)","('Joe CULLINANE (Lab)', 12)","('Joe CULLINANE (Lab)', 12)","('Joe CULLINANE (Lab)', 12)","('Joe CULLINANE (Lab)', 12)","('Joe CULLINANE (Lab)', 12)","('John FERGUSON (SNP)', 12)","('John FERGUSON (SNP)', 12)",80
Ward03-Kilwinning_n-ayrshire12-03.csv,frozenset({'Robert STEEL (Ind)'}),12,"('Joe CULLINANE (Lab)', 12)","('Joe CULLINANE (Lab)', 12)","('Joe CULLINANE (Lab)', 12)","('Joe CULLINANE (Lab)', 12)","('Joe CULLINANE (Lab)', 12)","('Joe CULLINANE (Lab)', 12)","('Joe CULLINANE (Lab)', 12)","('Joe CULLINANE (Lab)', 12)","('John FERGUSON (SNP)', 12)","('John FERGUSON (SNP)', 12)",80
Ward03-Kilwinning_n-ayrshire12-03.csv,frozenset({'John FERGUSON (SNP)'}),12,"('Joe CULLINANE (Lab)', 12)","('Joe CULLINANE (Lab)', 12)","('Joe CULLINANE (Lab)', 12)","('Joe CULLINANE (Lab)', 12)","('Joe CULLINANE (Lab)', 12)","('Joe CULLINANE (Lab)', 12)","('Joe CULLINANE (Lab)', 12)","('Joe CULLINANE (Lab)', 12)","('Clone', 12)","('Clone', 12)",80
Ward03-Kilwinning_n-ayrshire12-03.csv,frozenset({'Helen HAINEY (Lab)'}),12,"('Joe CULLINANE (Lab)', 12)","('Joe CULLINANE (Lab)', 12)","('Joe CULLINANE (Lab)', 12)","('Joe CULLINANE (Lab)', 12)","('Joe CULLINANE (Lab)', 12)","('Joe CULLINANE (Lab)', 12)","('Joe CULLINANE (Lab)', 12)","('Joe CULLINANE (Lab)', 12)","('John FERGUSON (SNP)', 12)","('John FERGUSON (SNP)', 12)",80
Ward03-Kilwinning_n-ayrshire12-03.csv,frozenset({'Colin HEDLEY (Ind)'}),12,"('Joe CULLINANE (Lab)', 12)","('Joe CULLINANE (Lab)', 12)","('Joe CULLINANE (Lab)', 12)","('Joe CULLINANE (Lab)', 12)","('Joe CULLINANE (Lab)', 12)","('Joe CULLINANE (Lab)', 12)","('Joe CULLINANE (Lab)', 12)","('Joe CULLINANE (Lab)', 12)","('John FERGUSON (SNP)', 12)","('John FERGUSON (SNP)', 12)",80
Ward03-Kilwinning_n-ayrshire12-03.csv,frozenset({'Andy JONES (Lab)'}),12,"('Joe CULLINANE (Lab)', 12)","('Joe CULLINANE (Lab)', 12)","('Joe CULLINANE (Lab)', 12)","('Joe CULLINANE (Lab)', 12)","('Joe CULLINANE (Lab)', 12)","('Joe CULLINANE (Lab)', 12)","('Joe CULLINANE (Lab)', 12)","('Joe CULLINANE (Lab)', 12)","('John FERGUSON (SNP)', 12)","('John FERGUSON (SNP)', 12)",80
Ward03-Kilwinning_n-ayrshire12-03.csv,frozenset({'Scott GALLACHER (Con)'}),12,"('Joe CULLINANE (Lab)', 12)","('Joe CULLINANE (Lab)', 12)","('Joe CULLINANE (Lab)', 12)","('Joe CULLINANE (Lab)', 12)","('Joe CULLINANE (Lab)', 12)","('Joe CULLINANE (Lab)', 12)","('Joe CULLINANE (Lab)', 12)","('Joe CULLINANE (Lab)', 12)","('John FERGUSON (SNP)', 12)","('John FERGUSON (SNP)', 12)",80
Ward03-Kilwinning_n-ayrshire12-03.csv,frozenset({'Philip HOGG (Ind)'}),12,"('Joe CULLINANE (Lab)', 12)","('Joe CULLINANE (Lab)', 12)","('Joe CULLINANE (Lab)', 12)","('Joe CULLINANE (Lab)', 12)","('Joe CULLINANE (Lab)', 12)","('Joe CULLINANE (Lab)', 12)","('Joe CULLINANE (Lab)', 12)","('Joe CULLINANE (Lab)', 12)","('John FERGUSON (SNP)', 12)","('John FERGUSON (SNP)', 12)",80
Ward03-Kilwinning_n-ayrshire12-03.csv,none,11,"('John FERGUSON (SNP)', 11)","('John FERGUSON (SNP)', 11)","('John FERGUSON (SNP)', 11)","('John FERGUSON (SNP)', 11)","('John FERGUSON (SNP)', 11)","('John FERGUSON (SNP)', 11)","('John FERGUSON (SNP)', 11)","('John FERGUSON (SNP)', 11)","('John FERGUSON (SNP)', 11)","('John FERGUSON (SNP)', 11)",90
Ward03-Kilwinning_n-ayrshire12-03.csv,frozenset({'Iain WALKER (SNP)'}),12,"('Joe CULLINANE (Lab)', 12)","('Joe CULLINANE (Lab)', 12)","('Joe CULLINANE (Lab)', 12)","('Joe CULLINANE (Lab)', 12)","('Joe CULLINANE (Lab)', 12)","('Joe CULLINANE (Lab)', 12)","('Joe CULLINANE (Lab)', 12)","('Joe CULLINANE (Lab)', 12)","('John FERGUSON (SNP)', 12)","('John FERGUSON (SNP)', 12)",90
Ward03-Kilwinning_n-ayrshire12-03.csv,frozenset({'Donald REID (Lab)'}),12,"('Joe CULLINANE (Lab)', 12)","('Joe CULLINANE (Lab)', 12)","('Joe CULLINANE (Lab)', 12)","('Joe CULLINANE (Lab)', 12)","('Joe CULLINANE (Lab)', 12)","('Joe CULLINANE (Lab)', 12)","('Joe CULLINANE (Lab)', 12)","('Joe CULLINANE (Lab)', 12)","('John FERGUSON (SNP)', 12)","('John FERGUSON (SNP)', 12)",90
Ward03-Kilwinning_n-ayrshire12-03.csv,frozenset({'Joe CULLINANE (Lab)'}),12,"('Clone', 12)","('Clone', 12)","('Clone', 12)","('Clone', 12)","('Clone', 12)","('Clone', 12)","('Clone', 12)","('Clone', 12)","('John FERGUSON (SNP)', 12)","('John FERGUSON (SNP)', 12)",90
Ward03-Kilwinning_n-ayrshire12-03.csv,frozenset({'Stuart GARDINER (LD)'}),12,"('Joe CULLINANE (Lab)', 12)","('Joe CULLINANE (Lab)', 12)","('Joe CULLINANE (Lab)', 12)","('Joe CULLINANE (Lab)', 12)","('Joe CULLINANE (Lab)', 12)","('Joe CULLINANE (Lab)', 12)","('Joe CULLINANE (Lab)', 12)","('Joe CULLINANE (Lab)', 12)","('John FERGUSON (SNP)', 12)","('John FERGUSON (SNP)', 12)",90
Ward03-Kilwinning_n-ayrshire12-03.csv,frozenset({'Robert STEEL (Ind)'}),12,"('Joe CULLINANE (Lab)', 12)","('Joe CULLINANE (Lab)', 12)","('Joe CULLINANE (Lab)', 12)","('Joe CULLINANE (Lab)', 12)","('Joe CULLINANE (Lab)', 12)","('Joe CULLINANE (Lab)', 12)","('Joe CULLINANE (Lab)', 12)","('Joe CULLINANE (Lab)', 12)","('John FERGUSON (SNP)', 12)","('John FERGUSON (SNP)', 12)",90
Ward03-Kilwinning_n-ayrshire12-03.csv,frozenset({'John FERGUSON (SNP)'}),12,"('Joe CULLINANE (Lab)', 12)","('Joe CULLINANE (Lab)', 12)","('Joe CULLINANE (Lab)', 12)","('Joe CULLINANE (Lab)', 12)","('Joe CULLINANE (Lab)', 12)","('Joe CULLINANE (Lab)', 12)","('Joe CULLINANE (Lab)', 12)","('Joe CULLINANE (Lab)', 12)","('Clone', 12)","('Clone', 12)",90
Ward03-Kilwinning_n-ayrshire12-03.csv,frozenset({'Helen HAINEY (Lab)'}),12,"('Joe CULLINANE (Lab)', 12)","('Joe CULLINANE (Lab)', 12)","('Joe CULLINANE (Lab)', 12)","('Joe CULLINANE (Lab)', 12)","('Joe CULLINANE (Lab)', 12)","('Joe CULLINANE (Lab)', 12)","('Joe CULLINANE (Lab)', 12)","('Joe CULLINANE (Lab)', 12)","('John FERGUSON (SNP)', 12)","('John FERGUSON (SNP)', 12)",90
Ward03-Kilwinning_n-ayrshire12-03.csv,frozenset({'Colin HEDLEY (Ind)'}),12,"('Joe CULLINANE (Lab)', 12)","('Joe CULLINANE (Lab)', 12)","('Joe CULLINANE (Lab)', 12)","('Joe CULLINANE (Lab)', 12)","('Joe CULLINANE (Lab)', 12)","('Joe CULLINANE (Lab)', 12)","('Joe CULLINANE (Lab)', 12)","('Joe CULLINANE (Lab)', 12)","('John FERGUSON (SNP)', 12)","('John FERGUSON (SNP)', 12)",90
Ward03-Kilwinning_n-ayrshire12-03.csv,frozenset({'Andy JONES (Lab)'}),12,"('Joe CULLINANE (Lab)', 12)","('Joe CULLINANE (Lab)', 12)","('Joe CULLINANE (Lab)', 12)","('Joe CULLINANE (Lab)', 12)","('Joe CULLINANE (Lab)', 12)","('Joe CULLINANE (Lab)', 12)","('Joe CULLINANE (Lab)', 12)","('Joe CULLINANE (Lab)', 12)","('John FERGUSON (SNP)', 12)","('John FERGUSON (SNP)', 12)",90
Ward03-Kilwinning_n-ayrshire12-03.csv,frozenset({'Scott GALLACHER (Con)'}),12,"('Joe CULLINANE (Lab)', 12)","('Joe CULLINANE (Lab)', 12)","('Joe CULLINANE (Lab)', 12)","('Joe CULLINANE (Lab)', 12)","('Joe CULLINANE (Lab)', 12)","('Joe CULLINANE (Lab)', 12)","('Joe CULLINANE (Lab)', 12)","('Joe CULLINANE (Lab)', 12)","('John FERGUSON (SNP)', 12)","('John FERGUSON (SNP)', 12)",90
Ward03-Kilwinning_n-ayrshire12-03.csv,frozenset({'Philip HOGG (Ind)'}),12,"('Joe CULLINANE (Lab)', 12)","('Joe CULLINANE (Lab)', 12)","('Joe CULLINANE (Lab)', 12)","('Joe CULLINANE (Lab)', 12)","('Joe CULLINANE (Lab)', 12)","('Joe CULLINANE (Lab)', 12)","('Joe CULLINANE (Lab)', 12)","('Joe CULLINANE (Lab)', 12)","('John FERGUSON (SNP)', 12)","('John FERGUSON (SNP)', 12)",90
JedburghandDistrictWard_sc-borders12-09.csv,none,7,"('Len WYSE (Con)', 4)","('Jim BROWN (SNP)', 3)","('Jim BROWN (SNP)', 4)","('Jim BROWN (SNP)', 4)","('Jim BROWN (SNP)', 4)","('Jim BROWN (SNP)', 4)","('Jim BROWN (SNP)', 4)","('Jim BROWN (SNP)', 4)","('Jim BROWN (SNP)', 4)","('Jim BROWN (SNP)', 4)",0
JedburghandDistrictWard_sc-borders12-09.csv,frozenset({'Trevor JACKSON (Scottish Borders)'}),8,"('Len WYSE (Con)', 5)","('Jim BROWN (SNP)', 4)","('Jim BROWN (SNP)', 5)","('Jim BROWN (SNP)', 5)","('Jim BROWN (SNP)', 5)","('Jim BROWN (SNP)', 5)","('Jim BROWN (SNP)', 5)","('Jim BROWN (SNP)', 5)","('Jim BROWN (SNP)', 5)","('Jim BROWN (SNP)', 5)",0
JedburghandDistrictWard_sc-borders12-09.csv,frozenset({'David Robert Scott SHARP (Lab)'}),8,"('Len WYSE (Con)', 5)","('Jim BROWN (SNP)', 4)","('Jim BROWN (SNP)', 5)","('Jim BROWN (SNP)', 5)","('Jim BROWN (SNP)', 5)","('Jim BROWN (SNP)', 5)","('Jim BROWN (SNP)', 5)","('Jim BROWN (SNP)', 5)","('Jim BROWN (SNP)', 5)","('Jim BROWN (SNP)', 5)",0
JedburghandDistrictWard_sc-borders12-09.csv,frozenset({'Rory STEWART (Ind)'}),8,"('Len WYSE (Con)', 5)","('Jim BROWN (SNP)', 4)","('Jim BROWN (SNP)', 5)","('Jim BROWN (SNP)', 5)","('Jim BROWN (SNP)', 5)","('Jim BROWN (SNP)', 5)","('Jim BROWN (SNP)', 5)","('Jim BROWN (SNP)', 5)","('Jim BROWN (SNP)', 5)","('Jim BROWN (SNP)', 5)",0
JedburghandDistrictWard_sc-borders12-09.csv,frozenset({'John BATHGATE (LD)'}),8,"('Len WYSE (Con)', 5)","('Jim BROWN (SNP)', 4)","('Jim BROWN (SNP)', 5)","('Jim BROWN (SNP)', 5)","('Jim BROWN (SNP)', 5)","('Jim BROWN (SNP)', 5)","('Jim BROWN (SNP)', 5)","('Jim BROWN (SNP)', 5)","('Jim BROWN (SNP)', 5)","('Jim BROWN (SNP)', 5)",0
JedburghandDistrictWard_sc-borders12-09.csv,frozenset({'Len WYSE (Con)'}),8,"('Len WYSE (Con)', 5)","('Jim BROWN (SNP)', 4)","('Jim BROWN (SNP)', 5)","('Jim BROWN (SNP)', 5)","('Jim BROWN (SNP)', 5)","('Jim BROWN (SNP)', 5)","('Jim BROWN (SNP)', 5)","('Jim BROWN (SNP)', 5)","('Jim BROWN (SNP)', 5)","('Jim BROWN (SNP)', 5)",0
JedburghandDistrictWard_sc-borders12-09.csv,frozenset({'Jim BROWN (SNP)'}),8,"('Len WYSE (Con)', 5)","('Jim BROWN (SNP)', 4)","('Jim BROWN (SNP)', 5)","('Jim BROWN (SNP)', 5)","('Jim BROWN (SNP)', 5)","('Jim BROWN (SNP)', 5)","('Jim BROWN (SNP)', 5)","('Jim BROWN (SNP)', 5)","('Jim BROWN (SNP)', 5)","('Jim BROWN (SNP)', 5)",0
JedburghandDistrictWard_sc-borders12-09.csv,frozenset({'Sandy SCOTT (Con)'}),8,"('Len WYSE (Con)', 5)","('Jim BROWN (SNP)', 4)","('Jim BROWN (SNP)', 5)","('Jim BROWN (SNP)', 5)","('Jim BROWN (SNP)', 5)","('Jim BROWN (SNP)', 5)","('Jim BROWN (SNP)', 5)","('Jim BROWN (SNP)', 5)","('Jim BROWN (SNP)', 5)","('Jim BROWN (SNP)', 5)",0
JedburghandDistrictWard_sc-borders12-09.csv,none,7,"('Len WYSE (Con)', 4)","('Jim BROWN (SNP)', 3)","('Jim BROWN (SNP)', 4)","('Jim BROWN (SNP)', 4)","('Jim BROWN (SNP)', 4)","('Jim BROWN (SNP)', 4)","('Jim BROWN (SNP)', 4)","('Jim BROWN (SNP)', 4)","('Jim BROWN (SNP)', 4)","('Jim BROWN (SNP)', 4)",10
JedburghandDistrictWard_sc-borders12-09.csv,frozenset({'Trevor JACKSON (Scottish Borders)'}),8,"('Len WYSE (Con)', 5)","('Jim BROWN (SNP)', 4)","('Jim BROWN (SNP)', 5)","('Jim BROWN (SNP)', 5)","('Jim BROWN (SNP)', 5)","('Jim BROWN (SNP)', 5)","('Jim BROWN (SNP)', 5)","('Jim BROWN (SNP)', 5)","('Jim BROWN (SNP)', 5)","('Jim BROWN (SNP)', 5)",10
JedburghandDistrictWard_sc-borders12-09.csv,frozenset({'David Robert Scott SHARP (Lab)'}),8,"('Len WYSE (Con)', 5)","('Jim BROWN (SNP)', 4)","('Jim BROWN (SNP)', 5)","('Jim BROWN (SNP)', 5)","('Jim BROWN (SNP)', 5)","('Jim BROWN (SNP)', 5)","('Jim BROWN (SNP)', 5)","('Jim BROWN (SNP)', 5)","('Jim BROWN (SNP)', 5)","('Jim BROWN (SNP)', 5)",10
JedburghandDistrictWard_sc-borders12-09.csv,frozenset({'Rory STEWART (Ind)'}),8,"('Len WYSE (Con)', 5)","('Jim BROWN (SNP)', 4)","('Jim BROWN (SNP)', 5)","('Jim BROWN (SNP)', 5)","('Jim BROWN (SNP)', 5)","('Jim BROWN (SNP)', 5)","('Jim BROWN (SNP)', 5)","('Jim BROWN (SNP)', 5)","('Jim BROWN (SNP)', 5)","('Jim BROWN (SNP)', 5)",10
JedburghandDistrictWard_sc-borders12-09.csv,frozenset({'John BATHGATE (LD)'}),8,"('Len WYSE (Con)', 5)","('Jim BROWN (SNP)', 4)","('Jim BROWN (SNP)', 5)","('Jim BROWN (SNP)', 5)","('Jim BROWN (SNP)', 5)","('Jim BROWN (SNP)', 5)","('Jim BROWN (SNP)', 5)","('Jim BROWN (SNP)', 5)","('Jim BROWN (SNP)', 5)","('Jim BROWN (SNP)', 5)",10
JedburghandDistrictWard_sc-borders12-09.csv,frozenset({'Len WYSE (Con)'}),8,"('Clone', 5)","('Jim BROWN (SNP)', 4)","('Jim BROWN (SNP)', 5)","('Jim BROWN (SNP)', 5)","('Jim BROWN (SNP)', 5)","('Jim BROWN (SNP)', 5)","('Jim BROWN (SNP)', 5)","('Jim BROWN (SNP)', 5)","('Jim BROWN (SNP)', 5)","('Jim BROWN (SNP)', 5)",10
JedburghandDistrictWard_sc-borders12-09.csv,frozenset({'Jim BROWN (SNP)'}),8,"('Len WYSE (Con)', 5)","('Jim BROWN (SNP)', 4)","('Jim BROWN (SNP)', 5)","('Jim BROWN (SNP)', 5)","('Jim BROWN (SNP)', 5)","('Jim BROWN (SNP)', 5)","('Jim BROWN (SNP)', 5)","('Jim BROWN (SNP)', 5)","('Jim BROWN (SNP)', 5)","('Jim BROWN (SNP)', 5)",10
JedburghandDistrictWard_sc-borders12-09.csv,frozenset({'Sandy SCOTT (Con)'}),8,"('Len WYSE (Con)', 5)","('Jim BROWN (SNP)', 4)","('Jim BROWN (SNP)', 5)","('Jim BROWN (SNP)', 5)","('Jim BROWN (SNP)', 5)","('Jim BROWN (SNP)', 5)","('Jim BROWN (SNP)', 5)","('Jim BROWN (SNP)', 5)","('Jim BROWN (SNP)', 5)","('Jim BROWN (SNP)', 5)",10
JedburghandDistrictWard_sc-borders12-09.csv,none,7,"('Len WYSE (Con)', 4)","('Jim BROWN (SNP)', 3)","('Jim BROWN (SNP)', 4)","('Jim BROWN (SNP)', 4)","('Jim BROWN (SNP)', 4)","('Jim BROWN (SNP)', 4)","('Jim BROWN (SNP)', 4)","('Jim BROWN (SNP)', 4)","('Jim BROWN (SNP)', 4)","('Jim BROWN (SNP)', 4)",20
JedburghandDistrictWard_sc-borders12-09.csv,frozenset({'Trevor JACKSON (Scottish Borders)'}),8,"('Len WYSE (Con)', 5)","('Jim BROWN (SNP)', 4)","('Jim BROWN (SNP)', 5)","('Jim BROWN (SNP)', 5)","('Jim BROWN (SNP)', 5)","('Jim BROWN (SNP)', 5)","('Jim BROWN (SNP)', 5)","('Jim BROWN (SNP)', 5)","('Jim BROWN (SNP)', 5)","('Jim BROWN (SNP)', 5)",20
JedburghandDistrictWard_sc-borders12-09.csv,frozenset({'David Robert Scott SHARP (Lab)'}),8,"('Len WYSE (Con)', 5)","('Jim BROWN (SNP)', 4)","('Jim BROWN (SNP)', 5)","('Jim BROWN (SNP)', 5)","('Jim BROWN (SNP)', 5)","('Jim BROWN (SNP)', 5)","('Jim BROWN (SNP)', 5)","('Jim BROWN (SNP)', 5)","('Jim BROWN (SNP)', 5)","('Jim BROWN (SNP)', 5)",20
JedburghandDistrictWard_sc-borders12-09.csv,frozenset({'Rory STEWART (Ind)'}),8,"('Len WYSE (Con)', 5)","('Jim BROWN (SNP)', 4)","('Jim BROWN (SNP)', 5)","('Jim BROWN (SNP)', 5)","('Jim BROWN (SNP)', 5)","('Jim BROWN (SNP)', 5)","('Jim BROWN (SNP)', 5)","('Jim BROWN (SNP)', 5)","('Jim BROWN (SNP)', 5)","('Jim BROWN (SNP)', 5)",20
JedburghandDistrictWard_sc-borders12-09.csv,frozenset({'John BATHGATE (LD)'}),8,"('Len WYSE (Con)', 5)","('Jim BROWN (SNP)', 4)","('Jim BROWN (SNP)', 5)","('Jim BROWN (SNP)', 5)","('Jim BROWN (SNP)', 5)","('Jim BROWN (SNP)', 5)","('Jim BROWN (SNP)', 5)","('Jim BROWN (SNP)', 5)","('Jim BROWN (SNP)', 5)","('Jim BROWN (SNP)', 5)",20
JedburghandDistrictWard_sc-borders12-09.csv,frozenset({'Len WYSE (Con)'}),8,"('Clone', 5)","('Jim BROWN (SNP)', 4)","('Jim BROWN (SNP)', 5)","('Jim BROWN (SNP)', 5)","('Jim BROWN (SNP)', 5)","('Jim BROWN (SNP)', 5)","('Jim BROWN (SNP)', 5)","('Jim BROWN (SNP)', 5)","('Jim BROWN (SNP)', 5)","('Jim BROWN (SNP)', 5)",20
JedburghandDistrictWard_sc-borders12-09.csv,frozenset({'Jim BROWN (SNP)'}),8,"('Len WYSE (Con)', 5)","('Jim BROWN (SNP)', 4)","('Jim BROWN (SNP)', 5)","('Jim BROWN (SNP)', 5)","('Jim BROWN (SNP)', 5)","('Jim BROWN (SNP)', 5)","('Jim BROWN (SNP)', 5)","('Jim BROWN (SNP)', 5)","('Jim BROWN (SNP)', 5)","('Jim BROWN (SNP)', 5)",20
JedburghandDistrictWard_sc-borders12-09.csv,frozenset({'Sandy SCOTT (Con)'}),8,"('Len WYSE (Con)', 5)","('Jim BROWN (SNP)', 4)","('Jim BROWN (SNP)', 5)","('Jim BROWN (SNP)', 5)","('Jim BROWN (SNP)', 5)","('Jim BROWN (SNP)', 5)","('Jim BROWN (SNP)', 5)","('Jim BROWN (SNP)', 5)","('Jim BROWN (SNP)', 5)","('Jim BROWN (SNP)', 5)",20
JedburghandDistrictWard_sc-borders12-09.csv,none,7,"('Len WYSE (Con)', 4)","('Jim BROWN (SNP)', 3)","('Jim BROWN (SNP)', 4)","('Jim BROWN (SNP)', 4)","('Jim BROWN (SNP)', 4)","('Jim BROWN (SNP)', 4)","('Jim BROWN (SNP)', 4)","('Jim BROWN (SNP)', 4)","('Jim BROWN (SNP)', 4)","('Jim BROWN (SNP)', 4)",30
JedburghandDistrictWard_sc-borders12-09.csv,frozenset({'Trevor JACKSON (Scottish Borders)'}),8,"('Len WYSE (Con)', 5)","('Jim BROWN (SNP)', 4)","('Jim BROWN (SNP)', 5)","('Jim BROWN (SNP)', 5)","('Jim BROWN (SNP)', 5)","('Jim BROWN (SNP)', 5)","('Jim BROWN (SNP)', 5)","('Jim BROWN (SNP)', 5)","('Jim BROWN (SNP)', 5)","('Jim BROWN (SNP)', 5)",30
JedburghandDistrictWard_sc-borders12-09.csv,frozenset({'David Robert Scott SHARP (Lab)'}),8,"('Len WYSE (Con)', 5)","('Jim BROWN (SNP)', 4)","('Jim BROWN (SNP)', 5)","('Jim BROWN (SNP)', 5)","('Jim BROWN (SNP)', 5)","('Jim BROWN (SNP)', 5)","('Jim BROWN (SNP)', 5)","('Jim BROWN (SNP)', 5)","('Jim BROWN (SNP)', 5)","('Jim BROWN (SNP)', 5)",30
JedburghandDistrictWard_sc-borders12-09.csv,frozenset({'Rory STEWART (Ind)'}),8,"('Len WYSE (Con)', 5)","('Jim BROWN (SNP)', 4)","('Jim BROWN (SNP)', 5)","('Jim BROWN (SNP)', 5)","('Jim BROWN (SNP)', 5)","('Jim BROWN (SNP)', 5)","('Jim BROWN (SNP)', 5)","('Jim BROWN (SNP)', 5)","('Jim BROWN (SNP)', 5)","('Jim BROWN (SNP)', 5)",30
JedburghandDistrictWard_sc-borders12-09.csv,frozenset({'John BATHGATE (LD)'}),8,"('Len WYSE (Con)', 5)","('Jim BROWN (SNP)', 4)","('Jim BROWN (SNP)', 5)","('Jim BROWN (SNP)', 5)","('Jim BROWN (SNP)', 5)","('Jim BROWN (SNP)', 5)","('Jim BROWN (SNP)', 5)","('Jim BROWN (SNP)', 5)","('Jim BROWN (SNP)', 5)","('Jim BROWN (SNP)', 5)",30
JedburghandDistrictWard_sc-borders12-09.csv,frozenset({'Len WYSE (Con)'}),8,"('Clone', 5)","('Jim BROWN (SNP)', 4)","('Jim BROWN (SNP)', 5)","('Jim BROWN (SNP)', 5)","('Jim BROWN (SNP)', 5)","('Jim BROWN (SNP)', 5)","('Jim BROWN (SNP)', 5)","('Jim BROWN (SNP)', 5)","('Jim BROWN (SNP)', 5)","('Jim BROWN (SNP)', 5)",30
JedburghandDistrictWard_sc-borders12-09.csv,frozenset({'Jim BROWN (SNP)'}),8,"('Len WYSE (Con)', 5)","('Jim BROWN (SNP)', 4)","('Jim BROWN (SNP)', 5)","('Jim BROWN (SNP)', 5)","('Jim BROWN (SNP)', 5)","('Jim BROWN (SNP)', 5)","('Jim BROWN (SNP)', 5)","('Jim BROWN (SNP)', 5)","('Jim BROWN (SNP)', 5)","('Jim BROWN (SNP)', 5)",30
JedburghandDistrictWard_sc-borders12-09.csv,frozenset({'Sandy SCOTT (Con)'}),8,"('Len WYSE (Con)', 5)","('Jim BROWN (SNP)', 2)","('Jim BROWN (SNP)', 4)","('Jim BROWN (SNP)', 5)","('Jim BROWN (SNP)', 5)","('Jim BROWN (SNP)', 5)","('Jim BROWN (SNP)', 5)","('Jim BROWN (SNP)', 5)","('Jim BROWN (SNP)', 5)","('Jim BROWN (SNP)', 5)",30
JedburghandDistrictWard_sc-borders12-09.csv,none,7,"('Len WYSE (Con)', 4)","('Jim BROWN (SNP)', 3)","('Jim BROWN (SNP)', 4)","('Jim BROWN (SNP)', 4)","('Jim BROWN (SNP)', 4)","('Jim BROWN (SNP)', 4)","('Jim BROWN (SNP)', 4)","('Jim BROWN (SNP)', 4)","('Jim BROWN (SNP)', 4)","('Jim BROWN (SNP)', 4)",40
JedburghandDistrictWard_sc-borders12-09.csv,frozenset({'Trevor JACKSON (Scottish Borders)'}),8,"('Len WYSE (Con)', 5)","('Jim BROWN (SNP)', 4)","('Jim BROWN (SNP)', 5)","('Jim BROWN (SNP)', 5)","('Jim BROWN (SNP)', 5)","('Jim BROWN (SNP)', 5)","('Jim BROWN (SNP)', 5)","('Jim BROWN (SNP)', 5)","('Jim BROWN (SNP)', 5)","('Jim BROWN (SNP)', 5)",40
JedburghandDistrictWard_sc-borders12-09.csv,frozenset({'David Robert Scott SHARP (Lab)'}),8,"('Len WYSE (Con)', 5)","('Jim BROWN (SNP)', 4)","('Jim BROWN (SNP)', 5)","('Jim BROWN (SNP)', 5)","('Jim BROWN (SNP)', 5)","('Jim BROWN (SNP)', 5)","('Jim BROWN (SNP)', 5)","('Jim BROWN (SNP)', 5)","('Jim BROWN (SNP)', 5)","('Jim BROWN (SNP)', 5)",40
JedburghandDistrictWard_sc-borders12-09.csv,frozenset({'Rory STEWART (Ind)'}),8,"('Len WYSE (Con)', 5)","('Jim BROWN (SNP)', 4)","('Jim BROWN (SNP)', 5)","('Jim BROWN (SNP)', 5)","('Jim BROWN (SNP)', 5)","('Jim BROWN (SNP)', 5)","('Jim BROWN (SNP)', 5)","('Jim BROWN (SNP)', 5)","('Jim BROWN (SNP)', 5)","('Jim BROWN (SNP)', 5)",40
JedburghandDistrictWard_sc-borders12-09.csv,frozenset({'John BATHGATE (LD)'}),8,"('Len WYSE (Con)', 5)","('Jim BROWN (SNP)', 4)","('Jim BROWN (SNP)', 5)","('Jim BROWN (SNP)', 5)","('Jim BROWN (SNP)', 5)","('Jim BROWN (SNP)', 5)","('Jim BROWN (SNP)', 5)","('Jim BROWN (SNP)', 5)","('Jim BROWN (SNP)', 5)","('Jim BROWN (SNP)', 5)",40
JedburghandDistrictWard_sc-borders12-09.csv,frozenset({'Len WYSE (Con)'}),8,"('Clone', 5)","('Jim BROWN (SNP)', 4)","('Jim BROWN (SNP)', 5)","('Jim BROWN (SNP)', 5)","('Jim BROWN (SNP)', 5)","('Jim BROWN (SNP)', 5)","('Jim BROWN (SNP)', 5)","('Jim BROWN (SNP)', 5)","('Jim BROWN (SNP)', 5)","('Jim BROWN (SNP)', 5)",40
JedburghandDistrictWard_sc-borders12-09.csv,frozenset({'Jim BROWN (SNP)'}),8,"('Len WYSE (Con)', 5)","('Clone', 3)","('Clone', 4)","('Clone', 4)","('Jim BROWN (SNP)', 5)","('Clone', 5)","('Clone', 5)","('Clone', 5)","('Clone', 5)","('Clone', 5)",40
JedburghandDistrictWard_sc-borders12-09.csv,frozenset({'Sandy SCOTT (Con)'}),8,"('Len WYSE (Con)', 5)","('Jim BROWN (SNP)', 2)","('Jim BROWN (SNP)', 4)","('Jim BROWN (SNP)', 4)","('Jim BROWN (SNP)', 4)","('Jim BROWN (SNP)', 5)","('Jim BROWN (SNP)', 5)","('Jim BROWN (SNP)', 5)","('Jim BROWN (SNP)', 5)","('Jim BROWN (SNP)', 5)",40
JedburghandDistrictWard_sc-borders12-09.csv,none,7,"('Len WYSE (Con)', 4)","('Jim BROWN (SNP)', 3)","('Jim BROWN (SNP)', 4)","('Jim BROWN (SNP)', 4)","('Jim BROWN (SNP)', 4)","('Jim BROWN (SNP)', 4)","('Jim BROWN (SNP)', 4)","('Jim BROWN (SNP)', 4)","('Jim BROWN (SNP)', 4)","('Jim BROWN (SNP)', 4)",50
JedburghandDistrictWard_sc-borders12-09.csv,frozenset({'Trevor JACKSON (Scottish Borders)'}),8,"('Len WYSE (Con)', 5)","('Jim BROWN (SNP)', 4)","('Jim BROWN (SNP)', 5)","('Jim BROWN (SNP)', 5)","('Jim BROWN (SNP)', 5)","('Jim BROWN (SNP)', 5)","('Jim BROWN (SNP)', 5)","('Jim BROWN (SNP)', 5)","('Jim BROWN (SNP)', 5)","('Jim BROWN (SNP)', 5)",50
JedburghandDistrictWard_sc-borders12-09.csv,frozenset({'David Robert Scott SHARP (Lab)'}),8,"('Len WYSE (Con)', 5)","('Jim BROWN (SNP)', 4)","('Jim BROWN (SNP)', 5)","('Jim BROWN (SNP)', 5)","('Jim BROWN (SNP)', 5)","('Jim BROWN (SNP)', 5)","('Jim BROWN (SNP)', 5)","('Jim BROWN (SNP)', 5)","('Jim BROWN (SNP)', 5)","('Jim BROWN (SNP)', 5)",50
JedburghandDistrictWard_sc-borders12-09.csv,frozenset({'Rory STEWART (Ind)'}),8,"('Len WYSE (Con)', 5)","('Jim BROWN (SNP)', 4)","('Jim BROWN (SNP)', 5)","('Jim BROWN (SNP)', 5)","('Jim BROWN (SNP)', 5)","('Jim BROWN (SNP)', 5)","('Jim BROWN (SNP)', 5)","('Jim BROWN (SNP)', 5)","('Jim BROWN (SNP)', 5)","('Jim BROWN (SNP)', 5)",50
JedburghandDistrictWard_sc-borders12-09.csv,frozenset({'John BATHGATE (LD)'}),8,"('Len WYSE (Con)', 5)","('Jim BROWN (SNP)', 4)","('Jim BROWN (SNP)', 5)","('Jim BROWN (SNP)', 5)","('Jim BROWN (SNP)', 5)","('Jim BROWN (SNP)', 5)","('Jim BROWN (SNP)', 5)","('Jim BROWN (SNP)', 5)","('Jim BROWN (SNP)', 5)","('Jim BROWN (SNP)', 5)",50
JedburghandDistrictWard_sc-borders12-09.csv,frozenset({'Len WYSE (Con)'}),8,"('Clone', 5)","('Jim BROWN (SNP)', 4)","('Jim BROWN (SNP)', 5)","('Jim BROWN (SNP)', 5)","('Jim BROWN (SNP)', 5)","('Jim BROWN (SNP)', 5)","('Jim BROWN (SNP)', 5)","('Jim BROWN (SNP)', 5)","('Jim BROWN (SNP)', 5)","('Jim BROWN (SNP)', 5)",50
JedburghandDistrictWard_sc-borders12-09.csv,frozenset({'Jim BROWN (SNP)'}),8,"('Len WYSE (Con)', 5)","('Clone', 3)","('Clone', 4)","('Clone', 4)","('Clone', 4)","('Clone', 5)","('Clone', 5)","('Clone', 5)","('Clone', 5)","('Clone', 5)",50
JedburghandDistrictWard_sc-borders12-09.csv,frozenset({'Sandy SCOTT (Con)'}),8,"('Len WYSE (Con)', 5)","('Jim BROWN (SNP)', 2)","('Jim BROWN (SNP)', 4)","('Jim BROWN (SNP)', 4)","('Jim BROWN (SNP)', 4)","('Jim BROWN (SNP)', 4)","('Jim BROWN (SNP)', 5)","('Jim BROWN (SNP)', 5)","('Jim BROWN (SNP)', 5)","('Jim BROWN (SNP)', 5)",50
JedburghandDistrictWard_sc-borders12-09.csv,none,7,"('Len WYSE (Con)', 4)","('Jim BROWN (SNP)', 3)","('Jim BROWN (SNP)', 4)","('Jim BROWN (SNP)', 4)","('Jim BROWN (SNP)', 4)","('Jim BROWN (SNP)', 4)","('Jim BROWN (SNP)', 4)","('Jim BROWN (SNP)', 4)","('Jim BROWN (SNP)', 4)","('Jim BROWN (SNP)', 4)",60
JedburghandDistrictWard_sc-borders12-09.csv,frozenset({'Trevor JACKSON (Scottish Borders)'}),8,"('Len WYSE (Con)', 5)","('Jim BROWN (SNP)', 4)","('Jim BROWN (SNP)', 5)","('Jim BROWN (SNP)', 5)","('Jim BROWN (SNP)', 5)","('Jim BROWN (SNP)', 5)","('Jim BROWN (SNP)', 5)","('Jim BROWN (SNP)', 5)","('Jim BROWN (SNP)', 5)","('Jim BROWN (SNP)', 5)",60
JedburghandDistrictWard_sc-borders12-09.csv,frozenset({'David Robert Scott SHARP (Lab)'}),8,"('Len WYSE (Con)', 5)","('Jim BROWN (SNP)', 4)","('Jim BROWN (SNP)', 5)","('Jim BROWN (SNP)', 5)","('Jim BROWN (SNP)', 5)","('Jim BROWN (SNP)', 5)","('Jim BROWN (SNP)', 5)","('Jim BROWN (SNP)', 5)","('Jim BROWN (SNP)', 5)","('Jim BROWN (SNP)', 5)",60
JedburghandDistrictWard_sc-borders12-09.csv,frozenset({'Rory STEWART (Ind)'}),8,"('Len WYSE (Con)', 5)","('Jim BROWN (SNP)', 4)","('Jim BROWN (SNP)', 5)","('Jim BROWN (SNP)', 5)","('Jim BROWN (SNP)', 5)","('Jim BROWN (SNP)', 5)","('Jim BROWN (SNP)', 5)","('Jim BROWN (SNP)', 5)","('Jim BROWN (SNP)', 5)","('Jim BROWN (SNP)', 5)",60
JedburghandDistrictWard_sc-borders12-09.csv,frozenset({'John BATHGATE (LD)'}),8,"('Len WYSE (Con)', 5)","('Jim BROWN (SNP)', 4)","('Jim BROWN (SNP)', 5)","('Jim BROWN (SNP)', 5)","('Jim BROWN (SNP)', 5)","('Jim BROWN (SNP)', 5)","('Jim BROWN (SNP)', 5)","('Jim BROWN (SNP)', 5)","('Jim BROWN (SNP)', 5)","('Jim BROWN (SNP)', 5)",60
JedburghandDistrictWard_sc-borders12-09.csv,frozenset({'Len WYSE (Con)'}),8,"('Clone', 5)","('Jim BROWN (SNP)', 4)","('Jim BROWN (SNP)', 5)","('Jim BROWN (SNP)', 5)","('Jim BROWN (SNP)', 5)","('Jim BROWN (SNP)', 5)","('Jim BROWN (SNP)', 5)","('Jim BROWN (SNP)', 5)","('Jim BROWN (SNP)', 5)","('Jim BROWN (SNP)', 5)",60
JedburghandDistrictWard_sc-borders12-09.csv,frozenset({'Jim BROWN (SNP)'}),8,"('Len WYSE (Con)', 5)","('Clone', 3)","('Clone', 5)","('Clone', 5)","('Clone', 5)","('Clone', 5)","('Clone', 5)","('Clone', 5)","('Clone', 5)","('Clone', 5)",60
JedburghandDistrictWard_sc-borders12-09.csv,frozenset({'Sandy SCOTT (Con)'}),8,"('Len WYSE (Con)', 5)","('Jim BROWN (SNP)', 2)","('Jim BROWN (SNP)', 4)","('Jim BROWN (SNP)', 5)","('Jim BROWN (SNP)', 5)","('Jim BROWN (SNP)', 5)","('Jim BROWN (SNP)', 5)","('Jim BROWN (SNP)', 5)","('Jim BROWN (SNP)', 5)","('Jim BROWN (SNP)', 5)",60
JedburghandDistrictWard_sc-borders12-09.csv,none,7,"('Len WYSE (Con)', 4)","('Jim BROWN (SNP)', 3)","('Jim BROWN (SNP)', 4)","('Jim BROWN (SNP)', 4)","('Jim BROWN (SNP)', 4)","('Jim BROWN (SNP)', 4)","('Jim BROWN (SNP)', 4)","('Jim BROWN (SNP)', 4)","('Jim BROWN (SNP)', 4)","('Jim BROWN (SNP)', 4)",70
JedburghandDistrictWard_sc-borders12-09.csv,frozenset({'Trevor JACKSON (Scottish Borders)'}),8,"('Len WYSE (Con)', 5)","('Jim BROWN (SNP)', 4)","('Jim BROWN (SNP)', 5)","('Jim BROWN (SNP)', 5)","('Jim BROWN (SNP)', 5)","('Jim BROWN (SNP)', 5)","('Jim BROWN (SNP)', 5)","('Jim BROWN (SNP)', 5)","('Jim BROWN (SNP)', 5)","('Jim BROWN (SNP)', 5)",70
JedburghandDistrictWard_sc-borders12-09.csv,frozenset({'David Robert Scott SHARP (Lab)'}),8,"('Len WYSE (Con)', 5)","('Jim BROWN (SNP)', 4)","('Jim BROWN (SNP)', 5)","('Jim BROWN (SNP)', 5)","('Jim BROWN (SNP)', 5)","('Jim BROWN (SNP)', 5)","('Jim BROWN (SNP)', 5)","('Jim BROWN (SNP)', 5)","('Jim BROWN (SNP)', 5)","('Jim BROWN (SNP)', 5)",70
JedburghandDistrictWard_sc-borders12-09.csv,frozenset({'Rory STEWART (Ind)'}),8,"('Len WYSE (Con)', 5)","('Jim BROWN (SNP)', 4)","('Jim BROWN (SNP)', 5)","('Jim BROWN (SNP)', 5)","('Jim BROWN (SNP)', 5)","('Jim BROWN (SNP)', 5)","('Jim BROWN (SNP)', 5)","('Jim BROWN (SNP)', 5)","('Jim BROWN (SNP)', 5)","('Jim BROWN (SNP)', 5)",70
JedburghandDistrictWard_sc-borders12-09.csv,frozenset({'John BATHGATE (LD)'}),8,"('Len WYSE (Con)', 5)","('Jim BROWN (SNP)', 4)","('Jim BROWN (SNP)', 5)","('Jim BROWN (SNP)', 5)","('Jim BROWN (SNP)', 5)","('Jim BROWN (SNP)', 5)","('Jim BROWN (SNP)', 5)","('Jim BROWN (SNP)', 5)","('Jim BROWN (SNP)', 5)","('Jim BROWN (SNP)', 5)",70
JedburghandDistrictWard_sc-borders12-09.csv,frozenset({'Len WYSE (Con)'}),8,"('Clone', 5)","('Jim BROWN (SNP)', 4)","('Jim BROWN (SNP)', 5)","('Jim BROWN (SNP)', 5)","('Jim BROWN (SNP)', 5)","('Jim BROWN (SNP)', 5)","('Jim BROWN (SNP)', 5)","('Jim BROWN (SNP)', 5)","('Jim BROWN (SNP)', 5)","('Jim BROWN (SNP)', 5)",70
JedburghandDistrictWard_sc-borders12-09.csv,frozenset({'Jim BROWN (SNP)'}),8,"('Len WYSE (Con)', 5)","('Clone', 4)","('Clone', 5)","('Clone', 5)","('Clone', 5)","('Clone', 5)","('Clone', 5)","('Clone', 5)","('Clone', 5)","('Clone', 5)",70
JedburghandDistrictWard_sc-borders12-09.csv,frozenset({'Sandy SCOTT (Con)'}),8,"('Len WYSE (Con)', 5)","('Jim BROWN (SNP)', 4)","('Jim BROWN (SNP)', 4)","('Jim BROWN (SNP)', 5)","('Jim BROWN (SNP)', 5)","('Jim BROWN (SNP)', 5)","('Jim BROWN (SNP)', 5)","('Jim BROWN (SNP)', 5)","('Jim BROWN (SNP)', 5)","('Jim BROWN (SNP)', 5)",70
JedburghandDistrictWard_sc-borders12-09.csv,none,7,"('Len WYSE (Con)', 4)","('Jim BROWN (SNP)', 3)","('Jim BROWN (SNP)', 4)","('Jim BROWN (SNP)', 4)","('Jim BROWN (SNP)', 4)","('Jim BROWN (SNP)', 4)","('Jim BROWN (SNP)', 4)","('Jim BROWN (SNP)', 4)","('Jim BROWN (SNP)', 4)","('Jim BROWN (SNP)', 4)",80
JedburghandDistrictWard_sc-borders12-09.csv,frozenset({'Trevor JACKSON (Scottish Borders)'}),8,"('Len WYSE (Con)', 5)","('Jim BROWN (SNP)', 4)","('Jim BROWN (SNP)', 5)","('Jim BROWN (SNP)', 5)","('Jim BROWN (SNP)', 5)","('Jim BROWN (SNP)', 5)","('Jim BROWN (SNP)', 5)","('Jim BROWN (SNP)', 5)","('Jim BROWN (SNP)', 5)","('Jim BROWN (SNP)', 5)",80
JedburghandDistrictWard_sc-borders12-09.csv,frozenset({'David Robert Scott SHARP (Lab)'}),8,"('Len WYSE (Con)', 5)","('Jim BROWN (SNP)', 4)","('Jim BROWN (SNP)', 5)","('Jim BROWN (SNP)', 5)","('Jim BROWN (SNP)', 5)","('Jim BROWN (SNP)', 5)","('Jim BROWN (SNP)', 5)","('Jim BROWN (SNP)', 5)","('Jim BROWN (SNP)', 5)","('Jim BROWN (SNP)', 5)",80
JedburghandDistrictWard_sc-borders12-09.csv,frozenset({'Rory STEWART (Ind)'}),8,"('Len WYSE (Con)', 5)","('Jim BROWN (SNP)', 4)","('Jim BROWN (SNP)', 5)","('Jim BROWN (SNP)', 5)","('Jim BROWN (SNP)', 5)","('Jim BROWN (SNP)', 5)","('Jim BROWN (SNP)', 5)","('Jim BROWN (SNP)', 5)","('Jim BROWN (SNP)', 5)","('Jim BROWN (SNP)', 5)",80
JedburghandDistrictWard_sc-borders12-09.csv,frozenset({'John BATHGATE (LD)'}),8,"('Len WYSE (Con)', 5)","('Jim BROWN (SNP)', 4)","('Jim BROWN (SNP)', 5)","('Jim BROWN (SNP)', 5)","('Jim BROWN (SNP)', 5)","('Jim BROWN (SNP)', 5)","('Jim BROWN (SNP)', 5)","('Jim BROWN (SNP)', 5)","('Jim BROWN (SNP)', 5)","('Jim BROWN (SNP)', 5)",80
JedburghandDistrictWard_sc-borders12-09.csv,frozenset({'Len WYSE (Con)'}),8,"('Clone', 5)","('Jim BROWN (SNP)', 4)","('Jim BROWN (SNP)', 5)","('Jim BROWN (SNP)', 5)","('Jim BROWN (SNP)', 5)","('Jim BROWN (SNP)', 5)","('Jim BROWN (SNP)', 5)","('Jim BROWN (SNP)', 5)","('Jim BROWN (SNP)', 5)","('Jim BROWN (SNP)', 5)",80
JedburghandDistrictWard_sc-borders12-09.csv,frozenset({'Jim BROWN (SNP)'}),8,"('Len WYSE (Con)', 5)","('Clone', 4)","('Clone', 5)","('Clone', 5)","('Clone', 5)","('Clone', 5)","('Clone', 5)","('Clone', 5)","('Clone', 5)","('Clone', 5)",80
JedburghandDistrictWard_sc-borders12-09.csv,frozenset({'Sandy SCOTT (Con)'}),8,"('Len WYSE (Con)', 5)","('Jim BROWN (SNP)', 4)","('Jim BROWN (SNP)', 5)","('Jim BROWN (SNP)', 5)","('Jim BROWN (SNP)', 5)","('Jim BROWN (SNP)', 5)","('Jim BROWN (SNP)', 5)","('Jim BROWN (SNP)', 5)","('Jim BROWN (SNP)', 5)","('Jim BROWN (SNP)', 5)",80
JedburghandDistrictWard_sc-borders12-09.csv,none,7,"('Len WYSE (Con)', 4)","('Jim BROWN (SNP)', 3)","('Jim BROWN (SNP)', 4)","('Jim BROWN (SNP)', 4)","('Jim BROWN (SNP)', 4)","('Jim BROWN (SNP)', 4)","('Jim BROWN (SNP)', 4)","('Jim BROWN (SNP)', 4)","('Jim BROWN (SNP)', 4)","('Jim BROWN (SNP)', 4)",90
JedburghandDistrictWard_sc-borders12-09.csv,frozenset({'Trevor JACKSON (Scottish Borders)'}),8,"('Len WYSE (Con)', 5)","('Jim BROWN (SNP)', 4)","('Jim BROWN (SNP)', 5)","('Jim BROWN (SNP)', 5)","('Jim BROWN (SNP)', 5)","('Jim BROWN (SNP)', 5)","('Jim BROWN (SNP)', 5)","('Jim BROWN (SNP)', 5)","('Jim BROWN (SNP)', 5)","('Jim BROWN (SNP)', 5)",90
JedburghandDistrictWard_sc-borders12-09.csv,frozenset({'David Robert Scott SHARP (Lab)'}),8,"('Len WYSE (Con)', 5)","('Jim BROWN (SNP)', 4)","('Jim BROWN (SNP)', 5)","('Jim BROWN (SNP)', 5)","('Jim BROWN (SNP)', 5)","('Jim BROWN (SNP)', 5)","('Jim BROWN (SNP)', 5)","('Jim BROWN (SNP)', 5)","('Jim BROWN (SNP)', 5)","('Jim BROWN (SNP)', 5)",90
JedburghandDistrictWard_sc-borders12-09.csv,frozenset({'Rory STEWART (Ind)'}),8,"('Len WYSE (Con)', 5)","('Jim BROWN (SNP)', 4)","('Jim BROWN (SNP)', 5)","('Jim BROWN (SNP)', 5)","('Jim BROWN (SNP)', 5)","('Jim BROWN (SNP)', 5)","('Jim BROWN (SNP)', 5)","('Jim BROWN (SNP)', 5)","('Jim BROWN (SNP)', 5)","('Jim BROWN (SNP)', 5)",90
JedburghandDistrictWard_sc-borders12-09.csv,frozenset({'John BATHGATE (LD)'}),8,"('Len WYSE (Con)', 5)","('Jim BROWN (SNP)', 4)","('Jim BROWN (SNP)', 5)","('Jim BROWN (SNP)', 5)","('Jim BROWN (SNP)', 5)","('Jim BROWN (SNP)', 5)","('Jim BROWN (SNP)', 5)","('Jim BROWN (SNP)', 5)","('Jim BROWN (SNP)', 5)","('Jim BROWN (SNP)', 5)",90
JedburghandDistrictWard_sc-borders12-09.csv,frozenset({'Len WYSE (Con)'}),8,"('Clone', 5)","('Jim BROWN (SNP)', 4)","('Jim BROWN (SNP)', 5)","('Jim BROWN (SNP)', 5)","('Jim BROWN (SNP)', 5)","('Jim BROWN (SNP)', 5)","('Jim BROWN (SNP)', 5)","('Jim BROWN (SNP)', 5)","('Jim BROWN (SNP)', 5)","('Jim BROWN (SNP)', 5)",90
JedburghandDistrictWard_sc-borders12-09.csv,frozenset({'Jim BROWN (SNP)'}),8,"('Len WYSE (Con)', 5)","('Clone', 4)","('Clone', 5)","('Clone', 5)","('Clone', 5)","('Clone', 5)","('Clone', 5)","('Clone', 5)","('Clone', 5)","('Clone', 5)",90
JedburghandDistrictWard_sc-borders12-09.csv,frozenset({'Sandy SCOTT (Con)'}),8,"('Len WYSE (Con)', 5)","('Jim BROWN (SNP)', 4)","('Jim BROWN (SNP)', 5)","('Jim BROWN (SNP)', 5)","('Jim BROWN (SNP)', 5)","('Jim BROWN (SNP)', 5)","('Jim BROWN (SNP)', 5)","('Jim BROWN (SNP)', 5)","('Jim BROWN (SNP)', 5)","('Jim BROWN (SNP)', 5)",90
ForfarandDistrict_angus12-03.csv,none,7,"('(SNP) Lynne DEVINE', 6)","('(Ind) Ian MCLAREN', 6)","('(SNP) Glennis MIDDLETON', 5)","('(SNP) Lynne DEVINE', 6)","('(SNP) Lynne DEVINE', 6)","('(SNP) Lynne DEVINE', 6)","('(Ind) COLIN BROWN', 6)","('(Ind) COLIN BROWN', 6)","('(Ind) Ian MCLAREN', 6)","('(Ind) Ian MCLAREN', 6)",0
ForfarandDistrict_angus12-03.csv,frozenset({'(Ind) Ian MCLAREN'}),8,"('(SNP) Lynne DEVINE', 7)","('(Ind) Ian MCLAREN', 7)","('(SNP) Glennis MIDDLETON', 6)","('(SNP) Lynne DEVINE', 7)","('(SNP) Lynne DEVINE', 7)","('(SNP) Lynne DEVINE', 7)","('(Ind) COLIN BROWN', 7)","('(Ind) COLIN BROWN', 7)","('(Ind) Ian MCLAREN', 7)","('(Ind) Ian MCLAREN', 7)",0
ForfarandDistrict_angus12-03.csv,frozenset({'(LD) Avril SIMPSON'}),8,"('(SNP) Lynne DEVINE', 7)","('(Ind) Ian MCLAREN', 7)","('(SNP) Glennis MIDDLETON', 6)","('(SNP) Lynne DEVINE', 7)","('(SNP) Lynne DEVINE', 7)","('(SNP) Lynne DEVINE', 7)","('(Ind) COLIN BROWN', 7)","('(Ind) COLIN BROWN', 7)","('(Ind) Ian MCLAREN', 7)","('(Ind) Ian MCLAREN', 7)",0
ForfarandDistrict_angus12-03.csv,frozenset({'(SNP) Glennis MIDDLETON'}),8,"('(SNP) Lynne DEVINE', 7)","('(Ind) Ian MCLAREN', 7)","('(SNP) Glennis MIDDLETON', 6)","('(SNP) Lynne DEVINE', 7)","('(SNP) Lynne DEVINE', 7)","('(SNP) Lynne DEVINE', 7)","('(Ind) COLIN BROWN', 7)","('(Ind) COLIN BROWN', 7)","('(Ind) Ian MCLAREN', 7)","('(Ind) Ian MCLAREN', 7)",0
ForfarandDistrict_angus12-03.csv,frozenset({'(Con) John RYMER'}),8,"('(SNP) Lynne DEVINE', 7)","('(Ind) Ian MCLAREN', 7)","('(SNP) Glennis MIDDLETON', 6)","('(SNP) Lynne DEVINE', 7)","('(SNP) Lynne DEVINE', 7)","('(SNP) Lynne DEVINE', 7)","('(Ind) COLIN BROWN', 7)","('(Ind) COLIN BROWN', 7)","('(Ind) Ian MCLAREN', 7)","('(Ind) Ian MCLAREN', 7)",0
ForfarandDistrict_angus12-03.csv,frozenset({'(Ind) COLIN BROWN'}),8,"('(SNP) Lynne DEVINE', 7)","('(Ind) Ian MCLAREN', 7)","('(SNP) Glennis MIDDLETON', 6)","('(SNP) Lynne DEVINE', 7)","('(SNP) Lynne DEVINE', 7)","('(SNP) Lynne DEVINE', 7)","('(Ind) COLIN BROWN', 7)","('(Ind) COLIN BROWN', 7)","('(Ind) Ian MCLAREN', 7)","('(Ind) Ian MCLAREN', 7)",0
ForfarandDistrict_angus12-03.csv,frozenset({'(SNP) Lynne DEVINE'}),8,"('(SNP) Lynne DEVINE', 7)","('(Ind) Ian MCLAREN', 7)","('(SNP) Glennis MIDDLETON', 6)","('(SNP) Lynne DEVINE', 7)","('(SNP) Lynne DEVINE', 7)","('(SNP) Lynne DEVINE', 7)","('(Ind) COLIN BROWN', 7)","('(Ind) COLIN BROWN', 7)","('(Ind) Ian MCLAREN', 7)","('(Ind) Ian MCLAREN', 7)",0
ForfarandDistrict_angus12-03.csv,frozenset({'(Ind) CHARLIE BROWN'}),8,"('(SNP) Lynne DEVINE', 7)","('(Ind) Ian MCLAREN', 7)","('(SNP) Glennis MIDDLETON', 6)","('(SNP) Lynne DEVINE', 7)","('(SNP) Lynne DEVINE', 7)","('(SNP) Lynne DEVINE', 7)","('(Ind) COLIN BROWN', 7)","('(Ind) COLIN BROWN', 7)","('(Ind) Ian MCLAREN', 7)","('(Ind) Ian MCLAREN', 7)",0
ForfarandDistrict_angus12-03.csv,none,7,"('(SNP) Lynne DEVINE', 6)","('(Ind) Ian MCLAREN', 6)","('(SNP) Glennis MIDDLETON', 5)","('(SNP) Lynne DEVINE', 6)","('(SNP) Lynne DEVINE', 6)","('(SNP) Lynne DEVINE', 6)","('(Ind) COLIN BROWN', 6)","('(Ind) COLIN BROWN', 6)","('(Ind) Ian MCLAREN', 6)","('(Ind) Ian MCLAREN', 6)",10
ForfarandDistrict_angus12-03.csv,frozenset({'(Ind) Ian MCLAREN'}),8,"('(SNP) Lynne DEVINE', 7)","('(Ind) Ian MCLAREN', 7)","('(SNP) Glennis MIDDLETON', 6)","('(SNP) Lynne DEVINE', 7)","('(SNP) Lynne DEVINE', 7)","('(SNP) Lynne DEVINE', 7)","('(Ind) COLIN BROWN', 7)","('(Ind) COLIN BROWN', 7)","('(Ind) Ian MCLAREN', 7)","('(Ind) Ian MCLAREN', 7)",10
ForfarandDistrict_angus12-03.csv,frozenset({'(LD) Avril SIMPSON'}),8,"('(SNP) Lynne DEVINE', 7)","('(Ind) Ian MCLAREN', 7)","('(SNP) Glennis MIDDLETON', 6)","('(SNP) Lynne DEVINE', 7)","('(SNP) Lynne DEVINE', 7)","('(SNP) Lynne DEVINE', 7)","('(Ind) COLIN BROWN', 7)","('(Ind) COLIN BROWN', 7)","('(Ind) Ian MCLAREN', 7)","('(Ind) Ian MCLAREN', 7)",10
ForfarandDistrict_angus12-03.csv,frozenset({'(SNP) Glennis MIDDLETON'}),8,"('(SNP) Lynne DEVINE', 7)","('(Ind) Ian MCLAREN', 7)","('(SNP) Glennis MIDDLETON', 6)","('(SNP) Lynne DEVINE', 7)","('(SNP) Lynne DEVINE', 7)","('(SNP) Lynne DEVINE', 7)","('(Ind) COLIN BROWN', 7)","('(Ind) COLIN BROWN', 7)","('(Ind) Ian MCLAREN', 7)","('(Ind) Ian MCLAREN', 7)",10
ForfarandDistrict_angus12-03.csv,frozenset({'(Con) John RYMER'}),8,"('(SNP) Lynne DEVINE', 7)","('(Ind) Ian MCLAREN', 7)","('(SNP) Glennis MIDDLETON', 6)","('(SNP) Lynne DEVINE', 7)","('(SNP) Lynne DEVINE', 7)","('(SNP) Lynne DEVINE', 7)","('(Ind) COLIN BROWN', 7)","('(Ind) COLIN BROWN', 7)","('(Ind) Ian MCLAREN', 7)","('(Ind) Ian MCLAREN', 7)",10
ForfarandDistrict_angus12-03.csv,frozenset({'(Ind) COLIN BROWN'}),8,"('(SNP) Lynne DEVINE', 7)","('(Ind) Ian MCLAREN', 7)","('(SNP) Glennis MIDDLETON', 6)","('(SNP) Lynne DEVINE', 7)","('(SNP) Lynne DEVINE', 7)","('(SNP) Lynne DEVINE', 7)","('(Ind) COLIN BROWN', 7)","('(Ind) COLIN BROWN', 7)","('(Ind) Ian MCLAREN', 7)","('(Ind) Ian MCLAREN', 7)",10
ForfarandDistrict_angus12-03.csv,frozenset({'(SNP) Lynne DEVINE'}),8,"('Clone', 7)","('(Ind) Ian MCLAREN', 7)","('(SNP) Glennis MIDDLETON', 6)","('(SNP) Lynne DEVINE', 7)","('(SNP) Lynne DEVINE', 7)","('(SNP) Lynne DEVINE', 7)","('(Ind) COLIN BROWN', 7)","('(Ind) COLIN BROWN', 7)","('(Ind) Ian MCLAREN', 7)","('(Ind) Ian MCLAREN', 7)",10
ForfarandDistrict_angus12-03.csv,frozenset({'(Ind) CHARLIE BROWN'}),8,"('(SNP) Lynne DEVINE', 7)","('(Ind) Ian MCLAREN', 7)","('(SNP) Glennis MIDDLETON', 6)","('(SNP) Lynne DEVINE', 7)","('(SNP) Lynne DEVINE', 7)","('(SNP) Lynne DEVINE', 7)","('(Ind) COLIN BROWN', 7)","('(Ind) COLIN BROWN', 7)","('(Ind) Ian MCLAREN', 7)","('(Ind) Ian MCLAREN', 7)",10
ForfarandDistrict_angus12-03.csv,none,7,"('(SNP) Lynne DEVINE', 6)","('(Ind) Ian MCLAREN', 6)","('(SNP) Glennis MIDDLETON', 5)","('(SNP) Lynne DEVINE', 6)","('(SNP) Lynne DEVINE', 6)","('(SNP) Lynne DEVINE', 6)","('(Ind) COLIN BROWN', 6)","('(Ind) COLIN BROWN', 6)","('(Ind) Ian MCLAREN', 6)","('(Ind) Ian MCLAREN', 6)",20
ForfarandDistrict_angus12-03.csv,frozenset({'(Ind) Ian MCLAREN'}),8,"('(SNP) Lynne DEVINE', 7)","('(Ind) Ian MCLAREN', 7)","('(SNP) Glennis MIDDLETON', 6)","('(SNP) Lynne DEVINE', 7)","('(SNP) Lynne DEVINE', 7)","('(SNP) Lynne DEVINE', 7)","('(Ind) COLIN BROWN', 7)","('(Ind) COLIN BROWN', 7)","('(Ind) Ian MCLAREN', 7)","('(Ind) Ian MCLAREN', 7)",20
ForfarandDistrict_angus12-03.csv,frozenset({'(LD) Avril SIMPSON'}),8,"('(SNP) Lynne DEVINE', 7)","('(Ind) Ian MCLAREN', 7)","('(SNP) Glennis MIDDLETON', 6)","('(SNP) Lynne DEVINE', 7)","('(SNP) Lynne DEVINE', 7)","('(SNP) Lynne DEVINE', 7)","('(Ind) COLIN BROWN', 7)","('(Ind) COLIN BROWN', 7)","('(Ind) Ian MCLAREN', 7)","('(Ind) Ian MCLAREN', 7)",20
ForfarandDistrict_angus12-03.csv,frozenset({'(SNP) Glennis MIDDLETON'}),8,"('(SNP) Lynne DEVINE', 7)","('(Ind) Ian MCLAREN', 7)","('(SNP) Glennis MIDDLETON', 6)","('(SNP) Lynne DEVINE', 7)","('(SNP) Lynne DEVINE', 7)","('(SNP) Lynne DEVINE', 7)","('(Ind) COLIN BROWN', 7)","('(Ind) COLIN BROWN', 7)","('(Ind) Ian MCLAREN', 7)","('(Ind) Ian MCLAREN', 7)",20
ForfarandDistrict_angus12-03.csv,frozenset({'(Con) John RYMER'}),8,"('(SNP) Lynne DEVINE', 7)","('(Ind) Ian MCLAREN', 7)","('(SNP) Glennis MIDDLETON', 6)","('(SNP) Lynne DEVINE', 7)","('(SNP) Lynne DEVINE', 7)","('(SNP) Lynne DEVINE', 7)","('(Ind) COLIN BROWN', 7)","('(Ind) COLIN BROWN', 7)","('(Ind) Ian MCLAREN', 7)","('(Ind) Ian MCLAREN', 7)",20
ForfarandDistrict_angus12-03.csv,frozenset({'(Ind) COLIN BROWN'}),8,"('(SNP) Lynne DEVINE', 7)","('(Ind) Ian MCLAREN', 7)","('(SNP) Glennis MIDDLETON', 6)","('(SNP) Lynne DEVINE', 7)","('(SNP) Lynne DEVINE', 7)","('(SNP) Lynne DEVINE', 7)","('(Ind) COLIN BROWN', 7)","('(Ind) COLIN BROWN', 7)","('(Ind) Ian MCLAREN', 7)","('(Ind) Ian MCLAREN', 7)",20
ForfarandDistrict_angus12-03.csv,frozenset({'(SNP) Lynne DEVINE'}),8,"('Clone', 7)","('(Ind) Ian MCLAREN', 7)","('(SNP) Glennis MIDDLETON', 6)","('(SNP) Lynne DEVINE', 7)","('(SNP) Lynne DEVINE', 7)","('(SNP) Lynne DEVINE', 7)","('(Ind) COLIN BROWN', 7)","('(Ind) COLIN BROWN', 7)","('(Ind) Ian MCLAREN', 7)","('(Ind) Ian MCLAREN', 7)",20
ForfarandDistrict_angus12-03.csv,frozenset({'(Ind) CHARLIE BROWN'}),8,"('(SNP) Lynne DEVINE', 7)","('(Ind) Ian MCLAREN', 7)","('(SNP) Glennis MIDDLETON', 6)","('(SNP) Lynne DEVINE', 7)","('(SNP) Lynne DEVINE', 7)","('(SNP) Lynne DEVINE', 7)","('(Ind) COLIN BROWN', 7)","('(Ind) COLIN BROWN', 7)","('(Ind) Ian MCLAREN', 7)","('(Ind) Ian MCLAREN', 7)",20
ForfarandDistrict_angus12-03.csv,none,7,"('(SNP) Lynne DEVINE', 6)","('(Ind) Ian MCLAREN', 6)","('(SNP) Glennis MIDDLETON', 5)","('(SNP) Lynne DEVINE', 6)","('(SNP) Lynne DEVINE', 6)","('(SNP) Lynne DEVINE', 6)","('(Ind) COLIN BROWN', 6)","('(Ind) COLIN BROWN', 6)","('(Ind) Ian MCLAREN', 6)","('(Ind) Ian MCLAREN', 6)",30
ForfarandDistrict_angus12-03.csv,frozenset({'(Ind) Ian MCLAREN'}),8,"('(SNP) Lynne DEVINE', 7)","('(Ind) Ian MCLAREN', 7)","('(SNP) Glennis MIDDLETON', 6)","('(SNP) Lynne DEVINE', 7)","('(SNP) Lynne DEVINE', 7)","('(SNP) Lynne DEVINE', 7)","('(Ind) COLIN BROWN', 7)","('(Ind) COLIN BROWN', 7)","('(Ind) Ian MCLAREN', 7)","('(Ind) Ian MCLAREN', 7)",30
ForfarandDistrict_angus12-03.csv,frozenset({'(LD) Avril SIMPSON'}),8,"('(SNP) Lynne DEVINE', 7)","('(Ind) Ian MCLAREN', 7)","('(SNP) Glennis MIDDLETON', 6)","('(SNP) Lynne DEVINE', 7)","('(SNP) Lynne DEVINE', 7)","('(SNP) Lynne DEVINE', 7)","('(Ind) COLIN BROWN', 7)","('(Ind) COLIN BROWN', 7)","('(Ind) Ian MCLAREN', 7)","('(Ind) Ian MCLAREN', 7)",30
ForfarandDistrict_angus12-03.csv,frozenset({'(SNP) Glennis MIDDLETON'}),8,"('(SNP) Lynne DEVINE', 7)","('(Ind) Ian MCLAREN', 7)","('(SNP) Glennis MIDDLETON', 6)","('(SNP) Lynne DEVINE', 7)","('(SNP) Lynne DEVINE', 7)","('(SNP) Lynne DEVINE', 7)","('(Ind) COLIN BROWN', 7)","('(Ind) COLIN BROWN', 7)","('(Ind) Ian MCLAREN', 7)","('(Ind) Ian MCLAREN', 7)",30
ForfarandDistrict_angus12-03.csv,frozenset({'(Con) John RYMER'}),8,"('(SNP) Lynne DEVINE', 7)","('(Ind) Ian MCLAREN', 7)","('(SNP) Glennis MIDDLETON', 6)","('(SNP) Lynne DEVINE', 7)","('(SNP) Lynne DEVINE', 7)","('(SNP) Lynne DEVINE', 7)","('(Ind) COLIN BROWN', 7)","('(Ind) COLIN BROWN', 7)","('(Ind) Ian MCLAREN', 7)","('(Ind) Ian MCLAREN', 7)",30
ForfarandDistrict_angus12-03.csv,frozenset({'(Ind) COLIN BROWN'}),8,"('(SNP) Lynne DEVINE', 7)","('(Ind) Ian MCLAREN', 7)","('(SNP) Glennis MIDDLETON', 6)","('(SNP) Lynne DEVINE', 7)","('(SNP) Lynne DEVINE', 7)","('(SNP) Lynne DEVINE', 7)","('(Ind) COLIN BROWN', 7)","('(Ind) COLIN BROWN', 7)","('(Ind) Ian MCLAREN', 7)","('(Ind) Ian MCLAREN', 7)",30
ForfarandDistrict_angus12-03.csv,frozenset({'(SNP) Lynne DEVINE'}),8,"('Clone', 7)","('(Ind) Ian MCLAREN', 7)","('(SNP) Glennis MIDDLETON', 6)","('(SNP) Lynne DEVINE', 7)","('(SNP) Lynne DEVINE', 7)","('(SNP) Lynne DEVINE', 7)","('(Ind) COLIN BROWN', 7)","('(Ind) COLIN BROWN', 7)","('(Ind) Ian MCLAREN', 7)","('(Ind) Ian MCLAREN', 7)",30
ForfarandDistrict_angus12-03.csv,frozenset({'(Ind) CHARLIE BROWN'}),8,"('(SNP) Lynne DEVINE', 7)","('(Ind) Ian MCLAREN', 7)","('(SNP) Glennis MIDDLETON', 6)","('(SNP) Lynne DEVINE', 7)","('(SNP) Lynne DEVINE', 7)","('(SNP) Lynne DEVINE', 7)","('(Ind) COLIN BROWN', 7)","('(Ind) COLIN BROWN', 7)","('(Ind) Ian MCLAREN', 7)","('(Ind) Ian MCLAREN', 7)",30
ForfarandDistrict_angus12-03.csv,none,7,"('(SNP) Lynne DEVINE', 6)","('(Ind) Ian MCLAREN', 6)","('(SNP) Glennis MIDDLETON', 5)","('(SNP) Lynne DEVINE', 6)","('(SNP) Lynne DEVINE', 6)","('(SNP) Lynne DEVINE', 6)","('(Ind) COLIN BROWN', 6)","('(Ind) COLIN BROWN', 6)","('(Ind) Ian MCLAREN', 6)","('(Ind) Ian MCLAREN', 6)",40
ForfarandDistrict_angus12-03.csv,frozenset({'(Ind) Ian MCLAREN'}),8,"('(SNP) Lynne DEVINE', 7)","('Clone', 7)","('(SNP) Glennis MIDDLETON', 6)","('(SNP) Lynne DEVINE', 7)","('(SNP) Lynne DEVINE', 7)","('(SNP) Lynne DEVINE', 7)","('(Ind) COLIN BROWN', 7)","('(Ind) COLIN BROWN', 7)","('Clone', 7)","('Clone', 7)",40
ForfarandDistrict_angus12-03.csv,frozenset({'(LD) Avril SIMPSON'}),8,"('(SNP) Lynne DEVINE', 7)","('(Ind) Ian MCLAREN', 7)","('(SNP) Glennis MIDDLETON', 6)","('(SNP) Lynne DEVINE', 7)","('(SNP) Lynne DEVINE', 7)","('(SNP) Lynne DEVINE', 7)","('(Ind) COLIN BROWN', 7)","('(Ind) COLIN BROWN', 7)","('(Ind) Ian MCLAREN', 7)","('(Ind) Ian MCLAREN', 7)",40
ForfarandDistrict_angus12-03.csv,frozenset({'(SNP) Glennis MIDDLETON'}),8,"('(SNP) Lynne DEVINE', 7)","('(Ind) Ian MCLAREN', 7)","('(SNP) Glennis MIDDLETON', 6)","('(SNP) Lynne DEVINE', 7)","('(SNP) Lynne DEVINE', 7)","('(SNP) Lynne DEVINE', 7)","('(Ind) COLIN BROWN', 7)","('(Ind) COLIN BROWN', 7)","('(Ind) Ian MCLAREN', 7)","('(Ind) Ian MCLAREN', 7)",40
ForfarandDistrict_angus12-03.csv,frozenset({'(Con) John RYMER'}),8,"('(SNP) Lynne DEVINE', 7)","('(Ind) Ian MCLAREN', 7)","('(SNP) Glennis MIDDLETON', 6)","('(SNP) Lynne DEVINE', 7)","('(SNP) Lynne DEVINE', 7)","('(SNP) Lynne DEVINE', 7)","('(Ind) COLIN BROWN', 7)","('(Ind) COLIN BROWN', 7)","('(Ind) Ian MCLAREN', 7)","('(Ind) Ian MCLAREN', 7)",40
ForfarandDistrict_angus12-03.csv,frozenset({'(Ind) COLIN BROWN'}),8,"('(SNP) Lynne DEVINE', 7)","('(Ind) Ian MCLAREN', 7)","('(SNP) Glennis MIDDLETON', 6)","('(SNP) Lynne DEVINE', 7)","('(SNP) Lynne DEVINE', 7)","('(SNP) Lynne DEVINE', 7)","('Clone', 7)","('Clone', 7)","('(Ind) Ian MCLAREN', 7)","('(Ind) Ian MCLAREN', 7)",40
ForfarandDistrict_angus12-03.csv,frozenset({'(SNP) Lynne DEVINE'}),8,"('Clone', 7)","('(Ind) Ian MCLAREN', 7)","('(SNP) Glennis MIDDLETON', 6)","('(SNP) Lynne DEVINE', 7)","('(SNP) Lynne DEVINE', 7)","('(SNP) Lynne DEVINE', 7)","('(Ind) COLIN BROWN', 7)","('(Ind) COLIN BROWN', 7)","('(Ind) Ian MCLAREN', 7)","('(Ind) Ian MCLAREN', 7)",40
ForfarandDistrict_angus12-03.csv,frozenset({'(Ind) CHARLIE BROWN'}),8,"('(SNP) Lynne DEVINE', 7)","('(Ind) Ian MCLAREN', 7)","('(SNP) Glennis MIDDLETON', 6)","('(SNP) Lynne DEVINE', 7)","('(SNP) Lynne DEVINE', 7)","('(SNP) Lynne DEVINE', 7)","('(Ind) COLIN BROWN', 7)","('(Ind) COLIN BROWN', 7)","('(Ind) Ian MCLAREN', 7)","('(Ind) Ian MCLAREN', 7)",40
ForfarandDistrict_angus12-03.csv,none,7,"('(SNP) Lynne DEVINE', 6)","('(Ind) Ian MCLAREN', 6)","('(SNP) Glennis MIDDLETON', 5)","('(SNP) Lynne DEVINE', 6)","('(SNP) Lynne DEVINE', 6)","('(SNP) Lynne DEVINE', 6)","('(Ind) COLIN BROWN', 6)","('(Ind) COLIN BROWN', 6)","('(Ind) Ian MCLAREN', 6)","('(Ind) Ian MCLAREN', 6)",50
ForfarandDistrict_angus12-03.csv,frozenset({'(Ind) Ian MCLAREN'}),8,"('(SNP) Lynne DEVINE', 7)","('Clone', 7)","('(SNP) Glennis MIDDLETON', 6)","('(SNP) Lynne DEVINE', 7)","('(SNP) Lynne DEVINE', 7)","('(SNP) Lynne DEVINE', 7)","('(Ind) COLIN BROWN', 7)","('(Ind) COLIN BROWN', 7)","('Clone', 7)","('Clone', 7)",50
ForfarandDistrict_angus12-03.csv,frozenset({'(LD) Avril SIMPSON'}),8,"('(SNP) Lynne DEVINE', 7)","('(Ind) Ian MCLAREN', 7)","('(SNP) Glennis MIDDLETON', 6)","('(SNP) Lynne DEVINE', 7)","('(SNP) Lynne DEVINE', 7)","('(SNP) Lynne DEVINE', 7)","('(Ind) COLIN BROWN', 7)","('(Ind) COLIN BROWN', 7)","('(Ind) Ian MCLAREN', 7)","('(Ind) Ian MCLAREN', 7)",50
ForfarandDistrict_angus12-03.csv,frozenset({'(SNP) Glennis MIDDLETON'}),8,"('(SNP) Lynne DEVINE', 7)","('(Ind) Ian MCLAREN', 7)","('Clone', 6)","('(SNP) Lynne DEVINE', 7)","('(SNP) Lynne DEVINE', 7)","('(SNP) Lynne DEVINE', 7)","('(Ind) COLIN BROWN', 7)","('(Ind) COLIN BROWN', 7)","('(Ind) Ian MCLAREN', 7)","('(Ind) Ian MCLAREN', 7)",50
ForfarandDistrict_angus12-03.csv,frozenset({'(Con) John RYMER'}),8,"('(SNP) Lynne DEVINE', 7)","('(Ind) Ian MCLAREN', 7)","('(SNP) Glennis MIDDLETON', 6)","('(SNP) Lynne DEVINE', 7)","('(SNP) Lynne DEVINE', 7)","('(SNP) Lynne DEVINE', 7)","('(Ind) COLIN BROWN', 7)","('(Ind) COLIN BROWN', 7)","('(Ind) Ian MCLAREN', 7)","('(Ind) Ian MCLAREN', 7)",50
ForfarandDistrict_angus12-03.csv,frozenset({'(Ind) COLIN BROWN'}),8,"('(SNP) Lynne DEVINE', 7)","('(Ind) Ian MCLAREN', 7)","('(SNP) Glennis MIDDLETON', 6)","('(SNP) Lynne DEVINE', 7)","('(SNP) Lynne DEVINE', 7)","('(SNP) Lynne DEVINE', 7)","('Clone', 7)","('Clone', 7)","('(Ind) Ian MCLAREN', 7)","('(Ind) Ian MCLAREN', 7)",50
ForfarandDistrict_angus12-03.csv,frozenset({'(SNP) Lynne DEVINE'}),8,"('Clone', 7)","('(Ind) Ian MCLAREN', 7)","('(SNP) Glennis MIDDLETON', 6)","('Clone', 7)","('Clone', 7)","('Clone', 7)","('(Ind) COLIN BROWN', 7)","('(Ind) COLIN BROWN', 7)","('(Ind) Ian MCLAREN', 7)","('(Ind) Ian MCLAREN', 7)",50
ForfarandDistrict_angus12-03.csv,frozenset({'(Ind) CHARLIE BROWN'}),8,"('(SNP) Lynne DEVINE', 7)","('(Ind) Ian MCLAREN', 7)","('(SNP) Glennis MIDDLETON', 6)","('(SNP) Lynne DEVINE', 7)","('(SNP) Lynne DEVINE', 7)","('(SNP) Lynne DEVINE', 7)","('(Ind) COLIN BROWN', 7)","('(Ind) COLIN BROWN', 7)","('(Ind) Ian MCLAREN', 7)","('(Ind) Ian MCLAREN', 7)",50
ForfarandDistrict_angus12-03.csv,none,7,"('(SNP) Lynne DEVINE', 6)","('(Ind) Ian MCLAREN', 6)","('(SNP) Glennis MIDDLETON', 5)","('(SNP) Lynne DEVINE', 6)","('(SNP) Lynne DEVINE', 6)","('(SNP) Lynne DEVINE', 6)","('(Ind) COLIN BROWN', 6)","('(Ind) COLIN BROWN', 6)","('(Ind) Ian MCLAREN', 6)","('(Ind) Ian MCLAREN', 6)",60
ForfarandDistrict_angus12-03.csv,frozenset({'(Ind) Ian MCLAREN'}),8,"('(SNP) Lynne DEVINE', 7)","('Clone', 7)","('(SNP) Glennis MIDDLETON', 6)","('(SNP) Lynne DEVINE', 7)","('(SNP) Lynne DEVINE', 7)","('(SNP) Lynne DEVINE', 7)","('(Ind) COLIN BROWN', 7)","('(Ind) COLIN BROWN', 7)","('Clone', 7)","('Clone', 7)",60
ForfarandDistrict_angus12-03.csv,frozenset({'(LD) Avril SIMPSON'}),8,"('(SNP) Lynne DEVINE', 7)","('(Ind) Ian MCLAREN', 7)","('(SNP) Glennis MIDDLETON', 6)","('(SNP) Lynne DEVINE', 7)","('(SNP) Lynne DEVINE', 7)","('(SNP) Lynne DEVINE', 7)","('(Ind) COLIN BROWN', 7)","('(Ind) COLIN BROWN', 7)","('(Ind) Ian MCLAREN', 7)","('(Ind) Ian MCLAREN', 7)",60
ForfarandDistrict_angus12-03.csv,frozenset({'(SNP) Glennis MIDDLETON'}),8,"('(SNP) Lynne DEVINE', 7)","('(Ind) Ian MCLAREN', 7)","('Clone', 6)","('(SNP) Lynne DEVINE', 7)","('(SNP) Lynne DEVINE', 7)","('(SNP) Lynne DEVINE', 7)","('(Ind) COLIN BROWN', 7)","('(Ind) COLIN BROWN', 7)","('(Ind) Ian MCLAREN', 7)","('(Ind) Ian MCLAREN', 7)",60
ForfarandDistrict_angus12-03.csv,frozenset({'(Con) John RYMER'}),8,"('(SNP) Lynne DEVINE', 7)","('(Ind) Ian MCLAREN', 7)","('(SNP) Glennis MIDDLETON', 6)","('(SNP) Lynne DEVINE', 7)","('(SNP) Lynne DEVINE', 7)","('(SNP) Lynne DEVINE', 7)","('(Ind) COLIN BROWN', 7)","('(Ind) COLIN BROWN', 7)","('(Ind) Ian MCLAREN', 7)","('(Ind) Ian MCLAREN', 7)",60
ForfarandDistrict_angus12-03.csv,frozenset({'(Ind) COLIN BROWN'}),8,"('(SNP) Lynne DEVINE', 7)","('(Ind) Ian MCLAREN', 7)","('(SNP) Glennis MIDDLETON', 6)","('(SNP) Lynne DEVINE', 7)","('(SNP) Lynne DEVINE', 7)","('(SNP) Lynne DEVINE', 7)","('Clone', 7)","('Clone', 7)","('(Ind) Ian MCLAREN', 7)","('(Ind) Ian MCLAREN', 7)",60
ForfarandDistrict_angus12-03.csv,frozenset({'(SNP) Lynne DEVINE'}),8,"('Clone', 7)","('(Ind) Ian MCLAREN', 7)","('(SNP) Glennis MIDDLETON', 6)","('Clone', 7)","('Clone', 7)","('Clone', 7)","('(Ind) COLIN BROWN', 7)","('(Ind) COLIN BROWN', 7)","('(Ind) Ian MCLAREN', 7)","('(Ind) Ian MCLAREN', 7)",60
ForfarandDistrict_angus12-03.csv,frozenset({'(Ind) CHARLIE BROWN'}),8,"('(SNP) Lynne DEVINE', 7)","('(Ind) Ian MCLAREN', 7)","('(SNP) Glennis MIDDLETON', 6)","('(SNP) Lynne DEVINE', 7)","('(SNP) Lynne DEVINE', 7)","('(SNP) Lynne DEVINE', 7)","('(Ind) COLIN BROWN', 7)","('(Ind) COLIN BROWN', 7)","('(Ind) Ian MCLAREN', 7)","('(Ind) Ian MCLAREN', 7)",60
ForfarandDistrict_angus12-03.csv,none,7,"('(SNP) Lynne DEVINE', 6)","('(Ind) Ian MCLAREN', 6)","('(SNP) Glennis MIDDLETON', 5)","('(SNP) Lynne DEVINE', 6)","('(SNP) Lynne DEVINE', 6)","('(SNP) Lynne DEVINE', 6)","('(Ind) COLIN BROWN', 6)","('(Ind) COLIN BROWN', 6)","('(Ind) Ian MCLAREN', 6)","('(Ind) Ian MCLAREN', 6)",70
ForfarandDistrict_angus12-03.csv,frozenset({'(Ind) Ian MCLAREN'}),8,"('(SNP) Lynne DEVINE', 7)","('Clone', 7)","('(SNP) Glennis MIDDLETON', 6)","('(SNP) Lynne DEVINE', 7)","('(SNP) Lynne DEVINE', 7)","('(SNP) Lynne DEVINE', 7)","('(Ind) COLIN BROWN', 7)","('(Ind) COLIN BROWN', 7)","('Clone', 7)","('Clone', 7)",70
ForfarandDistrict_angus12-03.csv,frozenset({'(LD) Avril SIMPSON'}),8,"('(SNP) Lynne DEVINE', 7)","('(Ind) Ian MCLAREN', 7)","('(SNP) Glennis MIDDLETON', 6)","('(SNP) Lynne DEVINE', 7)","('(SNP) Lynne DEVINE', 7)","('(SNP) Lynne DEVINE', 7)","('(Ind) COLIN BROWN', 7)","('(Ind) COLIN BROWN', 7)","('(Ind) Ian MCLAREN', 7)","('(Ind) Ian MCLAREN', 7)",70
ForfarandDistrict_angus12-03.csv,frozenset({'(SNP) Glennis MIDDLETON'}),8,"('(SNP) Lynne DEVINE', 7)","('(Ind) Ian MCLAREN', 7)","('Clone', 6)","('(SNP) Lynne DEVINE', 7)","('(SNP) Lynne DEVINE', 7)","('(SNP) Lynne DEVINE', 7)","('(Ind) COLIN BROWN', 7)","('(Ind) COLIN BROWN', 7)","('(Ind) Ian MCLAREN', 7)","('(Ind) Ian MCLAREN', 7)",70
ForfarandDistrict_angus12-03.csv,frozenset({'(Con) John RYMER'}),8,"('(SNP) Lynne DEVINE', 7)","('(Ind) Ian MCLAREN', 7)","('(SNP) Glennis MIDDLETON', 6)","('(SNP) Lynne DEVINE', 7)","('(SNP) Lynne DEVINE', 7)","('(SNP) Lynne DEVINE', 7)","('(Ind) COLIN BROWN', 7)","('(Ind) COLIN BROWN', 7)","('(Ind) Ian MCLAREN', 7)","('(Ind) Ian MCLAREN', 7)",70
ForfarandDistrict_angus12-03.csv,frozenset({'(Ind) COLIN BROWN'}),8,"('(SNP) Lynne DEVINE', 7)","('(Ind) Ian MCLAREN', 7)","('(SNP) Glennis MIDDLETON', 6)","('(SNP) Lynne DEVINE', 7)","('(SNP) Lynne DEVINE', 7)","('(SNP) Lynne DEVINE', 7)","('Clone', 7)","('Clone', 7)","('(Ind) Ian MCLAREN', 7)","('(Ind) Ian MCLAREN', 7)",70
ForfarandDistrict_angus12-03.csv,frozenset({'(SNP) Lynne DEVINE'}),8,"('Clone', 7)","('(Ind) Ian MCLAREN', 7)","('(SNP) Glennis MIDDLETON', 6)","('Clone', 7)","('Clone', 7)","('Clone', 7)","('(Ind) COLIN BROWN', 7)","('(Ind) COLIN BROWN', 7)","('(Ind) Ian MCLAREN', 7)","('(Ind) Ian MCLAREN', 7)",70
ForfarandDistrict_angus12-03.csv,frozenset({'(Ind) CHARLIE BROWN'}),8,"('(SNP) Lynne DEVINE', 7)","('(Ind) Ian MCLAREN', 7)","('(SNP) Glennis MIDDLETON', 6)","('(SNP) Lynne DEVINE', 7)","('(SNP) Lynne DEVINE', 7)","('(SNP) Lynne DEVINE', 7)","('(Ind) COLIN BROWN', 7)","('(Ind) COLIN BROWN', 7)","('(Ind) Ian MCLAREN', 7)","('(Ind) Ian MCLAREN', 7)",70
ForfarandDistrict_angus12-03.csv,none,7,"('(SNP) Lynne DEVINE', 6)","('(Ind) Ian MCLAREN', 6)","('(SNP) Glennis MIDDLETON', 5)","('(SNP) Lynne DEVINE', 6)","('(SNP) Lynne DEVINE', 6)","('(SNP) Lynne DEVINE', 6)","('(Ind) COLIN BROWN', 6)","('(Ind) COLIN BROWN', 6)","('(Ind) Ian MCLAREN', 6)","('(Ind) Ian MCLAREN', 6)",80
ForfarandDistrict_angus12-03.csv,frozenset({'(Ind) Ian MCLAREN'}),8,"('(SNP) Lynne DEVINE', 7)","('Clone', 7)","('(SNP) Glennis MIDDLETON', 6)","('(SNP) Lynne DEVINE', 7)","('(SNP) Lynne DEVINE', 7)","('(SNP) Lynne DEVINE', 7)","('(Ind) COLIN BROWN', 7)","('(Ind) COLIN BROWN', 7)","('Clone', 7)","('Clone', 7)",80
ForfarandDistrict_angus12-03.csv,frozenset({'(LD) Avril SIMPSON'}),8,"('(SNP) Lynne DEVINE', 7)","('(Ind) Ian MCLAREN', 7)","('(SNP) Glennis MIDDLETON', 6)","('(SNP) Lynne DEVINE', 7)","('(SNP) Lynne DEVINE', 7)","('(SNP) Lynne DEVINE', 7)","('(Ind) COLIN BROWN', 7)","('(Ind) COLIN BROWN', 7)","('(Ind) Ian MCLAREN', 7)","('(Ind) Ian MCLAREN', 7)",80
ForfarandDistrict_angus12-03.csv,frozenset({'(SNP) Glennis MIDDLETON'}),8,"('(SNP) Lynne DEVINE', 7)","('(Ind) Ian MCLAREN', 7)","('Clone', 6)","('(SNP) Lynne DEVINE', 7)","('(SNP) Lynne DEVINE', 7)","('(SNP) Lynne DEVINE', 7)","('(Ind) COLIN BROWN', 7)","('(Ind) COLIN BROWN', 7)","('(Ind) Ian MCLAREN', 7)","('(Ind) Ian MCLAREN', 7)",80
ForfarandDistrict_angus12-03.csv,frozenset({'(Con) John RYMER'}),8,"('(SNP) Lynne DEVINE', 7)","('(Ind) Ian MCLAREN', 7)","('(SNP) Glennis MIDDLETON', 6)","('(SNP) Lynne DEVINE', 7)","('(SNP) Lynne DEVINE', 7)","('(SNP) Lynne DEVINE', 7)","('(Ind) COLIN BROWN', 7)","('(Ind) COLIN BROWN', 7)","('(Ind) Ian MCLAREN', 7)","('(Ind) Ian MCLAREN', 7)",80
ForfarandDistrict_angus12-03.csv,frozenset({'(Ind) COLIN BROWN'}),8,"('(SNP) Lynne DEVINE', 7)","('(Ind) Ian MCLAREN', 7)","('(SNP) Glennis MIDDLETON', 6)","('(SNP) Lynne DEVINE', 7)","('(SNP) Lynne DEVINE', 7)","('(SNP) Lynne DEVINE', 7)","('Clone', 7)","('Clone', 7)","('(Ind) Ian MCLAREN', 7)","('(Ind) Ian MCLAREN', 7)",80
ForfarandDistrict_angus12-03.csv,frozenset({'(SNP) Lynne DEVINE'}),8,"('Clone', 7)","('(Ind) Ian MCLAREN', 7)","('(SNP) Glennis MIDDLETON', 6)","('Clone', 7)","('Clone', 7)","('Clone', 7)","('(Ind) COLIN BROWN', 7)","('(Ind) COLIN BROWN', 7)","('(Ind) Ian MCLAREN', 7)","('(Ind) Ian MCLAREN', 7)",80
ForfarandDistrict_angus12-03.csv,frozenset({'(Ind) CHARLIE BROWN'}),8,"('(SNP) Lynne DEVINE', 7)","('(Ind) Ian MCLAREN', 7)","('(SNP) Glennis MIDDLETON', 6)","('(SNP) Lynne DEVINE', 7)","('(SNP) Lynne DEVINE', 7)","('(SNP) Lynne DEVINE', 7)","('(Ind) COLIN BROWN', 7)","('(Ind) COLIN BROWN', 7)","('(Ind) Ian MCLAREN', 7)","('(Ind) Ian MCLAREN', 7)",80
ForfarandDistrict_angus12-03.csv,none,7,"('(SNP) Lynne DEVINE', 6)","('(Ind) Ian MCLAREN', 6)","('(SNP) Glennis MIDDLETON', 5)","('(SNP) Lynne DEVINE', 6)","('(SNP) Lynne DEVINE', 6)","('(SNP) Lynne DEVINE', 6)","('(Ind) COLIN BROWN', 6)","('(Ind) COLIN BROWN', 6)","('(Ind) Ian MCLAREN', 6)","('(Ind) Ian MCLAREN', 6)",90
ForfarandDistrict_angus12-03.csv,frozenset({'(Ind) Ian MCLAREN'}),8,"('(SNP) Lynne DEVINE', 7)","('Clone', 7)","('(SNP) Glennis MIDDLETON', 6)","('(SNP) Lynne DEVINE', 7)","('(SNP) Lynne DEVINE', 7)","('(SNP) Lynne DEVINE', 7)","('(Ind) COLIN BROWN', 7)","('(Ind) COLIN BROWN', 7)","('Clone', 7)","('Clone', 7)",90
ForfarandDistrict_angus12-03.csv,frozenset({'(LD) Avril SIMPSON'}),8,"('(SNP) Lynne DEVINE', 7)","('(Ind) Ian MCLAREN', 7)","('(SNP) Glennis MIDDLETON', 6)","('(SNP) Lynne DEVINE', 7)","('(SNP) Lynne DEVINE', 7)","('(SNP) Lynne DEVINE', 7)","('(Ind) COLIN BROWN', 7)","('(Ind) COLIN BROWN', 7)","('(Ind) Ian MCLAREN', 7)","('(Ind) Ian MCLAREN', 7)",90
ForfarandDistrict_angus12-03.csv,frozenset({'(SNP) Glennis MIDDLETON'}),8,"('(SNP) Lynne DEVINE', 7)","('(Ind) Ian MCLAREN', 7)","('Clone', 6)","('(SNP) Lynne DEVINE', 7)","('(SNP) Lynne DEVINE', 7)","('(SNP) Lynne DEVINE', 7)","('(Ind) COLIN BROWN', 7)","('(Ind) COLIN BROWN', 7)","('(Ind) Ian MCLAREN', 7)","('(Ind) Ian MCLAREN', 7)",90
ForfarandDistrict_angus12-03.csv,frozenset({'(Con) John RYMER'}),8,"('(SNP) Lynne DEVINE', 7)","('(Ind) Ian MCLAREN', 7)","('(SNP) Glennis MIDDLETON', 6)","('(SNP) Lynne DEVINE', 7)","('(SNP) Lynne DEVINE', 7)","('(SNP) Lynne DEVINE', 7)","('(Ind) COLIN BROWN', 7)","('(Ind) COLIN BROWN', 7)","('(Ind) Ian MCLAREN', 7)","('(Ind) Ian MCLAREN', 7)",90
ForfarandDistrict_angus12-03.csv,frozenset({'(Ind) COLIN BROWN'}),8,"('(SNP) Lynne DEVINE', 7)","('(Ind) Ian MCLAREN', 7)","('(SNP) Glennis MIDDLETON', 6)","('(SNP) Lynne DEVINE', 7)","('(SNP) Lynne DEVINE', 7)","('(SNP) Lynne DEVINE', 7)","('Clone', 7)","('Clone', 7)","('(Ind) Ian MCLAREN', 7)","('(Ind) Ian MCLAREN', 7)",90
ForfarandDistrict_angus12-03.csv,frozenset({'(SNP) Lynne DEVINE'}),8,"('Clone', 7)","('(Ind) Ian MCLAREN', 7)","('(SNP) Glennis MIDDLETON', 6)","('Clone', 7)","('Clone', 7)","('Clone', 7)","('(Ind) COLIN BROWN', 7)","('(Ind) COLIN BROWN', 7)","('(Ind) Ian MCLAREN', 7)","('(Ind) Ian MCLAREN', 7)",90
ForfarandDistrict_angus12-03.csv,frozenset({'(Ind) CHARLIE BROWN'}),8,"('(SNP) Lynne DEVINE', 7)","('(Ind) Ian MCLAREN', 7)","('(SNP) Glennis MIDDLETON', 6)","('(SNP) Lynne DEVINE', 7)","('(SNP) Lynne DEVINE', 7)","('(SNP) Lynne DEVINE', 7)","('(Ind) COLIN BROWN', 7)","('(Ind) COLIN BROWN', 7)","('(Ind) Ian MCLAREN', 7)","('(Ind) Ian MCLAREN', 7)",90
