file,threshold,winner,plurality_match,IRV_match,top-two_match,borda-pm_match,borda-om_match,borda-avg_match,top-3-truncation_match,condorcet_match,minimax_match,smith_plurality_match,smith_irv_match,smith-minimax_match,ranked-pairs_match,bucklin_match,approval_match,smith_match
Nith_dumgal17-09.csv,OM,Elaine MURRAY (Lab),no_match,match,match,match,match,match,no_match,match,match,match,match,match,match,match,match,match
Nith_dumgal17-09.csv,PM,Elaine MURRAY (Lab),no_match,match,match,match,match,match,no_match,match,match,match,match,match,match,match,match,match
Nith_dumgal17-09.csv,AVG,Elaine MURRAY (Lab),no_match,match,match,match,match,match,no_match,match,match,match,match,match,match,match,match,match
AnnandaleSouth_dumgal17-10.csv,OM,Ian CARRUTHERS (Con),match,match,match,match,no_match,no_match,match,match,match,match,match,match,match,no_match,no_match,match
AnnandaleSouth_dumgal17-10.csv,PM,Ian CARRUTHERS (Con),match,match,match,match,no_match,no_match,match,match,match,match,match,match,match,no_match,no_match,match
AnnandaleSouth_dumgal17-10.csv,AVG,Ian CARRUTHERS (Con),match,match,match,match,no_match,no_match,match,match,match,match,match,match,match,no_match,no_match,match
AnnandaleNorth_dumgal17-11.csv,OM,Doug FAIRBAIRN (Con),match,match,match,match,no_match,match,match,match,match,match,match,match,match,no_match,no_match,match
AnnandaleNorth_dumgal17-11.csv,PM,Doug FAIRBAIRN (Con),match,match,match,match,no_match,match,match,match,match,match,match,match,match,no_match,no_match,match
AnnandaleNorth_dumgal17-11.csv,AVG,Doug FAIRBAIRN (Con),match,match,match,match,no_match,match,match,match,match,match,match,match,match,no_match,no_match,match
MidGallowayandWigtownWest_dumgal17-02.csv,OM,David INGLIS (Con),match,match,match,match,no_match,match,match,match,match,match,match,match,match,match,match,match
MidGallowayandWigtownWest_dumgal17-02.csv,PM,David INGLIS (Con),match,match,match,match,no_match,match,match,match,match,match,match,match,match,match,match,match
MidGallowayandWigtownWest_dumgal17-02.csv,AVG,David INGLIS (Con),match,match,match,match,no_match,match,match,match,match,match,match,match,match,match,match,match
CastleDouglasandCrocketford_dumgal17-04.csv,OM,Iain HOWIE (Ind),no_match,match,match,match,match,match,no_match,match,match,match,match,match,match,match,match,match
CastleDouglasandCrocketford_dumgal17-04.csv,PM,Iain HOWIE (Ind),no_match,match,match,match,match,match,no_match,match,match,match,match,match,match,match,match,match
CastleDouglasandCrocketford_dumgal17-04.csv,AVG,Iain HOWIE (Ind),no_match,match,match,match,match,match,no_match,match,match,match,match,match,match,match,match,match
NorthWestDumfries_dumgal17-06.csv,OM,David MCKIE (Lab),no_match,no_match,no_match,match,match,match,no_match,match,match,match,match,match,match,match,match,match
NorthWestDumfries_dumgal17-06.csv,PM,David MCKIE (Lab),no_match,no_match,no_match,match,match,match,no_match,match,match,match,match,match,match,match,match,match
NorthWestDumfries_dumgal17-06.csv,AVG,David MCKIE (Lab),no_match,no_match,no_match,match,match,match,no_match,match,match,match,match,match,match,match,match,match
DeeandGlenkens_dumgal17-03.csv,OM,Patsy GILROY (Con),match,match,match,match,no_match,match,match,match,match,match,match,match,match,match,match,match
DeeandGlenkens_dumgal17-03.csv,PM,Patsy GILROY (Con),match,match,match,match,no_match,match,match,match,match,match,match,match,match,match,match,match
DeeandGlenkens_dumgal17-03.csv,AVG,Patsy GILROY (Con),match,match,match,match,no_match,match,match,match,match,match,match,match,match,match,match,match
Lochar_dumgal17-08.csv,OM,John CHARTERIS (Con),match,match,match,match,match,match,match,match,match,match,match,match,match,match,match,match
Lochar_dumgal17-08.csv,PM,John CHARTERIS (Con),match,match,match,match,match,match,match,match,match,match,match,match,match,match,match,match
Lochar_dumgal17-08.csv,AVG,John CHARTERIS (Con),match,match,match,match,match,match,match,match,match,match,match,match,match,match,match,match
AnnandaleEastandEskdale_dumgal17-12.csv,OM,Karen CARRUTHERS (Con),match,match,match,match,match,match,match,match,match,match,match,match,match,match,match,match
AnnandaleEastandEskdale_dumgal17-12.csv,PM,Karen CARRUTHERS (Con),match,match,match,match,match,match,match,match,match,match,match,match,match,match,match,match
AnnandaleEastandEskdale_dumgal17-12.csv,AVG,Karen CARRUTHERS (Con),match,match,match,match,match,match,match,match,match,match,match,match,match,match,match,match
Abbey_dumgal17-05.csv,OM,Ian BLAKE (Con),match,match,match,match,no_match,match,match,match,match,match,match,match,match,match,match,match
Abbey_dumgal17-05.csv,PM,Ian BLAKE (Con),match,match,match,match,no_match,match,match,match,match,match,match,match,match,match,match,match
Abbey_dumgal17-05.csv,AVG,Ian BLAKE (Con),match,match,match,match,no_match,match,match,match,match,match,match,match,match,match,match,match
MidandUpperNithsdale_dumgal17-07.csv,OM,Jim DEMPSTER (Lab),no_match,match,match,match,match,match,match,match,match,match,match,match,match,match,match,match
MidandUpperNithsdale_dumgal17-07.csv,PM,Jim DEMPSTER (Lab),no_match,match,match,match,match,match,match,match,match,match,match,match,match,match,match,match
MidandUpperNithsdale_dumgal17-07.csv,AVG,Jim DEMPSTER (Lab),no_match,match,match,match,match,match,match,match,match,match,match,match,match,match,match,match
StranraerandtheRhins_dumgal17-01.csv,OM,Willie SCOBIE (Ind),match,match,match,match,match,match,match,match,match,match,match,match,match,match,match,match
StranraerandtheRhins_dumgal17-01.csv,PM,Willie SCOBIE (Ind),match,match,match,match,match,match,match,match,match,match,match,match,match,match,match,match
StranraerandtheRhins_dumgal17-01.csv,AVG,Willie SCOBIE (Ind),match,match,match,match,match,match,match,match,match,match,match,match,match,match,match,match
"Ward2-Broxburn,UphallandWinchburgh_w-lothian17-02.csv",OM,Diane CALDER (SNP),match,match,match,match,match,match,match,match,match,match,match,match,match,match,match,match
"Ward2-Broxburn,UphallandWinchburgh_w-lothian17-02.csv",PM,Diane CALDER (SNP),match,match,match,match,match,match,match,match,match,match,match,match,match,match,match,match
"Ward2-Broxburn,UphallandWinchburgh_w-lothian17-02.csv",AVG,Diane CALDER (SNP),match,match,match,match,match,match,match,match,match,match,match,match,match,match,match,match
Ward6-FauldhouseandtheBreichValley_w-lothian17-06.csv,OM,David DODDS (Lab),match,match,match,match,match,match,match,match,match,match,match,match,match,match,match,match
Ward6-FauldhouseandtheBreichValley_w-lothian17-06.csv,PM,David DODDS (Lab),match,match,match,match,match,match,match,match,match,match,match,match,match,match,match,match
Ward6-FauldhouseandtheBreichValley_w-lothian17-06.csv,AVG,David DODDS (Lab),match,match,match,match,match,match,match,match,match,match,match,match,match,match,match,match
Ward7-WhitburnandBlackburn_w-lothian17-07.csv,OM,George PAUL (Lab),match,match,match,match,match,match,match,match,match,match,match,match,match,match,match,match
Ward7-WhitburnandBlackburn_w-lothian17-07.csv,PM,George PAUL (Lab),match,match,match,match,match,match,match,match,match,match,match,match,match,match,match,match
Ward7-WhitburnandBlackburn_w-lothian17-07.csv,AVG,George PAUL (Lab),match,match,match,match,match,match,match,match,match,match,match,match,match,match,match,match
Ward4-LivingstonSouth_w-lothian17-04.csv,OM,Peter Joseph Barrett Andrew JOHNSTON (SNP),no_match,no_match,no_match,no_match,no_match,no_match,no_match,no_match,no_match,no_match,no_match,no_match,no_match,no_match,no_match,no_match
Ward4-LivingstonSouth_w-lothian17-04.csv,PM,Lawrence FITZPATRICK (Lab),match,match,match,match,match,match,match,match,match,match,match,match,match,match,match,match
Ward4-LivingstonSouth_w-lothian17-04.csv,AVG,Lawrence FITZPATRICK (Lab),match,match,match,match,match,match,match,match,match,match,match,match,match,match,match,match
Ward1-Linlithgow_w-lothian17-01.csv,OM,Tom KERR (Con),match,match,match,match,match,match,match,match,match,match,match,match,match,match,match,match
Ward1-Linlithgow_w-lothian17-01.csv,PM,Tom KERR (Con),match,match,match,match,match,match,match,match,match,match,match,match,match,match,match,match
Ward1-Linlithgow_w-lothian17-01.csv,AVG,Tom KERR (Con),match,match,match,match,match,match,match,match,match,match,match,match,match,match,match,match
Ward8-Bathgate_w-lothian17-08.csv,OM,Harry CARTMILL (Lab),match,match,match,match,match,match,match,match,match,match,match,match,match,match,match,match
Ward8-Bathgate_w-lothian17-08.csv,PM,Harry CARTMILL (Lab),match,match,match,match,match,match,match,match,match,match,match,match,match,match,match,match
Ward8-Bathgate_w-lothian17-08.csv,AVG,Harry CARTMILL (Lab),match,match,match,match,match,match,match,match,match,match,match,match,match,match,match,match
Ward5-EastLivingstonandEastCalder_w-lothian17-05.csv,OM,Frank ANDERSON (SNP),no_match,no_match,no_match,no_match,no_match,no_match,no_match,no_match,no_match,no_match,no_match,no_match,no_match,no_match,no_match,no_match
Ward5-EastLivingstonandEastCalder_w-lothian17-05.csv,PM,Dave KING (Lab),match,match,match,match,no_match,match,match,match,match,match,match,match,match,match,match,match
Ward5-EastLivingstonandEastCalder_w-lothian17-05.csv,AVG,Dave KING (Lab),match,match,match,match,no_match,match,match,match,match,match,match,match,match,match,match,match
Ward9-ArmadaleandBlackridge_w-lothian17-09.csv,OM,Stuart BORROWMAN (Ind),match,match,match,match,match,match,match,match,match,match,match,match,match,match,match,match
Ward9-ArmadaleandBlackridge_w-lothian17-09.csv,PM,Stuart BORROWMAN (Ind),match,match,match,match,match,match,match,match,match,match,match,match,match,match,match,match
Ward9-ArmadaleandBlackridge_w-lothian17-09.csv,AVG,Stuart BORROWMAN (Ind),match,match,match,match,match,match,match,match,match,match,match,match,match,match,match,match
Ward3-LivingstonNorth_w-lothian17-03.csv,OM,Robert DE BOLD (SNP),no_match,match,match,match,match,match,match,match,match,match,match,match,match,match,match,match
Ward3-LivingstonNorth_w-lothian17-03.csv,PM,Robert DE BOLD (SNP),no_match,match,match,match,match,match,match,match,match,match,match,match,match,match,match,match
Ward3-LivingstonNorth_w-lothian17-03.csv,AVG,Robert DE BOLD (SNP),no_match,match,match,match,match,match,match,match,match,match,match,match,match,match,match,match
Ward7Langside_glasgow12-07-recalc.csv,OM,Archie GRAHAM (Lab),match,match,match,match,no_match,no_match,match,match,match,match,match,match,match,match,match,match
Ward7Langside_glasgow12-07-recalc.csv,PM,Archie GRAHAM (Lab),match,match,match,match,no_match,no_match,match,match,match,match,match,match,match,match,match,match
Ward7Langside_glasgow12-07-recalc.csv,AVG,Archie GRAHAM (Lab),match,match,match,match,no_match,no_match,match,match,match,match,match,match,match,match,match,match
Ward16Canal_glasgow12-16.csv,OM,Chris KELLY (Lab),match,match,match,match,match,match,match,match,match,match,match,match,match,match,match,match
Ward16Canal_glasgow12-16.csv,PM,Chris KELLY (Lab),match,match,match,match,match,match,match,match,match,match,match,match,match,match,match,match
Ward16Canal_glasgow12-16.csv,AVG,Chris KELLY (Lab),match,match,match,match,match,match,match,match,match,match,match,match,match,match,match,match
Ward20Baillieston_glasgow12-20.csv,OM,James COLEMAN (Lab),match,match,match,match,match,match,match,match,match,match,match,match,match,match,match,match
Ward20Baillieston_glasgow12-20.csv,PM,James COLEMAN (Lab),match,match,match,match,match,match,match,match,match,match,match,match,match,match,match,match
Ward20Baillieston_glasgow12-20.csv,AVG,James COLEMAN (Lab),match,match,match,match,match,match,match,match,match,match,match,match,match,match,match,match
Ward21NorthEast_glasgow12-21.csv,OM,Maureen BURKE (Lab),match,match,match,match,match,match,match,match,match,match,match,match,match,match,match,match
Ward21NorthEast_glasgow12-21.csv,PM,Maureen BURKE (Lab),match,match,match,match,match,match,match,match,match,match,match,match,match,match,match,match
Ward21NorthEast_glasgow12-21.csv,AVG,Maureen BURKE (Lab),match,match,match,match,match,match,match,match,match,match,match,match,match,match,match,match
Ward17Springburn_glasgow12-17.csv,OM,Gilbert DAVIDSON (Lab),match,match,match,match,match,match,match,match,match,match,match,match,match,match,match,match
Ward17Springburn_glasgow12-17.csv,PM,Gilbert DAVIDSON (Lab),match,match,match,match,match,match,match,match,match,match,match,match,match,match,match,match
Ward17Springburn_glasgow12-17.csv,AVG,Gilbert DAVIDSON (Lab),match,match,match,match,match,match,match,match,match,match,match,match,match,match,match,match
Ward9Calton_glasgow12-09.csv,OM,George REDMOND (Lab),match,match,match,match,match,match,match,match,match,match,match,match,match,match,match,match
Ward9Calton_glasgow12-09.csv,PM,George REDMOND (Lab),match,match,match,match,match,match,match,match,match,match,match,match,match,match,match,match
Ward9Calton_glasgow12-09.csv,AVG,George REDMOND (Lab),match,match,match,match,match,match,match,match,match,match,match,match,match,match,match,match
Ward1Linn_glasgow12-01.csv,OM,Malcolm Robert CUNNING (Lab),match,match,match,match,match,match,match,match,match,match,match,match,match,no_match,no_match,match
Ward1Linn_glasgow12-01.csv,PM,Malcolm Robert CUNNING (Lab),match,match,match,match,match,match,match,match,match,match,match,match,match,no_match,no_match,match
Ward1Linn_glasgow12-01.csv,AVG,Malcolm Robert CUNNING (Lab),match,match,match,match,match,match,match,match,match,match,match,match,match,no_match,no_match,match
Ward13Garscadden-Scotstounhill_glasgow12-13.csv,OM,Liz CAMERON (Lab),match,match,match,match,match,match,match,match,match,match,match,match,match,match,match,match
Ward13Garscadden-Scotstounhill_glasgow12-13.csv,PM,Liz CAMERON (Lab),match,match,match,match,match,match,match,match,match,match,match,match,match,match,match,match
Ward13Garscadden-Scotstounhill_glasgow12-13.csv,AVG,Liz CAMERON (Lab),match,match,match,match,match,match,match,match,match,match,match,match,match,match,match,match
Ward15Maryhill-Kelvin_glasgow12-15.csv,OM,Martin RHODES (Lab),match,match,match,match,match,match,match,match,match,match,match,match,match,match,match,match
Ward15Maryhill-Kelvin_glasgow12-15.csv,PM,Martin RHODES (Lab),match,match,match,match,match,match,match,match,match,match,match,match,match,match,match,match
Ward15Maryhill-Kelvin_glasgow12-15.csv,AVG,Martin RHODES (Lab),match,match,match,match,match,match,match,match,match,match,match,match,match,match,match,match
Ward2Newlands-Auldburn_glasgow12-02.csv,OM,Stephen CURRAN (Lab),match,match,match,match,match,match,match,match,match,match,match,match,match,match,match,match
Ward2Newlands-Auldburn_glasgow12-02.csv,PM,Stephen CURRAN (Lab),match,match,match,match,match,match,match,match,match,match,match,match,match,match,match,match
Ward2Newlands-Auldburn_glasgow12-02.csv,AVG,Stephen CURRAN (Lab),match,match,match,match,match,match,match,match,match,match,match,match,match,match,match,match
Ward14Drumchapel-Anniesland_glasgow12-14.csv,OM,Paul CAREY (Lab),match,match,match,match,match,match,match,match,match,match,match,match,match,match,match,match
Ward14Drumchapel-Anniesland_glasgow12-14.csv,PM,Paul CAREY (Lab),match,match,match,match,match,match,match,match,match,match,match,match,match,match,match,match
Ward14Drumchapel-Anniesland_glasgow12-14.csv,AVG,Paul CAREY (Lab),match,match,match,match,match,match,match,match,match,match,match,match,match,match,match,match
Ward12PartickWest_glasgow12-12.csv,OM,Feargal DALTON (SNP),no_match,no_match,no_match,no_match,no_match,no_match,no_match,no_match,no_match,no_match,no_match,no_match,no_match,no_match,no_match,no_match
Ward12PartickWest_glasgow12-12.csv,PM,Aileen COLLERAN (Lab),match,match,match,match,match,match,match,match,match,match,match,match,match,no_match,no_match,match
Ward12PartickWest_glasgow12-12.csv,AVG,Aileen COLLERAN (Lab),match,match,match,match,match,match,match,match,match,match,match,match,match,no_match,no_match,match
Ward5Govan_glasgow12-05.csv,OM,James ADAMS (Lab),match,match,match,match,no_match,match,match,match,match,match,match,match,match,match,match,match
Ward5Govan_glasgow12-05.csv,PM,James ADAMS (Lab),match,match,match,match,no_match,match,match,match,match,match,match,match,match,match,match,match
Ward5Govan_glasgow12-05.csv,AVG,James ADAMS (Lab),match,match,match,match,no_match,match,match,match,match,match,match,match,match,match,match,match
Ward6Pollokshields_glasgow12-06.csv,OM,Norman MACLEOD (SNP),no_match,match,no_match,match,match,match,match,match,match,match,match,match,match,match,match,match
Ward6Pollokshields_glasgow12-06.csv,PM,Norman MACLEOD (SNP),no_match,match,no_match,match,match,match,match,match,match,match,match,match,match,match,match,match
Ward6Pollokshields_glasgow12-06.csv,AVG,Norman MACLEOD (SNP),no_match,match,no_match,match,match,match,match,match,match,match,match,match,match,match,match,match
Ward4Craigton_glasgow12-04.csv,OM,Matt KERR (Lab),match,match,match,match,match,match,match,match,match,match,match,match,match,match,match,match
Ward4Craigton_glasgow12-04.csv,PM,Matt KERR (Lab),match,match,match,match,match,match,match,match,match,match,match,match,match,match,match,match
Ward4Craigton_glasgow12-04.csv,AVG,Matt KERR (Lab),match,match,match,match,match,match,match,match,match,match,match,match,match,match,match,match
Ward19Shettleston_glasgow12-19.csv,OM,Frank MCAVEETY (Lab),match,match,match,match,match,match,match,match,match,match,match,match,match,match,match,match
Ward19Shettleston_glasgow12-19.csv,PM,Frank MCAVEETY (Lab),match,match,match,match,match,match,match,match,match,match,match,match,match,match,match,match
Ward19Shettleston_glasgow12-19.csv,AVG,Frank MCAVEETY (Lab),match,match,match,match,match,match,match,match,match,match,match,match,match,match,match,match
Ward8SouthsideCentral_glasgow12-08.csv,OM,Jahangir HANIF (SNP),no_match,no_match,no_match,no_match,no_match,no_match,no_match,no_match,no_match,no_match,no_match,no_match,no_match,no_match,no_match,no_match
Ward8SouthsideCentral_glasgow12-08.csv,PM,James SCANLON (Lab),match,match,match,match,match,match,match,match,match,match,match,match,match,match,match,match
Ward8SouthsideCentral_glasgow12-08.csv,AVG,James SCANLON (Lab),match,match,match,match,match,match,match,match,match,match,match,match,match,match,match,match
Ward10Anderston-City_glasgow12-10.csv,OM,Philip BRAAT (Lab),match,match,match,match,match,match,match,match,match,match,match,match,match,match,match,match
Ward10Anderston-City_glasgow12-10.csv,PM,Philip BRAAT (Lab),match,match,match,match,match,match,match,match,match,match,match,match,match,match,match,match
Ward10Anderston-City_glasgow12-10.csv,AVG,Philip BRAAT (Lab),match,match,match,match,match,match,match,match,match,match,match,match,match,match,match,match
Ward18EastCentre_glasgow12-18.csv,OM,Frank DOCHERTY (Lab),match,match,match,match,match,match,match,match,match,match,match,match,match,match,match,match
Ward18EastCentre_glasgow12-18.csv,PM,Frank DOCHERTY (Lab),match,match,match,match,match,match,match,match,match,match,match,match,match,match,match,match
Ward18EastCentre_glasgow12-18.csv,AVG,Frank DOCHERTY (Lab),match,match,match,match,match,match,match,match,match,match,match,match,match,match,match,match
Ward3GreaterPollok_glasgow12-03.csv,OM,Bill BUTLER (Lab),match,match,match,match,match,match,match,match,match,match,match,match,match,match,match,match
Ward3GreaterPollok_glasgow12-03.csv,PM,Bill BUTLER (Lab),match,match,match,match,match,match,match,match,match,match,match,match,match,match,match,match
Ward3GreaterPollok_glasgow12-03.csv,AVG,Bill BUTLER (Lab),match,match,match,match,match,match,match,match,match,match,match,match,match,match,match,match
Ward11Hillhead_glasgow12-11.csv,OM,Ken ANDREW (SNP),match,match,match,no_match,match,no_match,match,match,match,match,match,match,match,no_match,no_match,match
Ward11Hillhead_glasgow12-11.csv,PM,Ken ANDREW (SNP),match,match,match,no_match,match,no_match,match,match,match,match,match,match,match,no_match,no_match,match
Ward11Hillhead_glasgow12-11.csv,AVG,Ken ANDREW (SNP),match,match,match,no_match,match,no_match,match,match,match,match,match,match,match,no_match,no_match,match
LomondWard_w-duns12-01.csv,OM,Martin ROONEY (Lab),match,match,match,match,match,match,match,match,match,match,match,match,match,match,match,match
LomondWard_w-duns12-01.csv,PM,Martin ROONEY (Lab),match,match,match,match,match,match,match,match,match,match,match,match,match,match,match,match
LomondWard_w-duns12-01.csv,AVG,Martin ROONEY (Lab),match,match,match,match,match,match,match,match,match,match,match,match,match,match,match,match
ClydebankCentralWard_w-duns12-05.csv,OM,Patrick MCGLINCHEY (Lab),match,match,match,match,match,match,match,match,match,match,match,match,match,match,match,match
ClydebankCentralWard_w-duns12-05.csv,PM,Patrick MCGLINCHEY (Lab),match,match,match,match,match,match,match,match,match,match,match,match,match,match,match,match
ClydebankCentralWard_w-duns12-05.csv,AVG,Patrick MCGLINCHEY (Lab),match,match,match,match,match,match,match,match,match,match,match,match,match,match,match,match
ClydebankWaterfrontWard_w-duns12-06.csv,OM,Gail CASEY (Lab),match,match,match,match,match,match,match,match,match,match,match,match,match,match,match,match
ClydebankWaterfrontWard_w-duns12-06.csv,PM,Gail CASEY (Lab),match,match,match,match,match,match,match,match,match,match,match,match,match,match,match,match
ClydebankWaterfrontWard_w-duns12-06.csv,AVG,Gail CASEY (Lab),match,match,match,match,match,match,match,match,match,match,match,match,match,match,match,match
LevenWard_w-duns12-02.csv,OM,John MILLAR (Lab),match,match,match,match,match,match,match,match,match,match,match,match,match,match,match,match
LevenWard_w-duns12-02.csv,PM,John MILLAR (Lab),match,match,match,match,match,match,match,match,match,match,match,match,match,match,match,match
LevenWard_w-duns12-02.csv,AVG,John MILLAR (Lab),match,match,match,match,match,match,match,match,match,match,match,match,match,match,match,match
KilpatrickWard_w-duns12-04.csv,OM,Douglas MCALLISTER (Lab),match,match,match,match,match,match,match,match,match,match,match,match,match,match,match,match
KilpatrickWard_w-duns12-04.csv,PM,Douglas MCALLISTER (Lab),match,match,match,match,match,match,match,match,match,match,match,match,match,match,match,match
KilpatrickWard_w-duns12-04.csv,AVG,Douglas MCALLISTER (Lab),match,match,match,match,match,match,match,match,match,match,match,match,match,match,match,match
DumbartonWard_w-duns12-03.csv,OM,David MCBRIDE (Lab),match,match,match,match,match,match,match,match,match,match,match,match,match,match,match,match
DumbartonWard_w-duns12-03.csv,PM,David MCBRIDE (Lab),match,match,match,match,match,match,match,match,match,match,match,match,match,match,match,match
DumbartonWard_w-duns12-03.csv,AVG,David MCBRIDE (Lab),match,match,match,match,match,match,match,match,match,match,match,match,match,match,match,match
Ward15Maryhill_Glasgow 2024 by-election Ward 15.csv,OM,Marie GARRITY Glasgow (Lab),match,match,match,match,match,match,match,match,match,match,match,match,match,match,match,match
Ward15Maryhill_Glasgow 2024 by-election Ward 15.csv,PM,Marie GARRITY Glasgow (Lab),match,match,match,match,match,match,match,match,match,match,match,match,match,match,match,match
Ward15Maryhill_Glasgow 2024 by-election Ward 15.csv,AVG,Marie GARRITY Glasgow (Lab),match,match,match,match,match,match,match,match,match,match,match,match,match,match,match,match
Ward21NorthEast_Glasgow 2024 by-election Ward 21.csv,OM,Mary MCNAB Glasgow (Lab),match,match,match,match,match,match,match,match,match,match,match,match,match,match,match,match
Ward21NorthEast_Glasgow 2024 by-election Ward 21.csv,PM,Mary MCNAB Glasgow (Lab),match,match,match,match,match,match,match,match,match,match,match,match,match,match,match,match
Ward21NorthEast_Glasgow 2024 by-election Ward 21.csv,AVG,Mary MCNAB Glasgow (Lab),match,match,match,match,match,match,match,match,match,match,match,match,match,match,match,match
Ward14Drumchapel-Anniesland_Glasgow 2024 by-election Ward 14.csv,OM,Davena RANKIN Glasgow (Lab),match,match,match,match,match,match,match,match,match,match,match,match,match,match,match,match
Ward14Drumchapel-Anniesland_Glasgow 2024 by-election Ward 14.csv,PM,Davena RANKIN Glasgow (Lab),match,match,match,match,match,match,match,match,match,match,match,match,match,match,match,match
Ward14Drumchapel-Anniesland_Glasgow 2024 by-election Ward 14.csv,AVG,Davena RANKIN Glasgow (Lab),match,match,match,match,match,match,match,match,match,match,match,match,match,match,match,match
Ward23PartickEast-Kelvindale_Glasgow 2024 by-election Ward 23.csv,OM,James ADAMS Glasgow (Lab),match,match,match,match,match,match,match,match,match,match,match,match,match,match,match,match
Ward23PartickEast-Kelvindale_Glasgow 2024 by-election Ward 23.csv,PM,James ADAMS Glasgow (Lab),match,match,match,match,match,match,match,match,match,match,match,match,match,match,match,match
Ward23PartickEast-Kelvindale_Glasgow 2024 by-election Ward 23.csv,AVG,James ADAMS Glasgow (Lab),match,match,match,match,match,match,match,match,match,match,match,match,match,match,match,match
DunblaneandBridgeofAllanWard_stirling12-03.csv,OM,Graham HOUSTON (SNP),match,match,match,match,match,match,match,match,match,match,match,match,match,no_match,no_match,match
DunblaneandBridgeofAllanWard_stirling12-03.csv,PM,Graham HOUSTON (SNP),match,match,match,match,match,match,match,match,match,match,match,match,match,no_match,no_match,match
DunblaneandBridgeofAllanWard_stirling12-03.csv,AVG,Graham HOUSTON (SNP),match,match,match,match,match,match,match,match,match,match,match,match,match,no_match,no_match,match
StirlingWestWard_stirling12-05.csv,OM,Scott FARMER (SNP),match,match,match,match,match,match,match,match,match,match,match,match,match,match,match,match
StirlingWestWard_stirling12-05.csv,PM,Scott FARMER (SNP),match,match,match,match,match,match,match,match,match,match,match,match,match,match,match,match
StirlingWestWard_stirling12-05.csv,AVG,Scott FARMER (SNP),match,match,match,match,match,match,match,match,match,match,match,match,match,match,match,match
BannockburnWard_stirling12-07.csv,OM,Margaret BRISLEY (Lab),no_match,match,match,match,no_match,match,no_match,match,match,match,match,match,match,match,match,match
BannockburnWard_stirling12-07.csv,PM,Margaret BRISLEY (Lab),no_match,match,match,match,no_match,match,no_match,match,match,match,match,match,match,match,match,match
BannockburnWard_stirling12-07.csv,AVG,Margaret BRISLEY (Lab),no_match,match,match,match,no_match,match,no_match,match,match,match,match,match,match,match,match,match
StirlingEastWard_stirling12-06.csv,OM,Corrie MCCHORD (Lab),no_match,no_match,match,match,match,match,match,match,match,match,match,match,match,match,match,match
StirlingEastWard_stirling12-06.csv,PM,Corrie MCCHORD (Lab),no_match,no_match,match,match,match,match,match,match,match,match,match,match,match,match,match,match
StirlingEastWard_stirling12-06.csv,AVG,Corrie MCCHORD (Lab),no_match,no_match,match,match,match,match,match,match,match,match,match,match,match,match,match,match
TrossachsandTeithWard_stirling12-01.csv,OM,Alycia HAYES (SNP),no_match,match,match,match,match,match,match,match,match,match,match,match,match,no_match,no_match,match
TrossachsandTeithWard_stirling12-01.csv,PM,Alycia HAYES (SNP),no_match,match,match,match,match,match,match,match,match,match,match,match,match,no_match,no_match,match
TrossachsandTeithWard_stirling12-01.csv,AVG,Alycia HAYES (SNP),no_match,match,match,match,match,match,match,match,match,match,match,match,match,no_match,no_match,match
ForthandEndrickWard_stirling12-02.csv,OM,Graham LAMBIE (SNP),no_match,no_match,match,no_match,no_match,no_match,no_match,match,match,match,match,match,match,no_match,no_match,match
ForthandEndrickWard_stirling12-02.csv,PM,Ian MUIRHEAD (SNP),no_match,match,no_match,match,match,match,match,no_match,no_match,no_match,no_match,no_match,no_match,match,match,no_match
ForthandEndrickWard_stirling12-02.csv,AVG,Graham LAMBIE (SNP),no_match,no_match,match,no_match,no_match,no_match,no_match,match,match,match,match,match,match,no_match,no_match,match
CastleWard_stirling12-04.csv,OM,John HENDRY (Lab),no_match,match,match,no_match,no_match,no_match,no_match,match,match,match,match,match,match,match,match,match
CastleWard_stirling12-04.csv,PM,John HENDRY (Lab),no_match,match,match,no_match,no_match,no_match,no_match,match,match,match,match,match,match,match,match,match
CastleWard_stirling12-04.csv,AVG,John HENDRY (Lab),no_match,match,match,no_match,no_match,no_match,no_match,match,match,match,match,match,match,match,match,match
Linn_linn.csv,OM,# ALTERNATIVE NAME 3: Sadie Docherty (Lab),no_match,match,match,match,match,match,match,match,match,match,match,match,match,match,match,match
Linn_linn.csv,PM,# ALTERNATIVE NAME 3: Sadie Docherty (Lab),no_match,match,match,match,match,match,match,match,match,match,match,match,match,match,match,match
Linn_linn.csv,AVG,# ALTERNATIVE NAME 3: Sadie Docherty (Lab),no_match,match,match,match,match,match,match,match,match,match,match,match,match,match,match,match
govan_govan.csv,OM,# ALTERNATIVE NAME 3: Stephen Dornan (Lab),no_match,no_match,no_match,no_match,match,no_match,no_match,no_winner,match,no_match,no_match,match,match,no_match,no_match,match
govan_govan.csv,PM,# ALTERNATIVE NAME 6: Allison Hunter (SNP),match,match,no_match,match,no_match,match,match,no_winner,no_match,match,match,no_match,no_match,no_match,no_match,match
govan_govan.csv,AVG,# ALTERNATIVE NAME 6: Allison Hunter (SNP),match,match,no_match,match,no_match,match,match,no_winner,no_match,match,match,no_match,no_match,no_match,no_match,match
Pollokshields_pollokshields.csv,OM,# ALTERNATIVE NAME 6: Irfan Rabbani (Lab),match,match,match,match,no_match,match,match,match,match,match,match,match,match,match,match,match
Pollokshields_pollokshields.csv,PM,# ALTERNATIVE NAME 6: Irfan Rabbani (Lab),match,match,match,match,no_match,match,match,match,match,match,match,match,match,match,match,match
Pollokshields_pollokshields.csv,AVG,# ALTERNATIVE NAME 6: Irfan Rabbani (Lab),match,match,match,match,no_match,match,match,match,match,match,match,match,match,match,match,match
SouthsideCentral_southsidecentral.csv,OM,# ALTERNATIVE NAME 7: Anne Marie Millar (Lab),no_match,match,match,match,match,match,no_match,match,match,match,match,match,match,match,match,match
SouthsideCentral_southsidecentral.csv,PM,# ALTERNATIVE NAME 7: Anne Marie Millar (Lab),no_match,match,match,match,match,match,no_match,match,match,match,match,match,match,match,match,match
SouthsideCentral_southsidecentral.csv,AVG,# ALTERNATIVE NAME 7: Anne Marie Millar (Lab),no_match,match,match,match,match,match,no_match,match,match,match,match,match,match,match,match,match
Bailliestonward_baillieston.csv,OM,# ALTERNATIVE NAME 2: Jim Coleman (Lab),no_match,match,match,match,match,match,match,match,match,match,match,match,match,match,match,match
Bailliestonward_baillieston.csv,PM,# ALTERNATIVE NAME 2: Jim Coleman (Lab),no_match,match,match,match,match,match,match,match,match,match,match,match,match,match,match,match
Bailliestonward_baillieston.csv,AVG,# ALTERNATIVE NAME 2: Jim Coleman (Lab),no_match,match,match,match,match,match,match,match,match,match,match,match,match,match,match,match
Langside_langside.csv,OM,# ALTERNATIVE NAME 4: Archie Graham (Lab),no_match,match,match,match,match,match,no_match,match,match,match,match,match,match,match,match,match
Langside_langside.csv,PM,# ALTERNATIVE NAME 4: Archie Graham (Lab),no_match,match,match,match,match,match,no_match,match,match,match,match,match,match,match,match,match
Langside_langside.csv,AVG,# ALTERNATIVE NAME 4: Archie Graham (Lab),no_match,match,match,match,match,match,no_match,match,match,match,match,match,match,match,match,match
Greaterpollok_greater pollok.csv,OM,# ALTERNATIVE NAME 4: Alex Glass (Lab),no_match,match,match,match,match,match,match,match,match,match,match,match,match,match,match,match
Greaterpollok_greater pollok.csv,PM,# ALTERNATIVE NAME 4: Alex Glass (Lab),no_match,match,match,match,match,match,match,match,match,match,match,match,match,match,match,match
Greaterpollok_greater pollok.csv,AVG,# ALTERNATIVE NAME 4: Alex Glass (Lab),no_match,match,match,match,match,match,match,match,match,match,match,match,match,match,match,match
Craigtonward_craigton.csv,OM,# ALTERNATIVE NAME 5: Matthew John Kerr (Lab),no_match,match,no_match,no_match,match,match,no_match,match,match,match,match,match,match,no_match,no_match,match
Craigtonward_craigton.csv,PM,# ALTERNATIVE NAME 5: Matthew John Kerr (Lab),no_match,match,no_match,no_match,match,match,no_match,match,match,match,match,match,match,no_match,no_match,match
Craigtonward_craigton.csv,AVG,# ALTERNATIVE NAME 5: Matthew John Kerr (Lab),no_match,match,no_match,no_match,match,match,no_match,match,match,match,match,match,match,no_match,no_match,match
Canalward_canal.csv,OM,# ALTERNATIVE NAME 4: Ellen Hurcombe (Lab),no_match,match,match,match,match,match,no_match,match,match,match,match,match,match,match,match,match
Canalward_canal.csv,PM,# ALTERNATIVE NAME 4: Ellen Hurcombe (Lab),no_match,match,match,match,match,match,no_match,match,match,match,match,match,match,match,match,match
Canalward_canal.csv,AVG,# ALTERNATIVE NAME 4: Ellen Hurcombe (Lab),no_match,match,match,match,match,match,no_match,match,match,match,match,match,match,match,match,match
NorthEast_north east.csv,OM,# ALTERNATIVE NAME 1: Gilbert Davidson (Lab),match,match,match,match,match,match,match,match,match,match,match,match,match,match,match,match
NorthEast_north east.csv,PM,# ALTERNATIVE NAME 1: Gilbert Davidson (Lab),match,match,match,match,match,match,match,match,match,match,match,match,match,match,match,match
NorthEast_north east.csv,AVG,# ALTERNATIVE NAME 1: Gilbert Davidson (Lab),match,match,match,match,match,match,match,match,match,match,match,match,match,match,match,match
Andersonward_anderston.csv,OM,# ALTERNATIVE NAME 3: Philip Braat (Lab),no_match,match,match,match,no_match,match,no_match,match,match,match,match,match,match,no_match,no_match,match
Andersonward_anderston.csv,PM,# ALTERNATIVE NAME 3: Philip Braat (Lab),no_match,match,match,match,no_match,match,no_match,match,match,match,match,match,match,no_match,no_match,match
Andersonward_anderston.csv,AVG,# ALTERNATIVE NAME 3: Philip Braat (Lab),no_match,match,match,match,no_match,match,no_match,match,match,match,match,match,match,no_match,no_match,match
Springburn_springburn.csv,OM,# ALTERNATIVE NAME 8: Allan Stewart (Lab),match,match,match,match,match,match,match,match,match,match,match,match,match,match,match,match
Springburn_springburn.csv,PM,# ALTERNATIVE NAME 8: Allan Stewart (Lab),match,match,match,match,match,match,match,match,match,match,match,match,match,match,match,match
Springburn_springburn.csv,AVG,# ALTERNATIVE NAME 8: Allan Stewart (Lab),match,match,match,match,match,match,match,match,match,match,match,match,match,match,match,match
Partick_partick.csv,OM,# ALTERNATIVE NAME 6: Christopher Mason (LD),no_match,no_match,match,match,match,match,no_match,match,match,match,match,match,match,match,match,match
Partick_partick.csv,PM,# ALTERNATIVE NAME 6: Christopher Mason (LD),no_match,no_match,match,match,match,match,no_match,match,match,match,match,match,match,match,match,match
Partick_partick.csv,AVG,# ALTERNATIVE NAME 6: Christopher Mason (LD),no_match,no_match,match,match,match,match,no_match,match,match,match,match,match,match,match,match,match
EastCentre_eastcentre.csv,OM,# ALTERNATIVE NAME 2: Patricia Chalmers (Lab),no_match,match,match,match,match,match,match,match,match,match,match,match,match,match,match,match
EastCentre_eastcentre.csv,PM,# ALTERNATIVE NAME 2: Patricia Chalmers (Lab),no_match,match,match,match,match,match,match,match,match,match,match,match,match,match,match,match
EastCentre_eastcentre.csv,AVG,# ALTERNATIVE NAME 2: Patricia Chalmers (Lab),no_match,match,match,match,match,match,match,match,match,match,match,match,match,match,match,match
Newlands_newlands.csv,OM,# ALTERNATIVE NAME 4: Stephen Curran (Lab),no_match,match,match,no_match,no_match,no_match,match,match,match,match,match,match,match,no_match,no_match,match
Newlands_newlands.csv,PM,# ALTERNATIVE NAME 4: Stephen Curran (Lab),no_match,match,match,no_match,no_match,no_match,match,match,match,match,match,match,match,no_match,no_match,match
Newlands_newlands.csv,AVG,# ALTERNATIVE NAME 4: Stephen Curran (Lab),no_match,match,match,no_match,no_match,no_match,match,match,match,match,match,match,match,no_match,no_match,match
Hillhead_hillhead.csv,OM,# ALTERNATIVE NAME 10: Martha Ferguson Wardrop (Grn),no_match,match,match,match,match,match,match,match,match,match,match,match,match,match,match,match
Hillhead_hillhead.csv,PM,# ALTERNATIVE NAME 10: Martha Ferguson Wardrop (Grn),no_match,match,match,match,match,match,match,match,match,match,match,match,match,match,match,match
Hillhead_hillhead.csv,AVG,# ALTERNATIVE NAME 10: Martha Ferguson Wardrop (Grn),no_match,match,match,match,match,match,match,match,match,match,match,match,match,match,match,match
Caltonward_calton.csv,OM,# ALTERNATIVE NAME 8: George Redmond (Lab),match,match,match,match,match,match,match,match,match,match,match,match,match,match,match,match
Caltonward_calton.csv,PM,# ALTERNATIVE NAME 8: George Redmond (Lab),match,match,match,match,match,match,match,match,match,match,match,match,match,match,match,match
Caltonward_calton.csv,AVG,# ALTERNATIVE NAME 8: George Redmond (Lab),match,match,match,match,match,match,match,match,match,match,match,match,match,match,match,match
Shettleston_shettleston.csv,OM,# ALTERNATIVE NAME 7: Tom Mckeown (Lab),no_match,match,match,match,match,match,match,match,match,match,match,match,match,match,match,match
Shettleston_shettleston.csv,PM,# ALTERNATIVE NAME 7: Tom Mckeown (Lab),no_match,match,match,match,match,match,match,match,match,match,match,match,match,match,match,match
Shettleston_shettleston.csv,AVG,# ALTERNATIVE NAME 7: Tom Mckeown (Lab),no_match,match,match,match,match,match,match,match,match,match,match,match,match,match,match,match
Drumchapel_drumchapel.csv,OM,# ALTERNATIVE NAME 1: Paul Carey (Lab),match,match,match,match,match,match,match,match,match,match,match,match,match,match,match,match
Drumchapel_drumchapel.csv,PM,# ALTERNATIVE NAME 1: Paul Carey (Lab),match,match,match,match,match,match,match,match,match,match,match,match,match,match,match,match
Drumchapel_drumchapel.csv,AVG,# ALTERNATIVE NAME 1: Paul Carey (Lab),match,match,match,match,match,match,match,match,match,match,match,match,match,match,match,match
Garscadden_garscadden.csv,OM,# ALTERNATIVE NAME 2: Liz Cameron (Lab),match,match,match,match,match,match,match,match,match,match,match,match,match,match,match,match
Garscadden_garscadden.csv,PM,# ALTERNATIVE NAME 2: Liz Cameron (Lab),match,match,match,match,match,match,match,match,match,match,match,match,match,match,match,match
Garscadden_garscadden.csv,AVG,# ALTERNATIVE NAME 2: Liz Cameron (Lab),match,match,match,match,match,match,match,match,match,match,match,match,match,match,match,match
Maryhill_maryhill.csv,OM,# ALTERNATIVE NAME 1: Alex Dingwall (SNP),match,match,match,match,match,match,match,match,match,match,match,match,match,no_match,no_match,match
Maryhill_maryhill.csv,PM,# ALTERNATIVE NAME 1: Alex Dingwall (SNP),match,match,match,match,match,match,match,match,match,match,match,match,match,no_match,no_match,match
Maryhill_maryhill.csv,AVG,# ALTERNATIVE NAME 1: Alex Dingwall (SNP),match,match,match,match,match,match,match,match,match,match,match,match,match,no_match,no_match,match
GlenrothesWestAndKinglassieWard_fife12-14.csv,OM,Peter GRANT (SNP),no_match,no_match,no_match,no_match,no_match,no_match,no_match,no_match,no_match,no_match,no_match,no_match,no_match,no_match,no_match,no_match
GlenrothesWestAndKinglassieWard_fife12-14.csv,PM,Betty CAMPBELL (Lab),match,match,match,match,match,match,match,match,match,match,match,match,match,match,match,match
GlenrothesWestAndKinglassieWard_fife12-14.csv,AVG,Betty CAMPBELL (Lab),match,match,match,match,match,match,match,match,match,match,match,match,match,match,match,match
GlenrothesCentralAndThorntonWard_fife12-16.csv,OM,Ian CRICHTON (Lab),no_match,no_match,no_match,no_match,no_match,no_match,no_match,no_winner,match,no_match,no_match,match,match,no_match,no_match,match
GlenrothesCentralAndThorntonWard_fife12-16.csv,PM,Ross VETTRAINO (SNP),match,match,match,no_match,match,match,match,no_winner,no_match,match,match,no_match,no_match,no_match,no_match,match
GlenrothesCentralAndThorntonWard_fife12-16.csv,AVG,Ian CRICHTON (Lab),no_match,no_match,no_match,no_match,no_match,no_match,no_match,no_winner,match,no_match,no_match,match,match,no_match,no_match,match
RosythWard_fife12-05.csv,OM,Pat CALLAGHAN (Lab),no_match,match,match,match,match,match,match,match,match,match,match,match,match,match,match,match
RosythWard_fife12-05.csv,PM,Pat CALLAGHAN (Lab),no_match,match,match,match,match,match,match,match,match,match,match,match,match,match,match,match
RosythWard_fife12-05.csv,AVG,Pat CALLAGHAN (Lab),no_match,match,match,match,match,match,match,match,match,match,match,match,match,match,match,match
HoweOfFifeAndTayCoastWard_fife12-17.csv,OM,Donald LOTHIAN (LD),match,match,match,match,match,match,match,match,match,match,match,match,match,match,match,match
HoweOfFifeAndTayCoastWard_fife12-17.csv,PM,Donald LOTHIAN (LD),match,match,match,match,match,match,match,match,match,match,match,match,match,match,match,match
HoweOfFifeAndTayCoastWard_fife12-17.csv,AVG,Donald LOTHIAN (LD),match,match,match,match,match,match,match,match,match,match,match,match,match,match,match,match
EastNeukAndLandwardWard_fife12-20.csv,OM,Elizabeth RICHES (LD),match,match,match,match,match,match,match,match,match,match,match,match,match,match,match,match
EastNeukAndLandwardWard_fife12-20.csv,PM,Elizabeth RICHES (LD),match,match,match,match,match,match,match,match,match,match,match,match,match,match,match,match
EastNeukAndLandwardWard_fife12-20.csv,AVG,Elizabeth RICHES (LD),match,match,match,match,match,match,match,match,match,match,match,match,match,match,match,match
LevenKennowayAndLargoWard_fife12-22.csv,OM,David ALEXANDER (SNP),match,match,match,match,match,match,match,match,match,match,match,match,match,match,match,match
LevenKennowayAndLargoWard_fife12-22.csv,PM,David ALEXANDER (SNP),match,match,match,match,match,match,match,match,match,match,match,match,match,match,match,match
LevenKennowayAndLargoWard_fife12-22.csv,AVG,David ALEXANDER (SNP),match,match,match,match,match,match,match,match,match,match,match,match,match,match,match,match
BurntislandKinghornAndWesternKirkcaldyWard_fife12-10.csv,OM,Peter GEORGE (Lab),match,match,match,match,match,match,match,match,match,match,match,match,match,match,match,match
BurntislandKinghornAndWesternKirkcaldyWard_fife12-10.csv,PM,Peter GEORGE (Lab),match,match,match,match,match,match,match,match,match,match,match,match,match,match,match,match
BurntislandKinghornAndWesternKirkcaldyWard_fife12-10.csv,AVG,Peter GEORGE (Lab),match,match,match,match,match,match,match,match,match,match,match,match,match,match,match,match
BuckhavenMethilAndWemyssVillagesWard_fife12-23.csv,OM,David GRAHAM (Lab),match,match,match,match,match,match,match,match,match,match,match,match,match,match,match,match
BuckhavenMethilAndWemyssVillagesWard_fife12-23.csv,PM,David GRAHAM (Lab),match,match,match,match,match,match,match,match,match,match,match,match,match,match,match,match
BuckhavenMethilAndWemyssVillagesWard_fife12-23.csv,AVG,David GRAHAM (Lab),match,match,match,match,match,match,match,match,match,match,match,match,match,match,match,match
WestFifeAndCoastalVillagesWard_fife12-01.csv,OM,Bobby CLELLAND (Lab),match,match,match,match,match,match,match,match,match,match,match,match,match,match,match,match
WestFifeAndCoastalVillagesWard_fife12-01.csv,PM,Bobby CLELLAND (Lab),match,match,match,match,match,match,match,match,match,match,match,match,match,match,match,match
WestFifeAndCoastalVillagesWard_fife12-01.csv,AVG,Bobby CLELLAND (Lab),match,match,match,match,match,match,match,match,match,match,match,match,match,match,match,match
InverkeithingAndDalgetyBayWard_fife12-06.csv,OM,Gavin YATES (Lab),no_match,no_match,no_match,no_match,no_match,no_match,no_match,no_match,no_match,no_match,no_match,no_match,no_match,match,match,no_match
InverkeithingAndDalgetyBayWard_fife12-06.csv,PM,Alice MCGARRY (SNP),match,match,match,match,match,match,match,match,match,match,match,match,match,no_match,no_match,match
InverkeithingAndDalgetyBayWard_fife12-06.csv,AVG,Alice MCGARRY (SNP),match,match,match,match,match,match,match,match,match,match,match,match,match,no_match,no_match,match
KirkcaldyNorthWard_fife12-11.csv,OM,Neil CROOKS (Lab),match,match,match,match,match,match,match,match,match,match,match,match,match,match,match,match
KirkcaldyNorthWard_fife12-11.csv,PM,Neil CROOKS (Lab),match,match,match,match,match,match,match,match,match,match,match,match,match,match,match,match
KirkcaldyNorthWard_fife12-11.csv,AVG,Neil CROOKS (Lab),match,match,match,match,match,match,match,match,match,match,match,match,match,match,match,match
TayBridgeheadWard_fife12-18.csv,OM,Tim BRETT (LD),no_match,match,match,match,match,match,match,match,match,match,match,match,match,match,no_match,match
TayBridgeheadWard_fife12-18.csv,PM,Tim BRETT (LD),no_match,match,match,match,match,match,match,match,match,match,match,match,match,match,no_match,match
TayBridgeheadWard_fife12-18.csv,AVG,Tim BRETT (LD),no_match,match,match,match,match,match,match,match,match,match,match,match,match,match,no_match,match
CuparWard_fife12-21.csv,OM,Bryan POOLE (Ind),match,match,match,match,match,match,match,match,match,match,match,match,match,match,match,match
CuparWard_fife12-21.csv,PM,Bryan POOLE (Ind),match,match,match,match,match,match,match,match,match,match,match,match,match,match,match,match
CuparWard_fife12-21.csv,AVG,Bryan POOLE (Ind),match,match,match,match,match,match,match,match,match,match,match,match,match,match,match,match
GlenrothesNorthLeslieAndMarkinchWard_fife12-15.csv,OM,Fiona GRANT (SNP),no_match,match,match,match,match,match,match,match,match,match,match,match,match,match,match,match
GlenrothesNorthLeslieAndMarkinchWard_fife12-15.csv,PM,Fiona GRANT (SNP),no_match,match,match,match,match,match,match,match,match,match,match,match,match,match,match,match
GlenrothesNorthLeslieAndMarkinchWard_fife12-15.csv,AVG,Fiona GRANT (SNP),no_match,match,match,match,match,match,match,match,match,match,match,match,match,match,match,match
DunfermlineSouthWard_fife12-04.csv,OM,Cara HILTON (Lab),no_match,no_match,match,match,match,match,match,match,match,match,match,match,match,match,no_match,match
DunfermlineSouthWard_fife12-04.csv,PM,Cara HILTON (Lab),no_match,no_match,match,match,match,match,match,match,match,match,match,match,match,match,no_match,match
DunfermlineSouthWard_fife12-04.csv,AVG,Cara HILTON (Lab),no_match,no_match,match,match,match,match,match,match,match,match,match,match,match,match,no_match,match
TheLochsWard_fife12-07.csv,OM,Alex ROWLEY (Lab),match,match,match,match,match,match,match,match,match,match,match,match,match,match,match,match
TheLochsWard_fife12-07.csv,PM,Alex ROWLEY (Lab),match,match,match,match,match,match,match,match,match,match,match,match,match,match,match,match
TheLochsWard_fife12-07.csv,AVG,Alex ROWLEY (Lab),match,match,match,match,match,match,match,match,match,match,match,match,match,match,match,match
StAndrewsWard_fife12-19.csv,OM,Frances MELVILLE (LD),no_match,match,no_match,match,match,match,match,match,match,match,match,match,match,match,match,match
StAndrewsWard_fife12-19.csv,PM,Frances MELVILLE (LD),no_match,match,no_match,match,match,match,match,match,match,match,match,match,match,match,match,match
StAndrewsWard_fife12-19.csv,AVG,Frances MELVILLE (LD),no_match,match,no_match,match,match,match,match,match,match,match,match,match,match,match,match,match
DunfermlineNorthWard_fife12-02.csv,OM,Helen LAW (Lab),no_match,match,match,match,match,match,match,match,match,match,match,match,match,match,match,match
DunfermlineNorthWard_fife12-02.csv,PM,Helen LAW (Lab),no_match,match,match,match,match,match,match,match,match,match,match,match,match,match,match,match
DunfermlineNorthWard_fife12-02.csv,AVG,Helen LAW (Lab),no_match,match,match,match,match,match,match,match,match,match,match,match,match,match,match,match
DunfermlineCentralWard_fife12-03.csv,OM,Jim LEISHMAN (Lab),match,match,match,match,match,match,match,match,match,match,match,match,match,match,match,match
DunfermlineCentralWard_fife12-03.csv,PM,Jim LEISHMAN (Lab),match,match,match,match,match,match,match,match,match,match,match,match,match,match,match,match
DunfermlineCentralWard_fife12-03.csv,AVG,Jim LEISHMAN (Lab),match,match,match,match,match,match,match,match,match,match,match,match,match,match,match,match
CowdenbeathWard_fife12-08.csv,OM,Peter LOCKHART (Lab),match,match,match,match,match,match,match,match,match,match,match,match,match,match,match,match
CowdenbeathWard_fife12-08.csv,PM,Peter LOCKHART (Lab),match,match,match,match,match,match,match,match,match,match,match,match,match,match,match,match
CowdenbeathWard_fife12-08.csv,AVG,Peter LOCKHART (Lab),match,match,match,match,match,match,match,match,match,match,match,match,match,match,match,match
KirkcaldyCentralWard_fife12-12.csv,OM,Judy HAMILTON (Lab),match,match,match,match,match,match,match,match,match,match,match,match,match,match,match,match
KirkcaldyCentralWard_fife12-12.csv,PM,Judy HAMILTON (Lab),match,match,match,match,match,match,match,match,match,match,match,match,match,match,match,match
KirkcaldyCentralWard_fife12-12.csv,AVG,Judy HAMILTON (Lab),match,match,match,match,match,match,match,match,match,match,match,match,match,match,match,match
LochgellyAndCardendenWard_fife12-09.csv,OM,Linda ERSKINE (Lab),match,match,match,match,match,match,match,match,match,match,match,match,match,no_match,no_match,match
LochgellyAndCardendenWard_fife12-09.csv,PM,Linda ERSKINE (Lab),match,match,match,match,match,match,match,match,match,match,match,match,match,no_match,no_match,match
LochgellyAndCardendenWard_fife12-09.csv,AVG,Linda ERSKINE (Lab),match,match,match,match,match,match,match,match,match,match,match,match,match,no_match,no_match,match
KirkcaldyEastWard_fife12-13.csv,OM,Lawrence BROWN (Lab),match,match,match,match,match,match,match,match,match,match,match,match,match,no_match,no_match,match
KirkcaldyEastWard_fife12-13.csv,PM,Lawrence BROWN (Lab),match,match,match,match,match,match,match,match,match,match,match,match,match,no_match,no_match,match
KirkcaldyEastWard_fife12-13.csv,AVG,Lawrence BROWN (Lab),match,match,match,match,match,match,match,match,match,match,match,match,match,no_match,no_match,match
Ward5NorthBerwickCoastal_e-lothian12-05.csv,OM,Tim DAY (Con),match,match,match,match,match,match,match,match,match,match,match,match,match,match,match,match
Ward5NorthBerwickCoastal_e-lothian12-05.csv,PM,Tim DAY (Con),match,match,match,match,match,match,match,match,match,match,match,match,match,match,match,match
Ward5NorthBerwickCoastal_e-lothian12-05.csv,AVG,Tim DAY (Con),match,match,match,match,match,match,match,match,match,match,match,match,match,match,match,match
Ward2MusselburghEastandCarberry_e-lothian12-02.csv,OM,Andy FORREST (Lab),no_match,match,no_match,match,match,match,match,match,match,match,match,match,match,no_match,match,match
Ward2MusselburghEastandCarberry_e-lothian12-02.csv,PM,Andy FORREST (Lab),no_match,match,no_match,match,match,match,match,match,match,match,match,match,match,no_match,match,match
Ward2MusselburghEastandCarberry_e-lothian12-02.csv,AVG,Andy FORREST (Lab),no_match,match,no_match,match,match,match,match,match,match,match,match,match,match,no_match,match,match
Ward4Fa'side_e-lothian12-04.csv,OM,Jim GILLIES (Lab),match,match,match,match,match,match,match,match,match,match,match,match,match,match,match,match
Ward4Fa'side_e-lothian12-04.csv,PM,Jim GILLIES (Lab),match,match,match,match,match,match,match,match,match,match,match,match,match,match,match,match
Ward4Fa'side_e-lothian12-04.csv,AVG,Jim GILLIES (Lab),match,match,match,match,match,match,match,match,match,match,match,match,match,match,match,match
Ward7DunbarandEastLinton_e-lothian12-07.csv,OM,Paul Stewart MCLENNAN (SNP),no_match,match,match,match,match,match,match,match,match,match,match,match,match,match,match,match
Ward7DunbarandEastLinton_e-lothian12-07.csv,PM,Paul Stewart MCLENNAN (SNP),no_match,match,match,match,match,match,match,match,match,match,match,match,match,match,match,match
Ward7DunbarandEastLinton_e-lothian12-07.csv,AVG,Paul Stewart MCLENNAN (SNP),no_match,match,match,match,match,match,match,match,match,match,match,match,match,match,match,match
Ward3Preston-Seton-Gosford_e-lothian12-03.csv,OM,Willie INNES (Lab),match,match,match,match,match,match,match,match,match,match,match,match,match,match,match,match
Ward3Preston-Seton-Gosford_e-lothian12-03.csv,PM,Willie INNES (Lab),match,match,match,match,match,match,match,match,match,match,match,match,match,match,match,match
Ward3Preston-Seton-Gosford_e-lothian12-03.csv,AVG,Willie INNES (Lab),match,match,match,match,match,match,match,match,match,match,match,match,match,match,match,match
Ward6HaddingtonandLammermuir_e-lothian12-06.csv,OM,John MCMILLAN (Lab),match,match,match,match,match,match,match,match,match,match,match,match,match,match,match,match
Ward6HaddingtonandLammermuir_e-lothian12-06.csv,PM,John MCMILLAN (Lab),match,match,match,match,match,match,match,match,match,match,match,match,match,match,match,match
Ward6HaddingtonandLammermuir_e-lothian12-06.csv,AVG,John MCMILLAN (Lab),match,match,match,match,match,match,match,match,match,match,match,match,match,match,match,match
Ward1MusselburghWest_e-lothian12-01.csv,OM,Johnnie MCNEIL (Lab),match,match,match,match,match,match,match,match,match,match,match,match,match,match,match,match
Ward1MusselburghWest_e-lothian12-01.csv,PM,Johnnie MCNEIL (Lab),match,match,match,match,match,match,match,match,match,match,match,match,match,match,match,match
Ward1MusselburghWest_e-lothian12-01.csv,AVG,Johnnie MCNEIL (Lab),match,match,match,match,match,match,match,match,match,match,match,match,match,match,match,match
"Clarkston,NetherleeandWilliamwood_e-renfs17-4.csv",OM,Stewart MILLER (Con),match,match,match,no_match,no_match,no_match,match,no_match,no_match,no_match,no_match,no_match,no_match,no_match,no_match,no_match
"Clarkston,NetherleeandWilliamwood_e-renfs17-4.csv",PM,David MACDONALD (Ind),no_match,no_match,no_match,match,match,match,no_match,match,match,match,match,match,match,match,match,match
"Clarkston,NetherleeandWilliamwood_e-renfs17-4.csv",AVG,David MACDONALD (Ind),no_match,no_match,no_match,match,match,match,no_match,match,match,match,match,match,match,match,match,match
NewtonMearnsSouthandEaglesham_e-renfs17-5.csv,OM,Jim SWIFT (Con),match,match,match,match,match,match,match,match,match,match,match,match,match,match,match,match
NewtonMearnsSouthandEaglesham_e-renfs17-5.csv,PM,Jim SWIFT (Con),match,match,match,match,match,match,match,match,match,match,match,match,match,match,match,match
NewtonMearnsSouthandEaglesham_e-renfs17-5.csv,AVG,Jim SWIFT (Con),match,match,match,match,match,match,match,match,match,match,match,match,match,match,match,match
"Barrhead,LibosideandUplawmoor_e-renfs17-1.csv",OM,Danny DEVLIN (Ind),match,match,match,match,match,match,match,match,match,match,match,match,match,match,match,match
"Barrhead,LibosideandUplawmoor_e-renfs17-1.csv",PM,Danny DEVLIN (Ind),match,match,match,match,match,match,match,match,match,match,match,match,match,match,match,match
"Barrhead,LibosideandUplawmoor_e-renfs17-1.csv",AVG,Danny DEVLIN (Ind),match,match,match,match,match,match,match,match,match,match,match,match,match,match,match,match
NewtonMearnsNorthandNeilston_e-renfs17-2.csv,OM,Charlie GILBERT (Con),match,match,match,match,match,match,match,match,match,match,match,match,match,match,match,match
NewtonMearnsNorthandNeilston_e-renfs17-2.csv,PM,Charlie GILBERT (Con),match,match,match,match,match,match,match,match,match,match,match,match,match,match,match,match
NewtonMearnsNorthandNeilston_e-renfs17-2.csv,AVG,Charlie GILBERT (Con),match,match,match,match,match,match,match,match,match,match,match,match,match,match,match,match
GiffnockandThornliebank_e-renfs17-3.csv,OM,Gordon WALLACE (Con),no_match,match,match,match,no_match,match,match,match,match,match,match,match,match,match,match,match
GiffnockandThornliebank_e-renfs17-3.csv,PM,Gordon WALLACE (Con),no_match,match,match,match,no_match,match,match,match,match,match,match,match,match,match,match,match
GiffnockandThornliebank_e-renfs17-3.csv,AVG,Gordon WALLACE (Con),no_match,match,match,match,no_match,match,match,match,match,match,match,match,match,match,match,match
Ward5-HeldonandLaich_file141902.csv,OM,James ALLAN (Con),no_match,match,match,match,match,match,match,match,match,match,match,match,match,no_match,no_match,match
Ward5-HeldonandLaich_file141902.csv,PM,James ALLAN (Con),no_match,match,match,match,match,match,match,match,match,match,match,match,match,no_match,no_match,match
Ward5-HeldonandLaich_file141902.csv,AVG,James ALLAN (Con),no_match,match,match,match,match,match,match,match,match,match,match,match,match,no_match,no_match,match
Ward8-Forres_file141922.csv,OM,Kathleen ROBERTSON (Con),no_match,no_match,no_match,no_match,no_match,no_match,no_match,no_match,no_match,no_match,no_match,no_match,no_match,no_match,no_match,no_match
Ward8-Forres_file141922.csv,PM,Scott LAWRENCE (SNP),match,match,match,match,match,match,match,match,match,match,match,match,match,match,match,match
Ward8-Forres_file141922.csv,AVG,Scott LAWRENCE (SNP),match,match,match,match,match,match,match,match,match,match,match,match,match,match,match,match
Ward7-ElginCitySouth_file141915.csv,OM,John DIVERS (Lab),no_match,match,match,match,match,match,match,match,match,match,match,match,match,match,match,match
Ward7-ElginCitySouth_file141915.csv,PM,John DIVERS (Lab),no_match,match,match,match,match,match,match,match,match,match,match,match,match,match,match,match
Ward7-ElginCitySouth_file141915.csv,AVG,John DIVERS (Lab),no_match,match,match,match,match,match,match,match,match,match,match,match,match,match,match,match
Ward6-ElginCityNorth_file141913.csv,OM,Sandy KEITH (Lab),no_match,match,match,match,match,match,match,match,match,match,match,match,match,match,match,match
Ward6-ElginCityNorth_file141913.csv,PM,Sandy KEITH (Lab),no_match,match,match,match,match,match,match,match,match,match,match,match,match,match,match,match
Ward6-ElginCityNorth_file141913.csv,AVG,Sandy KEITH (Lab),no_match,match,match,match,match,match,match,match,match,match,match,match,match,match,match,match
Ward2-KeithandCullen_file141894.csv,OM,Donald GATT (Con),no_match,no_match,no_match,no_match,match,no_match,no_match,no_match,no_match,no_match,no_match,no_match,no_match,match,no_match,no_match
Ward2-KeithandCullen_file141894.csv,PM,Theresa COULL (SNP),match,match,match,match,no_match,match,match,match,match,match,match,match,match,no_match,match,match
Ward2-KeithandCullen_file141894.csv,AVG,Theresa COULL (SNP),match,match,match,match,no_match,match,match,match,match,match,match,match,match,no_match,match,match
Ward4-FochabersLhanbryde_file141896.csv,OM,Shona MORRISON (SNP),no_match,no_match,no_match,no_match,match,no_match,no_match,no_match,no_match,no_match,no_match,no_match,no_match,no_match,no_match,no_match
Ward4-FochabersLhanbryde_file141896.csv,PM,Marc MACRAE (Con),match,match,match,match,no_match,match,match,match,match,match,match,match,match,match,match,match
Ward4-FochabersLhanbryde_file141896.csv,AVG,Marc MACRAE (Con),match,match,match,match,no_match,match,match,match,match,match,match,match,match,match,match,match
Ward1-SpeysideGlenlivet_file141884.csv,OM,Derek ROSS (Ind),no_match,no_match,no_match,match,match,match,no_match,no_match,no_match,no_match,no_match,no_match,no_match,match,match,no_match
Ward1-SpeysideGlenlivet_file141884.csv,PM,Juli HARRIS (SNP),match,match,match,no_match,no_match,no_match,match,match,match,match,match,match,match,no_match,no_match,match
Ward1-SpeysideGlenlivet_file141884.csv,AVG,Juli HARRIS (SNP),match,match,match,no_match,no_match,no_match,match,match,match,match,match,match,match,no_match,no_match,match
Ward9SteòrnabhaghaTuath_ward09_preferenceprofile.csv,OM,TIED,no_match,no_match,no_match,no_match,no_match,no_match,no_match,no_match,no_match,no_match,no_match,no_match,no_match,no_match,no_match,no_match
Ward9SteòrnabhaghaTuath_ward09_preferenceprofile.csv,PM,Duncan MACINNES (Ind),no_match,match,match,match,match,match,match,match,match,match,match,match,match,match,match,match
Ward9SteòrnabhaghaTuath_ward09_preferenceprofile.csv,AVG,Duncan MACINNES (Ind),no_match,match,match,match,match,match,match,match,match,match,match,match,match,match,match,match
Ward3UibhistaTuath_ward_03_preferenceprofile.csv,OM,Mustapha HOCINE (Ind),match,match,match,match,match,match,match,match,match,match,match,match,match,match,match,match
Ward3UibhistaTuath_ward_03_preferenceprofile.csv,PM,Mustapha HOCINE (Ind),match,match,match,match,match,match,match,match,match,match,match,match,match,match,match,match
Ward3UibhistaTuath_ward_03_preferenceprofile.csv,AVG,Mustapha HOCINE (Ind),match,match,match,match,match,match,match,match,match,match,match,match,match,match,match,match
Ward10SteòrnabhaghaDeas_ward10_preferenceprofile.csv,OM,GEORGE MURRAY (Ind),match,match,match,match,match,match,match,match,match,match,match,match,match,match,match,match
Ward10SteòrnabhaghaDeas_ward10_preferenceprofile.csv,PM,GEORGE MURRAY (Ind),match,match,match,match,match,match,match,match,match,match,match,match,match,match,match,match
Ward10SteòrnabhaghaDeas_ward10_preferenceprofile.csv,AVG,GEORGE MURRAY (Ind),match,match,match,match,match,match,match,match,match,match,match,match,match,match,match,match
ward02_preferenceprofile.csv,OM,PAUL FRANCIS STEELE (Ind),match,match,match,match,match,match,match,match,match,match,match,match,match,match,match,match
ward02_preferenceprofile.csv,PM,PAUL FRANCIS STEELE (Ind),match,match,match,match,match,match,match,match,match,match,match,match,match,match,match,match
ward02_preferenceprofile.csv,AVG,PAUL FRANCIS STEELE (Ind),match,match,match,match,match,match,match,match,match,match,match,match,match,match,match,match
Ward8LochaTuath_ward08_preferenceprofile.csv,OM,Donald Finlayson CRICHTON (Ind),match,match,match,match,match,match,match,match,match,match,match,match,match,match,match,match
Ward8LochaTuath_ward08_preferenceprofile.csv,PM,Donald Finlayson CRICHTON (Ind),match,match,match,match,match,match,match,match,match,match,match,match,match,match,match,match
Ward8LochaTuath_ward08_preferenceprofile.csv,AVG,Donald Finlayson CRICHTON (Ind),match,match,match,match,match,match,match,match,match,match,match,match,match,match,match,match
Ward5SgìrenanLoch_ward_05_preferenceprofile.csv,OM,Angus MORRISON (Ind),match,match,match,match,match,match,match,match,match,match,match,match,match,match,match,match
Ward5SgìrenanLoch_ward_05_preferenceprofile.csv,PM,Angus MORRISON (Ind),match,match,match,match,match,match,match,match,match,match,match,match,match,match,match,match
Ward5SgìrenanLoch_ward_05_preferenceprofile.csv,AVG,Angus MORRISON (Ind),match,match,match,match,match,match,match,match,match,match,match,match,match,match,match,match
Ward4NaHearadh_ward_04_preferenceprofile.csv,OM,Grant FULTON (Ind),match,match,match,match,match,match,match,match,match,match,match,match,match,match,match,match
Ward4NaHearadh_ward_04_preferenceprofile.csv,PM,Grant FULTON (Ind),match,match,match,match,match,match,match,match,match,match,match,match,match,match,match,match
Ward4NaHearadh_ward_04_preferenceprofile.csv,AVG,Grant FULTON (Ind),match,match,match,match,match,match,match,match,match,match,match,match,match,match,match,match
Ward7AnTaobhSiaragusNis_ward07_preferenceprofile.csv,OM,JOHN NORMAN MACLEOD (Ind),match,match,match,match,match,match,match,match,match,match,match,match,match,match,match,match
Ward7AnTaobhSiaragusNis_ward07_preferenceprofile.csv,PM,JOHN NORMAN MACLEOD (Ind),match,match,match,match,match,match,match,match,match,match,match,match,match,match,match,match
Ward7AnTaobhSiaragusNis_ward07_preferenceprofile.csv,AVG,JOHN NORMAN MACLEOD (Ind),match,match,match,match,match,match,match,match,match,match,match,match,match,match,match,match
Ward15Maryhill_Ward15.csv,OM,Franny SCALLY (SNP),no_match,match,match,no_match,match,no_match,match,match,match,match,match,match,match,match,no_match,match
Ward15Maryhill_Ward15.csv,PM,Franny SCALLY (SNP),no_match,match,match,no_match,match,no_match,match,match,match,match,match,match,match,match,no_match,match
Ward15Maryhill_Ward15.csv,AVG,Franny SCALLY (SNP),no_match,match,match,no_match,match,no_match,match,match,match,match,match,match,match,match,no_match,match
Ward20Baillieston_Ward20.csv,OM,Kevin John LALLEY Glasgow (Lab),match,match,match,match,match,match,match,match,match,match,match,match,match,match,match,match
Ward20Baillieston_Ward20.csv,PM,Kevin John LALLEY Glasgow (Lab),match,match,match,match,match,match,match,match,match,match,match,match,match,match,match,match
Ward20Baillieston_Ward20.csv,AVG,Kevin John LALLEY Glasgow (Lab),match,match,match,match,match,match,match,match,match,match,match,match,match,match,match,match
Ward22Dennistoun_Ward22.csv,OM,Allan CASEY (SNP),no_match,match,no_match,match,match,match,match,match,match,match,match,match,match,match,no_match,match
Ward22Dennistoun_Ward22.csv,PM,Allan CASEY (SNP),no_match,match,no_match,match,match,match,match,match,match,match,match,match,match,match,no_match,match
Ward22Dennistoun_Ward22.csv,AVG,Allan CASEY (SNP),no_match,match,no_match,match,match,match,match,match,match,match,match,match,match,match,no_match,match
Ward16Canal_Ward16.csv,OM,Allan GOW (SNP),match,match,match,no_match,match,match,match,match,match,match,match,match,match,no_match,no_match,match
Ward16Canal_Ward16.csv,PM,Allan GOW (SNP),match,match,match,no_match,match,match,match,match,match,match,match,match,match,no_match,no_match,match
Ward16Canal_Ward16.csv,AVG,Allan GOW (SNP),match,match,match,no_match,match,match,match,match,match,match,match,match,match,no_match,no_match,match
Ward12VictoriaPark_Ward12.csv,OM,Lana REID - MCCONNELL (Grn),no_match,no_match,no_match,no_match,no_match,no_match,no_match,match,match,match,match,match,match,no_match,no_match,match
Ward12VictoriaPark_Ward12.csv,PM,Lana REID - MCCONNELL (Grn),no_match,no_match,no_match,no_match,no_match,no_match,no_match,match,match,match,match,match,match,no_match,no_match,match
Ward12VictoriaPark_Ward12.csv,AVG,Lana REID - MCCONNELL (Grn),no_match,no_match,no_match,no_match,no_match,no_match,no_match,match,match,match,match,match,match,no_match,no_match,match
Ward8SouthsideCentral_Ward8.csv,OM,Mhairi HUNTER (SNP),no_match,no_match,no_match,no_match,no_match,no_match,no_match,match,match,match,match,match,match,no_match,no_match,match
Ward8SouthsideCentral_Ward8.csv,PM,Alexander BELIC (SNP),match,match,match,match,match,match,match,no_match,no_match,no_match,no_match,no_match,no_match,match,match,no_match
Ward8SouthsideCentral_Ward8.csv,AVG,Mhairi HUNTER (SNP),no_match,no_match,no_match,no_match,no_match,no_match,no_match,match,match,match,match,match,match,no_match,no_match,match
Ward18EastCentre_Ward18.csv,OM,Annette CHRISTIE (SNP),no_match,no_match,no_match,no_match,match,no_match,no_match,no_match,no_match,no_match,no_match,no_match,no_match,no_match,no_match,no_match
Ward18EastCentre_Ward18.csv,PM,Ann JENKINS Glasgow (Lab),match,match,match,match,no_match,match,match,match,match,match,match,match,match,match,match,match
Ward18EastCentre_Ward18.csv,AVG,Ann JENKINS Glasgow (Lab),match,match,match,match,no_match,match,match,match,match,match,match,match,match,match,match,match
Ward6Pollokshields_Ward6.csv,OM,Jon MOLYNEUX Re-elect your (Grn) Councillor,match,match,match,no_match,match,no_match,no_match,match,match,match,match,match,match,no_match,no_match,match
Ward6Pollokshields_Ward6.csv,PM,Jon MOLYNEUX Re-elect your (Grn) Councillor,match,match,match,no_match,match,no_match,no_match,match,match,match,match,match,match,no_match,no_match,match
Ward6Pollokshields_Ward6.csv,AVG,Jon MOLYNEUX Re-elect your (Grn) Councillor,match,match,match,no_match,match,no_match,no_match,match,match,match,match,match,match,no_match,no_match,match
Ward14Drumchapel-Anniesland_Ward14.csv,OM,Anne MCTAGGART (SNP),no_match,no_match,no_match,no_match,match,no_match,no_match,no_match,no_match,no_match,no_match,no_match,no_match,no_match,no_match,no_match
Ward14Drumchapel-Anniesland_Ward14.csv,PM,Paul CAREY Glasgow (Lab),match,match,match,match,no_match,match,match,match,match,match,match,match,match,match,match,match
Ward14Drumchapel-Anniesland_Ward14.csv,AVG,Paul CAREY Glasgow (Lab),match,match,match,match,no_match,match,match,match,match,match,match,match,match,match,match,match
Ward19Shettleston_Ward19.csv,OM,Frank MCAVEETY Glasgow (Lab),no_match,match,match,match,match,match,match,match,match,match,match,match,match,match,match,match
Ward19Shettleston_Ward19.csv,PM,Frank MCAVEETY Glasgow (Lab),no_match,match,match,match,match,match,match,match,match,match,match,match,match,match,match,match
Ward19Shettleston_Ward19.csv,AVG,Frank MCAVEETY Glasgow (Lab),no_match,match,match,match,match,match,match,match,match,match,match,match,match,match,match,match
Ward2Newlands-Auldburn_Ward2.csv,OM,Stephen CURRAN Glasgow (Lab),no_match,match,match,match,match,match,no_match,match,match,match,match,match,match,match,match,match
Ward2Newlands-Auldburn_Ward2.csv,PM,Stephen CURRAN Glasgow (Lab),no_match,match,match,match,match,match,no_match,match,match,match,match,match,match,match,match,match
Ward2Newlands-Auldburn_Ward2.csv,AVG,Stephen CURRAN Glasgow (Lab),no_match,match,match,match,match,match,no_match,match,match,match,match,match,match,match,match,match
Ward7Langside_Ward7.csv,OM,Holly BRUCE (Grn),match,match,match,match,match,match,no_match,match,match,match,match,match,match,match,match,match
Ward7Langside_Ward7.csv,PM,Holly BRUCE (Grn),match,match,match,match,match,match,no_match,match,match,match,match,match,match,match,match,match
Ward7Langside_Ward7.csv,AVG,Holly BRUCE (Grn),match,match,match,match,match,match,no_match,match,match,match,match,match,match,match,match,match
Ward17Springburn-Robroyston_Ward17.csv,OM,Graham CAMPBELL (SNP),no_match,no_match,no_match,no_match,no_match,no_match,no_match,no_match,no_match,no_match,no_match,no_match,no_match,no_match,no_match,no_match
Ward17Springburn-Robroyston_Ward17.csv,PM,Audrey DEMPSEY Glasgow (Lab),match,match,match,match,match,match,match,match,match,match,match,match,match,match,match,match
Ward17Springburn-Robroyston_Ward17.csv,AVG,Audrey DEMPSEY Glasgow (Lab),match,match,match,match,match,match,match,match,match,match,match,match,match,match,match,match
Ward13Garscadden-Scotstounhill_Ward13.csv,OM,Chris CUNNINGHAM (SNP),no_match,no_match,no_match,no_match,match,no_match,no_match,no_match,no_match,no_match,no_match,no_match,no_match,no_match,no_match,no_match
Ward13Garscadden-Scotstounhill_Ward13.csv,PM,Bill BUTLER Glasgow (Lab),match,match,match,match,no_match,match,match,match,match,match,match,match,match,match,match,match
Ward13Garscadden-Scotstounhill_Ward13.csv,AVG,Bill BUTLER Glasgow (Lab),match,match,match,match,no_match,match,match,match,match,match,match,match,match,match,match,match
Ward1Linn_Ward1.csv,OM,Paul MCCABE (SNP),no_match,no_match,no_match,no_match,no_match,no_match,no_match,no_match,no_match,no_match,no_match,no_match,no_match,no_match,no_match,no_match
Ward1Linn_Ward1.csv,PM,Malcolm CUNNING Glasgow (Lab),match,match,match,match,match,match,match,match,match,match,match,match,match,match,match,match
Ward1Linn_Ward1.csv,AVG,Malcolm CUNNING Glasgow (Lab),match,match,match,match,match,match,match,match,match,match,match,match,match,match,match,match
Ward4Cardonald_Ward4.csv,OM,Jim KAVANAGH Glasgow (Lab),no_match,match,match,match,no_match,match,match,match,match,match,match,match,match,match,match,match
Ward4Cardonald_Ward4.csv,PM,Jim KAVANAGH Glasgow (Lab),no_match,match,match,match,no_match,match,match,match,match,match,match,match,match,match,match,match
Ward4Cardonald_Ward4.csv,AVG,Jim KAVANAGH Glasgow (Lab),no_match,match,match,match,no_match,match,match,match,match,match,match,match,match,match,match,match
Ward3GreaterPollok_Ward3.csv,OM,Saqib AHMED Glasgow (Lab),match,match,match,match,match,match,match,match,match,match,match,match,match,match,match,match
Ward3GreaterPollok_Ward3.csv,PM,Saqib AHMED Glasgow (Lab),match,match,match,match,match,match,match,match,match,match,match,match,match,match,match,match
Ward3GreaterPollok_Ward3.csv,AVG,Saqib AHMED Glasgow (Lab),match,match,match,match,match,match,match,match,match,match,match,match,match,match,match,match
Ward21NorthEast_Ward21.csv,OM,Maureen BURKE Glasgow (Lab),match,match,match,match,match,match,match,match,match,match,match,match,match,match,match,match
Ward21NorthEast_Ward21.csv,PM,Maureen BURKE Glasgow (Lab),match,match,match,match,match,match,match,match,match,match,match,match,match,match,match,match
Ward21NorthEast_Ward21.csv,AVG,Maureen BURKE Glasgow (Lab),match,match,match,match,match,match,match,match,match,match,match,match,match,match,match,match
Ward9Calton_Ward9.csv,OM,Greg HEPBURN (SNP),match,match,match,match,match,match,match,match,match,match,match,match,match,match,match,match
Ward9Calton_Ward9.csv,PM,Greg HEPBURN (SNP),match,match,match,match,match,match,match,match,match,match,match,match,match,match,match,match
Ward9Calton_Ward9.csv,AVG,Greg HEPBURN (SNP),match,match,match,match,match,match,match,match,match,match,match,match,match,match,match,match
Ward5Govan_Ward5.csv,OM,Ricky BELL (SNP),no_match,match,match,match,match,match,match,match,match,match,match,match,match,match,match,match
Ward5Govan_Ward5.csv,PM,Ricky BELL (SNP),no_match,match,match,match,match,match,match,match,match,match,match,match,match,match,match,match
Ward5Govan_Ward5.csv,AVG,Ricky BELL (SNP),no_match,match,match,match,match,match,match,match,match,match,match,match,match,match,match,match
Ward11Hillhead_Ward11.csv,OM,Martha WARDROP Re-elect your (Grn) Councillor,match,match,match,match,match,match,match,match,match,match,match,match,match,match,match,match
Ward11Hillhead_Ward11.csv,PM,Martha WARDROP Re-elect your (Grn) Councillor,match,match,match,match,match,match,match,match,match,match,match,match,match,match,match,match
Ward11Hillhead_Ward11.csv,AVG,Martha WARDROP Re-elect your (Grn) Councillor,match,match,match,match,match,match,match,match,match,match,match,match,match,match,match,match
Ward10Anderston-City-Yorkhill_Ward10.csv,OM,Christy MEARNS Re-elect your (Grn) Councillor,match,no_match,match,no_match,no_match,no_match,no_match,match,match,match,match,match,match,match,match,match
Ward10Anderston-City-Yorkhill_Ward10.csv,PM,Christy MEARNS Re-elect your (Grn) Councillor,match,no_match,match,no_match,no_match,no_match,no_match,match,match,match,match,match,match,match,match,match
Ward10Anderston-City-Yorkhill_Ward10.csv,AVG,Christy MEARNS Re-elect your (Grn) Councillor,match,no_match,match,no_match,no_match,no_match,no_match,match,match,match,match,match,match,match,match,match
Ward23PartickEast-Kelvindale_Ward23.csv,OM,Jill BROWN Glasgow (Lab),match,match,match,match,match,match,match,match,match,match,match,match,match,match,match,match
Ward23PartickEast-Kelvindale_Ward23.csv,PM,Jill BROWN Glasgow (Lab),match,match,match,match,match,match,match,match,match,match,match,match,match,match,match,match
Ward23PartickEast-Kelvindale_Ward23.csv,AVG,Jill BROWN Glasgow (Lab),match,match,match,match,match,match,match,match,match,match,match,match,match,match,match,match
EastGariochWard_aberdeenshire12-12.csv,OM,Fergie HOOD (SNP),match,match,match,match,match,match,match,match,match,match,match,match,match,match,match,match
EastGariochWard_aberdeenshire12-12.csv,PM,Fergie HOOD (SNP),match,match,match,match,match,match,match,match,match,match,match,match,match,match,match,match
EastGariochWard_aberdeenshire12-12.csv,AVG,Fergie HOOD (SNP),match,match,match,match,match,match,match,match,match,match,match,match,match,match,match,match
MearnsWard_aberdeenshire12-19.csv,OM,Bill HOWATSON (LD),no_match,no_match,no_match,match,no_match,match,no_match,match,match,match,match,match,match,match,match,match
MearnsWard_aberdeenshire12-19.csv,PM,Bill HOWATSON (LD),no_match,no_match,no_match,match,no_match,match,no_match,match,match,match,match,match,match,match,match,match
MearnsWard_aberdeenshire12-19.csv,AVG,Bill HOWATSON (LD),no_match,no_match,no_match,match,no_match,match,no_match,match,match,match,match,match,match,match,match,match
EllonandDistrictWard_aberdeenshire12-09.csv,OM,Rob MERSON (SNP),match,match,match,match,match,match,match,match,match,match,match,match,match,match,match,match
EllonandDistrictWard_aberdeenshire12-09.csv,PM,Rob MERSON (SNP),match,match,match,match,match,match,match,match,match,match,match,match,match,match,match,match
EllonandDistrictWard_aberdeenshire12-09.csv,AVG,Rob MERSON (SNP),match,match,match,match,match,match,match,match,match,match,match,match,match,match,match,match
BanchoryandMidDeesideWard_aberdeenshire12-16.csv,OM,Jill WEBSTER (Con),match,match,match,match,no_match,no_match,match,match,match,match,match,match,match,no_match,no_match,match
BanchoryandMidDeesideWard_aberdeenshire12-16.csv,PM,Jill WEBSTER (Con),match,match,match,match,no_match,no_match,match,match,match,match,match,match,match,no_match,no_match,match
BanchoryandMidDeesideWard_aberdeenshire12-16.csv,AVG,Jill WEBSTER (Con),match,match,match,match,no_match,no_match,match,match,match,match,match,match,match,no_match,no_match,match
TroupWard_aberdeenshire12-02.csv,OM,Hamish PARTRIDGE (SNP),match,match,match,match,match,match,match,match,match,match,match,match,match,match,match,match
TroupWard_aberdeenshire12-02.csv,PM,Hamish PARTRIDGE (SNP),match,match,match,match,match,match,match,match,match,match,match,match,match,match,match,match
TroupWard_aberdeenshire12-02.csv,AVG,Hamish PARTRIDGE (SNP),match,match,match,match,match,match,match,match,match,match,match,match,match,match,match,match
WesthillandDistrictWard_aberdeenshire12-13.csv,OM,Amanda ALLAN (SNP),no_match,match,no_match,no_match,no_match,no_match,no_match,no_match,no_match,no_match,no_match,no_match,no_match,no_match,no_match,no_match
WesthillandDistrictWard_aberdeenshire12-13.csv,PM,Iris Margaret WALKER (LD),no_match,no_match,match,match,match,match,match,match,match,match,match,match,match,match,match,match
WesthillandDistrictWard_aberdeenshire12-13.csv,AVG,Iris Margaret WALKER (LD),no_match,no_match,match,match,match,match,match,match,match,match,match,match,match,match,match,match
AboyneUpperDeesideandDonsideWard_aberdeenshire12-15.csv,OM,Katrina FARQUHAR (Con),match,match,match,match,no_match,match,match,match,match,match,match,match,match,no_match,match,match
AboyneUpperDeesideandDonsideWard_aberdeenshire12-15.csv,PM,Katrina FARQUHAR (Con),match,match,match,match,no_match,match,match,match,match,match,match,match,match,no_match,match,match
AboyneUpperDeesideandDonsideWard_aberdeenshire12-15.csv,AVG,Katrina FARQUHAR (Con),match,match,match,match,no_match,match,match,match,match,match,match,match,match,no_match,match,match
FraserburghandDistrictWard_aberdeenshire12-03.csv,OM,Brian TOPPING (SNP),match,match,match,match,match,match,match,match,match,match,match,match,match,match,match,match
FraserburghandDistrictWard_aberdeenshire12-03.csv,PM,Brian TOPPING (SNP),match,match,match,match,match,match,match,match,match,match,match,match,match,match,match,match
FraserburghandDistrictWard_aberdeenshire12-03.csv,AVG,Brian TOPPING (SNP),match,match,match,match,match,match,match,match,match,match,match,match,match,match,match,match
WestGariochWard_aberdeenshire12-10.csv,OM,Allison GRANT (SNP),match,match,match,match,match,match,match,match,match,match,match,match,match,match,match,match
WestGariochWard_aberdeenshire12-10.csv,PM,Allison GRANT (SNP),match,match,match,match,match,match,match,match,match,match,match,match,match,match,match,match
WestGariochWard_aberdeenshire12-10.csv,AVG,Allison GRANT (SNP),match,match,match,match,match,match,match,match,match,match,match,match,match,match,match,match
TurriffandDistrictWard_aberdeenshire12-07.csv,OM,Sandy DUNCAN (SNP),match,match,match,match,match,match,match,match,match,match,match,match,match,match,match,match
TurriffandDistrictWard_aberdeenshire12-07.csv,PM,Sandy DUNCAN (SNP),match,match,match,match,match,match,match,match,match,match,match,match,match,match,match,match
TurriffandDistrictWard_aberdeenshire12-07.csv,AVG,Sandy DUNCAN (SNP),match,match,match,match,match,match,match,match,match,match,match,match,match,match,match,match
HuntlyStrathbogieandHoweofAlfordWard_aberdeenshire12-14.csv,OM,Joanna STRATHDEE (SNP),no_match,match,match,match,match,match,match,match,match,match,match,match,match,match,match,match
HuntlyStrathbogieandHoweofAlfordWard_aberdeenshire12-14.csv,PM,Joanna STRATHDEE (SNP),no_match,match,match,match,match,match,match,match,match,match,match,match,match,match,match,match
HuntlyStrathbogieandHoweofAlfordWard_aberdeenshire12-14.csv,AVG,Joanna STRATHDEE (SNP),no_match,match,match,match,match,match,match,match,match,match,match,match,match,match,match,match
InverurieandDistrictWard_aberdeenshire12-11.csv,OM,Bryan STUART (SNP),match,match,match,match,match,match,match,match,match,match,match,match,match,no_match,no_match,match
InverurieandDistrictWard_aberdeenshire12-11.csv,PM,Bryan STUART (SNP),match,match,match,match,match,match,match,match,match,match,match,match,match,no_match,no_match,match
InverurieandDistrictWard_aberdeenshire12-11.csv,AVG,Bryan STUART (SNP),match,match,match,match,match,match,match,match,match,match,match,match,match,no_match,no_match,match
PeterheadSouthandCrudenWard_aberdeenshire12-06.csv,OM,Stephen William SMITH (SNP),match,match,match,match,match,match,match,match,match,match,match,match,match,match,match,match
PeterheadSouthandCrudenWard_aberdeenshire12-06.csv,PM,Stephen William SMITH (SNP),match,match,match,match,match,match,match,match,match,match,match,match,match,match,match,match
PeterheadSouthandCrudenWard_aberdeenshire12-06.csv,AVG,Stephen William SMITH (SNP),match,match,match,match,match,match,match,match,match,match,match,match,match,match,match,match
MidFormartineWard_aberdeenshire12-08.csv,OM,Allan HENDRY (SNP),match,match,match,match,match,match,match,match,match,match,match,match,match,match,match,match
MidFormartineWard_aberdeenshire12-08.csv,PM,Allan HENDRY (SNP),match,match,match,match,match,match,match,match,match,match,match,match,match,match,match,match
MidFormartineWard_aberdeenshire12-08.csv,AVG,Allan HENDRY (SNP),match,match,match,match,match,match,match,match,match,match,match,match,match,match,match,match
BanffandDistrictWard_aberdeenshire12-01.csv,OM,John B COX (SNP),match,match,match,match,match,match,match,match,match,match,match,match,match,no_match,no_match,match
BanffandDistrictWard_aberdeenshire12-01.csv,PM,John B COX (SNP),match,match,match,match,match,match,match,match,match,match,match,match,match,no_match,no_match,match
BanffandDistrictWard_aberdeenshire12-01.csv,AVG,John B COX (SNP),match,match,match,match,match,match,match,match,match,match,match,match,match,no_match,no_match,match
StonehavenandLowerDeesideWard_aberdeenshire12-18.csv,OM,Wendy AGNEW (Con),match,match,match,match,match,match,match,match,match,match,match,match,match,match,match,match
StonehavenandLowerDeesideWard_aberdeenshire12-18.csv,PM,Wendy AGNEW (Con),match,match,match,match,match,match,match,match,match,match,match,match,match,match,match,match
StonehavenandLowerDeesideWard_aberdeenshire12-18.csv,AVG,Wendy AGNEW (Con),match,match,match,match,match,match,match,match,match,match,match,match,match,match,match,match
CentralBuchanWard_aberdeenshire12-04.csv,OM,Jim INGRAM (SNP),match,match,match,match,match,match,match,match,match,match,match,match,match,match,match,match
CentralBuchanWard_aberdeenshire12-04.csv,PM,Jim INGRAM (SNP),match,match,match,match,match,match,match,match,match,match,match,match,match,match,match,match
CentralBuchanWard_aberdeenshire12-04.csv,AVG,Jim INGRAM (SNP),match,match,match,match,match,match,match,match,match,match,match,match,match,match,match,match
PeterheadNorthandRattrayWard_aberdeenshire12-05.csv,OM,Anne ALLAN (SNP),match,match,match,match,match,match,match,match,match,match,match,match,match,match,match,match
PeterheadNorthandRattrayWard_aberdeenshire12-05.csv,PM,Anne ALLAN (SNP),match,match,match,match,match,match,match,match,match,match,match,match,match,match,match,match
PeterheadNorthandRattrayWard_aberdeenshire12-05.csv,AVG,Anne ALLAN (SNP),match,match,match,match,match,match,match,match,match,match,match,match,match,match,match,match
NorthKincardineWard_aberdeenshire12-17.csv,OM,Alastair BEWS (SNP),match,match,match,match,match,match,match,match,match,match,match,match,match,match,match,match
NorthKincardineWard_aberdeenshire12-17.csv,PM,Alastair BEWS (SNP),match,match,match,match,match,match,match,match,match,match,match,match,match,match,match,match
NorthKincardineWard_aberdeenshire12-17.csv,AVG,Alastair BEWS (SNP),match,match,match,match,match,match,match,match,match,match,match,match,match,match,match,match
"Ward10-Hawick&Denholm_sc borders,2022,ward 10.csv",OM,Stuart MARSHALL (Ind),match,match,match,match,match,match,match,match,match,match,match,match,match,match,match,match
"Ward10-Hawick&Denholm_sc borders,2022,ward 10.csv",PM,Stuart MARSHALL (Ind),match,match,match,match,match,match,match,match,match,match,match,match,match,match,match,match
"Ward10-Hawick&Denholm_sc borders,2022,ward 10.csv",AVG,Stuart MARSHALL (Ind),match,match,match,match,match,match,match,match,match,match,match,match,match,match,match,match
"Ward2-TweeddaleEast_sc borders,2022,ward 2.csv",OM,Robin TATLER (Ind),no_match,match,no_match,match,no_match,match,no_match,match,match,match,match,match,match,match,match,match
"Ward2-TweeddaleEast_sc borders,2022,ward 2.csv",PM,Robin TATLER (Ind),no_match,match,no_match,match,no_match,match,no_match,match,match,match,match,match,match,match,match,match
"Ward2-TweeddaleEast_sc borders,2022,ward 2.csv",AVG,Robin TATLER (Ind),no_match,match,no_match,match,no_match,match,no_match,match,match,match,match,match,match,match,match,match
"Ward8-Kelso&District_sc borders,2022,ward 8.csv",OM,Tom WEATHERSTON (Con),no_match,no_match,no_match,no_match,no_match,no_match,no_match,no_match,no_match,no_match,no_match,no_match,no_match,match,no_match,no_match
"Ward8-Kelso&District_sc borders,2022,ward 8.csv",PM,Euan Macfarlane ROBSON (LD),match,match,match,match,match,match,match,match,match,match,match,match,match,no_match,match,match
"Ward8-Kelso&District_sc borders,2022,ward 8.csv",AVG,Euan Macfarlane ROBSON (LD),match,match,match,match,match,match,match,match,match,match,match,match,match,no_match,match,match
"Ward9-Jedburgh&District_sc borders,2022,ward 9.csv",OM,Scott HAMILTON (Con),match,match,match,match,match,match,match,match,match,match,match,match,match,match,match,match
"Ward9-Jedburgh&District_sc borders,2022,ward 9.csv",PM,Scott HAMILTON (Con),match,match,match,match,match,match,match,match,match,match,match,match,match,match,match,match
"Ward9-Jedburgh&District_sc borders,2022,ward 9.csv",AVG,Scott HAMILTON (Con),match,match,match,match,match,match,match,match,match,match,match,match,match,match,match,match
"Ward4-Selkirkshire_sc borders,2022,ward 4.csv",OM,Caroline COCHRANE (Ind),match,match,match,match,match,match,match,match,match,match,match,match,match,match,match,match
"Ward4-Selkirkshire_sc borders,2022,ward 4.csv",PM,Caroline COCHRANE (Ind),match,match,match,match,match,match,match,match,match,match,match,match,match,match,match,match
"Ward4-Selkirkshire_sc borders,2022,ward 4.csv",AVG,Caroline COCHRANE (Ind),match,match,match,match,match,match,match,match,match,match,match,match,match,match,match,match
"Ward1-TweeddaleWest_sc borders,2022,ward 1.csv",OM,Drummond BEGG (LD),no_match,match,match,match,match,match,match,match,match,match,match,match,match,match,match,match
"Ward1-TweeddaleWest_sc borders,2022,ward 1.csv",PM,Drummond BEGG (LD),no_match,match,match,match,match,match,match,match,match,match,match,match,match,match,match,match
"Ward1-TweeddaleWest_sc borders,2022,ward 1.csv",AVG,Drummond BEGG (LD),no_match,match,match,match,match,match,match,match,match,match,match,match,match,match,match,match
"Ward3-Galashiels&District_sc borders,2022,ward 3.csv",OM,Fay SINCLAIR (SNP),match,match,match,match,match,match,match,match,match,match,match,match,match,match,match,match
"Ward3-Galashiels&District_sc borders,2022,ward 3.csv",PM,Fay SINCLAIR (SNP),match,match,match,match,match,match,match,match,match,match,match,match,match,match,match,match
"Ward3-Galashiels&District_sc borders,2022,ward 3.csv",AVG,Fay SINCLAIR (SNP),match,match,match,match,match,match,match,match,match,match,match,match,match,match,match,match
"Ward6-MidBerwickshire_sc borders,2022,ward 6.csv",OM,John GREENWELL (Con),match,match,match,match,match,match,match,match,match,match,match,match,match,match,match,match
"Ward6-MidBerwickshire_sc borders,2022,ward 6.csv",PM,John GREENWELL (Con),match,match,match,match,match,match,match,match,match,match,match,match,match,match,match,match
"Ward6-MidBerwickshire_sc borders,2022,ward 6.csv",AVG,John GREENWELL (Con),match,match,match,match,match,match,match,match,match,match,match,match,match,match,match,match
"Ward5-Leaderdale&Melrose_sc borders,2022,ward 5.csv",OM,David PARKER (Ind),match,match,match,match,match,match,match,match,match,match,match,match,match,match,match,match
"Ward5-Leaderdale&Melrose_sc borders,2022,ward 5.csv",PM,David PARKER (Ind),match,match,match,match,match,match,match,match,match,match,match,match,match,match,match,match
"Ward5-Leaderdale&Melrose_sc borders,2022,ward 5.csv",AVG,David PARKER (Ind),match,match,match,match,match,match,match,match,match,match,match,match,match,match,match,match
"Ward11-Hawick&Hermitage_sc borders,2022,ward 11.csv",OM,Watson MCATEER (Ind),match,match,match,match,match,match,match,match,match,match,match,match,match,match,match,match
"Ward11-Hawick&Hermitage_sc borders,2022,ward 11.csv",PM,Watson MCATEER (Ind),match,match,match,match,match,match,match,match,match,match,match,match,match,match,match,match
"Ward11-Hawick&Hermitage_sc borders,2022,ward 11.csv",AVG,Watson MCATEER (Ind),match,match,match,match,match,match,match,match,match,match,match,match,match,match,match,match
"Ward7-EastBerwickshire_sc borders,2022,ward 7.csv",OM,Carol HAMILTON (Con),match,match,match,match,match,match,match,match,match,match,match,match,match,match,match,match
"Ward7-EastBerwickshire_sc borders,2022,ward 7.csv",PM,Carol HAMILTON (Con),match,match,match,match,match,match,match,match,match,match,match,match,match,match,match,match
"Ward7-EastBerwickshire_sc borders,2022,ward 7.csv",AVG,Carol HAMILTON (Con),match,match,match,match,match,match,match,match,match,match,match,match,match,match,match,match
InverclydeWest_inverclyde17-05.csv,OM,Ronald AHLFELD (Ind),match,match,match,match,match,match,match,match,match,match,match,match,match,match,match,match
InverclydeWest_inverclyde17-05.csv,PM,Ronald AHLFELD (Ind),match,match,match,match,match,match,match,match,match,match,match,match,match,match,match,match
InverclydeWest_inverclyde17-05.csv,AVG,Ronald AHLFELD (Ind),match,match,match,match,match,match,match,match,match,match,match,match,match,match,match,match
InverclydeSouth_inverclyde17-07.csv,OM,John CROWTHER (SNP),match,match,match,match,match,match,match,match,match,match,match,match,match,no_match,no_match,match
InverclydeSouth_inverclyde17-07.csv,PM,John CROWTHER (SNP),match,match,match,match,match,match,match,match,match,match,match,match,match,no_match,no_match,match
InverclydeSouth_inverclyde17-07.csv,AVG,John CROWTHER (SNP),match,match,match,match,match,match,match,match,match,match,match,match,match,no_match,no_match,match
InverclydeEastCentral_inverclyde17-02.csv,OM,Robert MORAN (Lab),match,match,match,match,no_match,match,match,match,match,match,match,match,match,match,match,match
InverclydeEastCentral_inverclyde17-02.csv,PM,Robert MORAN (Lab),match,match,match,match,no_match,match,match,match,match,match,match,match,match,match,match,match
InverclydeEastCentral_inverclyde17-02.csv,AVG,Robert MORAN (Lab),match,match,match,match,no_match,match,match,match,match,match,match,match,match,match,match,match
InverclydeSouthWest_inverclyde17-06.csv,OM,Innes NELSON (SNP),match,match,match,match,match,match,match,match,match,match,match,match,match,no_match,no_match,match
InverclydeSouthWest_inverclyde17-06.csv,PM,Innes NELSON (SNP),match,match,match,match,match,match,match,match,match,match,match,match,match,no_match,no_match,match
InverclydeSouthWest_inverclyde17-06.csv,AVG,Innes NELSON (SNP),match,match,match,match,match,match,match,match,match,match,match,match,match,no_match,no_match,match
InverclydeEast_inverclyde17-01.csv,OM,David WILSON (Con),match,match,match,match,match,match,match,match,match,match,match,match,match,match,match,match
InverclydeEast_inverclyde17-01.csv,PM,David WILSON (Con),match,match,match,match,match,match,match,match,match,match,match,match,match,match,match,match
InverclydeEast_inverclyde17-01.csv,AVG,David WILSON (Con),match,match,match,match,match,match,match,match,match,match,match,match,match,match,match,match
InverclydeNorth_inverclyde17-04.csv,OM,Martin BRENNAN (Lab),match,match,match,match,match,match,match,match,match,match,match,match,match,match,match,match
InverclydeNorth_inverclyde17-04.csv,PM,Martin BRENNAN (Lab),match,match,match,match,match,match,match,match,match,match,match,match,match,match,match,match
InverclydeNorth_inverclyde17-04.csv,AVG,Martin BRENNAN (Lab),match,match,match,match,match,match,match,match,match,match,match,match,match,match,match,match
InverclydeCentral_inverclyde17-03.csv,OM,Michael MCCORMICK (Lab),no_match,match,match,match,match,match,match,match,match,match,match,match,match,match,match,match
InverclydeCentral_inverclyde17-03.csv,PM,Michael MCCORMICK (Lab),no_match,match,match,match,match,match,match,match,match,match,match,match,match,match,match,match
InverclydeCentral_inverclyde17-03.csv,AVG,Michael MCCORMICK (Lab),no_match,match,match,match,match,match,match,match,match,match,match,match,match,match,match,match
NorthIsles_orkney12-06.csv,OM,Stephen HAGAN (Ind),match,match,match,match,match,match,match,match,match,match,match,match,match,match,match,match
NorthIsles_orkney12-06.csv,PM,Stephen HAGAN (Ind),match,match,match,match,match,match,match,match,match,match,match,match,match,match,match,match
NorthIsles_orkney12-06.csv,AVG,Stephen HAGAN (Ind),match,match,match,match,match,match,match,match,match,match,match,match,match,match,match,match
KirkwallEast_orkney12-01.csv,OM,Janice ANNAL (Ind),match,match,match,match,match,match,match,match,match,match,match,match,match,match,match,match
KirkwallEast_orkney12-01.csv,PM,Janice ANNAL (Ind),match,match,match,match,match,match,match,match,match,match,match,match,match,match,match,match
KirkwallEast_orkney12-01.csv,AVG,Janice ANNAL (Ind),match,match,match,match,match,match,match,match,match,match,match,match,match,match,match,match
KirkwallWestandOrphir_orkney12-02.csv,OM,Jack MOODIE (Ind),match,match,match,match,match,match,match,match,match,match,match,match,match,match,match,match
KirkwallWestandOrphir_orkney12-02.csv,PM,Jack MOODIE (Ind),match,match,match,match,match,match,match,match,match,match,match,match,match,match,match,match
KirkwallWestandOrphir_orkney12-02.csv,AVG,Jack MOODIE (Ind),match,match,match,match,match,match,match,match,match,match,match,match,match,match,match,match
WestMainland_orkney12-04.csv,OM,Harvey JOHNSTON (Ind),match,match,match,match,match,match,match,match,match,match,match,match,match,match,match,match
WestMainland_orkney12-04.csv,PM,Harvey JOHNSTON (Ind),match,match,match,match,match,match,match,match,match,match,match,match,match,match,match,match
WestMainland_orkney12-04.csv,AVG,Harvey JOHNSTON (Ind),match,match,match,match,match,match,match,match,match,match,match,match,match,match,match,match
"EastMainland,SouthRonaldsayandBurray_orkney12-05.csv",OM,Russ MADGE (Ind),match,match,match,match,match,match,match,match,match,match,match,match,match,match,match,match
"EastMainland,SouthRonaldsayandBurray_orkney12-05.csv",PM,Russ MADGE (Ind),match,match,match,match,match,match,match,match,match,match,match,match,match,match,match,match
"EastMainland,SouthRonaldsayandBurray_orkney12-05.csv",AVG,Russ MADGE (Ind),match,match,match,match,match,match,match,match,match,match,match,match,match,match,match,match
StromnessandSouthIsles_orkney12-03.csv,OM,James STOCKAN (Ind),match,match,match,match,match,match,match,match,match,match,match,match,match,match,match,match
StromnessandSouthIsles_orkney12-03.csv,PM,James STOCKAN (Ind),match,match,match,match,match,match,match,match,match,match,match,match,match,match,match,match
StromnessandSouthIsles_orkney12-03.csv,AVG,James STOCKAN (Ind),match,match,match,match,match,match,match,match,match,match,match,match,match,match,match,match
Ward3-TranentWallyfordandMacmerry_Ward3.csv,OM,Fiona DUGDALE (Lab),match,match,match,match,match,match,match,match,match,match,match,match,match,match,match,match
Ward3-TranentWallyfordandMacmerry_Ward3.csv,PM,Fiona DUGDALE (Lab),match,match,match,match,match,match,match,match,match,match,match,match,match,match,match,match
Ward3-TranentWallyfordandMacmerry_Ward3.csv,AVG,Fiona DUGDALE (Lab),match,match,match,match,match,match,match,match,match,match,match,match,match,match,match,match
Ward2-PrestonSetonandGosford_Ward2.csv,OM,Colin YORKSTON (Lab),match,match,match,match,match,match,match,match,match,match,match,match,match,no_match,match,match
Ward2-PrestonSetonandGosford_Ward2.csv,PM,Colin YORKSTON (Lab),match,match,match,match,match,match,match,match,match,match,match,match,match,no_match,match,match
Ward2-PrestonSetonandGosford_Ward2.csv,AVG,Colin YORKSTON (Lab),match,match,match,match,match,match,match,match,match,match,match,match,match,no_match,match,match
Ward6-DunbarandEastLinton_Ward6.csv,OM,Norman HAMPSHIRE (Lab),no_match,match,match,match,match,match,match,match,match,match,match,match,match,match,match,match
Ward6-DunbarandEastLinton_Ward6.csv,PM,Norman HAMPSHIRE (Lab),no_match,match,match,match,match,match,match,match,match,match,match,match,match,match,match,match
Ward6-DunbarandEastLinton_Ward6.csv,AVG,Norman HAMPSHIRE (Lab),no_match,match,match,match,match,match,match,match,match,match,match,match,match,match,match,match
Ward4-NorthBerwickCoastal_Ward4.csv,OM,Jeremy FINDLAY (Con),no_match,no_match,no_match,no_match,no_match,no_match,no_match,no_match,no_match,no_match,no_match,no_match,no_match,no_match,no_match,no_match
Ward4-NorthBerwickCoastal_Ward4.csv,PM,Carol MCFARLANE (Lab),match,match,match,match,match,match,match,match,match,match,match,match,match,match,match,match
Ward4-NorthBerwickCoastal_Ward4.csv,AVG,Carol MCFARLANE (Lab),match,match,match,match,match,match,match,match,match,match,match,match,match,match,match,match
Ward5-HaddingtonandLammermuir_Ward5.csv,OM,Shamin AKHTAR (Lab),no_match,match,match,match,match,match,match,match,match,match,match,match,match,no_match,no_match,match
Ward5-HaddingtonandLammermuir_Ward5.csv,PM,Shamin AKHTAR (Lab),no_match,match,match,match,match,match,match,match,match,match,match,match,match,no_match,no_match,match
Ward5-HaddingtonandLammermuir_Ward5.csv,AVG,Shamin AKHTAR (Lab),no_match,match,match,match,match,match,match,match,match,match,match,match,match,no_match,no_match,match
Ward1-Musselburgh_Ward1.csv,OM,Cher CASSINI (SNP),match,match,match,no_match,match,match,match,match,match,match,match,match,match,no_match,no_match,match
Ward1-Musselburgh_Ward1.csv,PM,Cher CASSINI (SNP),match,match,match,no_match,match,match,match,match,match,match,match,match,match,no_match,no_match,match
Ward1-Musselburgh_Ward1.csv,AVG,Cher CASSINI (SNP),match,match,match,no_match,match,match,match,match,match,match,match,match,match,no_match,no_match,match
Ward4-AyrEast_s-ayrshire12-04.csv,OM,Ian DOUGLAS (SNP),match,match,match,match,match,match,match,match,match,match,match,match,match,match,match,match
Ward4-AyrEast_s-ayrshire12-04.csv,PM,Ian DOUGLAS (SNP),match,match,match,match,match,match,match,match,match,match,match,match,match,match,match,match
Ward4-AyrEast_s-ayrshire12-04.csv,AVG,Ian DOUGLAS (SNP),match,match,match,match,match,match,match,match,match,match,match,match,match,match,match,match
Ward3-AyrNorth_s-ayrshire12-03.csv,OM,Ian CAVANA (Lab),match,match,match,match,match,match,match,match,match,match,match,match,match,match,match,match
Ward3-AyrNorth_s-ayrshire12-03.csv,PM,Ian CAVANA (Lab),match,match,match,match,match,match,match,match,match,match,match,match,match,match,match,match
Ward3-AyrNorth_s-ayrshire12-03.csv,AVG,Ian CAVANA (Lab),match,match,match,match,match,match,match,match,match,match,match,match,match,match,match,match
Ward2-Prestwick_s-ayrshire12-02.csv,OM,Hugh HUNTER (Con),no_match,match,no_match,match,no_match,no_match,no_match,match,match,match,match,match,match,match,match,match
Ward2-Prestwick_s-ayrshire12-02.csv,PM,Hugh HUNTER (Con),no_match,match,no_match,match,no_match,no_match,no_match,match,match,match,match,match,match,match,match,match
Ward2-Prestwick_s-ayrshire12-02.csv,AVG,Hugh HUNTER (Con),no_match,match,no_match,match,no_match,no_match,no_match,match,match,match,match,match,match,match,match,match
Ward6-Kyle_s-ayrshire12-06.csv,OM,Andy CAMPBELL (Lab),match,match,match,match,match,match,match,match,match,match,match,match,match,match,match,match
Ward6-Kyle_s-ayrshire12-06.csv,PM,Andy CAMPBELL (Lab),match,match,match,match,match,match,match,match,match,match,match,match,match,match,match,match
Ward6-Kyle_s-ayrshire12-06.csv,AVG,Andy CAMPBELL (Lab),match,match,match,match,match,match,match,match,match,match,match,match,match,match,match,match
Ward1-Troon_s-ayrshire12-01.csv,OM,Peter CONVERY (Con),match,match,match,match,match,match,match,match,match,match,match,match,match,match,match,match
Ward1-Troon_s-ayrshire12-01.csv,PM,Peter CONVERY (Con),match,match,match,match,match,match,match,match,match,match,match,match,match,match,match,match
Ward1-Troon_s-ayrshire12-01.csv,AVG,Peter CONVERY (Con),match,match,match,match,match,match,match,match,match,match,match,match,match,match,match,match
Ward7-MayboleNorthCarrickandCoylton_s-ayrshire12-07.csv,OM,Brian CONNOLLY (Ind),match,match,match,match,match,match,match,match,match,match,match,match,match,match,match,match
Ward7-MayboleNorthCarrickandCoylton_s-ayrshire12-07.csv,PM,Brian CONNOLLY (Ind),match,match,match,match,match,match,match,match,match,match,match,match,match,match,match,match
Ward7-MayboleNorthCarrickandCoylton_s-ayrshire12-07.csv,AVG,Brian CONNOLLY (Ind),match,match,match,match,match,match,match,match,match,match,match,match,match,match,match,match
Ward5-AyrWest_s-ayrshire12-05.csv,OM,Bill GRANT (Con),match,match,match,match,match,match,match,match,match,match,match,match,match,match,match,match
Ward5-AyrWest_s-ayrshire12-05.csv,PM,Bill GRANT (Con),match,match,match,match,match,match,match,match,match,match,match,match,match,match,match,match
Ward5-AyrWest_s-ayrshire12-05.csv,AVG,Bill GRANT (Con),match,match,match,match,match,match,match,match,match,match,match,match,match,match,match,match
Ward8-GirvanandSouthCarrick_s-ayrshire12-08.csv,OM,Alec CLARK (Ind),match,match,match,match,match,match,match,match,match,match,match,match,match,match,match,match
Ward8-GirvanandSouthCarrick_s-ayrshire12-08.csv,PM,Alec CLARK (Ind),match,match,match,match,match,match,match,match,match,match,match,match,match,match,match,match
Ward8-GirvanandSouthCarrick_s-ayrshire12-08.csv,AVG,Alec CLARK (Ind),match,match,match,match,match,match,match,match,match,match,match,match,match,match,match,match
KirkintillochEastandNorthandTwechar_e-duns17-07.csv,OM,John JAMIESON (SNP),match,match,match,match,match,match,match,match,match,match,match,match,match,no_match,no_match,match
KirkintillochEastandNorthandTwechar_e-duns17-07.csv,PM,John JAMIESON (SNP),match,match,match,match,match,match,match,match,match,match,match,match,match,no_match,no_match,match
KirkintillochEastandNorthandTwechar_e-duns17-07.csv,AVG,TIED,no_match,no_match,no_match,no_match,no_match,no_match,no_match,no_match,no_match,no_match,no_match,no_match,no_match,no_match,no_match,no_match
Milngavie_e-duns17-01.csv,OM,Jim GOODALL (LD),no_match,match,match,match,match,match,match,match,match,match,match,match,match,match,match,match
Milngavie_e-duns17-01.csv,PM,Jim GOODALL (LD),no_match,match,match,match,match,match,match,match,match,match,match,match,match,match,match,match
Milngavie_e-duns17-01.csv,AVG,Jim GOODALL (LD),no_match,match,match,match,match,match,match,match,match,match,match,match,match,match,match,match
LenzieandKirkintillochSouth_e-duns17-06.csv,OM,Rod ACKLAND (LD),no_match,no_match,no_match,no_match,no_match,no_match,no_match,no_match,no_match,no_match,no_match,no_match,no_match,match,match,no_match
LenzieandKirkintillochSouth_e-duns17-06.csv,PM,Gillian RENWICK (SNP),no_match,match,match,match,match,match,match,match,match,match,match,match,match,no_match,no_match,match
LenzieandKirkintillochSouth_e-duns17-06.csv,AVG,Gillian RENWICK (SNP),no_match,match,match,match,match,match,match,match,match,match,match,match,match,no_match,no_match,match
BishopbriggsSouth_e-duns17-05.csv,OM,Alan MOIR (Lab),no_match,match,no_match,match,no_match,no_match,no_match,match,match,match,match,match,match,match,match,match
BishopbriggsSouth_e-duns17-05.csv,PM,Alan MOIR (Lab),no_match,match,no_match,match,no_match,no_match,no_match,match,match,match,match,match,match,match,match,match
BishopbriggsSouth_e-duns17-05.csv,AVG,Alan MOIR (Lab),no_match,match,no_match,match,no_match,no_match,no_match,match,match,match,match,match,match,match,match,match
BearsdenNorth_e-duns17-02.csv,OM,Duncan CUMMING (Ind),match,match,match,match,match,match,match,match,match,match,match,match,match,match,match,match
BearsdenNorth_e-duns17-02.csv,PM,Duncan CUMMING (Ind),match,match,match,match,match,match,match,match,match,match,match,match,match,match,match,match
BearsdenNorth_e-duns17-02.csv,AVG,Duncan CUMMING (Ind),match,match,match,match,match,match,match,match,match,match,match,match,match,match,match,match
BearsdenSouth_e-duns17-03.csv,OM,Vaughan MOODY (LD),no_match,match,match,match,match,match,match,match,match,match,match,match,match,match,match,match
BearsdenSouth_e-duns17-03.csv,PM,Vaughan MOODY (LD),no_match,match,match,match,match,match,match,match,match,match,match,match,match,match,match,match
BearsdenSouth_e-duns17-03.csv,AVG,Vaughan MOODY (LD),no_match,match,match,match,match,match,match,match,match,match,match,match,match,match,match,match
BishopbriggsNorthandCampsie_e-duns17-04.csv,OM,Paul FERRETTI (SNP),no_match,match,match,no_match,match,match,no_match,match,match,match,match,match,match,no_match,no_match,match
BishopbriggsNorthandCampsie_e-duns17-04.csv,PM,Paul FERRETTI (SNP),no_match,match,match,no_match,match,match,no_match,match,match,match,match,match,match,no_match,no_match,match
BishopbriggsNorthandCampsie_e-duns17-04.csv,AVG,Paul FERRETTI (SNP),no_match,match,match,no_match,match,match,no_match,match,match,match,match,match,match,no_match,no_match,match
ForfarandDistrict_angus17-03.csv,OM,Colin BROWN (Ind),no_match,match,match,match,match,match,match,match,match,match,match,match,match,match,match,match
ForfarandDistrict_angus17-03.csv,PM,Colin BROWN (Ind),no_match,match,match,match,match,match,match,match,match,match,match,match,match,match,match,match
ForfarandDistrict_angus17-03.csv,AVG,Colin BROWN (Ind),no_match,match,match,match,match,match,match,match,match,match,match,match,match,match,match,match
MontroseandDistrict_angus17-08.csv,OM,Mark SALMOND (Ind),no_match,no_match,no_match,match,match,match,no_match,match,match,match,match,match,match,match,match,match
MontroseandDistrict_angus17-08.csv,PM,Ron STURROCK (Con),match,match,match,no_match,no_match,no_match,match,no_match,no_match,no_match,no_match,no_match,no_match,no_match,no_match,no_match
MontroseandDistrict_angus17-08.csv,AVG,Mark SALMOND (Ind),no_match,no_match,no_match,match,match,match,no_match,match,match,match,match,match,match,match,match,match
CarnoustieandDistrict_angus17-05.csv,OM,Brian David BOYD (Ind),no_match,match,match,no_match,no_match,no_match,no_match,match,match,match,match,match,match,no_match,no_match,match
CarnoustieandDistrict_angus17-05.csv,PM,Brian David BOYD (Ind),no_match,match,match,no_match,no_match,no_match,no_match,match,match,match,match,match,match,no_match,no_match,match
CarnoustieandDistrict_angus17-05.csv,AVG,Brian David BOYD (Ind),no_match,match,match,no_match,no_match,no_match,no_match,match,match,match,match,match,match,no_match,no_match,match
ArbroathEastandLunan_angus17-07.csv,OM,Lois SPEED (Ind),no_match,match,no_match,match,match,match,match,match,match,match,match,match,match,match,match,match
ArbroathEastandLunan_angus17-07.csv,PM,Lois SPEED (Ind),no_match,match,no_match,match,match,match,match,match,match,match,match,match,match,match,match,match
ArbroathEastandLunan_angus17-07.csv,AVG,Lois SPEED (Ind),no_match,match,no_match,match,match,match,match,match,match,match,match,match,match,match,match,match
MonifiethandSidlaw_angus17-04.csv,OM,Craig FOTHERINGHAM (Con),match,match,match,match,match,match,match,match,match,match,match,match,match,match,match,match
MonifiethandSidlaw_angus17-04.csv,PM,Craig FOTHERINGHAM (Con),match,match,match,match,match,match,match,match,match,match,match,match,match,match,match,match
MonifiethandSidlaw_angus17-04.csv,AVG,Craig FOTHERINGHAM (Con),match,match,match,match,match,match,match,match,match,match,match,match,match,match,match,match
"ArbroathWest,LethamandFriockheim_angus17-06.csv",OM,David LUMGAIR (Con),match,match,match,match,match,match,match,match,match,match,match,match,match,match,match,match
"ArbroathWest,LethamandFriockheim_angus17-06.csv",PM,David LUMGAIR (Con),match,match,match,match,match,match,match,match,match,match,match,match,match,match,match,match
"ArbroathWest,LethamandFriockheim_angus17-06.csv",AVG,David LUMGAIR (Con),match,match,match,match,match,match,match,match,match,match,match,match,match,match,match,match
KirriemuirandDean_angus17-01.csv,OM,Ronnie PROCTOR (Con),match,match,match,match,match,match,match,match,match,match,match,match,match,match,match,match
KirriemuirandDean_angus17-01.csv,PM,Ronnie PROCTOR (Con),match,match,match,match,match,match,match,match,match,match,match,match,match,match,match,match
KirriemuirandDean_angus17-01.csv,AVG,Ronnie PROCTOR (Con),match,match,match,match,match,match,match,match,match,match,match,match,match,match,match,match
BrechinandEdzell_angus17-02.csv,OM,Bob MYLES (Ind),no_match,match,match,match,match,match,match,match,match,match,match,match,match,match,match,match
BrechinandEdzell_angus17-02.csv,PM,Bob MYLES (Ind),no_match,match,match,match,match,match,match,match,match,match,match,match,match,match,match,match
BrechinandEdzell_angus17-02.csv,AVG,Bob MYLES (Ind),no_match,match,match,match,match,match,match,match,match,match,match,match,match,match,match,match
3_dalkeith_preference_profile_open_from_within_ms_word_or_similar.csv,OM,Stephen CURRAN (Lab),match,match,match,match,match,match,match,match,match,match,match,match,match,match,no_match,match
3_dalkeith_preference_profile_open_from_within_ms_word_or_similar.csv,PM,Stephen CURRAN (Lab),match,match,match,match,match,match,match,match,match,match,match,match,match,match,no_match,match
3_dalkeith_preference_profile_open_from_within_ms_word_or_similar.csv,AVG,Stephen CURRAN (Lab),match,match,match,match,match,match,match,match,match,match,match,match,match,match,no_match,match
east_preference_profile_open_from_within_ms_word_or_similar.csv,OM,Bryan POTTINGER (Lab),match,match,match,match,match,match,match,match,match,match,match,match,match,match,match,match
east_preference_profile_open_from_within_ms_word_or_similar.csv,PM,Bryan POTTINGER (Lab),match,match,match,match,match,match,match,match,match,match,match,match,match,match,match,match
east_preference_profile_open_from_within_ms_word_or_similar.csv,AVG,Bryan POTTINGER (Lab),match,match,match,match,match,match,match,match,match,match,match,match,match,match,match,match
2_bonnyrigg_preference_profile_open_from_within_ms_word_or_similar.csv,OM,Derek MILLIGAN (Lab),match,match,match,match,match,match,match,match,match,match,match,match,match,match,match,match
2_bonnyrigg_preference_profile_open_from_within_ms_word_or_similar.csv,PM,Derek MILLIGAN (Lab),match,match,match,match,match,match,match,match,match,match,match,match,match,match,match,match
2_bonnyrigg_preference_profile_open_from_within_ms_word_or_similar.csv,AVG,Derek MILLIGAN (Lab),match,match,match,match,match,match,match,match,match,match,match,match,match,match,match,match
1_penicuik_preference_profile_open_from_within_ms_word_or_similar.csv,OM,Debbi MCCALL (SNP),match,match,match,match,match,match,match,match,match,match,match,match,match,match,match,match
1_penicuik_preference_profile_open_from_within_ms_word_or_similar.csv,PM,Debbi MCCALL (SNP),match,match,match,match,match,match,match,match,match,match,match,match,match,match,match,match
1_penicuik_preference_profile_open_from_within_ms_word_or_similar.csv,AVG,Debbi MCCALL (SNP),match,match,match,match,match,match,match,match,match,match,match,match,match,match,match,match
west_preference_profile_open_from_within_ms_word_or_similar.csv,OM,Kelly PARRY (SNP),no_match,no_match,no_match,no_match,no_match,no_match,no_match,no_match,no_match,no_match,no_match,no_match,no_match,no_match,no_match,no_match
west_preference_profile_open_from_within_ms_word_or_similar.csv,PM,Russell IMRIE (Labour and Co-operative Party),match,match,match,match,match,match,match,match,match,match,match,match,match,match,match,match
west_preference_profile_open_from_within_ms_word_or_similar.csv,AVG,Russell IMRIE (Labour and Co-operative Party),match,match,match,match,match,match,match,match,match,match,match,match,match,match,match,match
dalkeith_preference_profile_open_from_within_ms_word_or_similar.csv,OM,Ellen SCOTT (SNP),no_match,no_match,no_match,no_match,no_match,no_match,no_match,no_match,no_match,no_match,no_match,no_match,no_match,no_match,no_match,no_match
dalkeith_preference_profile_open_from_within_ms_word_or_similar.csv,PM,Kelly DRUMMOND (Lab),match,match,match,match,match,match,match,match,match,match,match,match,match,match,match,match
dalkeith_preference_profile_open_from_within_ms_word_or_similar.csv,AVG,Kelly DRUMMOND (Lab),match,match,match,match,match,match,match,match,match,match,match,match,match,match,match,match
BuckieWard_moray12-03.csv,OM,GORDON MCDONALD (SNP),match,match,match,match,match,match,match,match,match,match,match,match,match,match,no_match,match
BuckieWard_moray12-03.csv,PM,GORDON MCDONALD (SNP),match,match,match,match,match,match,match,match,match,match,match,match,match,match,no_match,match
BuckieWard_moray12-03.csv,AVG,GORDON MCDONALD (SNP),match,match,match,match,match,match,match,match,match,match,match,match,match,match,no_match,match
ForresWard_moray12-08.csv,OM,George ALEXANDER (Ind),match,match,match,match,match,match,match,match,match,match,match,match,match,match,match,match
ForresWard_moray12-08.csv,PM,George ALEXANDER (Ind),match,match,match,match,match,match,match,match,match,match,match,match,match,match,match,match
ForresWard_moray12-08.csv,AVG,George ALEXANDER (Ind),match,match,match,match,match,match,match,match,match,match,match,match,match,match,match,match
HeldonandLaichWard_moray12-05.csv,OM,Carolle RALPH (SNP),match,no_match,no_match,no_match,no_match,no_match,match,no_match,no_match,no_match,no_match,no_match,no_match,no_match,no_match,no_match
HeldonandLaichWard_moray12-05.csv,PM,Eric MCGILLIVRAY (Ind),no_match,match,match,match,match,match,no_match,match,match,match,match,match,match,match,match,match
HeldonandLaichWard_moray12-05.csv,AVG,Eric MCGILLIVRAY (Ind),no_match,match,match,match,match,match,no_match,match,match,match,match,match,match,match,match,match
ElginCityNorthWard_moray12-06.csv,OM,Mike SHAND (SNP),no_match,match,match,no_match,match,match,match,match,match,match,match,match,match,no_match,no_match,match
ElginCityNorthWard_moray12-06.csv,PM,Mike SHAND (SNP),no_match,match,match,no_match,match,match,match,match,match,match,match,match,match,no_match,no_match,match
ElginCityNorthWard_moray12-06.csv,AVG,Mike SHAND (SNP),no_match,match,match,no_match,match,match,match,match,match,match,match,match,match,no_match,no_match,match
KeithandCullenWard_moray12-02.csv,OM,Gary Scott COULL(SNP),match,match,match,match,match,match,match,match,match,match,match,match,match,match,match,match
KeithandCullenWard_moray12-02.csv,PM,Gary Scott COULL(SNP),match,match,match,match,match,match,match,match,match,match,match,match,match,match,match,match
KeithandCullenWard_moray12-02.csv,AVG,Gary Scott COULL(SNP),match,match,match,match,match,match,match,match,match,match,match,match,match,match,match,match
FochabersLhanbrydeWard_moray12-04.csv,OM,Margo HOWE (SNP),no_match,no_match,no_match,no_match,no_match,no_match,no_match,no_match,no_match,no_match,no_match,no_match,no_match,no_match,no_match,no_match
FochabersLhanbrydeWard_moray12-04.csv,PM,Douglas ROSS (Con),match,match,match,match,match,match,match,match,match,match,match,match,match,match,match,match
FochabersLhanbrydeWard_moray12-04.csv,AVG,Douglas ROSS (Con),match,match,match,match,match,match,match,match,match,match,match,match,match,match,match,match
ElginCitySouthWard_moray12-07.csv,OM,John Andrew DIVERS (Lab),match,match,match,match,match,match,match,match,match,match,match,match,match,match,match,match
ElginCitySouthWard_moray12-07.csv,PM,John Andrew DIVERS (Lab),match,match,match,match,match,match,match,match,match,match,match,match,match,match,match,match
ElginCitySouthWard_moray12-07.csv,AVG,John Andrew DIVERS (Lab),match,match,match,match,match,match,match,match,match,match,match,match,match,match,match,match
SpeysideGlenlivetWard_moray12-01.csv,OM,Pearl Barbara PAUL(SNP),no_match,match,match,match,match,match,match,match,match,match,match,match,match,match,no_match,match
SpeysideGlenlivetWard_moray12-01.csv,PM,Pearl Barbara PAUL(SNP),no_match,match,match,match,match,match,match,match,match,match,match,match,match,match,no_match,match
SpeysideGlenlivetWard_moray12-01.csv,AVG,Pearl Barbara PAUL(SNP),no_match,match,match,match,match,match,match,match,match,match,match,match,match,match,no_match,match
ClackmannanshireNorth_clacks12-02.csv,OM,(SNP) Donald BALSILLIE,match,match,match,match,match,match,match,match,match,match,match,match,match,match,match,match
ClackmannanshireNorth_clacks12-02.csv,PM,(SNP) Donald BALSILLIE,match,match,match,match,match,match,match,match,match,match,match,match,match,match,match,match
ClackmannanshireNorth_clacks12-02.csv,AVG,(SNP) Donald BALSILLIE,match,match,match,match,match,match,match,match,match,match,match,match,match,match,match,match
ClackmannanshireSouth_clacks12-04.csv,OM,(SNP) Craig HOLDEN,match,match,match,match,match,match,match,match,match,match,match,match,match,match,match,match
ClackmannanshireSouth_clacks12-04.csv,PM,(SNP) Craig HOLDEN,match,match,match,match,match,match,match,match,match,match,match,match,match,match,match,match
ClackmannanshireSouth_clacks12-04.csv,AVG,(SNP) Craig HOLDEN,match,match,match,match,match,match,match,match,match,match,match,match,match,match,match,match
ClackmannanshireEast_clacks12-05.csv,OM,(SNP) Irene HAMILTON,no_match,match,match,match,match,match,match,match,match,match,match,match,match,match,no_match,match
ClackmannanshireEast_clacks12-05.csv,PM,(SNP) Irene HAMILTON,no_match,match,match,match,match,match,match,match,match,match,match,match,match,match,no_match,match
ClackmannanshireEast_clacks12-05.csv,AVG,(SNP) Irene HAMILTON,no_match,match,match,match,match,match,match,match,match,match,match,match,match,match,no_match,match
ClackmannanshireCentral_clacks12-03.csv,OM,(Lab) Derek STEWART,match,match,match,match,match,match,match,match,match,match,match,match,match,match,match,match
ClackmannanshireCentral_clacks12-03.csv,PM,(Lab) Derek STEWART,match,match,match,match,match,match,match,match,match,match,match,match,match,match,match,match
ClackmannanshireCentral_clacks12-03.csv,AVG,(Lab) Derek STEWART,match,match,match,match,match,match,match,match,match,match,match,match,match,match,match,match
ClackmannanshireWest_clacks12-01.csv,OM,(Lab) George MATCHETT,match,match,match,match,match,match,match,match,match,match,match,match,match,match,match,match
ClackmannanshireWest_clacks12-01.csv,PM,(Lab) George MATCHETT,match,match,match,match,match,match,match,match,match,match,match,match,match,match,match,match
ClackmannanshireWest_clacks12-01.csv,AVG,(Lab) George MATCHETT,match,match,match,match,match,match,match,match,match,match,match,match,match,match,match,match
Ward04-Arran_Preference-Profile-Arran_copy.csv,OM,Steve GARRAWAY (SNP),no_match,no_match,no_match,no_match,match,no_match,no_match,no_match,no_match,no_match,no_match,no_match,no_match,no_match,no_match,no_match
Ward04-Arran_Preference-Profile-Arran_copy.csv,PM,Timothy BILLINGS (Con),match,match,match,match,no_match,match,match,match,match,match,match,match,match,no_match,match,match
Ward04-Arran_Preference-Profile-Arran_copy.csv,AVG,Timothy BILLINGS (Con),match,match,match,match,no_match,match,match,match,match,match,match,match,match,no_match,match,match
Ward07-IrvineWest_Preference-Profile-Irvine-West_copy.csv,OM,Sylvia MALLINSON (Lab),no_match,no_match,no_match,no_match,no_match,no_match,no_match,no_match,no_match,no_match,no_match,no_match,no_match,no_match,no_match,no_match
Ward07-IrvineWest_Preference-Profile-Irvine-West_copy.csv,PM,Shaun MACAULAY (SNP),match,match,match,match,match,match,match,match,match,match,match,match,match,match,match,match
Ward07-IrvineWest_Preference-Profile-Irvine-West_copy.csv,AVG,Shaun MACAULAY (SNP),match,match,match,match,match,match,match,match,match,match,match,match,match,match,match,match
Ward03-Ardrossan_Preference-Profile-Ardrossan_copy.csv,OM,Tony GURNEY (SNP),match,match,match,no_match,match,match,match,match,match,match,match,match,match,no_match,no_match,match
Ward03-Ardrossan_Preference-Profile-Ardrossan_copy.csv,PM,Tony GURNEY (SNP),match,match,match,no_match,match,match,match,match,match,match,match,match,match,no_match,no_match,match
Ward03-Ardrossan_Preference-Profile-Ardrossan_copy.csv,AVG,Tony GURNEY (SNP),match,match,match,no_match,match,match,match,match,match,match,match,match,match,no_match,no_match,match
Ward09-IrvineSouth_Preference-Profile-Irvine-South_copy.csv,OM,Christina LARSEN (SNP),match,match,match,no_match,no_match,no_match,match,match,match,match,match,match,match,no_match,no_match,match
Ward09-IrvineSouth_Preference-Profile-Irvine-South_copy.csv,PM,Christina LARSEN (SNP),match,match,match,no_match,no_match,no_match,match,match,match,match,match,match,match,no_match,no_match,match
Ward09-IrvineSouth_Preference-Profile-Irvine-South_copy.csv,AVG,Christina LARSEN (SNP),match,match,match,no_match,no_match,no_match,match,match,match,match,match,match,match,no_match,no_match,match
Ward08-IrvineEast_Preference-Profile-Irvine-East_copy.csv,OM,Marie BURNS (SNP),match,match,match,match,match,match,match,match,match,match,match,match,match,match,no_match,match
Ward08-IrvineEast_Preference-Profile-Irvine-East_copy.csv,PM,Marie BURNS (SNP),match,match,match,match,match,match,match,match,match,match,match,match,match,match,no_match,match
Ward08-IrvineEast_Preference-Profile-Irvine-East_copy.csv,AVG,Marie BURNS (SNP),match,match,match,match,match,match,match,match,match,match,match,match,match,match,no_match,match
Ward01-NorthCoast_Preference-Profile-North-Coast_copy.csv,OM,Eleanor COLLIER (SNP),match,match,no_match,no_match,no_match,no_match,match,no_match,no_match,no_match,no_match,no_match,no_match,no_match,no_match,no_match
Ward01-NorthCoast_Preference-Profile-North-Coast_copy.csv,PM,Ian MURDOCH (Ind),no_match,no_match,match,match,no_match,match,no_match,match,match,match,match,match,match,match,match,match
Ward01-NorthCoast_Preference-Profile-North-Coast_copy.csv,AVG,Ian MURDOCH (Ind),no_match,no_match,match,match,no_match,match,no_match,match,match,match,match,match,match,match,match,match
Ward06-Kilwinning_Preference-Profile-Kilwinning_copy.csv,OM,Joe CULLINANE (Labour and Co-operative Party),match,match,match,match,match,match,match,match,match,match,match,match,match,match,match,match
Ward06-Kilwinning_Preference-Profile-Kilwinning_copy.csv,PM,Joe CULLINANE (Labour and Co-operative Party),match,match,match,match,match,match,match,match,match,match,match,match,match,match,match,match
Ward06-Kilwinning_Preference-Profile-Kilwinning_copy.csv,AVG,Joe CULLINANE (Labour and Co-operative Party),match,match,match,match,match,match,match,match,match,match,match,match,match,match,match,match
Ward02-GarnockValley_Preference-Profile-Garnock-Valley_copy.csv,OM,Donald L REID (Ind),match,match,match,match,match,match,match,match,match,match,match,match,match,match,match,match
Ward02-GarnockValley_Preference-Profile-Garnock-Valley_copy.csv,PM,Donald L REID (Ind),match,match,match,match,match,match,match,match,match,match,match,match,match,match,match,match
Ward02-GarnockValley_Preference-Profile-Garnock-Valley_copy.csv,AVG,Donald L REID (Ind),match,match,match,match,match,match,match,match,match,match,match,match,match,match,match,match
Preference-Profile-Saltcoats-and-Stevenston_copy.csv,OM,Jim MONTGOMERIE (Lab),no_match,match,match,match,match,match,match,match,match,match,match,match,match,match,match,match
Preference-Profile-Saltcoats-and-Stevenston_copy.csv,PM,Jim MONTGOMERIE (Lab),no_match,match,match,match,match,match,match,match,match,match,match,match,match,match,match,match
Preference-Profile-Saltcoats-and-Stevenston_copy.csv,AVG,Jim MONTGOMERIE (Lab),no_match,match,match,match,match,match,match,match,match,match,match,match,match,match,match,match
Ward3-WickandEastCaithness_highland17-03.csv,OM,A.I. Willie MACKAY (Ind),match,match,match,match,match,match,match,match,match,match,match,match,match,match,match,match
Ward3-WickandEastCaithness_highland17-03.csv,PM,A.I. Willie MACKAY (Ind),match,match,match,match,match,match,match,match,match,match,match,match,match,match,match,match
Ward3-WickandEastCaithness_highland17-03.csv,AVG,A.I. Willie MACKAY (Ind),match,match,match,match,match,match,match,match,match,match,match,match,match,match,match,match
Ward8-DingwallandSeaforth_highland17-08.csv,OM,Angela MACLEAN (LD),no_match,match,match,no_match,no_match,no_match,no_match,match,match,match,match,match,match,no_match,no_match,match
Ward8-DingwallandSeaforth_highland17-08.csv,PM,Angela MACLEAN (LD),no_match,match,match,no_match,no_match,no_match,no_match,match,match,match,match,match,match,no_match,no_match,match
Ward8-DingwallandSeaforth_highland17-08.csv,AVG,Angela MACLEAN (LD),no_match,match,match,no_match,no_match,no_match,no_match,match,match,match,match,match,match,no_match,no_match,match
Ward20-BadenochandStrathspey_highland17-20.csv,OM,Bill LOBBAN (Ind),no_match,match,match,match,match,match,match,match,match,match,match,match,match,match,match,match
Ward20-BadenochandStrathspey_highland17-20.csv,PM,Bill LOBBAN (Ind),no_match,match,match,match,match,match,match,match,match,match,match,match,match,match,match,match
Ward20-BadenochandStrathspey_highland17-20.csv,AVG,Bill LOBBAN (Ind),no_match,match,match,match,match,match,match,match,match,match,match,match,match,match,match,match
Ward15-InvernessNess-side_highland17-15.csv,OM,Alasdair CHRISTIE (LD),match,match,match,match,match,match,match,match,match,match,match,match,match,match,match,match
Ward15-InvernessNess-side_highland17-15.csv,PM,Alasdair CHRISTIE (LD),match,match,match,match,match,match,match,match,match,match,match,match,match,match,match,match
Ward15-InvernessNess-side_highland17-15.csv,AVG,Alasdair CHRISTIE (LD),match,match,match,match,match,match,match,match,match,match,match,match,match,match,match,match
Ward10-Eileana'Cheo_highland17-10.csv,OM,John FINLAYSON (Ind),match,match,match,match,match,match,match,match,match,match,match,match,match,match,match,match
Ward10-Eileana'Cheo_highland17-10.csv,PM,John FINLAYSON (Ind),match,match,match,match,match,match,match,match,match,match,match,match,match,match,match,match
Ward10-Eileana'Cheo_highland17-10.csv,AVG,John FINLAYSON (Ind),match,match,match,match,match,match,match,match,match,match,match,match,match,match,match,match
Ward7-TainandEasterRoss_highland17-07.csv,OM,Fiona ROBERTSON (Ind),no_match,match,match,match,match,match,match,match,match,match,match,match,match,match,match,match
Ward7-TainandEasterRoss_highland17-07.csv,PM,Fiona ROBERTSON (Ind),no_match,match,match,match,match,match,match,match,match,match,match,match,match,match,match,match
Ward7-TainandEasterRoss_highland17-07.csv,AVG,Fiona ROBERTSON (Ind),no_match,match,match,match,match,match,match,match,match,match,match,match,match,match,match,match
Ward21-FortWilliamandArdnamurchan_highland17-21.csv,OM,Andrew Phillip BAXTER (Ind),match,match,match,match,match,match,match,match,match,match,match,match,match,match,match,match
Ward21-FortWilliamandArdnamurchan_highland17-21.csv,PM,Andrew Phillip BAXTER (Ind),match,match,match,match,match,match,match,match,match,match,match,match,match,match,match,match
Ward21-FortWilliamandArdnamurchan_highland17-21.csv,AVG,Andrew Phillip BAXTER (Ind),match,match,match,match,match,match,match,match,match,match,match,match,match,match,match,match
Ward16-InvernessMillburn_highland17-16.csv,OM,Jimmy GRAY (Lab),match,match,match,match,match,match,match,match,match,match,match,match,match,match,match,match
Ward16-InvernessMillburn_highland17-16.csv,PM,Jimmy GRAY (Lab),match,match,match,match,match,match,match,match,match,match,match,match,match,match,match,match
Ward16-InvernessMillburn_highland17-16.csv,AVG,Jimmy GRAY (Lab),match,match,match,match,match,match,match,match,match,match,match,match,match,match,match,match
Ward17-CullodenandArdersier_highland17-17.csv,OM,Glynis CAMPBELL-SINCLAIR (SNP),no_match,no_match,no_match,no_match,no_match,no_match,no_match,no_match,no_match,no_match,no_match,no_match,no_match,no_match,no_match,no_match
Ward17-CullodenandArdersier_highland17-17.csv,PM,Roddy BALFOUR (Ind),match,match,match,match,match,match,match,match,match,match,match,match,match,match,match,match
Ward17-CullodenandArdersier_highland17-17.csv,AVG,Roddy BALFOUR (Ind),match,match,match,match,match,match,match,match,match,match,match,match,match,match,match,match
Ward19-InvernessSouth_highland17-19.csv,OM,Carolyn CADDICK (LD),no_match,no_match,no_match,match,match,match,no_match,match,match,match,match,match,match,match,match,match
Ward19-InvernessSouth_highland17-19.csv,PM,Carolyn CADDICK (LD),no_match,no_match,no_match,match,match,match,no_match,match,match,match,match,match,match,match,match,match
Ward19-InvernessSouth_highland17-19.csv,AVG,Carolyn CADDICK (LD),no_match,no_match,no_match,match,match,match,no_match,match,match,match,match,match,match,match,match,match
Ward12-AirdandLochNess_highland17-12.csv,OM,Margaret DAVIDSON (Ind),match,match,match,match,match,match,match,match,match,match,match,match,match,match,match,match
Ward12-AirdandLochNess_highland17-12.csv,PM,Margaret DAVIDSON (Ind),match,match,match,match,match,match,match,match,match,match,match,match,match,match,match,match
Ward12-AirdandLochNess_highland17-12.csv,AVG,Margaret DAVIDSON (Ind),match,match,match,match,match,match,match,match,match,match,match,match,match,match,match,match
Ward9-BlackIsle_highland17-09.csv,OM,Gordon ADAM (LD),no_match,match,match,match,match,match,match,match,match,match,match,match,match,match,match,match
Ward9-BlackIsle_highland17-09.csv,PM,Gordon ADAM (LD),no_match,match,match,match,match,match,match,match,match,match,match,match,match,match,match,match
Ward9-BlackIsle_highland17-09.csv,AVG,Gordon ADAM (LD),no_match,match,match,match,match,match,match,match,match,match,match,match,match,match,match,match
Ward11-CaolandMallaig_highland17-11.csv,OM,Allan HENDERSON (Ind),match,match,match,match,match,match,match,match,match,match,match,match,match,match,match,match
Ward11-CaolandMallaig_highland17-11.csv,PM,Allan HENDERSON (Ind),match,match,match,match,match,match,match,match,match,match,match,match,match,match,match,match
Ward11-CaolandMallaig_highland17-11.csv,AVG,Allan HENDERSON (Ind),match,match,match,match,match,match,match,match,match,match,match,match,match,match,match,match
Ward14-InvernessCentral_highland17-14.csv,OM,Richard LAIRD (SNP),match,match,match,match,match,match,match,match,match,match,match,match,match,match,match,match
Ward14-InvernessCentral_highland17-14.csv,PM,Richard LAIRD (SNP),match,match,match,match,match,match,match,match,match,match,match,match,match,match,match,match
Ward14-InvernessCentral_highland17-14.csv,AVG,Richard LAIRD (SNP),match,match,match,match,match,match,match,match,match,match,match,match,match,match,match,match
Ward6-CromartyFirth_highland17-06.csv,OM,Carolyn WILSON (Ind),match,match,match,match,match,match,match,match,match,match,match,match,match,match,match,match
Ward6-CromartyFirth_highland17-06.csv,PM,Carolyn WILSON (Ind),match,match,match,match,match,match,match,match,match,match,match,match,match,match,match,match
Ward6-CromartyFirth_highland17-06.csv,AVG,Carolyn WILSON (Ind),match,match,match,match,match,match,match,match,match,match,match,match,match,match,match,match
Ward18-NairnandCawdor_highland17-18.csv,OM,Tom HEGGIE (Ind),match,match,match,match,match,match,match,match,match,match,match,match,match,match,match,match
Ward18-NairnandCawdor_highland17-18.csv,PM,Tom HEGGIE (Ind),match,match,match,match,match,match,match,match,match,match,match,match,match,match,match,match
Ward18-NairnandCawdor_highland17-18.csv,AVG,Tom HEGGIE (Ind),match,match,match,match,match,match,match,match,match,match,match,match,match,match,match,match
Ward13-InvernessWest_highland17-13.csv,OM,Alex GRAHAM (LD),match,match,match,match,match,match,match,match,match,match,match,match,match,match,match,match
Ward13-InvernessWest_highland17-13.csv,PM,Alex GRAHAM (LD),match,match,match,match,match,match,match,match,match,match,match,match,match,match,match,match
Ward13-InvernessWest_highland17-13.csv,AVG,Alex GRAHAM (LD),match,match,match,match,match,match,match,match,match,match,match,match,match,match,match,match
Ward2-ThursoandNorthwestCaithness_highland17-02.csv,OM,Matthew REISS (Ind),match,match,match,match,match,match,match,match,match,match,match,match,match,match,match,match
Ward2-ThursoandNorthwestCaithness_highland17-02.csv,PM,Matthew REISS (Ind),match,match,match,match,match,match,match,match,match,match,match,match,match,match,match,match
Ward2-ThursoandNorthwestCaithness_highland17-02.csv,AVG,Matthew REISS (Ind),match,match,match,match,match,match,match,match,match,match,match,match,match,match,match,match
Ward4-EastSutherlandandEdderton_highland17-04.csv,OM,Deirdre MACKAY (Lab),match,match,match,match,match,match,match,match,match,match,match,match,match,match,match,match
Ward4-EastSutherlandandEdderton_highland17-04.csv,PM,Deirdre MACKAY (Lab),match,match,match,match,match,match,match,match,match,match,match,match,match,match,match,match
Ward4-EastSutherlandandEdderton_highland17-04.csv,AVG,Deirdre MACKAY (Lab),match,match,match,match,match,match,match,match,match,match,match,match,match,match,match,match
"Ward1-North,WestandCentralSutherland_highland17-01.csv",OM,Linda MUNRO (LD),no_match,match,no_match,match,no_match,match,match,match,match,match,match,match,match,no_match,match,match
"Ward1-North,WestandCentralSutherland_highland17-01.csv",PM,Linda MUNRO (LD),no_match,match,no_match,match,no_match,match,match,match,match,match,match,match,match,no_match,match,match
"Ward1-North,WestandCentralSutherland_highland17-01.csv",AVG,Linda MUNRO (LD),no_match,match,no_match,match,no_match,match,match,match,match,match,match,match,match,no_match,match,match
"Ward5-WesterRoss,StrathpefferandLochalsh_highland17-05.csv",OM,Ian COCKBURN (SNP),no_match,no_match,match,no_match,no_match,no_match,match,no_match,no_match,no_match,no_match,no_match,no_match,no_match,no_match,no_match
"Ward5-WesterRoss,StrathpefferandLochalsh_highland17-05.csv",PM,Biz CAMPBELL (Ind),no_match,match,no_match,match,match,match,no_match,match,match,match,match,match,match,match,match,match
"Ward5-WesterRoss,StrathpefferandLochalsh_highland17-05.csv",AVG,Biz CAMPBELL (Ind),no_match,match,no_match,match,match,match,no_match,match,match,match,match,match,match,match,match,match
Ward18-HamiltonWestandEarnock_s-lanarks17-18.csv,OM,Mary DONNELLY (SNP),match,no_match,match,no_match,match,no_match,match,no_match,no_match,no_match,no_match,no_match,no_match,no_match,no_match,no_match
Ward18-HamiltonWestandEarnock_s-lanarks17-18.csv,PM,Allan FALCONER (Lab),no_match,match,no_match,match,no_match,match,no_match,match,match,match,match,match,match,match,match,match
Ward18-HamiltonWestandEarnock_s-lanarks17-18.csv,AVG,Allan FALCONER (Lab),no_match,match,no_match,match,no_match,match,no_match,match,match,match,match,match,match,match,match,match
Ward2-ClydesdaleNorth_s-lanarks17-02.csv,OM,Catherine MCCLYMONT (Lab),no_match,match,no_match,match,match,match,match,match,match,match,match,match,match,match,match,match
Ward2-ClydesdaleNorth_s-lanarks17-02.csv,PM,Catherine MCCLYMONT (Lab),no_match,match,no_match,match,match,match,match,match,match,match,match,match,match,match,match,match
Ward2-ClydesdaleNorth_s-lanarks17-02.csv,AVG,Catherine MCCLYMONT (Lab),no_match,match,no_match,match,match,match,match,match,match,match,match,match,match,match,match,match
Ward4-ClydesdaleSouth_s-lanarks17-04.csv,OM,George GREENSHIELDS (Lab),no_match,match,match,match,match,match,match,match,match,match,match,match,match,match,match,match
Ward4-ClydesdaleSouth_s-lanarks17-04.csv,PM,George GREENSHIELDS (Lab),no_match,match,match,match,match,match,match,match,match,match,match,match,match,match,match,match
Ward4-ClydesdaleSouth_s-lanarks17-04.csv,AVG,George GREENSHIELDS (Lab),no_match,match,match,match,match,match,match,match,match,match,match,match,match,match,match,match
Ward11-RutherglenSouth_s-lanarks17-11.csv,OM,Robert BROWN (LD),no_match,match,match,match,match,match,match,match,match,match,match,match,match,match,match,match
Ward11-RutherglenSouth_s-lanarks17-11.csv,PM,Robert BROWN (LD),no_match,match,match,match,match,match,match,match,match,match,match,match,match,match,match,match
Ward11-RutherglenSouth_s-lanarks17-11.csv,AVG,Robert BROWN (LD),no_match,match,match,match,match,match,match,match,match,match,match,match,match,match,match,match
Ward16-BothwellandUddingston_s-lanarks17-16.csv,OM,Maureen DEVLIN (Lab),no_match,no_match,match,match,match,match,no_match,match,match,match,match,match,match,match,match,match
Ward16-BothwellandUddingston_s-lanarks17-16.csv,PM,Maureen DEVLIN (Lab),no_match,no_match,match,match,match,match,no_match,match,match,match,match,match,match,match,match,match
Ward16-BothwellandUddingston_s-lanarks17-16.csv,AVG,Maureen DEVLIN (Lab),no_match,no_match,match,match,match,match,no_match,match,match,match,match,match,match,match,match,match
Ward5-AvondaleandStonehouse_s-lanarks17-05.csv,OM,Margaret COOPER (Lab),no_match,no_match,match,no_match,match,match,no_match,match,match,match,match,match,match,match,match,match
Ward5-AvondaleandStonehouse_s-lanarks17-05.csv,PM,Margaret COOPER (Lab),no_match,no_match,match,no_match,match,match,no_match,match,match,match,match,match,match,match,match,match
Ward5-AvondaleandStonehouse_s-lanarks17-05.csv,AVG,Margaret COOPER (Lab),no_match,no_match,match,no_match,match,match,no_match,match,match,match,match,match,match,match,match,match
Ward6-EastKilbrideSouth_s-lanarks17-06.csv,OM,Archie BUCHANAN (SNP),match,match,match,match,match,match,match,match,match,match,match,match,match,match,match,match
Ward6-EastKilbrideSouth_s-lanarks17-06.csv,PM,Archie BUCHANAN (SNP),match,match,match,match,match,match,match,match,match,match,match,match,match,match,match,match
Ward6-EastKilbrideSouth_s-lanarks17-06.csv,AVG,Archie BUCHANAN (SNP),match,match,match,match,match,match,match,match,match,match,match,match,match,match,match,match
Ward10-EastKilbrideEast_s-lanarks17-10.csv,OM,Gladys MILLER (SNP),match,match,match,match,match,match,match,match,match,match,match,match,match,match,no_match,match
Ward10-EastKilbrideEast_s-lanarks17-10.csv,PM,Gladys MILLER (SNP),match,match,match,match,match,match,match,match,match,match,match,match,match,match,no_match,match
Ward10-EastKilbrideEast_s-lanarks17-10.csv,AVG,Gladys MILLER (SNP),match,match,match,match,match,match,match,match,match,match,match,match,match,match,no_match,match
Ward9-EastKilbrideWest_s-lanarks17-09.csv,OM,Ian HARROW (Con),match,match,match,match,no_match,match,match,match,match,match,match,match,match,no_match,match,match
Ward9-EastKilbrideWest_s-lanarks17-09.csv,PM,Ian HARROW (Con),match,match,match,match,no_match,match,match,match,match,match,match,match,match,no_match,match,match
Ward9-EastKilbrideWest_s-lanarks17-09.csv,AVG,Ian HARROW (Con),match,match,match,match,no_match,match,match,match,match,match,match,match,match,no_match,match,match
Ward3-ClydesdaleEast_s-lanarks17-03.csv,OM,Alex ALLISON (Con),match,match,match,match,match,match,match,match,match,match,match,match,match,match,match,match
Ward3-ClydesdaleEast_s-lanarks17-03.csv,PM,Alex ALLISON (Con),match,match,match,match,match,match,match,match,match,match,match,match,match,match,match,match
Ward3-ClydesdaleEast_s-lanarks17-03.csv,AVG,Alex ALLISON (Con),match,match,match,match,match,match,match,match,match,match,match,match,match,match,match,match
Ward8-EastKilbrideCentralNorth_s-lanarks17-08.csv,OM,Hugh MACDONALD (SNP),match,match,match,match,match,match,match,match,match,match,match,match,match,no_match,no_match,match
Ward8-EastKilbrideCentralNorth_s-lanarks17-08.csv,PM,Hugh MACDONALD (SNP),match,match,match,match,match,match,match,match,match,match,match,match,match,no_match,no_match,match
Ward8-EastKilbrideCentralNorth_s-lanarks17-08.csv,AVG,Hugh MACDONALD (SNP),match,match,match,match,match,match,match,match,match,match,match,match,match,no_match,no_match,match
Ward17-HamiltonNorthandEast_s-lanarks17-17.csv,OM,Stephanie CALLAGHAN (SNP),no_match,no_match,match,no_match,no_match,no_match,match,no_match,no_match,no_match,no_match,no_match,no_match,no_match,no_match,no_match
Ward17-HamiltonNorthandEast_s-lanarks17-17.csv,PM,Davie MCLACHLAN (Lab),no_match,match,no_match,match,match,match,no_match,match,match,match,match,match,match,match,match,match
Ward17-HamiltonNorthandEast_s-lanarks17-17.csv,AVG,Davie MCLACHLAN (Lab),no_match,match,no_match,match,match,match,no_match,match,match,match,match,match,match,match,match,match
Ward12-RutherglenCentralandNorth_s-lanarks17-12.csv,OM,Janine CALIKES (SNP),match,match,match,no_match,match,no_match,match,match,match,match,match,match,match,no_match,no_match,match
Ward12-RutherglenCentralandNorth_s-lanarks17-12.csv,PM,Janine CALIKES (SNP),match,match,match,no_match,match,no_match,match,match,match,match,match,match,match,no_match,no_match,match
Ward12-RutherglenCentralandNorth_s-lanarks17-12.csv,AVG,Janine CALIKES (SNP),match,match,match,no_match,match,no_match,match,match,match,match,match,match,match,no_match,no_match,match
Ward14-CambuslangEast_s-lanarks17-14.csv,OM,Katy LOUDON (SNP),no_match,no_match,no_match,no_match,no_match,no_match,no_match,no_match,no_match,no_match,no_match,no_match,no_match,no_match,no_match,no_match
Ward14-CambuslangEast_s-lanarks17-14.csv,PM,Walter BROGAN (Lab),match,match,match,match,match,match,match,match,match,match,match,match,match,match,match,match
Ward14-CambuslangEast_s-lanarks17-14.csv,AVG,Walter BROGAN (Lab),match,match,match,match,match,match,match,match,match,match,match,match,match,match,match,match
Ward7-EastKilbrideCentralSouth_s-lanarks17-07.csv,OM,John ANDERSON (SNP),match,match,match,match,match,match,match,match,match,match,match,match,match,match,no_match,match
Ward7-EastKilbrideCentralSouth_s-lanarks17-07.csv,PM,John ANDERSON (SNP),match,match,match,match,match,match,match,match,match,match,match,match,match,match,no_match,match
Ward7-EastKilbrideCentralSouth_s-lanarks17-07.csv,AVG,John ANDERSON (SNP),match,match,match,match,match,match,match,match,match,match,match,match,match,match,no_match,match
Ward19-HamiltonSouth_s-lanarks17-19.csv,OM,Joe LOWE (Lab),no_match,match,match,match,no_match,match,no_match,match,match,match,match,match,match,match,match,match
Ward19-HamiltonSouth_s-lanarks17-19.csv,PM,Joe LOWE (Lab),no_match,match,match,match,no_match,match,no_match,match,match,match,match,match,match,match,match,match
Ward19-HamiltonSouth_s-lanarks17-19.csv,AVG,Joe LOWE (Lab),no_match,match,match,match,no_match,match,no_match,match,match,match,match,match,match,match,match,match
Ward1-ClydesdaleWest_s-lanarks17-01.csv,OM,Eileen LOGAN (Lab),no_match,no_match,no_match,match,match,match,match,match,match,match,match,match,match,match,match,match
Ward1-ClydesdaleWest_s-lanarks17-01.csv,PM,Eileen LOGAN (Lab),no_match,no_match,no_match,match,match,match,match,match,match,match,match,match,match,match,match,match
Ward1-ClydesdaleWest_s-lanarks17-01.csv,AVG,Eileen LOGAN (Lab),no_match,no_match,no_match,match,match,match,match,match,match,match,match,match,match,match,match,match
Ward20-Larkhall_s-lanarks17-20.csv,OM,Andy CARMICHAEL (Lab),no_match,match,match,match,match,match,match,match,match,match,match,match,match,match,match,match
Ward20-Larkhall_s-lanarks17-20.csv,PM,Andy CARMICHAEL (Lab),no_match,match,match,match,match,match,match,match,match,match,match,match,match,match,match,match
Ward20-Larkhall_s-lanarks17-20.csv,AVG,Andy CARMICHAEL (Lab),no_match,match,match,match,match,match,match,match,match,match,match,match,match,match,match,match
Ward15-Blantyre_s-lanarks17-15.csv,OM,Mo RAZZAQ (Lab),match,match,match,match,match,match,match,match,match,match,match,match,match,match,match,match
Ward15-Blantyre_s-lanarks17-15.csv,PM,Mo RAZZAQ (Lab),match,match,match,match,match,match,match,match,match,match,match,match,match,match,match,match
Ward15-Blantyre_s-lanarks17-15.csv,AVG,Mo RAZZAQ (Lab),match,match,match,match,match,match,match,match,match,match,match,match,match,match,match,match
Ward13-CambuslangWest_s-lanarks17-13.csv,OM,Clare MCCOLL (SNP),no_match,no_match,no_match,no_match,match,no_match,no_match,no_match,no_match,no_match,no_match,no_match,no_match,no_match,no_match,no_match
Ward13-CambuslangWest_s-lanarks17-13.csv,PM,Margaret WALKER (Lab),match,match,match,match,no_match,match,match,match,match,match,match,match,match,match,match,match
Ward13-CambuslangWest_s-lanarks17-13.csv,AVG,Margaret WALKER (Lab),match,match,match,match,no_match,match,match,match,match,match,match,match,match,match,match,match
BeinnNaFoghlaAgusUibhistATuath_eilean-siar12-02.csv,OM,Uisdean ROBERTSON (Ind),match,match,match,match,match,match,match,match,match,match,match,match,match,match,match,match
BeinnNaFoghlaAgusUibhistATuath_eilean-siar12-02.csv,PM,Uisdean ROBERTSON (Ind),match,match,match,match,match,match,match,match,match,match,match,match,match,match,match,match
BeinnNaFoghlaAgusUibhistATuath_eilean-siar12-02.csv,AVG,Uisdean ROBERTSON (Ind),match,match,match,match,match,match,match,match,match,match,match,match,match,match,match,match
NaHearadhAgusCeannADeasNanLoch_eilean-siar12-03.csv,OM,Catherine MACDONALD (Ind),match,match,match,match,match,match,match,match,match,match,match,match,match,match,match,match
NaHearadhAgusCeannADeasNanLoch_eilean-siar12-03.csv,PM,Catherine MACDONALD (Ind),match,match,match,match,match,match,match,match,match,match,match,match,match,match,match,match
NaHearadhAgusCeannADeasNanLoch_eilean-siar12-03.csv,AVG,Catherine MACDONALD (Ind),match,match,match,match,match,match,match,match,match,match,match,match,match,match,match,match
"Barraigh,BhatarsaighEirisgeighAgusUibhistADeas_eilean-siar12-01.csv",OM,Donald MANFORD (SNP),match,match,match,match,match,match,match,match,match,match,match,match,match,match,match,match
"Barraigh,BhatarsaighEirisgeighAgusUibhistADeas_eilean-siar12-01.csv",PM,Donald MANFORD (SNP),match,match,match,match,match,match,match,match,match,match,match,match,match,match,match,match
"Barraigh,BhatarsaighEirisgeighAgusUibhistADeas_eilean-siar12-01.csv",AVG,Donald MANFORD (SNP),match,match,match,match,match,match,match,match,match,match,match,match,match,match,match,match
SteornabhaghaTuath_eilean-siar12-07.csv,OM,Iain MACKENZIE (Ind),match,match,match,no_match,match,no_match,match,match,match,match,match,match,match,no_match,no_match,match
SteornabhaghaTuath_eilean-siar12-07.csv,PM,Iain MACKENZIE (Ind),match,match,match,no_match,match,no_match,match,match,match,match,match,match,match,no_match,no_match,match
SteornabhaghaTuath_eilean-siar12-07.csv,AVG,Iain MACKENZIE (Ind),match,match,match,no_match,match,no_match,match,match,match,match,match,match,match,no_match,no_match,match
LochaTuath_eilean-siar12-08.csv,OM,TIED,no_match,no_match,no_match,no_match,no_match,no_match,no_match,no_match,no_match,no_match,no_match,no_match,no_match,no_match,no_match,no_match
LochaTuath_eilean-siar12-08.csv,PM,Catriona STEWART (Ind),no_match,match,no_match,match,match,match,match,match,match,match,match,match,match,match,match,match
LochaTuath_eilean-siar12-08.csv,AVG,Catriona STEWART (Ind),no_match,match,no_match,match,match,match,match,match,match,match,match,match,match,match,match,match
AnTaobhSiaragusNis_eilean-siar12-09.csv,OM,Iain MORRISON (Ind),match,match,match,match,match,match,match,match,match,match,match,match,match,match,match,match
AnTaobhSiaragusNis_eilean-siar12-09.csv,PM,Iain MORRISON (Ind),match,match,match,match,match,match,match,match,match,match,match,match,match,match,match,match
AnTaobhSiaragusNis_eilean-siar12-09.csv,AVG,Iain MORRISON (Ind),match,match,match,match,match,match,match,match,match,match,match,match,match,match,match,match
SteornabhaghaDeas_eilean-siar12-06.csv,OM,Charlie NICOLSON (Ind),match,match,match,match,match,match,match,match,match,match,match,match,match,match,match,match
SteornabhaghaDeas_eilean-siar12-06.csv,PM,Charlie NICOLSON (Ind),match,match,match,match,match,match,match,match,match,match,match,match,match,match,match,match
SteornabhaghaDeas_eilean-siar12-06.csv,AVG,Charlie NICOLSON (Ind),match,match,match,match,match,match,match,match,match,match,match,match,match,match,match,match
Sgir'UigeAgusCeannATuathNanLoch_eilean-siar12-04.csv,OM,Cudig MACLEOD (Ind),no_match,match,no_match,match,match,match,match,match,match,match,match,match,match,match,match,match
Sgir'UigeAgusCeannATuathNanLoch_eilean-siar12-04.csv,PM,Cudig MACLEOD (Ind),no_match,match,no_match,match,match,match,match,match,match,match,match,match,match,match,match,match
Sgir'UigeAgusCeannATuathNanLoch_eilean-siar12-04.csv,AVG,Cudig MACLEOD (Ind),no_match,match,no_match,match,match,match,match,match,match,match,match,match,match,match,match,match
SgireAnRubha_eilean-siar12-05.csv,OM,ALASDAIR MACLEOD (Ind),no_match,match,match,match,match,match,match,match,match,match,match,match,match,match,match,match
SgireAnRubha_eilean-siar12-05.csv,PM,ALASDAIR MACLEOD (Ind),no_match,match,match,match,match,match,match,match,match,match,match,match,match,match,match,match
SgireAnRubha_eilean-siar12-05.csv,AVG,ALASDAIR MACLEOD (Ind),no_match,match,match,match,match,match,match,match,match,match,match,match,match,match,match,match
KilmarnockNorth_e-ayrshire17-02.csv,OM,Helen COFFEY (SNP),match,match,match,match,match,match,match,match,match,match,match,match,match,match,match,match
KilmarnockNorth_e-ayrshire17-02.csv,PM,Helen COFFEY (SNP),match,match,match,match,match,match,match,match,match,match,match,match,match,match,match,match
KilmarnockNorth_e-ayrshire17-02.csv,AVG,Helen COFFEY (SNP),match,match,match,match,match,match,match,match,match,match,match,match,match,match,match,match
Annick_e-ayrshire17-01.csv,OM,Gordon JENKINS (SNP),no_match,no_match,no_match,no_match,match,no_match,no_match,no_match,no_match,no_match,no_match,no_match,no_match,no_match,no_match,no_match
Annick_e-ayrshire17-01.csv,PM,John MCFADZEAN (Con),match,match,match,match,no_match,match,match,match,match,match,match,match,match,match,match,match
Annick_e-ayrshire17-01.csv,AVG,John MCFADZEAN (Con),match,match,match,match,no_match,match,match,match,match,match,match,match,match,match,match,match
Ballochmyle_e-ayrshire17-07.csv,OM,Claire LEITCH (SNP),match,match,match,no_match,no_match,no_match,match,match,match,match,match,match,match,no_match,no_match,match
Ballochmyle_e-ayrshire17-07.csv,PM,Claire LEITCH (SNP),match,match,match,no_match,no_match,no_match,match,match,match,match,match,match,match,no_match,no_match,match
Ballochmyle_e-ayrshire17-07.csv,AVG,Claire LEITCH (SNP),match,match,match,no_match,no_match,no_match,match,match,match,match,match,match,match,no_match,no_match,match
CumnockandNewCumnock_e-ayrshire17-08.csv,OM,Billy CRAWFORD (Lab),match,match,match,match,match,match,match,match,match,match,match,match,match,match,match,match
CumnockandNewCumnock_e-ayrshire17-08.csv,PM,Billy CRAWFORD (Lab),match,match,match,match,match,match,match,match,match,match,match,match,match,match,match,match
CumnockandNewCumnock_e-ayrshire17-08.csv,AVG,Billy CRAWFORD (Lab),match,match,match,match,match,match,match,match,match,match,match,match,match,match,match,match
KilmarnockWestandCrosshouse_e-ayrshire17-03.csv,OM,Iain LINTON (SNP),no_match,match,no_match,match,match,match,match,match,match,match,match,match,match,no_match,no_match,match
KilmarnockWestandCrosshouse_e-ayrshire17-03.csv,PM,Iain LINTON (SNP),no_match,match,no_match,match,match,match,match,match,match,match,match,match,match,no_match,no_match,match
KilmarnockWestandCrosshouse_e-ayrshire17-03.csv,AVG,Iain LINTON (SNP),no_match,match,no_match,match,match,match,match,match,match,match,match,match,match,no_match,no_match,match
KilmarnockSouth_e-ayrshire17-05.csv,OM,Jim TODD (SNP),match,match,match,match,match,match,match,match,match,match,match,match,match,match,match,match
KilmarnockSouth_e-ayrshire17-05.csv,PM,Jim TODD (SNP),match,match,match,match,match,match,match,match,match,match,match,match,match,match,match,match
KilmarnockSouth_e-ayrshire17-05.csv,AVG,Jim TODD (SNP),match,match,match,match,match,match,match,match,match,match,match,match,match,match,match,match
DoonValley_e-ayrshire17-09.csv,OM,Elaine DINWOODIE (Lab),match,match,match,match,match,match,match,match,match,match,match,match,match,match,match,match
DoonValley_e-ayrshire17-09.csv,PM,Elaine DINWOODIE (Lab),match,match,match,match,match,match,match,match,match,match,match,match,match,match,match,match
DoonValley_e-ayrshire17-09.csv,AVG,Elaine DINWOODIE (Lab),match,match,match,match,match,match,match,match,match,match,match,match,match,match,match,match
IrvineValley_e-ayrshire17-06.csv,OM,Elena WHITHAM (SNP),match,match,match,match,match,match,match,match,match,match,match,match,match,no_match,no_match,match
IrvineValley_e-ayrshire17-06.csv,PM,Elena WHITHAM (SNP),match,match,match,match,match,match,match,match,match,match,match,match,match,no_match,no_match,match
IrvineValley_e-ayrshire17-06.csv,AVG,Elena WHITHAM (SNP),match,match,match,match,match,match,match,match,match,match,match,match,match,no_match,no_match,match
KilmarnockEastandHurlford_e-ayrshire17-04.csv,OM,Fiona CAMPBELL (SNP),match,match,match,match,match,match,match,match,match,match,match,match,match,match,no_match,match
KilmarnockEastandHurlford_e-ayrshire17-04.csv,PM,Fiona CAMPBELL (SNP),match,match,match,match,match,match,match,match,match,match,match,match,match,match,no_match,match
KilmarnockEastandHurlford_e-ayrshire17-04.csv,AVG,Fiona CAMPBELL (SNP),match,match,match,match,match,match,match,match,match,match,match,match,match,match,no_match,match
Ward1-KirriemuirandDean_ward1.csv,OM,Julie BELL (SNP),match,match,match,match,match,match,match,match,match,match,match,match,match,match,match,match
Ward1-KirriemuirandDean_ward1.csv,PM,Julie BELL (SNP),match,match,match,match,match,match,match,match,match,match,match,match,match,match,match,match
Ward1-KirriemuirandDean_ward1.csv,AVG,Julie BELL (SNP),match,match,match,match,match,match,match,match,match,match,match,match,match,match,match,match
Ward8-MontroseandDistrict_ward8.csv,OM,Kenny BRAES (SNP),no_match,match,match,match,match,match,match,match,match,match,match,match,match,match,match,match
Ward8-MontroseandDistrict_ward8.csv,PM,Kenny BRAES (SNP),no_match,match,match,match,match,match,match,match,match,match,match,match,match,match,match,match
Ward8-MontroseandDistrict_ward8.csv,AVG,Kenny BRAES (SNP),no_match,match,match,match,match,match,match,match,match,match,match,match,match,match,match,match
Ward6-ArbroathWestLethamandFriockheim_ward6.csv,OM,Serena Mary COWDY (SNP),no_match,match,match,match,match,match,match,match,match,match,match,match,match,no_match,no_match,match
Ward6-ArbroathWestLethamandFriockheim_ward6.csv,PM,Serena Mary COWDY (SNP),no_match,match,match,match,match,match,match,match,match,match,match,match,match,no_match,no_match,match
Ward6-ArbroathWestLethamandFriockheim_ward6.csv,AVG,Serena Mary COWDY (SNP),no_match,match,match,match,match,match,match,match,match,match,match,match,match,no_match,no_match,match
Ward7-ArbroathEastandLunan_ward7.csv,OM,Lois SPEED (Ind),match,match,match,match,match,match,match,match,match,match,match,match,match,match,match,match
Ward7-ArbroathEastandLunan_ward7.csv,PM,Lois SPEED (Ind),match,match,match,match,match,match,match,match,match,match,match,match,match,match,match,match
Ward7-ArbroathEastandLunan_ward7.csv,AVG,Lois SPEED (Ind),match,match,match,match,match,match,match,match,match,match,match,match,match,match,match,match
Ward3-ForfarandDistrict_ward3.csv,OM,Linda CLARK (SNP),match,no_match,match,no_match,match,no_match,match,no_winner,match,no_match,no_match,match,match,no_match,no_match,match
Ward3-ForfarandDistrict_ward3.csv,PM,Ian MCLAREN (Ind),no_match,match,no_match,match,no_match,match,no_match,no_winner,no_match,match,match,no_match,no_match,match,match,match
Ward3-ForfarandDistrict_ward3.csv,AVG,Ian MCLAREN (Ind),no_match,match,no_match,match,no_match,match,no_match,no_winner,no_match,match,match,no_match,no_match,match,match,match
Ward2-BrechinandEdzell_ward2.csv,OM,Jill BROWN SCOTT (Ind),no_match,no_match,no_match,match,match,match,match,match,match,match,match,match,match,match,match,match
Ward2-BrechinandEdzell_ward2.csv,PM,Jill BROWN SCOTT (Ind),no_match,no_match,no_match,match,match,match,match,match,match,match,match,match,match,match,match,match
Ward2-BrechinandEdzell_ward2.csv,AVG,Jill BROWN SCOTT (Ind),no_match,no_match,no_match,match,match,match,match,match,match,match,match,match,match,match,match,match
Ward4-MonifiethandSidlaw_ward4.csv,OM,Lloyd MELVILLE (SNP),no_match,match,match,match,match,match,match,match,match,match,match,match,match,match,match,match
Ward4-MonifiethandSidlaw_ward4.csv,PM,Lloyd MELVILLE (SNP),no_match,match,match,match,match,match,match,match,match,match,match,match,match,match,match,match
Ward4-MonifiethandSidlaw_ward4.csv,AVG,Lloyd MELVILLE (SNP),no_match,match,match,match,match,match,match,match,match,match,match,match,match,match,match,match
Ward5-CarnoustieandDistrict_ward5.csv,OM,David CHEAPE (Ind),no_match,match,match,match,match,match,no_match,match,match,match,match,match,match,match,match,match
Ward5-CarnoustieandDistrict_ward5.csv,PM,David CHEAPE (Ind),no_match,match,match,match,match,match,no_match,match,match,match,match,match,match,match,match,match
Ward5-CarnoustieandDistrict_ward5.csv,AVG,David CHEAPE (Ind),no_match,match,match,match,match,match,no_match,match,match,match,match,match,match,match,match,match
"Ward2-BroxburnUphallandWinchburgh_west lothian,2022,ward 2.csv",OM,Diane CALDER (SNP),match,match,match,match,match,match,match,match,match,match,match,match,match,match,no_match,match
"Ward2-BroxburnUphallandWinchburgh_west lothian,2022,ward 2.csv",PM,Diane CALDER (SNP),match,match,match,match,match,match,match,match,match,match,match,match,match,match,no_match,match
"Ward2-BroxburnUphallandWinchburgh_west lothian,2022,ward 2.csv",AVG,Diane CALDER (SNP),match,match,match,match,match,match,match,match,match,match,match,match,match,match,no_match,match
"Ward7-WhitburnandBlackburn_west lothian,2022,ward 7.csv",OM,George PAUL (Labour and Co-operative Party),no_match,match,match,match,match,match,no_match,match,match,match,match,match,match,match,match,match
"Ward7-WhitburnandBlackburn_west lothian,2022,ward 7.csv",PM,George PAUL (Labour and Co-operative Party),no_match,match,match,match,match,match,no_match,match,match,match,match,match,match,match,match,match
"Ward7-WhitburnandBlackburn_west lothian,2022,ward 7.csv",AVG,George PAUL (Labour and Co-operative Party),no_match,match,match,match,match,match,no_match,match,match,match,match,match,match,match,match,match
"Ward3-LivingstonNorth_west lothian,2022,ward 3.csv",OM,Robert DE BOLD (SNP),match,match,match,match,match,match,match,match,match,match,match,match,match,match,match,match
"Ward3-LivingstonNorth_west lothian,2022,ward 3.csv",PM,Robert DE BOLD (SNP),match,match,match,match,match,match,match,match,match,match,match,match,match,match,match,match
"Ward3-LivingstonNorth_west lothian,2022,ward 3.csv",AVG,Robert DE BOLD (SNP),match,match,match,match,match,match,match,match,match,match,match,match,match,match,match,match
"Ward6-FauldhouseandtheBreichValley_west lothian,2022,ward 6.csv",OM,Cathy MULDOON (Lab),no_match,match,match,match,no_match,match,match,match,match,match,match,match,match,match,match,match
"Ward6-FauldhouseandtheBreichValley_west lothian,2022,ward 6.csv",PM,Cathy MULDOON (Lab),no_match,match,match,match,no_match,match,match,match,match,match,match,match,match,match,match,match
"Ward6-FauldhouseandtheBreichValley_west lothian,2022,ward 6.csv",AVG,Cathy MULDOON (Lab),no_match,match,match,match,no_match,match,match,match,match,match,match,match,match,match,match,match
"Ward5-EastLivingstonandEastCalder_west lothian,2022,ward 5.csv",OM,Carl JOHN (SNP),match,match,match,match,match,match,match,match,match,match,match,match,match,match,match,match
"Ward5-EastLivingstonandEastCalder_west lothian,2022,ward 5.csv",PM,Carl JOHN (SNP),match,match,match,match,match,match,match,match,match,match,match,match,match,match,match,match
"Ward5-EastLivingstonandEastCalder_west lothian,2022,ward 5.csv",AVG,Carl JOHN (SNP),match,match,match,match,match,match,match,match,match,match,match,match,match,match,match,match
"Ward9-ArmadaleandBlackridge_west lothian,2022,ward 9.csv",OM,Stuart BORROWMAN (Ind),match,match,match,match,match,match,match,match,match,match,match,match,match,match,match,match
"Ward9-ArmadaleandBlackridge_west lothian,2022,ward 9.csv",PM,Stuart BORROWMAN (Ind),match,match,match,match,match,match,match,match,match,match,match,match,match,match,match,match
"Ward9-ArmadaleandBlackridge_west lothian,2022,ward 9.csv",AVG,Stuart BORROWMAN (Ind),match,match,match,match,match,match,match,match,match,match,match,match,match,match,match,match
"Ward1-Linlithgow_west lothian,2022,ward 1.csv",OM,Sally PATTLE (LD),no_match,match,match,match,match,match,match,match,match,match,match,match,match,match,match,match
"Ward1-Linlithgow_west lothian,2022,ward 1.csv",PM,Sally PATTLE (LD),no_match,match,match,match,match,match,match,match,match,match,match,match,match,match,match,match
"Ward1-Linlithgow_west lothian,2022,ward 1.csv",AVG,Sally PATTLE (LD),no_match,match,match,match,match,match,match,match,match,match,match,match,match,match,match,match
"Ward8-Bathgate_west lothian,2022,ward 8.csv",OM,Harry CARTMILL (Lab),match,match,match,match,match,match,match,match,match,match,match,match,match,match,match,match
"Ward8-Bathgate_west lothian,2022,ward 8.csv",PM,Harry CARTMILL (Lab),match,match,match,match,match,match,match,match,match,match,match,match,match,match,match,match
"Ward8-Bathgate_west lothian,2022,ward 8.csv",AVG,Harry CARTMILL (Lab),match,match,match,match,match,match,match,match,match,match,match,match,match,match,match,match
"Ward4-LivingstonSouth_west lothian,2022,ward 4.csv",OM,Maria MACAULAY (SNP),match,match,match,no_match,match,match,match,match,match,match,match,match,match,no_match,no_match,match
"Ward4-LivingstonSouth_west lothian,2022,ward 4.csv",PM,Maria MACAULAY (SNP),match,match,match,no_match,match,match,match,match,match,match,match,match,match,no_match,no_match,match
"Ward4-LivingstonSouth_west lothian,2022,ward 4.csv",AVG,Maria MACAULAY (SNP),match,match,match,no_match,match,match,match,match,match,match,match,match,match,no_match,no_match,match
6.PaisleySouthWestWard_renfs12-06.csv,OM,Mark MACMILLAN (Lab),no_match,match,match,match,match,match,match,match,match,match,match,match,match,match,match,match
6.PaisleySouthWestWard_renfs12-06.csv,PM,Mark MACMILLAN (Lab),no_match,match,match,match,match,match,match,match,match,match,match,match,match,match,match,match
6.PaisleySouthWestWard_renfs12-06.csv,AVG,Mark MACMILLAN (Lab),no_match,match,match,match,match,match,match,match,match,match,match,match,match,match,match,match
7.JohnstoneSouthElderslie&HowwoodWard_renfs12-07.csv,OM,John CALDWELL (Lab),no_match,no_match,no_match,match,match,match,match,no_winner,match,no_match,no_match,match,match,match,match,match
7.JohnstoneSouthElderslie&HowwoodWard_renfs12-07.csv,PM,Iain MCMILLAN (Lab),match,match,match,no_match,no_match,no_match,no_match,no_winner,no_match,match,match,no_match,no_match,no_match,no_match,match
7.JohnstoneSouthElderslie&HowwoodWard_renfs12-07.csv,AVG,John CALDWELL (Lab),no_match,no_match,no_match,match,match,match,match,no_winner,match,no_match,no_match,match,match,match,match,match
8.JohnstoneNorthKilbarchan&LochwinnochWard_renfs12-08.csv,OM,Derek BIBBY (Lab),match,match,match,match,match,match,match,match,match,match,match,match,match,match,match,match
8.JohnstoneNorthKilbarchan&LochwinnochWard_renfs12-08.csv,PM,Derek BIBBY (Lab),match,match,match,match,match,match,match,match,match,match,match,match,match,match,match,match
8.JohnstoneNorthKilbarchan&LochwinnochWard_renfs12-08.csv,AVG,Derek BIBBY (Lab),match,match,match,match,match,match,match,match,match,match,match,match,match,match,match,match
3.PaisleyEast&RalstonWard_renfs12-03.csv,OM,JIM SHARKEY (Lab),match,match,match,match,match,match,match,match,match,match,match,match,match,match,match,match
3.PaisleyEast&RalstonWard_renfs12-03.csv,PM,JIM SHARKEY (Lab),match,match,match,match,match,match,match,match,match,match,match,match,match,match,match,match
3.PaisleyEast&RalstonWard_renfs12-03.csv,AVG,JIM SHARKEY (Lab),match,match,match,match,match,match,match,match,match,match,match,match,match,match,match,match
4.PaisleyNorthWestWard_renfs12-04.csv,OM,Terry KELLY (Lab),match,match,match,match,match,match,match,match,match,match,match,match,match,match,match,match
4.PaisleyNorthWestWard_renfs12-04.csv,PM,Terry KELLY (Lab),match,match,match,match,match,match,match,match,match,match,match,match,match,match,match,match
4.PaisleyNorthWestWard_renfs12-04.csv,AVG,Terry KELLY (Lab),match,match,match,match,match,match,match,match,match,match,match,match,match,match,match,match
10.BishoptonBridgeofWeir&LangbankWard_renfs12-10.csv,OM,Maria BROWN (SNP),no_match,match,no_match,no_match,match,match,match,match,match,match,match,match,match,no_match,no_match,match
10.BishoptonBridgeofWeir&LangbankWard_renfs12-10.csv,PM,Maria BROWN (SNP),no_match,match,no_match,no_match,match,match,match,match,match,match,match,match,match,no_match,no_match,match
10.BishoptonBridgeofWeir&LangbankWard_renfs12-10.csv,AVG,Maria BROWN (SNP),no_match,match,no_match,no_match,match,match,match,match,match,match,match,match,match,no_match,no_match,match
9.HoustonCrosslee&LinwoodWard_renfs12-09.csv,OM,Stuart CLARK (Lab),match,match,match,match,match,match,match,match,match,match,match,match,match,match,match,match
9.HoustonCrosslee&LinwoodWard_renfs12-09.csv,PM,Stuart CLARK (Lab),match,match,match,match,match,match,match,match,match,match,match,match,match,match,match,match
9.HoustonCrosslee&LinwoodWard_renfs12-09.csv,AVG,Stuart CLARK (Lab),match,match,match,match,match,match,match,match,match,match,match,match,match,match,match,match
2.RenfrewSouthGallowhillWard_renfs12-02.csv,OM,Eddie GRADY(Lab),no_match,match,match,match,match,match,match,match,match,match,match,match,match,match,match,match
2.RenfrewSouthGallowhillWard_renfs12-02.csv,PM,Eddie GRADY(Lab),no_match,match,match,match,match,match,match,match,match,match,match,match,match,match,match,match
2.RenfrewSouthGallowhillWard_renfs12-02.csv,AVG,Eddie GRADY(Lab),no_match,match,match,match,match,match,match,match,match,match,match,match,match,match,match,match
11.Erskine&InchinnanWard_renfs12-11.csv,OM,James HARTE (Lab),match,match,match,match,match,match,match,match,match,match,match,match,match,no_match,no_match,match
11.Erskine&InchinnanWard_renfs12-11.csv,PM,James HARTE (Lab),match,match,match,match,match,match,match,match,match,match,match,match,match,no_match,no_match,match
11.Erskine&InchinnanWard_renfs12-11.csv,AVG,James HARTE (Lab),match,match,match,match,match,match,match,match,match,match,match,match,match,no_match,no_match,match
5.PaisleySouthWard_renfs12-05.csv,OM,Eddie DEVINE (Lab),match,match,match,match,match,match,match,match,match,match,match,match,match,match,match,match
5.PaisleySouthWard_renfs12-05.csv,PM,Eddie DEVINE (Lab),match,match,match,match,match,match,match,match,match,match,match,match,match,match,match,match
5.PaisleySouthWard_renfs12-05.csv,AVG,Eddie DEVINE (Lab),match,match,match,match,match,match,match,match,match,match,match,match,match,match,match,match
Strathallan_perth-kinross12-07.csv,OM,Murray LYLE (Con),match,match,match,match,no_match,match,match,match,match,match,match,match,match,no_match,no_match,match
Strathallan_perth-kinross12-07.csv,PM,Murray LYLE (Con),match,match,match,match,no_match,match,match,match,match,match,match,match,match,no_match,no_match,match
Strathallan_perth-kinross12-07.csv,AVG,Murray LYLE (Con),match,match,match,match,no_match,match,match,match,match,match,match,match,match,no_match,no_match,match
PerthCityCentre_perth-kinross12-12.csv,OM,Jack COBURN (SNP),match,match,match,match,match,match,match,match,match,match,match,match,match,match,match,match
PerthCityCentre_perth-kinross12-12.csv,PM,Jack COBURN (SNP),match,match,match,match,match,match,match,match,match,match,match,match,match,match,match,match
PerthCityCentre_perth-kinross12-12.csv,AVG,Jack COBURN (SNP),match,match,match,match,match,match,match,match,match,match,match,match,match,match,match,match
PerthCityNorth_perth-kinross12-11.csv,OM,Dave DOOGAN (SNP),match,match,match,match,match,match,match,match,match,match,match,match,match,match,match,match
PerthCityNorth_perth-kinross12-11.csv,PM,Dave DOOGAN (SNP),match,match,match,match,match,match,match,match,match,match,match,match,match,match,match,match
PerthCityNorth_perth-kinross12-11.csv,AVG,Dave DOOGAN (SNP),match,match,match,match,match,match,match,match,match,match,match,match,match,match,match,match
Kinross-shire_perth-kinross12-08.csv,OM,Willie ROBERTSON (LD),no_match,match,no_match,match,match,match,match,match,match,match,match,match,match,match,match,match
Kinross-shire_perth-kinross12-08.csv,PM,Willie ROBERTSON (LD),no_match,match,no_match,match,match,match,match,match,match,match,match,match,match,match,match,match
Kinross-shire_perth-kinross12-08.csv,AVG,Willie ROBERTSON (LD),no_match,match,no_match,match,match,match,match,match,match,match,match,match,match,match,match,match
CarseofGowrie_perth-kinross12-01.csv,OM,Gordon WALKER (SNP),no_match,match,match,match,match,match,match,match,match,match,match,match,match,match,match,match
CarseofGowrie_perth-kinross12-01.csv,PM,Gordon WALKER (SNP),no_match,match,match,match,match,match,match,match,match,match,match,match,match,match,match,match
CarseofGowrie_perth-kinross12-01.csv,AVG,Gordon WALKER (SNP),no_match,match,match,match,match,match,match,match,match,match,match,match,match,match,match,match
Strathtay_perth-kinross12-05.csv,OM,John KELLAS (SNP),no_match,match,match,match,match,match,match,match,match,match,match,match,match,no_match,no_match,match
Strathtay_perth-kinross12-05.csv,PM,John KELLAS (SNP),no_match,match,match,match,match,match,match,match,match,match,match,match,match,no_match,no_match,match
Strathtay_perth-kinross12-05.csv,AVG,John KELLAS (SNP),no_match,match,match,match,match,match,match,match,match,match,match,match,match,no_match,no_match,match
Strathearn_perth-kinross12-06.csv,OM,Ann COWAN (Con),no_match,match,match,match,match,match,match,match,match,match,match,match,match,no_match,no_match,match
Strathearn_perth-kinross12-06.csv,PM,Ann COWAN (Con),no_match,match,match,match,match,match,match,match,match,match,match,match,match,no_match,no_match,match
Strathearn_perth-kinross12-06.csv,AVG,Ann COWAN (Con),no_match,match,match,match,match,match,match,match,match,match,match,match,match,no_match,no_match,match
PerthCitySouth_perth-kinross12-10.csv,OM,William Ogilvie WILSON (LD),match,match,match,match,match,match,match,match,match,match,match,match,match,match,match,match
PerthCitySouth_perth-kinross12-10.csv,PM,William Ogilvie WILSON (LD),match,match,match,match,match,match,match,match,match,match,match,match,match,match,match,match
PerthCitySouth_perth-kinross12-10.csv,AVG,William Ogilvie WILSON (LD),match,match,match,match,match,match,match,match,match,match,match,match,match,match,match,match
Highland_perth-kinross12-04.csv,OM,Kate HOWIE (SNP),match,match,match,match,match,match,match,match,match,match,match,match,match,match,match,match
Highland_perth-kinross12-04.csv,PM,Kate HOWIE (SNP),match,match,match,match,match,match,match,match,match,match,match,match,match,match,match,match
Highland_perth-kinross12-04.csv,AVG,Kate HOWIE (SNP),match,match,match,match,match,match,match,match,match,match,match,match,match,match,match,match
AlmondandEarn_perth-kinross12-09.csv,OM,Henry ANDERSON (SNP),no_match,match,match,match,match,match,match,match,match,match,match,match,match,match,match,match
AlmondandEarn_perth-kinross12-09.csv,PM,Henry ANDERSON (SNP),no_match,match,match,match,match,match,match,match,match,match,match,match,match,match,match,match
AlmondandEarn_perth-kinross12-09.csv,AVG,Henry ANDERSON (SNP),no_match,match,match,match,match,match,match,match,match,match,match,match,match,match,match,match
BlairgowrieandGlens_perth-kinross12-03.csv,OM,Bob ELLIS (SNP),match,match,match,match,match,match,match,match,match,match,match,match,match,match,match,match
BlairgowrieandGlens_perth-kinross12-03.csv,PM,Bob ELLIS (SNP),match,match,match,match,match,match,match,match,match,match,match,match,match,match,match,match
BlairgowrieandGlens_perth-kinross12-03.csv,AVG,Bob ELLIS (SNP),match,match,match,match,match,match,match,match,match,match,match,match,match,match,match,match
Strathmore_perth-kinross12-02.csv,OM,Alan GRANT (SNP),no_match,match,match,no_match,no_match,no_match,no_match,match,match,match,match,match,match,no_match,no_match,match
Strathmore_perth-kinross12-02.csv,PM,Alan GRANT (SNP),no_match,match,match,no_match,no_match,no_match,no_match,match,match,match,match,match,match,no_match,no_match,match
Strathmore_perth-kinross12-02.csv,AVG,Alan GRANT (SNP),no_match,match,match,no_match,no_match,no_match,no_match,match,match,match,match,match,match,no_match,no_match,match
Preference_profile_for_Ward_2_Renfrew_South_and_Gallowhill_copy.csv,OM,Cathy MCEWAN (SNP),match,match,match,match,match,match,match,match,match,match,match,match,match,match,match,match
Preference_profile_for_Ward_2_Renfrew_South_and_Gallowhill_copy.csv,PM,Cathy MCEWAN (SNP),match,match,match,match,match,match,match,match,match,match,match,match,match,match,match,match
Preference_profile_for_Ward_2_Renfrew_South_and_Gallowhill_copy.csv,AVG,Cathy MCEWAN (SNP),match,match,match,match,match,match,match,match,match,match,match,match,match,match,match,match
profile_for_Ward_11_Bishopton_Bridge_of_Weir_and_Langbank_copy.csv,OM,Colin Alan MCCULLOCH (Lab),no_match,no_match,match,match,match,match,match,match,match,match,match,match,match,match,match,match
profile_for_Ward_11_Bishopton_Bridge_of_Weir_and_Langbank_copy.csv,PM,Colin Alan MCCULLOCH (Lab),no_match,no_match,match,match,match,match,match,match,match,match,match,match,match,match,match,match
profile_for_Ward_11_Bishopton_Bridge_of_Weir_and_Langbank_copy.csv,AVG,Colin Alan MCCULLOCH (Lab),no_match,no_match,match,match,match,match,match,match,match,match,match,match,match,match,match,match
Preference_profile_for_Ward_12_Erskine_and_Inchinnan_copy.csv,OM,Iain NICOLSON (SNP),no_match,no_match,no_match,no_match,no_match,no_match,no_match,no_match,no_match,no_match,no_match,no_match,no_match,no_match,no_match,no_match
Preference_profile_for_Ward_12_Erskine_and_Inchinnan_copy.csv,PM,Sam MULLIN (Lab),match,match,match,match,match,match,match,match,match,match,match,match,match,match,match,match
Preference_profile_for_Ward_12_Erskine_and_Inchinnan_copy.csv,AVG,Sam MULLIN (Lab),match,match,match,match,match,match,match,match,match,match,match,match,match,match,match,match
Preference_profile_for_Ward_10_Houston_Crosslee_and_Linwood_copy.csv,OM,Alison ANN-DOWLING (Labour and Co-operative Party),match,match,match,match,match,match,match,match,match,match,match,match,match,match,match,match
Preference_profile_for_Ward_10_Houston_Crosslee_and_Linwood_copy.csv,PM,Alison ANN-DOWLING (Labour and Co-operative Party),match,match,match,match,match,match,match,match,match,match,match,match,match,match,match,match
Preference_profile_for_Ward_10_Houston_Crosslee_and_Linwood_copy.csv,AVG,Alison ANN-DOWLING (Labour and Co-operative Party),match,match,match,match,match,match,match,match,match,match,match,match,match,match,match,match
for_Ward_9_Johnstone_North_Kilbarchan_Howwood_and_Lochwinnoch_copy.csv,OM,Andy DOIG (Ind),match,match,match,match,match,match,match,match,match,match,match,match,match,match,match,match
for_Ward_9_Johnstone_North_Kilbarchan_Howwood_and_Lochwinnoch_copy.csv,PM,Andy DOIG (Ind),match,match,match,match,match,match,match,match,match,match,match,match,match,match,match,match
for_Ward_9_Johnstone_North_Kilbarchan_Howwood_and_Lochwinnoch_copy.csv,AVG,Andy DOIG (Ind),match,match,match,match,match,match,match,match,match,match,match,match,match,match,match,match
Preference_profile_for_Ward_6_Paisley_Southeast_copy.csv,OM,Bruce MACFARLANE (SNP),match,match,match,match,match,match,match,match,match,match,match,match,match,match,match,match
Preference_profile_for_Ward_6_Paisley_Southeast_copy.csv,PM,Bruce MACFARLANE (SNP),match,match,match,match,match,match,match,match,match,match,match,match,match,match,match,match
Preference_profile_for_Ward_6_Paisley_Southeast_copy.csv,AVG,Bruce MACFARLANE (SNP),match,match,match,match,match,match,match,match,match,match,match,match,match,match,match,match
Preference_profile_for_Ward_5_Paisley_East_and_Central_copy.csv,OM,John MCNAUGHTAN (SNP),match,match,match,match,match,match,match,match,match,match,match,match,match,match,no_match,match
Preference_profile_for_Ward_5_Paisley_East_and_Central_copy.csv,PM,John MCNAUGHTAN (SNP),match,match,match,match,match,match,match,match,match,match,match,match,match,match,no_match,match
Preference_profile_for_Ward_5_Paisley_East_and_Central_copy.csv,AVG,John MCNAUGHTAN (SNP),match,match,match,match,match,match,match,match,match,match,match,match,match,match,no_match,match
Preference_profile_for_Ward_4_Paisley_Northwest_copy.csv,OM,KENNY MACLAREN (SNP),match,match,match,match,match,match,match,match,match,match,match,match,match,match,match,match
Preference_profile_for_Ward_4_Paisley_Northwest_copy.csv,PM,KENNY MACLAREN (SNP),match,match,match,match,match,match,match,match,match,match,match,match,match,match,match,match
Preference_profile_for_Ward_4_Paisley_Northwest_copy.csv,AVG,KENNY MACLAREN (SNP),match,match,match,match,match,match,match,match,match,match,match,match,match,match,match,match
Preference_profile_for_Ward_8_Johnstone_South_and_Elderslie_copy.csv,OM,John HOOD (Lab),no_match,match,match,match,match,match,match,match,match,match,match,match,match,match,match,match
Preference_profile_for_Ward_8_Johnstone_South_and_Elderslie_copy.csv,PM,John HOOD (Lab),no_match,match,match,match,match,match,match,match,match,match,match,match,match,match,match,match
Preference_profile_for_Ward_8_Johnstone_South_and_Elderslie_copy.csv,AVG,John HOOD (Lab),no_match,match,match,match,match,match,match,match,match,match,match,match,match,match,match,match
Preference_profile_for_Ward_7_Paisley_Southwest_copy.csv,OM,Lorraine CAMERON (SNP),no_match,no_match,no_match,match,match,match,no_match,match,match,match,match,match,match,match,no_match,match
Preference_profile_for_Ward_7_Paisley_Southwest_copy.csv,PM,Lorraine CAMERON (SNP),no_match,no_match,no_match,match,match,match,no_match,match,match,match,match,match,match,match,no_match,match
Preference_profile_for_Ward_7_Paisley_Southwest_copy.csv,AVG,Lorraine CAMERON (SNP),no_match,no_match,no_match,match,match,match,no_match,match,match,match,match,match,match,match,no_match,match
MidArgyll_argyll-bute17-03.csv,OM,Douglas Trevor PHILAND (Ind),match,match,match,match,match,match,match,match,match,match,match,match,match,match,match,match
MidArgyll_argyll-bute17-03.csv,PM,Douglas Trevor PHILAND (Ind),match,match,match,match,match,match,match,match,match,match,match,match,match,match,match,match
MidArgyll_argyll-bute17-03.csv,AVG,Douglas Trevor PHILAND (Ind),match,match,match,match,match,match,match,match,match,match,match,match,match,match,match,match
Cowal_argyll-bute17-06.csv,OM,Alan REID (LD),no_match,match,no_match,match,match,match,match,match,match,match,match,match,match,match,match,match
Cowal_argyll-bute17-06.csv,PM,Alan REID (LD),no_match,match,no_match,match,match,match,match,match,match,match,match,match,match,match,match,match
Cowal_argyll-bute17-06.csv,AVG,Alan REID (LD),no_match,match,no_match,match,match,match,match,match,match,match,match,match,match,match,match,match
Dunoon_argyll-bute17-07.csv,OM,Audrey E FORREST (SNP),match,match,match,match,match,match,match,match,match,match,match,match,match,no_match,no_match,match
Dunoon_argyll-bute17-07.csv,PM,Audrey E FORREST (SNP),match,match,match,match,match,match,match,match,match,match,match,match,match,no_match,no_match,match
Dunoon_argyll-bute17-07.csv,AVG,Audrey E FORREST (SNP),match,match,match,match,match,match,match,match,match,match,match,match,match,no_match,no_match,match
ObanNorthandLorn_argyll-bute17-05.csv,OM,Elaine ROBERTSON (Ind),match,match,match,match,match,match,match,match,match,match,match,match,match,match,match,match
ObanNorthandLorn_argyll-bute17-05.csv,PM,Elaine ROBERTSON (Ind),match,match,match,match,match,match,match,match,match,match,match,match,match,match,match,match
ObanNorthandLorn_argyll-bute17-05.csv,AVG,Elaine ROBERTSON (Ind),match,match,match,match,match,match,match,match,match,match,match,match,match,match,match,match
IsleofBute_argyll-bute17-08.csv,OM,Jean Murray MOFFAT (Ind),match,match,match,match,match,match,match,match,match,match,match,match,match,match,match,match
IsleofBute_argyll-bute17-08.csv,PM,Jean Murray MOFFAT (Ind),match,match,match,match,match,match,match,match,match,match,match,match,match,match,match,match
IsleofBute_argyll-bute17-08.csv,AVG,Jean Murray MOFFAT (Ind),match,match,match,match,match,match,match,match,match,match,match,match,match,match,match,match
KintyreandtheIslands_argyll-bute17-02.csv,OM,Robin CURRIE (LD),no_match,match,no_match,match,no_match,match,no_match,match,match,match,match,match,match,match,match,match
KintyreandtheIslands_argyll-bute17-02.csv,PM,Robin CURRIE (LD),no_match,match,no_match,match,no_match,match,no_match,match,match,match,match,match,match,match,match,match
KintyreandtheIslands_argyll-bute17-02.csv,AVG,Robin CURRIE (LD),no_match,match,no_match,match,no_match,match,no_match,match,match,match,match,match,match,match,match,match
HelensburghandLomondSouth_argyll-bute17-11.csv,OM,David KINNIBURGH (Con),match,match,match,match,match,match,match,match,match,match,match,match,match,match,match,match
HelensburghandLomondSouth_argyll-bute17-11.csv,PM,David KINNIBURGH (Con),match,match,match,match,match,match,match,match,match,match,match,match,match,match,match,match
HelensburghandLomondSouth_argyll-bute17-11.csv,AVG,David KINNIBURGH (Con),match,match,match,match,match,match,match,match,match,match,match,match,match,match,match,match
ObanSouthandtheIsles_argyll-bute17-04.csv,OM,Roddy MCCUISH (Ind),match,match,match,match,no_match,match,match,match,match,match,match,match,match,match,match,match
ObanSouthandtheIsles_argyll-bute17-04.csv,PM,Roddy MCCUISH (Ind),match,match,match,match,no_match,match,match,match,match,match,match,match,match,match,match,match
ObanSouthandtheIsles_argyll-bute17-04.csv,AVG,Roddy MCCUISH (Ind),match,match,match,match,no_match,match,match,match,match,match,match,match,match,match,match,match
LomondNorth_argyll-bute17-09.csv,OM,Barbara MORGAN (Con),match,match,match,match,no_match,no_match,match,match,match,match,match,match,match,no_match,no_match,match
LomondNorth_argyll-bute17-09.csv,PM,Barbara MORGAN (Con),match,match,match,match,no_match,no_match,match,match,match,match,match,match,match,no_match,no_match,match
LomondNorth_argyll-bute17-09.csv,AVG,Barbara MORGAN (Con),match,match,match,match,no_match,no_match,match,match,match,match,match,match,match,no_match,no_match,match
HelensburghCentral_argyll-bute17-10.csv,OM,Gary MULVANEY (Con),match,match,match,match,match,match,match,match,match,match,match,match,match,match,match,match
HelensburghCentral_argyll-bute17-10.csv,PM,Gary MULVANEY (Con),match,match,match,match,match,match,match,match,match,match,match,match,match,match,match,match
HelensburghCentral_argyll-bute17-10.csv,AVG,Gary MULVANEY (Con),match,match,match,match,match,match,match,match,match,match,match,match,match,match,match,match
Ward4-ShetlandCentral_shetland17-04.csv,OM,Davie SANDISON (Ind),match,match,match,match,match,match,match,match,match,match,match,match,match,match,match,match
Ward4-ShetlandCentral_shetland17-04.csv,PM,Davie SANDISON (Ind),match,match,match,match,match,match,match,match,match,match,match,match,match,match,match,match
Ward4-ShetlandCentral_shetland17-04.csv,AVG,Davie SANDISON (Ind),match,match,match,match,match,match,match,match,match,match,match,match,match,match,match,match
Ward2-ShetlandNorth_shetland17-02.csv,OM,Andrea Isabel MANSON (Ind),match,match,match,match,match,match,match,match,match,match,match,match,match,match,match,match
Ward2-ShetlandNorth_shetland17-02.csv,PM,Andrea Isabel MANSON (Ind),match,match,match,match,match,match,match,match,match,match,match,match,match,match,match,match
Ward2-ShetlandNorth_shetland17-02.csv,AVG,Andrea Isabel MANSON (Ind),match,match,match,match,match,match,match,match,match,match,match,match,match,match,match,match
Ward3-ShetlandWest_shetland17-03.csv,OM,Theo SMITH (Ind),match,match,match,match,match,match,match,match,match,match,match,match,match,match,match,match
Ward3-ShetlandWest_shetland17-03.csv,PM,Theo SMITH (Ind),match,match,match,match,match,match,match,match,match,match,match,match,match,match,match,match
Ward3-ShetlandWest_shetland17-03.csv,AVG,Theo SMITH (Ind),match,match,match,match,match,match,match,match,match,match,match,match,match,match,match,match
Ward6-LerwickNorth_shetland17-06.csv,OM,Malcolm John BELL (Ind),match,match,match,match,match,match,match,match,match,match,match,match,match,match,match,match
Ward6-LerwickNorth_shetland17-06.csv,PM,Malcolm John BELL (Ind),match,match,match,match,match,match,match,match,match,match,match,match,match,match,match,match
Ward6-LerwickNorth_shetland17-06.csv,AVG,Malcolm John BELL (Ind),match,match,match,match,match,match,match,match,match,match,match,match,match,match,match,match
Ward1-NorthIsles_shetland17-01.csv,OM,Ryan James Andrew THOMSON (Ind),no_match,match,match,match,match,match,match,match,match,match,match,match,match,match,no_match,match
Ward1-NorthIsles_shetland17-01.csv,PM,Ryan James Andrew THOMSON (Ind),no_match,match,match,match,match,match,match,match,match,match,match,match,match,match,no_match,match
Ward1-NorthIsles_shetland17-01.csv,AVG,Ryan James Andrew THOMSON (Ind),no_match,match,match,match,match,match,match,match,match,match,match,match,match,match,no_match,match
Ward7-LerwickSouth_shetland17-07.csv,OM,Beatrice WISHART(Ind),no_match,match,match,match,match,match,match,match,match,match,match,match,match,match,match,match
Ward7-LerwickSouth_shetland17-07.csv,PM,Beatrice WISHART(Ind),no_match,match,match,match,match,match,match,match,match,match,match,match,match,match,match,match
Ward7-LerwickSouth_shetland17-07.csv,AVG,Beatrice WISHART(Ind),no_match,match,match,match,match,match,match,match,match,match,match,match,match,match,match,match
Kilwinning_n-ayrshire17-03.csv,OM,Joe CULLINANE (Lab),match,match,match,match,match,match,match,match,match,match,match,match,match,match,match,match
Kilwinning_n-ayrshire17-03.csv,PM,Joe CULLINANE (Lab),match,match,match,match,match,match,match,match,match,match,match,match,match,match,match,match
Kilwinning_n-ayrshire17-03.csv,AVG,Joe CULLINANE (Lab),match,match,match,match,match,match,match,match,match,match,match,match,match,match,match,match
Saltcoats_n-ayrshire17-09.csv,OM,Jim MONTGOMERIE (Lab),match,match,match,match,match,match,match,match,match,match,match,match,match,match,match,match
Saltcoats_n-ayrshire17-09.csv,PM,Jim MONTGOMERIE (Lab),match,match,match,match,match,match,match,match,match,match,match,match,match,match,match,match
Saltcoats_n-ayrshire17-09.csv,AVG,Jim MONTGOMERIE (Lab),match,match,match,match,match,match,match,match,match,match,match,match,match,match,match,match
NorthCoastandCumbraes_n-ayrshire17-08.csv,OM,Tom MARSHALL (Con),match,match,match,match,no_match,match,match,match,match,match,match,match,match,match,match,match
NorthCoastandCumbraes_n-ayrshire17-08.csv,PM,Tom MARSHALL (Con),match,match,match,match,no_match,match,match,match,match,match,match,match,match,match,match,match
NorthCoastandCumbraes_n-ayrshire17-08.csv,AVG,Tom MARSHALL (Con),match,match,match,match,no_match,match,match,match,match,match,match,match,match,match,match,match
IrvineEast_n-ayrshire17-02.csv,OM,John EASDALE (Lab),no_match,no_match,no_match,no_match,no_match,no_match,no_match,no_match,no_match,no_match,no_match,no_match,no_match,match,match,no_match
IrvineEast_n-ayrshire17-02.csv,PM,Marie BURNS (SNP),match,match,match,match,match,match,match,match,match,match,match,match,match,no_match,no_match,match
IrvineEast_n-ayrshire17-02.csv,AVG,Marie BURNS (SNP),match,match,match,match,match,match,match,match,match,match,match,match,match,no_match,no_match,match
Stevenston_n-ayrshire17-04.csv,OM,John SWEENEY (Lab),no_match,match,match,match,match,match,no_match,match,match,match,match,match,match,match,match,match
Stevenston_n-ayrshire17-04.csv,PM,John SWEENEY (Lab),no_match,match,match,match,match,match,no_match,match,match,match,match,match,match,match,match,match
Stevenston_n-ayrshire17-04.csv,AVG,John SWEENEY (Lab),no_match,match,match,match,match,match,no_match,match,match,match,match,match,match,match,match,match
DalryandWestKilbride_n-ayrshire17-06.csv,OM,Robert BARR (Ind),no_match,match,no_match,match,match,match,match,match,match,match,match,match,match,match,match,match
DalryandWestKilbride_n-ayrshire17-06.csv,PM,Robert BARR (Ind),no_match,match,no_match,match,match,match,match,match,match,match,match,match,match,match,match,match
DalryandWestKilbride_n-ayrshire17-06.csv,AVG,Robert BARR (Ind),no_match,match,no_match,match,match,match,match,match,match,match,match,match,match,match,match,match
ArdrossanandArran_n-ayrshire17-05.csv,OM,Tony GURNEY (SNP),no_match,match,no_match,match,match,match,match,match,match,match,match,match,match,no_match,no_match,match
ArdrossanandArran_n-ayrshire17-05.csv,PM,Tony GURNEY (SNP),no_match,match,no_match,match,match,match,match,match,match,match,match,match,match,no_match,no_match,match
ArdrossanandArran_n-ayrshire17-05.csv,AVG,Tony GURNEY (SNP),no_match,match,no_match,match,match,match,match,match,match,match,match,match,match,no_match,no_match,match
IrvineSouth_n-ayrshire17-10.csv,OM,Christina LARSEN (SNP),match,match,match,no_match,no_match,no_match,match,match,match,match,match,match,match,no_match,no_match,match
IrvineSouth_n-ayrshire17-10.csv,PM,Christina LARSEN (SNP),match,match,match,no_match,no_match,no_match,match,match,match,match,match,match,match,no_match,no_match,match
IrvineSouth_n-ayrshire17-10.csv,AVG,Christina LARSEN (SNP),match,match,match,no_match,no_match,no_match,match,match,match,match,match,match,match,no_match,no_match,match
IrvineWest_n-ayrshire17-01.csv,OM,Ian CLARKSON (Lab),match,match,match,match,match,match,match,match,match,match,match,match,match,match,match,match
IrvineWest_n-ayrshire17-01.csv,PM,Ian CLARKSON (Lab),match,match,match,match,match,match,match,match,match,match,match,match,match,match,match,match
IrvineWest_n-ayrshire17-01.csv,AVG,Ian CLARKSON (Lab),match,match,match,match,match,match,match,match,match,match,match,match,match,match,match,match
KilbirnieandBeith_n-ayrshire17-07.csv,OM,Anthea DICKSON (SNP),match,no_match,no_match,no_match,no_match,no_match,no_match,no_match,no_match,no_match,no_match,no_match,no_match,no_match,no_match,no_match
KilbirnieandBeith_n-ayrshire17-07.csv,PM,Donald L REID (Ind),no_match,match,match,match,match,match,match,match,match,match,match,match,match,match,match,match
KilbirnieandBeith_n-ayrshire17-07.csv,AVG,Donald L REID (Ind),no_match,match,match,match,match,match,match,match,match,match,match,match,match,match,match,match
v0001_ward-13-westhill-and-district_06052022_172124.csv,OM,Iris Margaret WALKER (LD),no_match,match,match,match,match,match,match,match,match,match,match,match,match,match,match,match
v0001_ward-13-westhill-and-district_06052022_172124.csv,PM,Iris Margaret WALKER (LD),no_match,match,match,match,match,match,match,match,match,match,match,match,match,match,match,match
v0001_ward-13-westhill-and-district_06052022_172124.csv,AVG,Iris Margaret WALKER (LD),no_match,match,match,match,match,match,match,match,match,match,match,match,match,match,match,match
v0001_ward-7-turriff-and-district_06052022_172118.csv,OM,Anne STIRLING (LD),no_match,no_match,match,match,match,match,no_match,match,match,match,match,match,match,match,match,match
v0001_ward-7-turriff-and-district_06052022_172118.csv,PM,Anne STIRLING (LD),no_match,no_match,match,match,match,match,no_match,match,match,match,match,match,match,match,match,match
v0001_ward-7-turriff-and-district_06052022_172118.csv,AVG,Anne STIRLING (LD),no_match,no_match,match,match,match,match,no_match,match,match,match,match,match,match,match,match,match
preferenceprofile_v0001_ward-19-mearns_06052022_172124.csv,OM,George CARR (Con),no_match,no_match,no_match,no_match,no_match,no_match,no_match,no_match,no_match,no_match,no_match,no_match,no_match,match,match,no_match
preferenceprofile_v0001_ward-19-mearns_06052022_172124.csv,PM,Kevin STELFOX (SNP),match,match,match,match,match,match,match,match,match,match,match,match,match,no_match,no_match,match
preferenceprofile_v0001_ward-19-mearns_06052022_172124.csv,AVG,Kevin STELFOX (SNP),match,match,match,match,match,match,match,match,match,match,match,match,match,no_match,no_match,match
Ward1-BanffandDistrict_ward1.csv,OM,Glen David REYNOLDS (SNP),match,match,match,no_match,match,match,match,match,match,match,match,match,match,no_match,no_match,match
Ward1-BanffandDistrict_ward1.csv,PM,Glen David REYNOLDS (SNP),match,match,match,no_match,match,match,match,match,match,match,match,match,match,no_match,no_match,match
Ward1-BanffandDistrict_ward1.csv,AVG,Glen David REYNOLDS (SNP),match,match,match,no_match,match,match,match,match,match,match,match,match,match,no_match,no_match,match
preferenceprofile_v0001_ward-8-mid-formartine_06052022_172123.csv,OM,Paul JOHNSTON (Ind),no_match,no_match,match,match,match,match,no_match,match,match,match,match,match,match,no_match,no_match,match
preferenceprofile_v0001_ward-8-mid-formartine_06052022_172123.csv,PM,Paul JOHNSTON (Ind),no_match,no_match,match,match,match,match,no_match,match,match,match,match,match,match,no_match,no_match,match
preferenceprofile_v0001_ward-8-mid-formartine_06052022_172123.csv,AVG,Paul JOHNSTON (Ind),no_match,no_match,match,match,match,match,no_match,match,match,match,match,match,match,no_match,no_match,match
preferenceprofile_v0001_ward-12-east-garioch_06052022_172124.csv,OM,Glen REID (SNP),match,match,match,match,match,match,match,match,match,match,match,match,match,match,match,match
preferenceprofile_v0001_ward-12-east-garioch_06052022_172124.csv,PM,Glen REID (SNP),match,match,match,match,match,match,match,match,match,match,match,match,match,match,match,match
preferenceprofile_v0001_ward-12-east-garioch_06052022_172124.csv,AVG,Glen REID (SNP),match,match,match,match,match,match,match,match,match,match,match,match,match,match,match,match
preferenceprofile_v0001_ward-4-central-buchan_06052022_172124.csv,OM,David MAIR (SNP),no_match,no_match,no_match,no_match,match,no_match,no_match,no_match,no_match,no_match,no_match,no_match,no_match,no_match,no_match,no_match
preferenceprofile_v0001_ward-4-central-buchan_06052022_172124.csv,PM,Hannah POWELL (Con),match,match,match,match,no_match,match,match,match,match,match,match,match,match,match,match,match
preferenceprofile_v0001_ward-4-central-buchan_06052022_172124.csv,AVG,Hannah POWELL (Con),match,match,match,match,no_match,match,match,match,match,match,match,match,match,match,match,match
Ward2-Troup_preferenceprofile_v0001_ward-2-troup_06052022_172123.csv,OM,Mark FINDLATER (Con),match,match,match,match,match,match,match,match,match,match,match,match,match,match,match,match
Ward2-Troup_preferenceprofile_v0001_ward-2-troup_06052022_172123.csv,PM,Mark FINDLATER (Con),match,match,match,match,match,match,match,match,match,match,match,match,match,match,match,match
Ward2-Troup_preferenceprofile_v0001_ward-2-troup_06052022_172123.csv,AVG,Mark FINDLATER (Con),match,match,match,match,match,match,match,match,match,match,match,match,match,match,match,match
preferenceprofile_v0001_ward-9-ellon-and-district_06052022_172124.csv,OM,Isobel DAVIDSON (LD),match,no_match,match,match,match,match,match,match,match,match,match,match,match,match,match,match
preferenceprofile_v0001_ward-9-ellon-and-district_06052022_172124.csv,PM,Isobel DAVIDSON (LD),match,no_match,match,match,match,match,match,match,match,match,match,match,match,match,match,match
preferenceprofile_v0001_ward-9-ellon-and-district_06052022_172124.csv,AVG,Isobel DAVIDSON (LD),match,no_match,match,match,match,match,match,match,match,match,match,match,match,match,match,match
v0001_ward-3-fraserburgh-and-district_06052022_172124.csv,OM,Doreen Anne Elizabeth MAIR (Ind),no_match,match,match,match,match,match,match,match,match,match,match,match,match,match,match,match
v0001_ward-3-fraserburgh-and-district_06052022_172124.csv,PM,Doreen Anne Elizabeth MAIR (Ind),no_match,match,match,match,match,match,match,match,match,match,match,match,match,match,match,match
v0001_ward-3-fraserburgh-and-district_06052022_172124.csv,AVG,Doreen Anne Elizabeth MAIR (Ind),no_match,match,match,match,match,match,match,match,match,match,match,match,match,match,match,match
ward-14-huntly-strathbogie-and-howe-of-alford_06052022_172124.csv,OM,Lauren KNIGHT (Con),no_match,match,match,match,match,match,no_match,match,match,match,match,match,match,no_match,no_match,match
ward-14-huntly-strathbogie-and-howe-of-alford_06052022_172124.csv,PM,Lauren KNIGHT (Con),no_match,match,match,match,match,match,no_match,match,match,match,match,match,match,no_match,no_match,match
ward-14-huntly-strathbogie-and-howe-of-alford_06052022_172124.csv,AVG,Lauren KNIGHT (Con),no_match,match,match,match,match,match,no_match,match,match,match,match,match,match,no_match,no_match,match
v0001_ward-5-peterhead-north-and-rattray_06052022_172118.csv,OM,Dianne BEAGRIE (Ind),no_match,match,match,match,match,match,match,match,match,match,match,match,match,match,match,match
v0001_ward-5-peterhead-north-and-rattray_06052022_172118.csv,PM,Dianne BEAGRIE (Ind),no_match,match,match,match,match,match,match,match,match,match,match,match,match,match,match,match
v0001_ward-5-peterhead-north-and-rattray_06052022_172118.csv,AVG,Dianne BEAGRIE (Ind),no_match,match,match,match,match,match,match,match,match,match,match,match,match,match,match,match
preferenceprofile_v0001_ward-10-west-garioch_06052022_172124.csv,OM,Hazel Linda SMITH (LD),no_match,no_match,no_match,match,no_match,match,no_match,no_winner,no_match,no_match,no_match,no_match,no_match,match,match,match
preferenceprofile_v0001_ward-10-west-garioch_06052022_172124.csv,PM,Sam PAYNE (Con),no_match,match,match,no_match,no_match,no_match,no_match,no_winner,no_match,no_match,match,no_match,no_match,no_match,no_match,match
preferenceprofile_v0001_ward-10-west-garioch_06052022_172124.csv,AVG,Moray Charles GRANT (SNP),match,no_match,no_match,no_match,match,no_match,match,no_winner,match,match,no_match,match,match,no_match,no_match,match
v0001_ward-6-peterhead-south-and-cruden_06052022_172115.csv,OM,Stephen William SMITH (SNP),match,match,match,match,no_match,match,match,match,match,match,match,match,match,match,match,match
v0001_ward-6-peterhead-south-and-cruden_06052022_172115.csv,PM,Stephen William SMITH (SNP),match,match,match,match,no_match,match,match,match,match,match,match,match,match,match,match,match
v0001_ward-6-peterhead-south-and-cruden_06052022_172115.csv,AVG,Stephen William SMITH (SNP),match,match,match,match,no_match,match,match,match,match,match,match,match,match,match,match,match
v0001_ward-15-aboyne-upper-deeside-and-donside_06052022_172124.csv,OM,Geva BLACKETT (Ind),match,match,match,match,match,match,match,match,match,match,match,match,match,match,match,match
v0001_ward-15-aboyne-upper-deeside-and-donside_06052022_172124.csv,PM,Geva BLACKETT (Ind),match,match,match,match,match,match,match,match,match,match,match,match,match,match,match,match
v0001_ward-15-aboyne-upper-deeside-and-donside_06052022_172124.csv,AVG,Geva BLACKETT (Ind),match,match,match,match,match,match,match,match,match,match,match,match,match,match,match,match
v0001_ward-16-banchory-and-mid-deeside_06052022_172124.csv,OM,Ann ROSS (Con),match,no_match,match,no_match,no_match,no_match,match,no_match,no_match,no_match,no_match,no_match,no_match,no_match,no_match,no_match
v0001_ward-16-banchory-and-mid-deeside_06052022_172124.csv,PM,Yi-pei CHOU TURVEY (LD),no_match,match,no_match,match,match,match,no_match,match,match,match,match,match,match,match,match,match
v0001_ward-16-banchory-and-mid-deeside_06052022_172124.csv,AVG,Yi-pei CHOU TURVEY (LD),no_match,match,no_match,match,match,match,no_match,match,match,match,match,match,match,match,match,match
preferenceprofile_v0001_ward-17-north-kincardine_06052022_172124.csv,OM,David AITCHISON (SNP),match,match,match,match,match,match,match,match,match,match,match,match,match,no_match,no_match,match
preferenceprofile_v0001_ward-17-north-kincardine_06052022_172124.csv,PM,David AITCHISON (SNP),match,match,match,match,match,match,match,match,match,match,match,match,match,no_match,no_match,match
preferenceprofile_v0001_ward-17-north-kincardine_06052022_172124.csv,AVG,David AITCHISON (SNP),match,match,match,match,match,match,match,match,match,match,match,match,match,no_match,no_match,match
v0001_ward-11-inverurie-and-district_06052022_172124.csv,OM,Marion Jane Muir EWENSON (LD),no_match,no_match,no_match,match,match,match,match,match,match,match,match,match,match,match,match,match
v0001_ward-11-inverurie-and-district_06052022_172124.csv,PM,Marion Jane Muir EWENSON (LD),no_match,no_match,no_match,match,match,match,match,match,match,match,match,match,match,match,match,match
v0001_ward-11-inverurie-and-district_06052022_172124.csv,AVG,Marion Jane Muir EWENSON (LD),no_match,no_match,no_match,match,match,match,match,match,match,match,match,match,match,match,match,match
v0001_ward-18-stonehaven-and-lower-deeside_06052022_172124.csv,OM,Sarah DICKINSON (LD),match,match,match,match,match,match,match,match,match,match,match,match,match,match,match,match
v0001_ward-18-stonehaven-and-lower-deeside_06052022_172124.csv,PM,Sarah DICKINSON (LD),match,match,match,match,match,match,match,match,match,match,match,match,match,match,match,match
v0001_ward-18-stonehaven-and-lower-deeside_06052022_172124.csv,AVG,Sarah DICKINSON (LD),match,match,match,match,match,match,match,match,match,match,match,match,match,match,match,match
Ward12-LeithWalk_ward12.csv,OM,Susan RAE (Grn),match,match,match,match,match,match,match,match,match,match,match,match,match,match,match,match
Ward12-LeithWalk_ward12.csv,PM,Susan RAE (Grn),match,match,match,match,match,match,match,match,match,match,match,match,match,match,match,match
Ward12-LeithWalk_ward12.csv,AVG,Susan RAE (Grn),match,match,match,match,match,match,match,match,match,match,match,match,match,match,match,match
Ward7-Sighthill-Gorgie_ward7.csv,OM,Catherine FULLERTON (SNP),no_match,match,match,match,match,match,match,match,match,match,match,match,match,match,no_match,match
Ward7-Sighthill-Gorgie_ward7.csv,PM,Catherine FULLERTON (SNP),no_match,match,match,match,match,match,match,match,match,match,match,match,match,match,no_match,match
Ward7-Sighthill-Gorgie_ward7.csv,AVG,Catherine FULLERTON (SNP),no_match,match,match,match,match,match,match,match,match,match,match,match,match,match,no_match,match
Ward1-Almond_ward1.csv,OM,Kevin LANG (LD),match,match,match,match,match,match,match,match,match,match,match,match,match,match,match,match
Ward1-Almond_ward1.csv,PM,Kevin LANG (LD),match,match,match,match,match,match,match,match,match,match,match,match,match,match,match,match
Ward1-Almond_ward1.csv,AVG,Kevin LANG (LD),match,match,match,match,match,match,match,match,match,match,match,match,match,match,match,match
Ward10-Morningside_ward10.csv,OM,Mandy Helen WATT (Lab),match,no_match,match,match,match,match,match,match,match,match,match,match,match,match,match,match
Ward10-Morningside_ward10.csv,PM,Mandy Helen WATT (Lab),match,no_match,match,match,match,match,match,match,match,match,match,match,match,match,match,match
Ward10-Morningside_ward10.csv,AVG,Mandy Helen WATT (Lab),match,no_match,match,match,match,match,match,match,match,match,match,match,match,match,match,match
Ward2-PentlandHills_ward2.csv,OM,Neil Thomas GARDINER (SNP),no_match,match,match,no_match,match,match,no_match,match,match,match,match,match,match,no_match,no_match,match
Ward2-PentlandHills_ward2.csv,PM,Neil Thomas GARDINER (SNP),no_match,match,match,no_match,match,match,no_match,match,match,match,match,match,match,no_match,no_match,match
Ward2-PentlandHills_ward2.csv,AVG,Neil Thomas GARDINER (SNP),no_match,match,match,no_match,match,match,no_match,match,match,match,match,match,match,no_match,no_match,match
Ward3-DrumBrae-Gyle_ward3.csv,OM,Robert Christopher ALDRIDGE (LD),match,match,match,match,match,match,match,match,match,match,match,match,match,match,match,match
Ward3-DrumBrae-Gyle_ward3.csv,PM,Robert Christopher ALDRIDGE (LD),match,match,match,match,match,match,match,match,match,match,match,match,match,match,match,match
Ward3-DrumBrae-Gyle_ward3.csv,AVG,Robert Christopher ALDRIDGE (LD),match,match,match,match,match,match,match,match,match,match,match,match,match,match,match,match
Ward6-Corstorphine-Murrayfield_ward6.csv,OM,Alan Christopher BEAL (LD),match,match,match,match,match,match,match,match,match,match,match,match,match,match,match,match
Ward6-Corstorphine-Murrayfield_ward6.csv,PM,Alan Christopher BEAL (LD),match,match,match,match,match,match,match,match,match,match,match,match,match,match,match,match
Ward6-Corstorphine-Murrayfield_ward6.csv,AVG,Alan Christopher BEAL (LD),match,match,match,match,match,match,match,match,match,match,match,match,match,match,match,match
Ward11-CityCentre_ward11.csv,OM,Claire MILLER (Grn),no_match,match,match,match,match,match,match,match,match,match,match,match,match,match,match,match
Ward11-CityCentre_ward11.csv,PM,Claire MILLER (Grn),no_match,match,match,match,match,match,match,match,match,match,match,match,match,match,match,match
Ward11-CityCentre_ward11.csv,AVG,Claire MILLER (Grn),no_match,match,match,match,match,match,match,match,match,match,match,match,match,match,match,match
Ward17-Portobello-Craigmillar_ward17.csv,OM,Kate CAMPBELL (SNP),match,match,match,match,match,match,match,match,match,match,match,match,match,match,match,match
Ward17-Portobello-Craigmillar_ward17.csv,PM,Kate CAMPBELL (SNP),match,match,match,match,match,match,match,match,match,match,match,match,match,match,match,match
Ward17-Portobello-Craigmillar_ward17.csv,AVG,Kate CAMPBELL (SNP),match,match,match,match,match,match,match,match,match,match,match,match,match,match,match,match
Ward9-Fountainbridge-Craiglockhart_ward9.csv,OM,Val WALKER (Labour and Co-operative Party),no_match,match,no_match,match,match,match,match,match,match,match,match,match,match,match,match,match
Ward9-Fountainbridge-Craiglockhart_ward9.csv,PM,Val WALKER (Labour and Co-operative Party),no_match,match,no_match,match,match,match,match,match,match,match,match,match,match,match,match,match
Ward9-Fountainbridge-Craiglockhart_ward9.csv,AVG,Val WALKER (Labour and Co-operative Party),no_match,match,no_match,match,match,match,match,match,match,match,match,match,match,match,match,match
Ward14-Craigentinny-Duddingston_ward14.csv,OM,Shelly-Ann BROWN (SNP),no_match,no_match,no_match,match,match,match,match,match,match,match,match,match,match,match,no_match,match
Ward14-Craigentinny-Duddingston_ward14.csv,PM,Shelly-Ann BROWN (SNP),no_match,no_match,no_match,match,match,match,match,match,match,match,match,match,match,match,no_match,match
Ward14-Craigentinny-Duddingston_ward14.csv,AVG,Shelly-Ann BROWN (SNP),no_match,no_match,no_match,match,match,match,match,match,match,match,match,match,match,match,no_match,match
Ward4-Forth_ward4.csv,OM,Stuart DOBBIN (SNP),no_match,no_match,no_match,no_match,match,no_match,no_match,no_match,no_match,no_match,no_match,no_match,no_match,no_match,no_match,no_match
Ward4-Forth_ward4.csv,PM,Cammy DAY (Labour and Co-operative Party),no_match,no_match,match,match,no_match,match,no_match,match,match,match,match,match,match,match,match,match
Ward4-Forth_ward4.csv,AVG,Cammy DAY (Labour and Co-operative Party),no_match,no_match,match,match,no_match,match,no_match,match,match,match,match,match,match,match,match,match
Ward13-Leith_ward13.csv,OM,Adam MCVEY (SNP),match,match,match,no_match,no_match,no_match,match,match,match,match,match,match,match,no_match,no_match,match
Ward13-Leith_ward13.csv,PM,Adam MCVEY (SNP),match,match,match,no_match,no_match,no_match,match,match,match,match,match,match,match,no_match,no_match,match
Ward13-Leith_ward13.csv,AVG,Adam MCVEY (SNP),match,match,match,no_match,no_match,no_match,match,match,match,match,match,match,match,no_match,no_match,match
Ward8-Colinton-Fairmilehead_ward8.csv,OM,Scott ARTHUR (Lab),match,match,match,match,match,match,match,match,match,match,match,match,match,match,match,match
Ward8-Colinton-Fairmilehead_ward8.csv,PM,Scott ARTHUR (Lab),match,match,match,match,match,match,match,match,match,match,match,match,match,match,match,match
Ward8-Colinton-Fairmilehead_ward8.csv,AVG,Scott ARTHUR (Lab),match,match,match,match,match,match,match,match,match,match,match,match,match,match,match,match
Ward16-Liberton-Gilmerton_ward16.csv,OM,Lezley Marion CAMERON (Labour and Co-operative Party),match,match,match,match,match,match,match,match,match,match,match,match,match,match,match,match
Ward16-Liberton-Gilmerton_ward16.csv,PM,Lezley Marion CAMERON (Labour and Co-operative Party),match,match,match,match,match,match,match,match,match,match,match,match,match,match,match,match
Ward16-Liberton-Gilmerton_ward16.csv,AVG,Lezley Marion CAMERON (Labour and Co-operative Party),match,match,match,match,match,match,match,match,match,match,match,match,match,match,match,match
Ward15-Southside-Newington_ward15.csv,OM,Tim POGSON (Labour and Co-operative Party),match,match,match,match,match,match,match,match,match,match,match,match,match,match,match,match
Ward15-Southside-Newington_ward15.csv,PM,Tim POGSON (Labour and Co-operative Party),match,match,match,match,match,match,match,match,match,match,match,match,match,match,match,match
Ward15-Southside-Newington_ward15.csv,AVG,Tim POGSON (Labour and Co-operative Party),match,match,match,match,match,match,match,match,match,match,match,match,match,match,match,match
Ward5-Inverleith_ward5.csv,OM,Hal OSLER (LD),match,match,match,match,match,match,match,match,match,match,match,match,match,match,match,match
Ward5-Inverleith_ward5.csv,PM,Hal OSLER (LD),match,match,match,match,match,match,match,match,match,match,match,match,match,match,match,match
Ward5-Inverleith_ward5.csv,AVG,Hal OSLER (LD),match,match,match,match,match,match,match,match,match,match,match,match,match,match,match,match
Ward3-BlairgowrieandGlens_Ward3.csv,OM,Caroline SHIERS (Con),match,match,match,match,no_match,match,match,match,match,match,match,match,match,no_match,no_match,match
Ward3-BlairgowrieandGlens_Ward3.csv,PM,Caroline SHIERS (Con),match,match,match,match,no_match,match,match,match,match,match,match,match,match,no_match,no_match,match
Ward3-BlairgowrieandGlens_Ward3.csv,AVG,Caroline SHIERS (Con),match,match,match,match,no_match,match,match,match,match,match,match,match,match,no_match,no_match,match
Ward9-AlmondandEarn_Ward9.csv,OM,David ILLINGWORTH (Con),no_match,match,match,match,match,match,match,match,match,match,match,match,match,match,match,match
Ward9-AlmondandEarn_Ward9.csv,PM,David ILLINGWORTH (Con),no_match,match,match,match,match,match,match,match,match,match,match,match,match,match,match,match
Ward9-AlmondandEarn_Ward9.csv,AVG,David ILLINGWORTH (Con),no_match,match,match,match,match,match,match,match,match,match,match,match,match,match,match,match
Ward7-Strathallan_Ward7.csv,OM,Keith ALLAN (Con),match,match,match,match,match,match,match,match,match,match,match,match,match,match,match,match
Ward7-Strathallan_Ward7.csv,PM,Keith ALLAN (Con),match,match,match,match,match,match,match,match,match,match,match,match,match,match,match,match
Ward7-Strathallan_Ward7.csv,AVG,Keith ALLAN (Con),match,match,match,match,match,match,match,match,match,match,match,match,match,match,match,match
Ward4-Highland_Ward4.csv,OM,Michael James WILLIAMSON (SNP),no_match,match,no_match,no_match,no_match,no_match,no_match,no_match,no_match,no_match,no_match,no_match,no_match,no_match,no_match,no_match
Ward4-Highland_Ward4.csv,PM,Xander MCDADE (Ind),no_match,no_match,match,match,match,match,match,match,match,match,match,match,match,match,match,match
Ward4-Highland_Ward4.csv,AVG,Xander MCDADE (Ind),no_match,no_match,match,match,match,match,match,match,match,match,match,match,match,match,match,match
Ward12-PerthCityCentre_Ward12.csv,OM,Eric DRYSDALE (SNP),match,match,match,match,match,match,match,match,match,match,match,match,match,match,match,match
Ward12-PerthCityCentre_Ward12.csv,PM,Eric DRYSDALE (SNP),match,match,match,match,match,match,match,match,match,match,match,match,match,match,match,match
Ward12-PerthCityCentre_Ward12.csv,AVG,Eric DRYSDALE (SNP),match,match,match,match,match,match,match,match,match,match,match,match,match,match,match,match
Ward5-Strathtay_Ward5.csv,OM,Grant LAING (SNP),match,match,match,match,match,match,match,match,match,match,match,match,match,no_match,no_match,match
Ward5-Strathtay_Ward5.csv,PM,Grant LAING (SNP),match,match,match,match,match,match,match,match,match,match,match,match,match,no_match,no_match,match
Ward5-Strathtay_Ward5.csv,AVG,Grant LAING (SNP),match,match,match,match,match,match,match,match,match,match,match,match,match,no_match,no_match,match
Ward1-CarseofGowrie_Ward1.csv,OM,Alasdair BAILEY (Lab),match,match,match,match,match,match,match,match,match,match,match,match,match,match,match,match
Ward1-CarseofGowrie_Ward1.csv,PM,Alasdair BAILEY (Lab),match,match,match,match,match,match,match,match,match,match,match,match,match,match,match,match
Ward1-CarseofGowrie_Ward1.csv,AVG,Alasdair BAILEY (Lab),match,match,match,match,match,match,match,match,match,match,match,match,match,match,match,match
Ward8-Kinross-Shire_Ward8.csv,OM,Willie ROBERTSON (LD),no_match,match,match,match,match,match,match,match,match,match,match,match,match,match,match,match
Ward8-Kinross-Shire_Ward8.csv,PM,Willie ROBERTSON (LD),no_match,match,match,match,match,match,match,match,match,match,match,match,match,match,match,match
Ward8-Kinross-Shire_Ward8.csv,AVG,Willie ROBERTSON (LD),no_match,match,match,match,match,match,match,match,match,match,match,match,match,match,match,match
Ward2-Strathmore_Ward2.csv,OM,COLIN STEWART (Ind),no_match,no_match,no_match,no_match,no_match,no_match,no_match,no_match,no_match,no_match,no_match,no_match,no_match,match,match,no_match
Ward2-Strathmore_Ward2.csv,PM,GRANT STEWART (SNP),match,match,match,match,match,match,match,match,match,match,match,match,match,no_match,no_match,match
Ward2-Strathmore_Ward2.csv,AVG,GRANT STEWART (SNP),match,match,match,match,match,match,match,match,match,match,match,match,match,no_match,no_match,match
Ward10-PerthCitySouth_Ward10.csv,OM,Liz BARRETT (LD),match,match,match,match,match,match,match,match,match,match,match,match,match,match,match,match
Ward10-PerthCitySouth_Ward10.csv,PM,Liz BARRETT (LD),match,match,match,match,match,match,match,match,match,match,match,match,match,match,match,match
Ward10-PerthCitySouth_Ward10.csv,AVG,Liz BARRETT (LD),match,match,match,match,match,match,match,match,match,match,match,match,match,match,match,match
Ward6-Strathearn_Ward6.csv,OM,Rhona BROCK (Ind),no_match,match,match,match,match,match,match,match,match,match,match,match,match,match,match,match
Ward6-Strathearn_Ward6.csv,PM,Rhona BROCK (Ind),no_match,match,match,match,match,match,match,match,match,match,match,match,match,match,match,match
Ward6-Strathearn_Ward6.csv,AVG,Rhona BROCK (Ind),no_match,match,match,match,match,match,match,match,match,match,match,match,match,match,match,match
Ward11-PerthCityNorth_Ward11.csv,OM,Ian MASSIE (SNP),match,match,match,match,match,match,match,match,match,match,match,match,match,match,match,match
Ward11-PerthCityNorth_Ward11.csv,PM,Ian MASSIE (SNP),match,match,match,match,match,match,match,match,match,match,match,match,match,match,match,match
Ward11-PerthCityNorth_Ward11.csv,AVG,Ian MASSIE (SNP),match,match,match,match,match,match,match,match,match,match,match,match,match,match,match,match
Ward9-UpperBraes_falkirk17-09.csv,OM,John MCLUCKIE (Lab),no_match,no_match,match,match,match,match,no_match,match,match,match,match,match,match,match,match,match
Ward9-UpperBraes_falkirk17-09.csv,PM,John MCLUCKIE (Lab),no_match,no_match,match,match,match,match,no_match,match,match,match,match,match,match,match,match,match
Ward9-UpperBraes_falkirk17-09.csv,AVG,John MCLUCKIE (Lab),no_match,no_match,match,match,match,match,no_match,match,match,match,match,match,match,match,match,match
Ward6-FalkirkNorth_falkirk17-06.csv,OM,David ALEXANDER (SNP),match,match,match,match,match,match,match,match,match,match,match,match,match,match,match,match
Ward6-FalkirkNorth_falkirk17-06.csv,PM,David ALEXANDER (SNP),match,match,match,match,match,match,match,match,match,match,match,match,match,match,match,match
Ward6-FalkirkNorth_falkirk17-06.csv,AVG,David ALEXANDER (SNP),match,match,match,match,match,match,match,match,match,match,match,match,match,match,match,match
Ward7-FalkirkSouth_falkirk17-07.csv,OM,Pat REID (Lab),no_match,no_match,no_match,match,match,match,match,match,match,match,match,match,match,match,match,match
Ward7-FalkirkSouth_falkirk17-07.csv,PM,Pat REID (Lab),no_match,no_match,no_match,match,match,match,match,match,match,match,match,match,match,match,match,match
Ward7-FalkirkSouth_falkirk17-07.csv,AVG,Pat REID (Lab),no_match,no_match,no_match,match,match,match,match,match,match,match,match,match,match,match,match,match
Ward1-Bo'nessandBlackness_falkirk17-01.csv,OM,Ann RITCHIE (SNP),match,match,match,match,match,match,match,match,match,match,match,match,match,match,match,match
Ward1-Bo'nessandBlackness_falkirk17-01.csv,PM,Ann RITCHIE (SNP),match,match,match,match,match,match,match,match,match,match,match,match,match,match,match,match
Ward1-Bo'nessandBlackness_falkirk17-01.csv,AVG,Ann RITCHIE (SNP),match,match,match,match,match,match,match,match,match,match,match,match,match,match,match,match
Ward5-BonnybridgeandLarbert_falkirk17-05.csv,OM,Tom COLEMAN (SNP),match,match,match,match,match,match,match,match,match,match,match,match,match,no_match,match,match
Ward5-BonnybridgeandLarbert_falkirk17-05.csv,PM,Tom COLEMAN (SNP),match,match,match,match,match,match,match,match,match,match,match,match,match,no_match,match,match
Ward5-BonnybridgeandLarbert_falkirk17-05.csv,AVG,Tom COLEMAN (SNP),match,match,match,match,match,match,match,match,match,match,match,match,match,no_match,match,match
Ward3-DennyandBanknock_falkirk17-03.csv,OM,Paul GARNER (SNP),match,match,match,match,match,match,match,match,match,match,match,match,match,match,match,match
Ward3-DennyandBanknock_falkirk17-03.csv,PM,Paul GARNER (SNP),match,match,match,match,match,match,match,match,match,match,match,match,match,match,match,match
Ward3-DennyandBanknock_falkirk17-03.csv,AVG,Paul GARNER (SNP),match,match,match,match,match,match,match,match,match,match,match,match,match,match,match,match
Ward8-LowerBraes_falkirk17-08.csv,OM,Malcolm NICOL (Con),match,match,match,match,no_match,match,match,match,match,match,match,match,match,match,match,match
Ward8-LowerBraes_falkirk17-08.csv,PM,Malcolm NICOL (Con),match,match,match,match,no_match,match,match,match,match,match,match,match,match,match,match,match
Ward8-LowerBraes_falkirk17-08.csv,AVG,Malcolm NICOL (Con),match,match,match,match,no_match,match,match,match,match,match,match,match,match,match,match,match
Ward2-Grangemouth_falkirk17-02.csv,OM,David BALFOUR (SNP),match,match,match,match,match,match,match,match,match,match,match,match,match,match,no_match,match
Ward2-Grangemouth_falkirk17-02.csv,PM,David BALFOUR (SNP),match,match,match,match,match,match,match,match,match,match,match,match,match,match,no_match,match
Ward2-Grangemouth_falkirk17-02.csv,AVG,David BALFOUR (SNP),match,match,match,match,match,match,match,match,match,match,match,match,match,match,no_match,match
"Ward4-Carse,KinnairdandTryst_falkirk17-04.csv",OM,Gary BOUSE (SNP),no_match,match,match,match,match,match,match,match,match,match,match,match,match,match,match,match
"Ward4-Carse,KinnairdandTryst_falkirk17-04.csv",PM,Gary BOUSE (SNP),no_match,match,match,match,match,match,match,match,match,match,match,match,match,match,match,match
"Ward4-Carse,KinnairdandTryst_falkirk17-04.csv",AVG,Gary BOUSE (SNP),no_match,match,match,match,match,match,match,match,match,match,match,match,match,match,match,match
"Ward5-Stepps,ChrystonandMuirhead_n-lanarks17-005.csv",OM,John MCLAREN (Lab),no_match,match,no_match,match,match,match,match,match,match,match,match,match,match,match,match,match
"Ward5-Stepps,ChrystonandMuirhead_n-lanarks17-005.csv",PM,John MCLAREN (Lab),no_match,match,no_match,match,match,match,match,match,match,match,match,match,match,match,match,match
"Ward5-Stepps,ChrystonandMuirhead_n-lanarks17-005.csv",AVG,John MCLAREN (Lab),no_match,match,no_match,match,match,match,match,match,match,match,match,match,match,match,match,match
Ward11-CoatbridgeSouth_n-lanarks17-011.csv,OM,Tracy CARRAGHER (SNP),match,match,match,match,match,match,match,match,match,match,match,match,match,match,match,match
Ward11-CoatbridgeSouth_n-lanarks17-011.csv,PM,Tracy CARRAGHER (SNP),match,match,match,match,match,match,match,match,match,match,match,match,match,match,match,match
Ward11-CoatbridgeSouth_n-lanarks17-011.csv,AVG,Tracy CARRAGHER (SNP),match,match,match,match,match,match,match,match,match,match,match,match,match,match,match,match
Ward17-MotherwellWest_n-lanarks17-017.csv,OM,Annette VALENTINE (SNP),no_match,no_match,match,no_match,match,no_match,match,no_match,no_match,no_match,no_match,no_match,no_match,no_match,no_match,no_match
Ward17-MotherwellWest_n-lanarks17-017.csv,PM,Paul KELLY (Lab),no_match,match,no_match,match,no_match,match,no_match,match,match,match,match,match,match,no_match,no_match,match
Ward17-MotherwellWest_n-lanarks17-017.csv,AVG,Paul KELLY (Lab),no_match,match,no_match,match,no_match,match,no_match,match,match,match,match,match,match,no_match,no_match,match
Ward21-Wishaw_n-lanarks17-021.csv,OM,Fiona FOTHERINGHAM (SNP),match,match,match,match,match,match,match,match,match,match,match,match,match,no_match,no_match,match
Ward21-Wishaw_n-lanarks17-021.csv,PM,Fiona FOTHERINGHAM (SNP),match,match,match,match,match,match,match,match,match,match,match,match,match,no_match,no_match,match
Ward21-Wishaw_n-lanarks17-021.csv,AVG,Fiona FOTHERINGHAM (SNP),match,match,match,match,match,match,match,match,match,match,match,match,match,no_match,no_match,match
Ward18-MotherwellNorth_n-lanarks17-018.csv,OM,Olivia CARSON (Lab),no_match,match,no_match,no_match,match,match,match,match,match,match,match,match,match,no_match,no_match,match
Ward18-MotherwellNorth_n-lanarks17-018.csv,PM,Olivia CARSON (Lab),no_match,match,no_match,no_match,match,match,match,match,match,match,match,match,match,no_match,no_match,match
Ward18-MotherwellNorth_n-lanarks17-018.csv,AVG,Olivia CARSON (Lab),no_match,match,no_match,no_match,match,match,match,match,match,match,match,match,match,no_match,no_match,match
Ward13-Fortissat_n-lanarks17-013.csv,OM,Martin MCCULLOCH (Lab),match,match,match,match,match,match,match,match,match,match,match,match,match,match,match,match
Ward13-Fortissat_n-lanarks17-013.csv,PM,Martin MCCULLOCH (Lab),match,match,match,match,match,match,match,match,match,match,match,match,match,match,match,match
Ward13-Fortissat_n-lanarks17-013.csv,AVG,Martin MCCULLOCH (Lab),match,match,match,match,match,match,match,match,match,match,match,match,match,match,match,match
Ward3-CumbernauldSouth_n-lanarks17-003.csv,OM,William GOLDIE (SNP),match,match,match,match,match,match,match,match,match,match,match,match,match,match,match,match
Ward3-CumbernauldSouth_n-lanarks17-003.csv,PM,William GOLDIE (SNP),match,match,match,match,match,match,match,match,match,match,match,match,match,match,match,match
Ward3-CumbernauldSouth_n-lanarks17-003.csv,AVG,William GOLDIE (SNP),match,match,match,match,match,match,match,match,match,match,match,match,match,match,match,match
Ward19-MotherwellSouthEastandRavenscraig_n-lanarks17-019.csv,OM,Agnes Duncan MAGOWAN (SNP),match,match,match,match,match,match,match,match,match,match,match,match,match,match,match,match
Ward19-MotherwellSouthEastandRavenscraig_n-lanarks17-019.csv,PM,Agnes Duncan MAGOWAN (SNP),match,match,match,match,match,match,match,match,match,match,match,match,match,match,match,match
Ward19-MotherwellSouthEastandRavenscraig_n-lanarks17-019.csv,AVG,Agnes Duncan MAGOWAN (SNP),match,match,match,match,match,match,match,match,match,match,match,match,match,match,match,match
Ward4-CumbernauldEast_n-lanarks17-004.csv,OM,Tom JOHNSTON (SNP),match,match,match,no_match,no_match,no_match,no_match,no_winner,match,no_match,match,match,match,no_match,no_match,match
Ward4-CumbernauldEast_n-lanarks17-004.csv,PM,Tom JOHNSTON (SNP),match,match,match,no_match,no_match,no_match,no_match,no_winner,match,no_match,match,match,match,no_match,no_match,match
Ward4-CumbernauldEast_n-lanarks17-004.csv,AVG,Tom JOHNSTON (SNP),match,match,match,no_match,no_match,no_match,no_match,no_winner,match,no_match,match,match,match,no_match,no_match,match
Ward9-AirdrieCentral_n-lanarks17-009.csv,OM,Nancy PETTIGREW (SNP),no_match,no_match,no_match,no_match,no_match,no_match,no_match,no_match,no_match,no_match,no_match,no_match,no_match,no_match,no_match,no_match
Ward9-AirdrieCentral_n-lanarks17-009.csv,PM,Jim LOGUE (Lab),match,match,match,match,match,match,match,match,match,match,match,match,match,match,match,match
Ward9-AirdrieCentral_n-lanarks17-009.csv,AVG,Jim LOGUE (Lab),match,match,match,match,match,match,match,match,match,match,match,match,match,match,match,match
"Ward6-Gartcosh,GlenboigandMoodiesburn_n-lanarks17-006.csv",OM,Willie DOOLAN (Lab),match,match,match,match,match,match,match,match,match,match,match,match,match,match,match,match
"Ward6-Gartcosh,GlenboigandMoodiesburn_n-lanarks17-006.csv",PM,Willie DOOLAN (Lab),match,match,match,match,match,match,match,match,match,match,match,match,match,match,match,match
"Ward6-Gartcosh,GlenboigandMoodiesburn_n-lanarks17-006.csv",AVG,Willie DOOLAN (Lab),match,match,match,match,match,match,match,match,match,match,match,match,match,match,match,match
Ward8-AirdrieNorth_n-lanarks17-008.csv,OM,Tommy MORGAN (Lab),no_match,match,match,match,match,match,match,match,match,match,match,match,match,match,match,match
Ward8-AirdrieNorth_n-lanarks17-008.csv,PM,Tommy MORGAN (Lab),no_match,match,match,match,match,match,match,match,match,match,match,match,match,match,match,match
Ward8-AirdrieNorth_n-lanarks17-008.csv,AVG,Tommy MORGAN (Lab),no_match,match,match,match,match,match,match,match,match,match,match,match,match,match,match,match
Ward1-Kilsyth_n-lanarks17-001.csv,OM,Jean JONES (Lab),match,match,match,match,match,match,match,match,match,match,match,match,match,match,match,match
Ward1-Kilsyth_n-lanarks17-001.csv,PM,Jean JONES (Lab),match,match,match,match,match,match,match,match,match,match,match,match,match,match,match,match
Ward1-Kilsyth_n-lanarks17-001.csv,AVG,Jean JONES (Lab),match,match,match,match,match,match,match,match,match,match,match,match,match,match,match,match
Ward10-CoatbridgeWest_n-lanarks17-010.csv,OM,Kevin DOCHERTY (Lab),match,match,match,match,match,match,match,match,match,match,match,match,match,match,match,match
Ward10-CoatbridgeWest_n-lanarks17-010.csv,PM,Kevin DOCHERTY (Lab),match,match,match,match,match,match,match,match,match,match,match,match,match,match,match,match
Ward10-CoatbridgeWest_n-lanarks17-010.csv,AVG,Kevin DOCHERTY (Lab),match,match,match,match,match,match,match,match,match,match,match,match,match,match,match,match
Ward7-CoatbridgeNorth_n-lanarks17-007.csv,OM,Alex MCVEY (Lab),no_match,match,match,match,no_match,match,match,match,match,match,match,match,match,match,match,match
Ward7-CoatbridgeNorth_n-lanarks17-007.csv,PM,Alex MCVEY (Lab),no_match,match,match,match,no_match,match,match,match,match,match,match,match,match,match,match,match
Ward7-CoatbridgeNorth_n-lanarks17-007.csv,AVG,Alex MCVEY (Lab),no_match,match,match,match,no_match,match,match,match,match,match,match,match,match,match,match,match
Ward20-Murdostoun_n-lanarks17-020.csv,OM,Robert MCKENDRICK (Ind),match,match,match,match,match,match,match,match,match,match,match,match,match,match,match,match
Ward20-Murdostoun_n-lanarks17-020.csv,PM,Robert MCKENDRICK (Ind),match,match,match,match,match,match,match,match,match,match,match,match,match,match,match,match
Ward20-Murdostoun_n-lanarks17-020.csv,AVG,Robert MCKENDRICK (Ind),match,match,match,match,match,match,match,match,match,match,match,match,match,match,match,match
Ward2-CumbernauldNorth_n-lanarks17-002.csv,OM,Alan MASTERTON (SNP),match,match,match,match,match,match,match,match,match,match,match,match,match,match,match,match
Ward2-CumbernauldNorth_n-lanarks17-002.csv,PM,Alan MASTERTON (SNP),match,match,match,match,match,match,match,match,match,match,match,match,match,match,match,match
Ward2-CumbernauldNorth_n-lanarks17-002.csv,AVG,Alan MASTERTON (SNP),match,match,match,match,match,match,match,match,match,match,match,match,match,match,match,match
Ward12-AirdrieSouth_n-lanarks17-012.csv,OM,MICHAEL COYLE (SNP),match,match,match,match,match,match,match,match,match,match,match,match,match,match,match,match
Ward12-AirdrieSouth_n-lanarks17-012.csv,PM,MICHAEL COYLE (SNP),match,match,match,match,match,match,match,match,match,match,match,match,match,match,match,match
Ward12-AirdrieSouth_n-lanarks17-012.csv,AVG,MICHAEL COYLE (SNP),match,match,match,match,match,match,match,match,match,match,match,match,match,match,match,match
Ward15-Bellshill_n-lanarks17-015.csv,OM,Harry CURRAN (Lab),match,match,match,match,match,match,match,match,match,match,match,match,match,match,match,match
Ward15-Bellshill_n-lanarks17-015.csv,PM,Harry CURRAN (Lab),match,match,match,match,match,match,match,match,match,match,match,match,match,match,match,match
Ward15-Bellshill_n-lanarks17-015.csv,AVG,Harry CURRAN (Lab),match,match,match,match,match,match,match,match,match,match,match,match,match,match,match,match
Ward14-Thorniewood_n-lanarks17-014.csv,OM,Bob BURROWS (Lab),match,match,match,match,match,match,match,match,match,match,match,match,match,match,match,match
Ward14-Thorniewood_n-lanarks17-014.csv,PM,Bob BURROWS (Lab),match,match,match,match,match,match,match,match,match,match,match,match,match,match,match,match
Ward14-Thorniewood_n-lanarks17-014.csv,AVG,Bob BURROWS (Lab),match,match,match,match,match,match,match,match,match,match,match,match,match,match,match,match
Ward16-MossendandHolytown_n-lanarks17-016.csv,OM,Frank MCNALLY (Lab),match,match,match,match,match,match,match,match,match,match,match,match,match,match,match,match
Ward16-MossendandHolytown_n-lanarks17-016.csv,PM,Frank MCNALLY (Lab),match,match,match,match,match,match,match,match,match,match,match,match,match,match,match,match
Ward16-MossendandHolytown_n-lanarks17-016.csv,AVG,Frank MCNALLY (Lab),match,match,match,match,match,match,match,match,match,match,match,match,match,match,match,match
V0001_North_West_and_Central_Sutherland_06052022_161534.csv,OM,Marianne HUTCHISON (SNP),match,match,match,no_match,no_match,no_match,no_match,match,match,match,match,match,match,no_match,no_match,match
V0001_North_West_and_Central_Sutherland_06052022_161534.csv,PM,Marianne HUTCHISON (SNP),match,match,match,no_match,no_match,no_match,no_match,match,match,match,match,match,match,no_match,no_match,match
V0001_North_West_and_Central_Sutherland_06052022_161534.csv,AVG,Marianne HUTCHISON (SNP),match,match,match,no_match,no_match,no_match,no_match,match,match,match,match,match,match,no_match,no_match,match
V0001_East_Sutherland_and_Edderton_06052022_161530.csv,OM,Richard GALE (LD),match,match,match,match,match,match,match,match,match,match,match,match,match,match,match,match
V0001_East_Sutherland_and_Edderton_06052022_161530.csv,PM,Richard GALE (LD),match,match,match,match,match,match,match,match,match,match,match,match,match,match,match,match
V0001_East_Sutherland_and_Edderton_06052022_161530.csv,AVG,Richard GALE (LD),match,match,match,match,match,match,match,match,match,match,match,match,match,match,match,match
V0001_Wester_Ross_Strathpeffer_and_Lochalsh_06052022_161539.csv,OM,Liz KRAFT (SNP),no_match,no_match,no_match,no_match,no_match,no_match,no_match,no_match,no_match,no_match,no_match,no_match,no_match,no_match,no_match,no_match
V0001_Wester_Ross_Strathpeffer_and_Lochalsh_06052022_161539.csv,PM,Biz CAMPBELL (Ind),match,match,match,match,match,match,match,match,match,match,match,match,match,match,match,match
V0001_Wester_Ross_Strathpeffer_and_Lochalsh_06052022_161539.csv,AVG,Biz CAMPBELL (Ind),match,match,match,match,match,match,match,match,match,match,match,match,match,match,match,match
PreferenceProfile_V0001_Culloden_and_Ardersier_06052022_161539.csv,OM,Glynis CAMPBELL-SINCLAIR (SNP),match,match,match,match,match,match,match,match,match,match,match,match,match,match,match,match
PreferenceProfile_V0001_Culloden_and_Ardersier_06052022_161539.csv,PM,Glynis CAMPBELL-SINCLAIR (SNP),match,match,match,match,match,match,match,match,match,match,match,match,match,match,match,match
PreferenceProfile_V0001_Culloden_and_Ardersier_06052022_161539.csv,AVG,Glynis CAMPBELL-SINCLAIR (SNP),match,match,match,match,match,match,match,match,match,match,match,match,match,match,match,match
PreferenceProfile_V0001_Inverness_South_06052022_161540.csv,OM,Ken GOWANS (SNP),match,match,match,no_match,match,no_match,match,match,match,match,match,match,match,no_match,no_match,match
PreferenceProfile_V0001_Inverness_South_06052022_161540.csv,PM,Ken GOWANS (SNP),match,match,match,no_match,match,no_match,match,match,match,match,match,match,match,no_match,no_match,match
PreferenceProfile_V0001_Inverness_South_06052022_161540.csv,AVG,Ken GOWANS (SNP),match,match,match,no_match,match,no_match,match,match,match,match,match,match,match,no_match,no_match,match
PreferenceProfile_V0001_Inverness_West_06052022_161539.csv,OM,Alex GRAHAM (LD),match,match,match,match,match,match,match,match,match,match,match,match,match,match,match,match
PreferenceProfile_V0001_Inverness_West_06052022_161539.csv,PM,Alex GRAHAM (LD),match,match,match,match,match,match,match,match,match,match,match,match,match,match,match,match
PreferenceProfile_V0001_Inverness_West_06052022_161539.csv,AVG,Alex GRAHAM (LD),match,match,match,match,match,match,match,match,match,match,match,match,match,match,match,match
PreferenceProfile_V0001_Aird_and_Loch_Ness_06052022_161539.csv,OM,David FRASER (Ind),no_match,match,match,match,match,match,match,match,match,match,match,match,match,match,match,match
PreferenceProfile_V0001_Aird_and_Loch_Ness_06052022_161539.csv,PM,David FRASER (Ind),no_match,match,match,match,match,match,match,match,match,match,match,match,match,match,match,match
PreferenceProfile_V0001_Aird_and_Loch_Ness_06052022_161539.csv,AVG,David FRASER (Ind),no_match,match,match,match,match,match,match,match,match,match,match,match,match,match,match,match
PreferenceProfile_V0001_Nairn_and_Cawdor_06052022_161539.csv,OM,Laurie FRASER (Ind),no_match,match,match,match,match,match,match,match,match,match,match,match,match,match,match,match
PreferenceProfile_V0001_Nairn_and_Cawdor_06052022_161539.csv,PM,Laurie FRASER (Ind),no_match,match,match,match,match,match,match,match,match,match,match,match,match,match,match,match
PreferenceProfile_V0001_Nairn_and_Cawdor_06052022_161539.csv,AVG,Laurie FRASER (Ind),no_match,match,match,match,match,match,match,match,match,match,match,match,match,match,match,match
PreferenceProfile_V0001_Badenoch_and_Strathspey_06052022_161540.csv,OM,Russell JONES (Ind),match,match,match,match,match,match,match,match,match,match,match,match,match,match,match,match
PreferenceProfile_V0001_Badenoch_and_Strathspey_06052022_161540.csv,PM,Russell JONES (Ind),match,match,match,match,match,match,match,match,match,match,match,match,match,match,match,match
PreferenceProfile_V0001_Badenoch_and_Strathspey_06052022_161540.csv,AVG,Russell JONES (Ind),match,match,match,match,match,match,match,match,match,match,match,match,match,match,match,match
BlackIsle_PreferenceProfile_V0001_Black_Isle_06052022_161539.csv,OM,Morven-May MACCALLUM (LD),no_match,match,match,match,match,match,no_match,match,match,match,match,match,match,match,match,match
BlackIsle_PreferenceProfile_V0001_Black_Isle_06052022_161539.csv,PM,Morven-May MACCALLUM (LD),no_match,match,match,match,match,match,no_match,match,match,match,match,match,match,match,match,match
BlackIsle_PreferenceProfile_V0001_Black_Isle_06052022_161539.csv,AVG,Morven-May MACCALLUM (LD),no_match,match,match,match,match,match,no_match,match,match,match,match,match,match,match,match,match
PreferenceProfile_V0001_Cromarty_Firth_06052022_161538.csv,OM,Molly NOLAN (LD),no_match,match,match,match,no_match,match,match,match,match,match,match,match,match,match,match,match
PreferenceProfile_V0001_Cromarty_Firth_06052022_161538.csv,PM,Molly NOLAN (LD),no_match,match,match,match,no_match,match,match,match,match,match,match,match,match,match,match,match
PreferenceProfile_V0001_Cromarty_Firth_06052022_161538.csv,AVG,Molly NOLAN (LD),no_match,match,match,match,no_match,match,match,match,match,match,match,match,match,match,match,match
PreferenceProfile_V0001_Inverness_Millburn_06052022_161539.csv,OM,David GREGG (LD),no_match,match,match,match,match,match,match,match,match,match,match,match,match,match,match,match
PreferenceProfile_V0001_Inverness_Millburn_06052022_161539.csv,PM,David GREGG (LD),no_match,match,match,match,match,match,match,match,match,match,match,match,match,match,match,match
PreferenceProfile_V0001_Inverness_Millburn_06052022_161539.csv,AVG,David GREGG (LD),no_match,match,match,match,match,match,match,match,match,match,match,match,match,match,match,match
V0001_Thurso_and_Northwest_Caithness_06052022_161528.csv,OM,Ron GUNN (LD),match,match,match,match,match,match,match,match,match,match,match,match,match,match,match,match
V0001_Thurso_and_Northwest_Caithness_06052022_161528.csv,PM,Ron GUNN (LD),match,match,match,match,match,match,match,match,match,match,match,match,match,match,match,match
V0001_Thurso_and_Northwest_Caithness_06052022_161528.csv,AVG,Ron GUNN (LD),match,match,match,match,match,match,match,match,match,match,match,match,match,match,match,match
PreferenceProfile_V0001_Inverness_Central_06052022_161539.csv,OM,Michael CAMERON (SNP),no_match,match,match,no_match,no_match,no_match,no_match,match,match,match,match,match,match,no_match,no_match,match
PreferenceProfile_V0001_Inverness_Central_06052022_161539.csv,PM,Michael CAMERON (SNP),no_match,match,match,no_match,no_match,no_match,no_match,match,match,match,match,match,match,no_match,no_match,match
PreferenceProfile_V0001_Inverness_Central_06052022_161539.csv,AVG,Michael CAMERON (SNP),no_match,match,match,no_match,no_match,no_match,no_match,match,match,match,match,match,match,no_match,no_match,match
PreferenceProfile_V0001_Wick_and_East_Caithness_06052022_161532.csv,OM,Jan MCEWAN (LD),match,match,match,match,match,match,match,match,match,match,match,match,match,match,match,match
PreferenceProfile_V0001_Wick_and_East_Caithness_06052022_161532.csv,PM,Jan MCEWAN (LD),match,match,match,match,match,match,match,match,match,match,match,match,match,match,match,match
PreferenceProfile_V0001_Wick_and_East_Caithness_06052022_161532.csv,AVG,Jan MCEWAN (LD),match,match,match,match,match,match,match,match,match,match,match,match,match,match,match,match
PreferenceProfile_V0001_Eilean_a__Che___06052022_161539.csv,OM,John FINLAYSON (Ind),match,match,match,match,match,match,match,match,match,match,match,match,match,match,match,match
PreferenceProfile_V0001_Eilean_a__Che___06052022_161539.csv,PM,John FINLAYSON (Ind),match,match,match,match,match,match,match,match,match,match,match,match,match,match,match,match
PreferenceProfile_V0001_Eilean_a__Che___06052022_161539.csv,AVG,John FINLAYSON (Ind),match,match,match,match,match,match,match,match,match,match,match,match,match,match,match,match
V0001_Fort_William_and_Ardnamurchan_06052022_161540.csv,OM,Angus MACDONALD (LD),match,match,match,match,match,match,match,match,match,match,match,match,match,match,match,match
V0001_Fort_William_and_Ardnamurchan_06052022_161540.csv,PM,Angus MACDONALD (LD),match,match,match,match,match,match,match,match,match,match,match,match,match,match,match,match
V0001_Fort_William_and_Ardnamurchan_06052022_161540.csv,AVG,Angus MACDONALD (LD),match,match,match,match,match,match,match,match,match,match,match,match,match,match,match,match
PreferenceProfile_V0001_Dingwall_and_Seaforth_06052022_161539.csv,OM,Graham Alexander MACKENZIE (SNP),match,match,match,match,match,match,match,match,match,match,match,match,match,no_match,no_match,match
PreferenceProfile_V0001_Dingwall_and_Seaforth_06052022_161539.csv,PM,Graham Alexander MACKENZIE (SNP),match,match,match,match,match,match,match,match,match,match,match,match,match,no_match,no_match,match
PreferenceProfile_V0001_Dingwall_and_Seaforth_06052022_161539.csv,AVG,Graham Alexander MACKENZIE (SNP),match,match,match,match,match,match,match,match,match,match,match,match,match,no_match,no_match,match
PreferenceProfile_V0001_Tain_and_Easter_Ross_06052022_161537.csv,OM,Alasdair RHIND (Ind),no_match,match,no_match,match,match,match,match,match,match,match,match,match,match,no_match,no_match,match
PreferenceProfile_V0001_Tain_and_Easter_Ross_06052022_161537.csv,PM,Alasdair RHIND (Ind),no_match,match,no_match,match,match,match,match,match,match,match,match,match,match,no_match,no_match,match
PreferenceProfile_V0001_Tain_and_Easter_Ross_06052022_161537.csv,AVG,Alasdair RHIND (Ind),no_match,match,no_match,match,match,match,match,match,match,match,match,match,match,no_match,no_match,match
PreferenceProfile_V0001_Inverness_Ness_side_06052022_161539.csv,OM,Alasdair CHRISTIE Scottish (LD),match,match,match,match,match,match,match,match,match,match,match,match,match,match,match,match
PreferenceProfile_V0001_Inverness_Ness_side_06052022_161539.csv,PM,Alasdair CHRISTIE Scottish (LD),match,match,match,match,match,match,match,match,match,match,match,match,match,match,match,match
PreferenceProfile_V0001_Inverness_Ness_side_06052022_161539.csv,AVG,Alasdair CHRISTIE Scottish (LD),match,match,match,match,match,match,match,match,match,match,match,match,match,match,match,match
LeithWalkWard_edinburgh12-12.csv,OM,Angela BLACKLOCK (Lab),no_match,match,match,match,match,match,match,match,match,match,match,match,match,match,match,match
LeithWalkWard_edinburgh12-12.csv,PM,Angela BLACKLOCK (Lab),no_match,match,match,match,match,match,match,match,match,match,match,match,match,match,match,match
LeithWalkWard_edinburgh12-12.csv,AVG,Angela BLACKLOCK (Lab),no_match,match,match,match,match,match,match,match,match,match,match,match,match,match,match,match
Meadows_MorningsideWard_edinburgh12-10.csv,OM,Melanie MAIN (Grn),no_match,match,match,match,match,match,match,match,match,match,match,match,match,match,match,match
Meadows_MorningsideWard_edinburgh12-10.csv,PM,Melanie MAIN (Grn),no_match,match,match,match,match,match,match,match,match,match,match,match,match,match,match,match
Meadows_MorningsideWard_edinburgh12-10.csv,AVG,Melanie MAIN (Grn),no_match,match,match,match,match,match,match,match,match,match,match,match,match,match,match,match
Fountainbridge_CraiglockhartWard_edinburgh12-09.csv,OM,Gavin CORBETT (Grn),match,match,match,match,match,match,match,match,match,match,match,match,match,match,match,match
Fountainbridge_CraiglockhartWard_edinburgh12-09.csv,PM,Gavin CORBETT (Grn),match,match,match,match,match,match,match,match,match,match,match,match,match,match,match,match
Fountainbridge_CraiglockhartWard_edinburgh12-09.csv,AVG,Gavin CORBETT (Grn),match,match,match,match,match,match,match,match,match,match,match,match,match,match,match,match
LeithWard_edinburgh12-13.csv,OM,Gordon MUNRO(Lab),match,match,match,match,match,match,match,match,match,match,match,match,match,match,match,match
LeithWard_edinburgh12-13.csv,PM,Gordon MUNRO(Lab),match,match,match,match,match,match,match,match,match,match,match,match,match,match,match,match
LeithWard_edinburgh12-13.csv,AVG,Gordon MUNRO(Lab),match,match,match,match,match,match,match,match,match,match,match,match,match,match,match,match
Liberton_GilmertonWard_edinburgh12-16.csv,OM,Norma AUSTIN HART(Lab),match,match,match,match,match,match,match,match,match,match,match,match,match,no_match,no_match,match
Liberton_GilmertonWard_edinburgh12-16.csv,PM,Norma AUSTIN HART(Lab),match,match,match,match,match,match,match,match,match,match,match,match,match,no_match,no_match,match
Liberton_GilmertonWard_edinburgh12-16.csv,AVG,Norma AUSTIN HART(Lab),match,match,match,match,match,match,match,match,match,match,match,match,match,no_match,no_match,match
Craigentinny_DuddingstonWard_edinburgh12-14.csv,OM,Stefan TYMKEWYCZ(SNP),match,match,match,no_match,match,no_match,match,match,match,match,match,match,match,no_match,no_match,match
Craigentinny_DuddingstonWard_edinburgh12-14.csv,PM,Stefan TYMKEWYCZ(SNP),match,match,match,no_match,match,no_match,match,match,match,match,match,match,match,no_match,no_match,match
Craigentinny_DuddingstonWard_edinburgh12-14.csv,AVG,Stefan TYMKEWYCZ(SNP),match,match,match,no_match,match,no_match,match,match,match,match,match,match,match,no_match,no_match,match
AlmondWard_edinburgh12-01.csv,OM,Norman James WORK(SNP),match,match,match,match,match,match,match,match,match,match,match,match,match,match,match,match
AlmondWard_edinburgh12-01.csv,PM,Norman James WORK(SNP),match,match,match,match,match,match,match,match,match,match,match,match,match,match,match,match
AlmondWard_edinburgh12-01.csv,AVG,Norman James WORK(SNP),match,match,match,match,match,match,match,match,match,match,match,match,match,match,match,match
DrumBrae_GyleWard_edinburgh12-03.csv,OM,Karen KEIL (Lab),match,match,match,match,match,match,match,match,match,match,match,match,match,match,match,match
DrumBrae_GyleWard_edinburgh12-03.csv,PM,Karen KEIL (Lab),match,match,match,match,match,match,match,match,match,match,match,match,match,match,match,match
DrumBrae_GyleWard_edinburgh12-03.csv,AVG,Karen KEIL (Lab),match,match,match,match,match,match,match,match,match,match,match,match,match,match,match,match
PentlandHillsWard_edinburgh12-02.csv,OM,RICKY HENDERSON(Lab),no_match,match,match,match,match,match,match,match,match,match,match,match,match,match,match,match
PentlandHillsWard_edinburgh12-02.csv,PM,RICKY HENDERSON(Lab),no_match,match,match,match,match,match,match,match,match,match,match,match,match,match,match,match
PentlandHillsWard_edinburgh12-02.csv,AVG,RICKY HENDERSON(Lab),no_match,match,match,match,match,match,match,match,match,match,match,match,match,match,match,match
ForthWard_edinburgh12-04.csv,OM,Cammy DAY(Lab),match,match,match,match,match,match,match,match,match,match,match,match,match,match,match,match
ForthWard_edinburgh12-04.csv,PM,Cammy DAY(Lab),match,match,match,match,match,match,match,match,match,match,match,match,match,match,match,match
ForthWard_edinburgh12-04.csv,AVG,Cammy DAY(Lab),match,match,match,match,match,match,match,match,match,match,match,match,match,match,match,match
Sighthill_GorgieWard_edinburgh12-07.csv,OM,Catherine FULLERTON (SNP),no_match,no_match,no_match,no_match,no_match,no_match,no_match,no_match,no_match,no_match,no_match,no_match,no_match,no_match,no_match,no_match
Sighthill_GorgieWard_edinburgh12-07.csv,PM,Eric MILLIGAN (Lab),match,match,match,match,match,match,match,match,match,match,match,match,match,match,match,match
Sighthill_GorgieWard_edinburgh12-07.csv,AVG,Eric MILLIGAN (Lab),match,match,match,match,match,match,match,match,match,match,match,match,match,match,match,match
CityCentreWard_edinburgh12-11.csv,OM,Julita MAZUREK (Grn),no_match,no_match,no_match,match,match,match,match,match,match,match,match,match,match,match,match,match
CityCentreWard_edinburgh12-11.csv,PM,Julita MAZUREK (Grn),no_match,no_match,no_match,match,match,match,match,match,match,match,match,match,match,match,match,match
CityCentreWard_edinburgh12-11.csv,AVG,Julita MAZUREK (Grn),no_match,no_match,no_match,match,match,match,match,match,match,match,match,match,match,match,match,match
Southside_NewingtonWard_edinburgh12-15.csv,OM,Steve BURGESS(Grn),match,match,match,match,match,match,match,match,match,match,match,match,match,match,match,match
Southside_NewingtonWard_edinburgh12-15.csv,PM,Steve BURGESS(Grn),match,match,match,match,match,match,match,match,match,match,match,match,match,match,match,match
Southside_NewingtonWard_edinburgh12-15.csv,AVG,Steve BURGESS(Grn),match,match,match,match,match,match,match,match,match,match,match,match,match,match,match,match
InverleithWard_edinburgh12-05.csv,OM,Lesley HINDS(Lab),match,match,match,match,match,match,match,match,match,match,match,match,match,match,match,match
InverleithWard_edinburgh12-05.csv,PM,Lesley HINDS(Lab),match,match,match,match,match,match,match,match,match,match,match,match,match,match,match,match
InverleithWard_edinburgh12-05.csv,AVG,Lesley HINDS(Lab),match,match,match,match,match,match,match,match,match,match,match,match,match,match,match,match
Portobello_CraigmillarWard_edinburgh12-17.csv,OM,Maureen CHILD(Lab),match,match,match,match,match,match,match,match,match,match,match,match,match,match,match,match
Portobello_CraigmillarWard_edinburgh12-17.csv,PM,Maureen CHILD(Lab),match,match,match,match,match,match,match,match,match,match,match,match,match,match,match,match
Portobello_CraigmillarWard_edinburgh12-17.csv,AVG,Maureen CHILD(Lab),match,match,match,match,match,match,match,match,match,match,match,match,match,match,match,match
Colinton_FairmileheadWard_edinburgh12-08.csv,OM,Jason Geoffrey RUST (Con),match,match,match,match,match,match,match,match,match,match,match,match,match,match,match,match
Colinton_FairmileheadWard_edinburgh12-08.csv,PM,Jason Geoffrey RUST (Con),match,match,match,match,match,match,match,match,match,match,match,match,match,match,match,match
Colinton_FairmileheadWard_edinburgh12-08.csv,AVG,Jason Geoffrey RUST (Con),match,match,match,match,match,match,match,match,match,match,match,match,match,match,match,match
Corstorphine_MurrayfieldWard_edinburgh12-06.csv,OM,Paul EDIE(LD),no_match,match,no_match,match,match,match,match,match,match,match,match,match,match,match,match,match
Corstorphine_MurrayfieldWard_edinburgh12-06.csv,PM,Paul EDIE(LD),no_match,match,no_match,match,match,match,match,match,match,match,match,match,match,match,match,match
Corstorphine_MurrayfieldWard_edinburgh12-06.csv,AVG,Paul EDIE(LD),no_match,match,no_match,match,match,match,match,match,match,match,match,match,match,match,match,match
MidlothianWes0_midlothian12-04_cleaned.csv,OM,Andrew COVENTR (SNP),match,match,match,match,match,match,match,match,match,match,match,match,match,no_match,no_match,match
MidlothianWes0_midlothian12-04_cleaned.csv,PM,Andrew COVENTR (SNP),match,match,match,match,match,match,match,match,match,match,match,match,match,no_match,no_match,match
MidlothianWes0_midlothian12-04_cleaned.csv,AVG,Andrew COVENTR (SNP),match,match,match,match,match,match,match,match,match,match,match,match,match,no_match,no_match,match
Penicui_midlothian12-01_cleaned.csv,OM,Derek ROSI (SNP),match,match,match,match,match,match,match,match,match,match,match,match,match,match,match,match
Penicui_midlothian12-01_cleaned.csv,PM,Derek ROSI (SNP),match,match,match,match,match,match,match,match,match,match,match,match,match,match,match,match
Penicui_midlothian12-01_cleaned.csv,AVG,Derek ROSI (SNP),match,match,match,match,match,match,match,match,match,match,match,match,match,match,match,match
Dalkeit0_midlothian12-03_cleaned.csv,OM,Alex BENNET (Lab),match,match,match,match,match,match,match,match,match,match,match,match,match,match,match,match
Dalkeit0_midlothian12-03_cleaned.csv,PM,Alex BENNET (Lab),match,match,match,match,match,match,match,match,match,match,match,match,match,match,match,match
Dalkeit0_midlothian12-03_cleaned.csv,AVG,Alex BENNET (Lab),match,match,match,match,match,match,match,match,match,match,match,match,match,match,match,match
MidlothianSout0_midlothian12-06_cleaned.csv,OM,Jim MUIRHEA (Lab),match,match,match,match,match,match,match,match,match,match,match,match,match,match,match,match
MidlothianSout0_midlothian12-06_cleaned.csv,PM,Jim MUIRHEA (Lab),match,match,match,match,match,match,match,match,match,match,match,match,match,match,match,match
MidlothianSout0_midlothian12-06_cleaned.csv,AVG,Jim MUIRHEA (Lab),match,match,match,match,match,match,match,match,match,match,match,match,match,match,match,match
Bonnyrig0_midlothian12-02_cleaned.csv,OM,Derek MILLIGA (Lab),match,match,match,match,match,match,match,match,match,match,match,match,match,match,match,match
Bonnyrig0_midlothian12-02_cleaned.csv,PM,Derek MILLIGA (Lab),match,match,match,match,match,match,match,match,match,match,match,match,match,match,match,match
Bonnyrig0_midlothian12-02_cleaned.csv,AVG,Derek MILLIGA (Lab),match,match,match,match,match,match,match,match,match,match,match,match,match,match,match,match
MidlothianEas0_midlothian12-05_cleaned.csv,OM,Lisa BEATTI (SNP),match,match,match,match,match,match,match,match,match,match,match,match,match,match,match,match
MidlothianEas0_midlothian12-05_cleaned.csv,PM,Lisa BEATTI (SNP),match,match,match,match,match,match,match,match,match,match,match,match,match,match,match,match
MidlothianEas0_midlothian12-05_cleaned.csv,AVG,Lisa BEATTI (SNP),match,match,match,match,match,match,match,match,match,match,match,match,match,match,match,match
Ward7-KirkintillochEast&North&Twechar_ward7.csv,OM,Stewart MACDONALD (Lab),no_match,match,match,match,match,match,match,match,match,match,match,match,match,match,match,match
Ward7-KirkintillochEast&North&Twechar_ward7.csv,PM,Stewart MACDONALD (Lab),no_match,match,match,match,match,match,match,match,match,match,match,match,match,match,match,match
Ward7-KirkintillochEast&North&Twechar_ward7.csv,AVG,Stewart MACDONALD (Lab),no_match,match,match,match,match,match,match,match,match,match,match,match,match,match,match,match
Ward1-Milngavie_ward1.csv,OM,Aileen POLSON (LD),no_match,match,no_match,match,match,match,match,match,match,match,match,match,match,match,match,match
Ward1-Milngavie_ward1.csv,PM,Aileen POLSON (LD),no_match,match,no_match,match,match,match,match,match,match,match,match,match,match,match,match,match
Ward1-Milngavie_ward1.csv,AVG,Aileen POLSON (LD),no_match,match,no_match,match,match,match,match,match,match,match,match,match,match,match,match,match
Ward2-BearsdenNorth_ward2.csv,OM,Duncan CUMMING (Ind),match,match,match,match,match,match,match,match,match,match,match,match,match,match,match,match
Ward2-BearsdenNorth_ward2.csv,PM,Duncan CUMMING (Ind),match,match,match,match,match,match,match,match,match,match,match,match,match,match,match,match
Ward2-BearsdenNorth_ward2.csv,AVG,Duncan CUMMING (Ind),match,match,match,match,match,match,match,match,match,match,match,match,match,match,match,match
Ward5-BishopbriggsSouth_ward5.csv,OM,Alan MOIR (Labour and Co-operative Party),no_match,match,match,match,match,match,match,match,match,match,match,match,match,match,match,match
Ward5-BishopbriggsSouth_ward5.csv,PM,Alan MOIR (Labour and Co-operative Party),no_match,match,match,match,match,match,match,match,match,match,match,match,match,match,match,match
Ward5-BishopbriggsSouth_ward5.csv,AVG,Alan MOIR (Labour and Co-operative Party),no_match,match,match,match,match,match,match,match,match,match,match,match,match,match,match,match
Ward3-BearsdenSouth_ward3.csv,OM,Vaughan MOODY (LD),no_match,match,no_match,match,match,match,match,match,match,match,match,match,match,match,match,match
Ward3-BearsdenSouth_ward3.csv,PM,Vaughan MOODY (LD),no_match,match,no_match,match,match,match,match,match,match,match,match,match,match,match,match,match
Ward3-BearsdenSouth_ward3.csv,AVG,Vaughan MOODY (LD),no_match,match,no_match,match,match,match,match,match,match,match,match,match,match,match,match,match
Ward6-Lenzie&KirkintillochSouth_ward6.csv,OM,Callum MCNALLY (Labour and Co-operative Party),no_match,match,match,match,match,match,no_match,match,match,match,match,match,match,match,match,match
Ward6-Lenzie&KirkintillochSouth_ward6.csv,PM,Callum MCNALLY (Labour and Co-operative Party),no_match,match,match,match,match,match,no_match,match,match,match,match,match,match,match,match,match
Ward6-Lenzie&KirkintillochSouth_ward6.csv,AVG,Callum MCNALLY (Labour and Co-operative Party),no_match,match,match,match,match,match,no_match,match,match,match,match,match,match,match,match,match
Ward4-BishopbriggsNorth&Campsie_ward4.csv,OM,Paul FERRETTI (SNP),match,match,match,no_match,match,match,match,match,match,match,match,match,match,no_match,no_match,match
Ward4-BishopbriggsNorth&Campsie_ward4.csv,PM,Paul FERRETTI (SNP),match,match,match,no_match,match,match,match,match,match,match,match,match,match,no_match,no_match,match
Ward4-BishopbriggsNorth&Campsie_ward4.csv,AVG,Paul FERRETTI (SNP),match,match,match,no_match,match,match,match,match,match,match,match,match,match,no_match,no_match,match
MaryfieldWard_dundee12-05.csv,OM,Ken LYNN (SNP),match,match,match,match,match,match,match,match,match,match,match,match,match,match,match,match
MaryfieldWard_dundee12-05.csv,PM,Ken LYNN (SNP),match,match,match,match,match,match,match,match,match,match,match,match,match,match,match,match
MaryfieldWard_dundee12-05.csv,AVG,Ken LYNN (SNP),match,match,match,match,match,match,match,match,match,match,match,match,match,match,match,match
StrathmartineWard_dundee12-01.csv,OM,John ALEXANDER (SNP),match,match,match,match,match,match,match,match,match,match,match,match,match,match,match,match
StrathmartineWard_dundee12-01.csv,PM,John ALEXANDER (SNP),match,match,match,match,match,match,match,match,match,match,match,match,match,match,match,match
StrathmartineWard_dundee12-01.csv,AVG,John ALEXANDER (SNP),match,match,match,match,match,match,match,match,match,match,match,match,match,match,match,match
EastEndWard_dundee12-07.csv,OM,Will DAWSON (SNP),match,match,match,match,match,match,match,match,match,match,match,match,match,match,match,match
EastEndWard_dundee12-07.csv,PM,Will DAWSON (SNP),match,match,match,match,match,match,match,match,match,match,match,match,match,match,match,match
EastEndWard_dundee12-07.csv,AVG,Will DAWSON (SNP),match,match,match,match,match,match,match,match,match,match,match,match,match,match,match,match
LocheeWard_dundee12-02.csv,OM,Bob DUNCAN (SNP),match,match,match,match,match,match,match,match,match,match,match,match,match,match,match,match
LocheeWard_dundee12-02.csv,PM,Bob DUNCAN (SNP),match,match,match,match,match,match,match,match,match,match,match,match,match,match,match,match
LocheeWard_dundee12-02.csv,AVG,Bob DUNCAN (SNP),match,match,match,match,match,match,match,match,match,match,match,match,match,match,match,match
TheFerryWard_dundee12-08.csv,OM,Ken GUILD (SNP),no_match,match,match,match,match,match,match,match,match,match,match,match,match,match,match,match
TheFerryWard_dundee12-08.csv,PM,Ken GUILD (SNP),no_match,match,match,match,match,match,match,match,match,match,match,match,match,match,match,match
TheFerryWard_dundee12-08.csv,AVG,Ken GUILD (SNP),no_match,match,match,match,match,match,match,match,match,match,match,match,match,match,match,match
NorthEastWard_dundee12-06.csv,OM,Gregor MURRAY (SNP),match,match,match,match,match,match,match,match,match,match,match,match,match,match,match,match
NorthEastWard_dundee12-06.csv,PM,Gregor MURRAY (SNP),match,match,match,match,match,match,match,match,match,match,match,match,match,match,match,match
NorthEastWard_dundee12-06.csv,AVG,Gregor MURRAY (SNP),match,match,match,match,match,match,match,match,match,match,match,match,match,match,match,match
WestEndWard_dundee12-03.csv,OM,Fraser MACPHERSON (LD),match,match,match,match,match,match,match,match,match,match,match,match,match,match,match,match
WestEndWard_dundee12-03.csv,PM,Fraser MACPHERSON (LD),match,match,match,match,match,match,match,match,match,match,match,match,match,match,match,match
WestEndWard_dundee12-03.csv,AVG,Fraser MACPHERSON (LD),match,match,match,match,match,match,match,match,match,match,match,match,match,match,match,match
ColdsideWard_dundee12-04.csv,OM,Jimmy BLACK (SNP),match,match,match,match,match,match,match,match,match,match,match,match,match,match,match,match
ColdsideWard_dundee12-04.csv,PM,Jimmy BLACK (SNP),match,match,match,match,match,match,match,match,match,match,match,match,match,match,match,match
ColdsideWard_dundee12-04.csv,AVG,Jimmy BLACK (SNP),match,match,match,match,match,match,match,match,match,match,match,match,match,match,match,match
Ward6-NorthEast_Ward6.csv,OM,Steven ROME (SNP),match,match,match,match,match,match,match,match,match,match,match,match,match,match,match,match
Ward6-NorthEast_Ward6.csv,PM,Steven ROME (SNP),match,match,match,match,match,match,match,match,match,match,match,match,match,match,match,match
Ward6-NorthEast_Ward6.csv,AVG,Steven ROME (SNP),match,match,match,match,match,match,match,match,match,match,match,match,match,match,match,match
Ward7-EastEnd_Ward7.csv,OM,Will DAWSON (SNP),match,match,match,match,match,match,match,match,match,match,match,match,match,match,match,match
Ward7-EastEnd_Ward7.csv,PM,Will DAWSON (SNP),match,match,match,match,match,match,match,match,match,match,match,match,match,match,match,match
Ward7-EastEnd_Ward7.csv,AVG,Will DAWSON (SNP),match,match,match,match,match,match,match,match,match,match,match,match,match,match,match,match
Ward2-Lochee_Ward2.csv,OM,Roisin SMITH (SNP),match,match,match,match,match,match,match,match,match,match,match,match,match,match,no_match,match
Ward2-Lochee_Ward2.csv,PM,Roisin SMITH (SNP),match,match,match,match,match,match,match,match,match,match,match,match,match,match,no_match,match
Ward2-Lochee_Ward2.csv,AVG,Roisin SMITH (SNP),match,match,match,match,match,match,match,match,match,match,match,match,match,match,no_match,match
Ward3-WestEnd_Ward3.csv,OM,Fraser MACPHERSON (LD),match,match,match,match,match,match,match,match,match,match,match,match,match,match,match,match
Ward3-WestEnd_Ward3.csv,PM,Fraser MACPHERSON (LD),match,match,match,match,match,match,match,match,match,match,match,match,match,match,match,match
Ward3-WestEnd_Ward3.csv,AVG,Fraser MACPHERSON (LD),match,match,match,match,match,match,match,match,match,match,match,match,match,match,match,match
Ward4-Coldside_Ward4.csv,OM,Heather ANDERSON (SNP),match,match,match,match,match,match,match,match,match,match,match,match,match,match,match,match
Ward4-Coldside_Ward4.csv,PM,Heather ANDERSON (SNP),match,match,match,match,match,match,match,match,match,match,match,match,match,match,match,match
Ward4-Coldside_Ward4.csv,AVG,Heather ANDERSON (SNP),match,match,match,match,match,match,match,match,match,match,match,match,match,match,match,match
Ward5-Maryfield_Ward5.csv,OM,Lynne SHORT (SNP),no_match,match,match,no_match,no_match,no_match,no_match,match,match,match,match,match,match,match,no_match,match
Ward5-Maryfield_Ward5.csv,PM,Lynne SHORT (SNP),no_match,match,match,no_match,no_match,no_match,no_match,match,match,match,match,match,match,match,no_match,match
Ward5-Maryfield_Ward5.csv,AVG,Lynne SHORT (SNP),no_match,match,match,no_match,no_match,no_match,no_match,match,match,match,match,match,match,match,no_match,match
Ward1-Strathmartine_Ward1.csv,OM,John ALEXANDER (SNP),match,match,match,match,match,match,match,match,match,match,match,match,match,match,match,match
Ward1-Strathmartine_Ward1.csv,PM,John ALEXANDER (SNP),match,match,match,match,match,match,match,match,match,match,match,match,match,match,match,match
Ward1-Strathmartine_Ward1.csv,AVG,John ALEXANDER (SNP),match,match,match,match,match,match,match,match,match,match,match,match,match,match,match,match
Ward8-TheFerry_Ward8.csv,OM,Craig DUNCAN (LD),match,match,match,match,match,match,match,match,match,match,match,match,match,match,match,match
Ward8-TheFerry_Ward8.csv,PM,Craig DUNCAN (LD),match,match,match,match,match,match,match,match,match,match,match,match,match,match,match,match
Ward8-TheFerry_Ward8.csv,AVG,Craig DUNCAN (LD),match,match,match,match,match,match,match,match,match,match,match,match,match,match,match,match
preferenceprofile_v0001_ward-6-stirling-east_06052022_124253.csv,OM,Gerry MCLAUGHLAN (SNP),match,match,match,match,match,match,match,match,match,match,match,match,match,match,match,match
preferenceprofile_v0001_ward-6-stirling-east_06052022_124253.csv,PM,Gerry MCLAUGHLAN (SNP),match,match,match,match,match,match,match,match,match,match,match,match,match,match,match,match
preferenceprofile_v0001_ward-6-stirling-east_06052022_124253.csv,AVG,Gerry MCLAUGHLAN (SNP),match,match,match,match,match,match,match,match,match,match,match,match,match,match,match,match
v0001_ward-3-dunblane-and-bridge-of-allan_06052022_124253.csv,OM,Alasdair TOLLEMACHE Re-elect your (Grn) Councillor,no_match,no_match,no_match,match,match,match,no_match,match,match,match,match,match,match,match,match,match
v0001_ward-3-dunblane-and-bridge-of-allan_06052022_124253.csv,PM,Alasdair TOLLEMACHE Re-elect your (Grn) Councillor,no_match,no_match,no_match,match,match,match,no_match,match,match,match,match,match,match,match,match,match
v0001_ward-3-dunblane-and-bridge-of-allan_06052022_124253.csv,AVG,Alasdair TOLLEMACHE Re-elect your (Grn) Councillor,no_match,no_match,no_match,match,match,match,no_match,match,match,match,match,match,match,match,match,match
preferenceprofile_v0001_ward-4-stirling-north_06052022_124253.csv,OM,Susan MCGILL (SNP),match,match,match,match,match,match,match,match,match,match,match,match,match,match,match,match
preferenceprofile_v0001_ward-4-stirling-north_06052022_124253.csv,PM,Susan MCGILL (SNP),match,match,match,match,match,match,match,match,match,match,match,match,match,match,match,match
preferenceprofile_v0001_ward-4-stirling-north_06052022_124253.csv,AVG,Susan MCGILL (SNP),match,match,match,match,match,match,match,match,match,match,match,match,match,match,match,match
preferenceprofile_v0001_ward-7-bannockburn_06052022_124254.csv,OM,ALASDAIR MACPHERSON (Ind),match,match,match,match,match,match,match,match,match,match,match,match,match,match,match,match
preferenceprofile_v0001_ward-7-bannockburn_06052022_124254.csv,PM,ALASDAIR MACPHERSON (Ind),match,match,match,match,match,match,match,match,match,match,match,match,match,match,match,match
preferenceprofile_v0001_ward-7-bannockburn_06052022_124254.csv,AVG,ALASDAIR MACPHERSON (Ind),match,match,match,match,match,match,match,match,match,match,match,match,match,match,match,match
preferenceprofile_v0001_ward-1-trossachs-and-teith_06052022_124254.csv,OM,Martin EARL (Con),match,match,match,match,match,match,match,match,match,match,match,match,match,match,match,match
preferenceprofile_v0001_ward-1-trossachs-and-teith_06052022_124254.csv,PM,Martin EARL (Con),match,match,match,match,match,match,match,match,match,match,match,match,match,match,match,match
preferenceprofile_v0001_ward-1-trossachs-and-teith_06052022_124254.csv,AVG,Martin EARL (Con),match,match,match,match,match,match,match,match,match,match,match,match,match,match,match,match
preferenceprofile_v0001_ward-2-forth-and-endrick_06052022_124253.csv,OM,Paul HENKE (Con),no_match,match,match,no_match,no_match,no_match,no_match,match,match,match,match,match,match,match,match,match
preferenceprofile_v0001_ward-2-forth-and-endrick_06052022_124253.csv,PM,Paul HENKE (Con),no_match,match,match,no_match,no_match,no_match,no_match,match,match,match,match,match,match,match,match,match
preferenceprofile_v0001_ward-2-forth-and-endrick_06052022_124253.csv,AVG,Paul HENKE (Con),no_match,match,match,no_match,no_match,no_match,no_match,match,match,match,match,match,match,match,match,match
preferenceprofile_v0001_ward-5-stirling-west_06052022_124253.csv,OM,Scott FARMER (SNP),no_match,match,match,no_match,no_match,no_match,no_match,no_match,no_match,no_match,no_match,no_match,no_match,no_match,no_match,no_match
preferenceprofile_v0001_ward-5-stirling-west_06052022_124253.csv,PM,Scott FARMER (SNP),no_match,match,match,no_match,no_match,no_match,no_match,no_match,no_match,no_match,no_match,no_match,no_match,no_match,no_match,no_match
preferenceprofile_v0001_ward-5-stirling-west_06052022_124253.csv,AVG,Jen PRESTON (Lab),no_match,no_match,no_match,match,match,match,no_match,match,match,match,match,match,match,match,match,match
Ward19-HamiltonSouth_ward_19_hamilton_south_preference_profile.csv,OM,Gavin Wylie KEATT (Lab),no_match,match,match,match,match,match,match,match,match,match,match,match,match,no_match,match,match
Ward19-HamiltonSouth_ward_19_hamilton_south_preference_profile.csv,PM,Gavin Wylie KEATT (Lab),no_match,match,match,match,match,match,match,match,match,match,match,match,match,no_match,match,match
Ward19-HamiltonSouth_ward_19_hamilton_south_preference_profile.csv,AVG,Gavin Wylie KEATT (Lab),no_match,match,match,match,match,match,match,match,match,match,match,match,match,no_match,match,match
Ward2-ClydesdaleNorth_ward_2_clydesdale_north_preference_profile.csv,OM,Catherine MCCLYMONT (Lab),match,match,match,match,match,match,match,match,match,match,match,match,match,match,match,match
Ward2-ClydesdaleNorth_ward_2_clydesdale_north_preference_profile.csv,PM,Catherine MCCLYMONT (Lab),match,match,match,match,match,match,match,match,match,match,match,match,match,match,match,match
Ward2-ClydesdaleNorth_ward_2_clydesdale_north_preference_profile.csv,AVG,Catherine MCCLYMONT (Lab),match,match,match,match,match,match,match,match,match,match,match,match,match,match,match,match
ward_16_bothwell_and_uddingston_preference_profile.csv,OM,Maureen DEVLIN (Lab),match,match,match,match,match,match,match,match,match,match,match,match,match,match,match,match
ward_16_bothwell_and_uddingston_preference_profile.csv,PM,Maureen DEVLIN (Lab),match,match,match,match,match,match,match,match,match,match,match,match,match,match,match,match
ward_16_bothwell_and_uddingston_preference_profile.csv,AVG,Maureen DEVLIN (Lab),match,match,match,match,match,match,match,match,match,match,match,match,match,match,match,match
ward_5_avondale_and_stonehouse_preference_profile.csv,OM,Margaret COOPER (Ind),match,match,match,match,no_match,match,match,match,match,match,match,match,match,match,match,match
ward_5_avondale_and_stonehouse_preference_profile.csv,PM,Margaret COOPER (Ind),match,match,match,match,no_match,match,match,match,match,match,match,match,match,match,match,match
ward_5_avondale_and_stonehouse_preference_profile.csv,AVG,Margaret COOPER (Ind),match,match,match,match,no_match,match,match,match,match,match,match,match,match,match,match,match
ward_10_east_kilbride_east_preference_profile.csv,OM,Gladys FERGUSON-MILLER (SNP),match,match,match,match,match,match,match,match,match,match,match,match,match,no_match,no_match,match
ward_10_east_kilbride_east_preference_profile.csv,PM,Gladys FERGUSON-MILLER (SNP),match,match,match,match,match,match,match,match,match,match,match,match,match,no_match,no_match,match
ward_10_east_kilbride_east_preference_profile.csv,AVG,Gladys FERGUSON-MILLER (SNP),match,match,match,match,match,match,match,match,match,match,match,match,match,no_match,no_match,match
ward_9_east_kilbride_west_preference_profile.csv,OM,Monique MCADAMS (Labour and Co-operative Party),match,match,match,match,match,match,match,match,match,match,match,match,match,match,match,match
ward_9_east_kilbride_west_preference_profile.csv,PM,Monique MCADAMS (Labour and Co-operative Party),match,match,match,match,match,match,match,match,match,match,match,match,match,match,match,match
ward_9_east_kilbride_west_preference_profile.csv,AVG,Monique MCADAMS (Labour and Co-operative Party),match,match,match,match,match,match,match,match,match,match,match,match,match,match,match,match
Ward15-Blantyre_ward_15_blantyre_preference_profile.csv,OM,Mo RAZZAQ (Lab),no_match,match,match,match,match,match,match,match,match,match,match,match,match,match,match,match
Ward15-Blantyre_ward_15_blantyre_preference_profile.csv,PM,Mo RAZZAQ (Lab),no_match,match,match,match,match,match,match,match,match,match,match,match,match,match,match,match
Ward15-Blantyre_ward_15_blantyre_preference_profile.csv,AVG,Mo RAZZAQ (Lab),no_match,match,match,match,match,match,match,match,match,match,match,match,match,match,match,match
ward_17_hamilton_north_and_east_preference_profile.csv,OM,Davie MCLACHLAN (Labour and Co-operative Party),match,match,match,match,match,match,match,match,match,match,match,match,match,match,match,match
ward_17_hamilton_north_and_east_preference_profile.csv,PM,Davie MCLACHLAN (Labour and Co-operative Party),match,match,match,match,match,match,match,match,match,match,match,match,match,match,match,match
ward_17_hamilton_north_and_east_preference_profile.csv,AVG,Davie MCLACHLAN (Labour and Co-operative Party),match,match,match,match,match,match,match,match,match,match,match,match,match,match,match,match
ward_6_east_kilbride_south_preference_profile.csv,OM,ARCHIE BUCHANAN (SNP),match,match,match,match,match,match,match,match,match,match,match,match,match,match,match,match
ward_6_east_kilbride_south_preference_profile.csv,PM,ARCHIE BUCHANAN (SNP),match,match,match,match,match,match,match,match,match,match,match,match,match,match,match,match
ward_6_east_kilbride_south_preference_profile.csv,AVG,ARCHIE BUCHANAN (SNP),match,match,match,match,match,match,match,match,match,match,match,match,match,match,match,match
ward_8_east_kilbride_central_north_preference_profile.csv,OM,Grant FERGUSON (SNP),match,match,match,no_match,no_match,no_match,match,match,match,match,match,match,match,no_match,no_match,match
ward_8_east_kilbride_central_north_preference_profile.csv,PM,Grant FERGUSON (SNP),match,match,match,no_match,no_match,no_match,match,match,match,match,match,match,match,no_match,no_match,match
ward_8_east_kilbride_central_north_preference_profile.csv,AVG,Grant FERGUSON (SNP),match,match,match,no_match,no_match,no_match,match,match,match,match,match,match,match,no_match,no_match,match
ward_7_east_kilbride_central_south_preference_profile.csv,OM,John ANDERSON (SNP),match,match,match,match,match,match,match,match,match,match,match,match,match,match,no_match,match
ward_7_east_kilbride_central_south_preference_profile.csv,PM,John ANDERSON (SNP),match,match,match,match,match,match,match,match,match,match,match,match,match,match,no_match,match
ward_7_east_kilbride_central_south_preference_profile.csv,AVG,John ANDERSON (SNP),match,match,match,match,match,match,match,match,match,match,match,match,match,match,no_match,match
ward_18_hamilton_west_and_earnock_preference_profile.csv,OM,Mary DONNELLY (SNP),match,match,match,no_match,match,no_match,match,match,match,match,match,match,match,no_match,no_match,match
ward_18_hamilton_west_and_earnock_preference_profile.csv,PM,Mary DONNELLY (SNP),match,match,match,no_match,match,no_match,match,match,match,match,match,match,match,no_match,no_match,match
ward_18_hamilton_west_and_earnock_preference_profile.csv,AVG,Mary DONNELLY (SNP),match,match,match,no_match,match,no_match,match,match,match,match,match,match,match,no_match,no_match,match
Ward13-CambuslangWest_ward_13_cambuslang_west_preference_profile.csv,OM,John BRADLEY (SNP),no_match,no_match,no_match,no_match,no_match,no_match,no_match,no_match,no_match,no_match,no_match,no_match,no_match,no_match,no_match,no_match
Ward13-CambuslangWest_ward_13_cambuslang_west_preference_profile.csv,PM,Margaret WALKER (Lab),match,match,match,match,match,match,match,match,match,match,match,match,match,match,match,match
Ward13-CambuslangWest_ward_13_cambuslang_west_preference_profile.csv,AVG,Margaret WALKER (Lab),match,match,match,match,match,match,match,match,match,match,match,match,match,match,match,match
Ward14-CambuslangEast_ward_14_cambuslang_east_preference_profile.csv,OM,Alistair FULTON (SNP),no_match,no_match,no_match,no_match,no_match,no_match,no_match,no_match,no_match,no_match,no_match,no_match,no_match,no_match,no_match,no_match
Ward14-CambuslangEast_ward_14_cambuslang_east_preference_profile.csv,PM,Walter McFarlane BROGAN (Lab),match,match,match,match,match,match,match,match,match,match,match,match,match,match,match,match
Ward14-CambuslangEast_ward_14_cambuslang_east_preference_profile.csv,AVG,Walter McFarlane BROGAN (Lab),match,match,match,match,match,match,match,match,match,match,match,match,match,match,match,match
Ward20-Larkhall_ward_20_larkhall_preference_profile.csv,OM,Andy CARMICHAEL (Lab),match,match,match,match,match,match,match,match,match,match,match,match,match,match,match,match
Ward20-Larkhall_ward_20_larkhall_preference_profile.csv,PM,Andy CARMICHAEL (Lab),match,match,match,match,match,match,match,match,match,match,match,match,match,match,match,match
Ward20-Larkhall_ward_20_larkhall_preference_profile.csv,AVG,Andy CARMICHAEL (Lab),match,match,match,match,match,match,match,match,match,match,match,match,match,match,match,match
Ward1-ClydesdaleWest_ward_1_clydesdale_west_preference_profile.csv,OM,Eileen LOGAN (Lab),match,match,match,match,match,match,match,match,match,match,match,match,match,match,match,match
Ward1-ClydesdaleWest_ward_1_clydesdale_west_preference_profile.csv,PM,Eileen LOGAN (Lab),match,match,match,match,match,match,match,match,match,match,match,match,match,match,match,match
Ward1-ClydesdaleWest_ward_1_clydesdale_west_preference_profile.csv,AVG,Eileen LOGAN (Lab),match,match,match,match,match,match,match,match,match,match,match,match,match,match,match,match
Ward11-RutherglenSouth_ward_11_rutherglen_south_preference_profile.csv,OM,Robert BROWN (LD),no_match,match,match,match,match,match,match,match,match,match,match,match,match,match,match,match
Ward11-RutherglenSouth_ward_11_rutherglen_south_preference_profile.csv,PM,Robert BROWN (LD),no_match,match,match,match,match,match,match,match,match,match,match,match,match,match,match,match
Ward11-RutherglenSouth_ward_11_rutherglen_south_preference_profile.csv,AVG,Robert BROWN (LD),no_match,match,match,match,match,match,match,match,match,match,match,match,match,match,match,match
ward_12_rutherglen_central_and_north_preference_profile.csv,OM,Janine CALIKES (SNP),no_match,no_match,no_match,no_match,no_match,no_match,no_match,no_match,no_match,no_match,no_match,no_match,no_match,no_match,no_match,no_match
ward_12_rutherglen_central_and_north_preference_profile.csv,PM,Martin Patrick LENNON (Lab),match,match,match,match,match,match,match,match,match,match,match,match,match,match,match,match
ward_12_rutherglen_central_and_north_preference_profile.csv,AVG,Martin Patrick LENNON (Lab),match,match,match,match,match,match,match,match,match,match,match,match,match,match,match,match
Ward4-ClydesdaleSouth_ward_4_clydesdale_south_preference_profile.csv,OM,Mark HORSHAM (SNP),match,match,match,no_match,no_match,no_match,match,match,match,match,match,match,match,no_match,no_match,match
Ward4-ClydesdaleSouth_ward_4_clydesdale_south_preference_profile.csv,PM,Mark HORSHAM (SNP),match,match,match,no_match,no_match,no_match,match,match,match,match,match,match,match,no_match,no_match,match
Ward4-ClydesdaleSouth_ward_4_clydesdale_south_preference_profile.csv,AVG,Mark HORSHAM (SNP),match,match,match,no_match,no_match,no_match,match,match,match,match,match,match,match,no_match,no_match,match
Ward3-ClydesdaleEast_ward_3_clydesdale_east_preference_profile.csv,OM,Alex ALLISON (Con),no_match,match,match,match,no_match,no_match,match,match,match,match,match,match,match,match,match,match
Ward3-ClydesdaleEast_ward_3_clydesdale_east_preference_profile.csv,PM,Alex ALLISON (Con),no_match,match,match,match,no_match,no_match,match,match,match,match,match,match,match,match,match,match
Ward3-ClydesdaleEast_ward_3_clydesdale_east_preference_profile.csv,AVG,Alex ALLISON (Con),no_match,match,match,match,no_match,no_match,match,match,match,match,match,match,match,match,match,match
TorryFerryhillWard_aberdeen17-12.csv,OM,Christian Guy ALLARD (SNP),no_match,match,match,no_match,match,match,match,match,match,match,match,match,match,no_match,no_match,match
TorryFerryhillWard_aberdeen17-12.csv,PM,Christian Guy ALLARD (SNP),no_match,match,match,no_match,match,match,match,match,match,match,match,match,match,no_match,no_match,match
TorryFerryhillWard_aberdeen17-12.csv,AVG,Christian Guy ALLARD (SNP),no_match,match,match,no_match,match,match,match,match,match,match,match,match,match,no_match,no_match,match
NorthfieldMastrickNorthWard_aberdeen17-04.csv,OM,Jackie DUNBAR (SNP),match,match,match,match,match,match,match,match,match,match,match,match,match,match,match,match
NorthfieldMastrickNorthWard_aberdeen17-04.csv,PM,Jackie DUNBAR (SNP),match,match,match,match,match,match,match,match,match,match,match,match,match,match,match,match
NorthfieldMastrickNorthWard_aberdeen17-04.csv,AVG,Jackie DUNBAR (SNP),match,match,match,match,match,match,match,match,match,match,match,match,match,match,match,match
DyceBucksburnDanestoneWard_aberdeen17-01.csv,OM,Neil MACGREGOR (SNP),no_match,match,match,match,match,match,match,match,match,match,match,match,match,no_match,no_match,match
DyceBucksburnDanestoneWard_aberdeen17-01.csv,PM,Neil MACGREGOR (SNP),no_match,match,match,match,match,match,match,match,match,match,match,match,match,no_match,no_match,match
DyceBucksburnDanestoneWard_aberdeen17-01.csv,AVG,Neil MACGREGOR (SNP),no_match,match,match,match,match,match,match,match,match,match,match,match,match,no_match,no_match,match
BridgeofDonWard_aberdeen17-02.csv,OM,Alison ALPHONSE (SNP),no_match,match,match,match,match,match,match,match,match,match,match,match,match,match,match,match
BridgeofDonWard_aberdeen17-02.csv,PM,Alison ALPHONSE (SNP),no_match,match,match,match,match,match,match,match,match,match,match,match,match,match,match,match
BridgeofDonWard_aberdeen17-02.csv,AVG,Alison ALPHONSE (SNP),no_match,match,match,match,match,match,match,match,match,match,match,match,match,match,match,match
LowerDeesideWard_aberdeen17-09.csv,OM,Philip BELL (Con),match,match,match,match,match,match,match,match,match,match,match,match,match,match,match,match
LowerDeesideWard_aberdeen17-09.csv,PM,Philip BELL (Con),match,match,match,match,match,match,match,match,match,match,match,match,match,match,match,match
LowerDeesideWard_aberdeen17-09.csv,AVG,Philip BELL (Con),match,match,match,match,match,match,match,match,match,match,match,match,match,match,match,match
GeorgeStHarbourWard_aberdeen17-08.csv,OM,Dell HENRICKSON (SNP),match,match,match,no_match,match,no_match,match,match,match,match,match,match,match,no_match,no_match,match
GeorgeStHarbourWard_aberdeen17-08.csv,PM,Dell HENRICKSON (SNP),match,match,match,no_match,match,no_match,match,match,match,match,match,match,match,no_match,no_match,match
GeorgeStHarbourWard_aberdeen17-08.csv,AVG,Dell HENRICKSON (SNP),match,match,match,no_match,match,no_match,match,match,match,match,match,match,match,no_match,no_match,match
MidstocketRosemountWard_aberdeen17-07.csv,OM,Bill CORMIE (SNP),no_match,match,match,match,match,match,match,match,match,match,match,match,match,match,match,match
MidstocketRosemountWard_aberdeen17-07.csv,PM,Bill CORMIE (SNP),no_match,match,match,match,match,match,match,match,match,match,match,match,match,match,match,match
MidstocketRosemountWard_aberdeen17-07.csv,AVG,Bill CORMIE (SNP),no_match,match,match,match,match,match,match,match,match,match,match,match,match,match,match,match
KingswellsSheddocksleySummerhillWard_aberdeen17-03.csv,OM,Steve DELANEY (LD),match,match,match,match,match,match,match,match,match,match,match,match,match,match,match,match
KingswellsSheddocksleySummerhillWard_aberdeen17-03.csv,PM,Steve DELANEY (LD),match,match,match,match,match,match,match,match,match,match,match,match,match,match,match,match
KingswellsSheddocksleySummerhillWard_aberdeen17-03.csv,AVG,Steve DELANEY (LD),match,match,match,match,match,match,match,match,match,match,match,match,match,match,match,match
AiryhallBroomhillGarthdeeWard_aberdeen17-11.csv,OM,Ian YUILL (LD),match,match,match,match,match,match,match,match,match,match,match,match,match,match,match,match
AiryhallBroomhillGarthdeeWard_aberdeen17-11.csv,PM,Ian YUILL (LD),match,match,match,match,match,match,match,match,match,match,match,match,match,match,match,match
AiryhallBroomhillGarthdeeWard_aberdeen17-11.csv,AVG,Ian YUILL (LD),match,match,match,match,match,match,match,match,match,match,match,match,match,match,match,match
HiltonWoodsideStockethillWard_aberdeen17-05.csv,OM,Neil Cameron COPLAND (SNP),match,match,match,match,match,match,match,match,match,match,match,match,match,match,match,match
HiltonWoodsideStockethillWard_aberdeen17-05.csv,PM,Neil Cameron COPLAND (SNP),match,match,match,match,match,match,match,match,match,match,match,match,match,match,match,match
HiltonWoodsideStockethillWard_aberdeen17-05.csv,AVG,Neil Cameron COPLAND (SNP),match,match,match,match,match,match,match,match,match,match,match,match,match,match,match,match
TillydroneSeatonOldAberdeenWard_aberdeen17-06.csv,OM,Alexander MCLELLAN (SNP),no_match,match,match,match,match,match,match,match,match,match,match,match,match,match,no_match,match
TillydroneSeatonOldAberdeenWard_aberdeen17-06.csv,PM,Alexander MCLELLAN (SNP),no_match,match,match,match,match,match,match,match,match,match,match,match,match,match,no_match,match
TillydroneSeatonOldAberdeenWard_aberdeen17-06.csv,AVG,Alexander MCLELLAN (SNP),no_match,match,match,match,match,match,match,match,match,match,match,match,match,match,no_match,match
KincorthNiggCoveWard_aberdeen17-13.csv,OM,Stephen FLYNN (SNP),match,match,match,match,match,match,match,match,match,match,match,match,match,match,match,match
KincorthNiggCoveWard_aberdeen17-13.csv,PM,Stephen FLYNN (SNP),match,match,match,match,match,match,match,match,match,match,match,match,match,match,match,match
KincorthNiggCoveWard_aberdeen17-13.csv,AVG,Stephen FLYNN (SNP),match,match,match,match,match,match,match,match,match,match,match,match,match,match,match,match
HazleheadQueensCrossCountesswellsWard_aberdeen17-10.csv,OM,Jennifer STEWART (LD),match,match,match,match,match,match,match,match,match,match,match,match,match,match,match,match
HazleheadQueensCrossCountesswellsWard_aberdeen17-10.csv,PM,Jennifer STEWART (LD),match,match,match,match,match,match,match,match,match,match,match,match,match,match,match,match
HazleheadQueensCrossCountesswellsWard_aberdeen17-10.csv,AVG,Jennifer STEWART (LD),match,match,match,match,match,match,match,match,match,match,match,match,match,match,match,match
LeaderdaleandMelroseWard_sc-borders12-05.csv,OM,David PARKER(Ind),match,match,match,match,match,match,match,match,match,match,match,match,match,match,match,match
LeaderdaleandMelroseWard_sc-borders12-05.csv,PM,David PARKER(Ind),match,match,match,match,match,match,match,match,match,match,match,match,match,match,match,match
LeaderdaleandMelroseWard_sc-borders12-05.csv,AVG,David PARKER(Ind),match,match,match,match,match,match,match,match,match,match,match,match,match,match,match,match
HawickandDenholmWard_sc-borders12-10.csv,OM,Stuart MARSHALL (Ind),match,match,match,match,match,match,match,match,match,match,match,match,match,match,match,match
HawickandDenholmWard_sc-borders12-10.csv,PM,Stuart MARSHALL (Ind),match,match,match,match,match,match,match,match,match,match,match,match,match,match,match,match
HawickandDenholmWard_sc-borders12-10.csv,AVG,Stuart MARSHALL (Ind),match,match,match,match,match,match,match,match,match,match,match,match,match,match,match,match
HawickandHermitageWard_sc-borders12-11.csv,OM,Davie PATERSON (Ind),match,match,match,match,match,match,match,match,match,match,match,match,match,match,match,match
HawickandHermitageWard_sc-borders12-11.csv,PM,Davie PATERSON (Ind),match,match,match,match,match,match,match,match,match,match,match,match,match,match,match,match
HawickandHermitageWard_sc-borders12-11.csv,AVG,Davie PATERSON (Ind),match,match,match,match,match,match,match,match,match,match,match,match,match,match,match,match
EastBerwickshireWard_sc-borders12-07.csv,OM,Michael COOK (Ind),match,match,match,match,match,match,match,match,match,match,match,match,match,match,match,match
EastBerwickshireWard_sc-borders12-07.csv,PM,Michael COOK (Ind),match,match,match,match,match,match,match,match,match,match,match,match,match,match,match,match
EastBerwickshireWard_sc-borders12-07.csv,AVG,Michael COOK (Ind),match,match,match,match,match,match,match,match,match,match,match,match,match,match,match,match
SelkirkshireWard_sc-borders12-04.csv,OM,Vicky DAVIDSON (LD),no_match,match,no_match,match,match,match,match,match,match,match,match,match,match,match,match,match
SelkirkshireWard_sc-borders12-04.csv,PM,Vicky DAVIDSON (LD),no_match,match,no_match,match,match,match,match,match,match,match,match,match,match,match,match,match
SelkirkshireWard_sc-borders12-04.csv,AVG,Vicky DAVIDSON (LD),no_match,match,no_match,match,match,match,match,match,match,match,match,match,match,match,match,match
TweeddaleWestWard_sc-borders12-01.csv,OM,Catriona Judith Steel BHATIA (LD),match,match,match,match,match,match,match,match,match,match,match,match,match,match,match,match
TweeddaleWestWard_sc-borders12-01.csv,PM,Catriona Judith Steel BHATIA (LD),match,match,match,match,match,match,match,match,match,match,match,match,match,match,match,match
TweeddaleWestWard_sc-borders12-01.csv,AVG,Catriona Judith Steel BHATIA (LD),match,match,match,match,match,match,match,match,match,match,match,match,match,match,match,match
GalashielsandDistrictWard_sc-borders12-03.csv,OM,Sandy AITCHISON (Scottish Borders),match,match,match,match,match,match,match,match,match,match,match,match,match,match,match,match
GalashielsandDistrictWard_sc-borders12-03.csv,PM,Sandy AITCHISON (Scottish Borders),match,match,match,match,match,match,match,match,match,match,match,match,match,match,match,match
GalashielsandDistrictWard_sc-borders12-03.csv,AVG,Sandy AITCHISON (Scottish Borders),match,match,match,match,match,match,match,match,match,match,match,match,match,match,match,match
TweeddaleEastWard_sc-borders12-02.csv,OM,TIED,no_match,no_match,no_match,no_match,no_match,no_match,no_match,no_match,no_match,no_match,no_match,no_match,no_match,no_match,no_match,no_match
TweeddaleEastWard_sc-borders12-02.csv,PM,Stuart BELL (SNP),match,match,match,match,match,match,match,match,match,match,match,match,match,match,match,match
TweeddaleEastWard_sc-borders12-02.csv,AVG,Stuart BELL (SNP),match,match,match,match,match,match,match,match,match,match,match,match,match,match,match,match
MidBerwickshireWard_sc-borders12-06.csv,OM,Donald MOFFAT (SNP),match,match,match,match,match,match,match,match,match,match,match,match,match,match,match,match
MidBerwickshireWard_sc-borders12-06.csv,PM,Donald MOFFAT (SNP),match,match,match,match,match,match,match,match,match,match,match,match,match,match,match,match
MidBerwickshireWard_sc-borders12-06.csv,AVG,Donald MOFFAT (SNP),match,match,match,match,match,match,match,match,match,match,match,match,match,match,match,match
JedburghandDistrictWard_sc-borders12-09.csv,OM,Sandy SCOTT (Con),no_match,no_match,no_match,no_match,no_match,no_match,no_match,no_winner,no_match,no_match,no_match,no_match,no_match,no_match,no_match,match
JedburghandDistrictWard_sc-borders12-09.csv,PM,Len WYSE (Con),no_match,no_match,no_match,match,no_match,no_match,no_match,no_winner,no_match,no_match,no_match,no_match,no_match,match,match,match
JedburghandDistrictWard_sc-borders12-09.csv,AVG,Len WYSE (Con),no_match,no_match,no_match,match,no_match,no_match,no_match,no_winner,no_match,no_match,no_match,no_match,no_match,match,match,match
Kelso&DistrictWard_sc-borders12-08.csv,OM,Tom WEATHERSTON (Con),match,match,match,match,match,match,match,match,match,match,match,match,match,match,match,match
Kelso&DistrictWard_sc-borders12-08.csv,PM,Tom WEATHERSTON (Con),match,match,match,match,match,match,match,match,match,match,match,match,match,match,match,match
Kelso&DistrictWard_sc-borders12-08.csv,AVG,Tom WEATHERSTON (Con),match,match,match,match,match,match,match,match,match,match,match,match,match,match,match,match
Ward6-Cowal_ward6.csv,OM,Gordon BLAIR (SNP),match,match,match,match,match,match,match,match,match,match,match,match,match,no_match,no_match,match
Ward6-Cowal_ward6.csv,PM,Gordon BLAIR (SNP),match,match,match,match,match,match,match,match,match,match,match,match,match,no_match,no_match,match
Ward6-Cowal_ward6.csv,AVG,Gordon BLAIR (SNP),match,match,match,match,match,match,match,match,match,match,match,match,match,no_match,no_match,match
Ward9-LomondNorth_ward9.csv,OM,George FREEMAN (Ind),no_match,no_match,no_match,match,match,match,no_match,match,match,match,match,match,match,match,match,match
Ward9-LomondNorth_ward9.csv,PM,George FREEMAN (Ind),no_match,no_match,no_match,match,match,match,no_match,match,match,match,match,match,match,match,match,match
Ward9-LomondNorth_ward9.csv,AVG,George FREEMAN (Ind),no_match,no_match,no_match,match,match,match,no_match,match,match,match,match,match,match,match,match,match
Ward2-KintyreandtheIslands_ward2.csv,OM,Dougie MCFADZEAN (SNP),match,no_match,no_match,no_match,no_match,no_match,match,no_winner,match,match,no_match,match,match,no_match,no_match,match
Ward2-KintyreandtheIslands_ward2.csv,PM,Robin CURRIE (LD),no_match,no_match,no_match,no_match,match,match,no_match,no_winner,no_match,no_match,no_match,no_match,no_match,match,match,match
Ward2-KintyreandtheIslands_ward2.csv,AVG,Dougie MCFADZEAN (SNP),match,no_match,no_match,no_match,no_match,no_match,match,no_winner,match,match,no_match,match,match,no_match,no_match,match
Ward7-Dunoon_ward7.csv,OM,Audrey E FORREST (SNP),match,match,match,match,match,match,match,match,match,match,match,match,match,match,match,match
Ward7-Dunoon_ward7.csv,PM,Audrey E FORREST (SNP),match,match,match,match,match,match,match,match,match,match,match,match,match,match,match,match
Ward7-Dunoon_ward7.csv,AVG,Audrey E FORREST (SNP),match,match,match,match,match,match,match,match,match,match,match,match,match,match,match,match
Ward8-IsleofBute_ward8.csv,OM,Liz MCCABE (Ind),no_match,match,match,match,match,match,match,match,match,match,match,match,match,match,match,match
Ward8-IsleofBute_ward8.csv,PM,Liz MCCABE (Ind),no_match,match,match,match,match,match,match,match,match,match,match,match,match,match,match,match
Ward8-IsleofBute_ward8.csv,AVG,Liz MCCABE (Ind),no_match,match,match,match,match,match,match,match,match,match,match,match,match,match,match,match
Ward5-ObanNorthandLorn_ward5.csv,OM,Julie MCKENZIE (SNP),match,match,match,match,match,match,match,match,match,match,match,match,match,no_match,no_match,match
Ward5-ObanNorthandLorn_ward5.csv,PM,Julie MCKENZIE (SNP),match,match,match,match,match,match,match,match,match,match,match,match,match,no_match,no_match,match
Ward5-ObanNorthandLorn_ward5.csv,AVG,Julie MCKENZIE (SNP),match,match,match,match,match,match,match,match,match,match,match,match,match,no_match,no_match,match
Ward11-HelensburghandLomondSouth_ward11.csv,OM,Gemma PENFOLD (Con),match,match,match,match,match,match,match,match,match,match,match,match,match,no_match,no_match,match
Ward11-HelensburghandLomondSouth_ward11.csv,PM,Gemma PENFOLD (Con),match,match,match,match,match,match,match,match,match,match,match,match,match,no_match,no_match,match
Ward11-HelensburghandLomondSouth_ward11.csv,AVG,Gemma PENFOLD (Con),match,match,match,match,match,match,match,match,match,match,match,match,match,no_match,no_match,match
Ward4-ObanSouthandtheIsles_ward4.csv,OM,Jim LYNCH (SNP),match,match,match,match,match,match,match,match,match,match,match,match,match,match,match,match
Ward4-ObanSouthandtheIsles_ward4.csv,PM,Jim LYNCH (SNP),match,match,match,match,match,match,match,match,match,match,match,match,match,match,match,match
Ward4-ObanSouthandtheIsles_ward4.csv,AVG,Jim LYNCH (SNP),match,match,match,match,match,match,match,match,match,match,match,match,match,match,match,match
Ward10-HelensburghCentral_ward10.csv,OM,Fiona HOWARD (Lab),no_match,match,no_match,match,no_match,match,no_match,match,match,match,match,match,match,match,match,match
Ward10-HelensburghCentral_ward10.csv,PM,Fiona HOWARD (Lab),no_match,match,no_match,match,no_match,match,no_match,match,match,match,match,match,match,match,match,match
Ward10-HelensburghCentral_ward10.csv,AVG,Fiona HOWARD (Lab),no_match,match,no_match,match,no_match,match,no_match,match,match,match,match,match,match,match,match,match
Ward1-SouthKintyre_ward1.csv,OM,Donald KELLY (Ind),match,match,match,match,match,match,match,match,match,match,match,match,match,match,match,match
Ward1-SouthKintyre_ward1.csv,PM,Donald KELLY (Ind),match,match,match,match,match,match,match,match,match,match,match,match,match,match,match,match
Ward1-SouthKintyre_ward1.csv,AVG,Donald KELLY (Ind),match,match,match,match,match,match,match,match,match,match,match,match,match,match,match,match
Ward3-Mid-Argyll_ward3.csv,OM,Douglas Trevor PHILAND (Ind),match,match,match,match,match,match,match,match,match,match,match,match,match,match,match,match
Ward3-Mid-Argyll_ward3.csv,PM,Douglas Trevor PHILAND (Ind),match,match,match,match,match,match,match,match,match,match,match,match,match,match,match,match
Ward3-Mid-Argyll_ward3.csv,AVG,Douglas Trevor PHILAND (Ind),match,match,match,match,match,match,match,match,match,match,match,match,match,match,match,match
Ward6-NorthIslesWard_ward6.csv,OM,Heather WOODBRIDGE (Ind),match,match,match,match,match,match,match,match,match,match,match,match,match,match,match,match
Ward6-NorthIslesWard_ward6.csv,PM,Heather WOODBRIDGE (Ind),match,match,match,match,match,match,match,match,match,match,match,match,match,match,match,match
Ward6-NorthIslesWard_ward6.csv,AVG,Heather WOODBRIDGE (Ind),match,match,match,match,match,match,match,match,match,match,match,match,match,match,match,match
Ward5-EastMainlandSouthRonaldsayandBurrayWard_ward5.csv,OM,Raymie PEACE (Ind),match,match,match,match,match,match,match,match,match,match,match,match,match,match,match,match
Ward5-EastMainlandSouthRonaldsayandBurrayWard_ward5.csv,PM,Raymie PEACE (Ind),match,match,match,match,match,match,match,match,match,match,match,match,match,match,match,match
Ward5-EastMainlandSouthRonaldsayandBurrayWard_ward5.csv,AVG,Raymie PEACE (Ind),match,match,match,match,match,match,match,match,match,match,match,match,match,match,match,match
Ward2-KirkwallWestandOrphirWard_ward2.csv,OM,Leslie MANSON (Ind),match,match,match,match,match,match,match,match,match,match,match,match,match,no_match,no_match,match
Ward2-KirkwallWestandOrphirWard_ward2.csv,PM,Leslie MANSON (Ind),match,match,match,match,match,match,match,match,match,match,match,match,match,no_match,no_match,match
Ward2-KirkwallWestandOrphirWard_ward2.csv,AVG,Leslie MANSON (Ind),match,match,match,match,match,match,match,match,match,match,match,match,match,no_match,no_match,match
Ward1-KirkwallEastWard_ward1.csv,OM,Steven HEDDLE (Ind),no_match,match,match,match,match,match,match,match,match,match,match,match,match,match,no_match,match
Ward1-KirkwallEastWard_ward1.csv,PM,Steven HEDDLE (Ind),no_match,match,match,match,match,match,match,match,match,match,match,match,match,match,no_match,match
Ward1-KirkwallEastWard_ward1.csv,AVG,Steven HEDDLE (Ind),no_match,match,match,match,match,match,match,match,match,match,match,match,match,match,no_match,match
Ward3-StromnessandSouthIslesWard_ward3.csv,OM,James STOCKAN (Ind),match,match,match,match,match,match,match,match,match,match,match,match,match,no_match,no_match,match
Ward3-StromnessandSouthIslesWard_ward3.csv,PM,James STOCKAN (Ind),match,match,match,match,match,match,match,match,match,match,match,match,match,no_match,no_match,match
Ward3-StromnessandSouthIslesWard_ward3.csv,AVG,James STOCKAN (Ind),match,match,match,match,match,match,match,match,match,match,match,match,match,no_match,no_match,match
Ward4-WestMainlandWard_ward4.csv,OM,Owen TIERNEY (Ind),match,match,match,match,match,match,match,match,match,match,match,match,match,match,match,match
Ward4-WestMainlandWard_ward4.csv,PM,Owen TIERNEY (Ind),match,match,match,match,match,match,match,match,match,match,match,match,match,match,match,match
Ward4-WestMainlandWard_ward4.csv,AVG,Owen TIERNEY (Ind),match,match,match,match,match,match,match,match,match,match,match,match,match,match,match,match
Ward17-MotherwellWest_Preference Profile Ward 17 Motherwell West.csv,OM,David CRICHTON (SNP),match,match,match,no_match,match,match,match,match,match,match,match,match,match,no_match,no_match,match
Ward17-MotherwellWest_Preference Profile Ward 17 Motherwell West.csv,PM,David CRICHTON (SNP),match,match,match,no_match,match,match,match,match,match,match,match,match,match,no_match,no_match,match
Ward17-MotherwellWest_Preference Profile Ward 17 Motherwell West.csv,AVG,David CRICHTON (SNP),match,match,match,no_match,match,match,match,match,match,match,match,match,match,no_match,no_match,match
Ward4-CumbernauldEast_Preference Profile WArd 4 Cumbernauld East.csv,OM,Claire BARCLAY (SNP),match,match,match,match,match,match,match,match,match,match,match,match,match,match,match,match
Ward4-CumbernauldEast_Preference Profile WArd 4 Cumbernauld East.csv,PM,Claire BARCLAY (SNP),match,match,match,match,match,match,match,match,match,match,match,match,match,match,match,match
Ward4-CumbernauldEast_Preference Profile WArd 4 Cumbernauld East.csv,AVG,Claire BARCLAY (SNP),match,match,match,match,match,match,match,match,match,match,match,match,match,match,match,match
"Preference Profile Ward 5 Stepps, Chryston and Muirhead.csv",OM,Josh CAIRNS (SNP),match,no_match,no_match,no_match,match,no_match,match,no_match,no_match,no_match,no_match,no_match,no_match,no_match,no_match,no_match
"Preference Profile Ward 5 Stepps, Chryston and Muirhead.csv",PM,John MCLAREN (Lab),no_match,match,match,match,no_match,match,no_match,match,match,match,match,match,match,match,match,match
"Preference Profile Ward 5 Stepps, Chryston and Muirhead.csv",AVG,John MCLAREN (Lab),no_match,match,match,match,no_match,match,no_match,match,match,match,match,match,match,match,match,match
Ward1-Kilsyth_Preference Profile Ward 1 Kilsyth.csv,OM,Heather BRANNAN-MCVEY (Lab),no_match,match,match,no_match,match,no_match,no_match,match,match,match,match,match,match,no_match,no_match,match
Ward1-Kilsyth_Preference Profile Ward 1 Kilsyth.csv,PM,Heather BRANNAN-MCVEY (Lab),no_match,match,match,no_match,match,no_match,no_match,match,match,match,match,match,match,no_match,no_match,match
Ward1-Kilsyth_Preference Profile Ward 1 Kilsyth.csv,AVG,Heather BRANNAN-MCVEY (Lab),no_match,match,match,no_match,match,no_match,no_match,match,match,match,match,match,match,no_match,no_match,match
Ward3-CumbernauldSouth_Preference Profile Ward 3 Cumbernauld South.csv,OM,Ann BALLINGER (SNP),no_match,match,match,no_match,no_match,no_match,no_match,match,match,match,match,match,match,no_match,no_match,match
Ward3-CumbernauldSouth_Preference Profile Ward 3 Cumbernauld South.csv,PM,Ann BALLINGER (SNP),no_match,match,match,no_match,no_match,no_match,no_match,match,match,match,match,match,match,no_match,no_match,match
Ward3-CumbernauldSouth_Preference Profile Ward 3 Cumbernauld South.csv,AVG,Ann BALLINGER (SNP),no_match,match,match,no_match,no_match,no_match,no_match,match,match,match,match,match,match,no_match,no_match,match
Ward8-AirdrieNorth_Preference Profile Ward 8 Airdrie North.csv,OM,Sophia COYLE (SNP),match,match,match,no_match,no_match,no_match,match,match,match,match,match,match,match,no_match,no_match,match
Ward8-AirdrieNorth_Preference Profile Ward 8 Airdrie North.csv,PM,Sophia COYLE (SNP),match,match,match,no_match,no_match,no_match,match,match,match,match,match,match,match,no_match,no_match,match
Ward8-AirdrieNorth_Preference Profile Ward 8 Airdrie North.csv,AVG,Sophia COYLE (SNP),match,match,match,no_match,no_match,no_match,match,match,match,match,match,match,match,no_match,no_match,match
Ward12-AirdrieSouth_Preference Profile Ward 12 Airdrie South.csv,OM,Michael Joseph COYLE (SNP),match,match,match,match,no_match,match,match,match,match,match,match,match,match,no_match,no_match,match
Ward12-AirdrieSouth_Preference Profile Ward 12 Airdrie South.csv,PM,Michael Joseph COYLE (SNP),match,match,match,match,no_match,match,match,match,match,match,match,match,match,no_match,no_match,match
Ward12-AirdrieSouth_Preference Profile Ward 12 Airdrie South.csv,AVG,Michael Joseph COYLE (SNP),match,match,match,match,no_match,match,match,match,match,match,match,match,match,no_match,no_match,match
Ward13-Fortissat_Preference Profile Ward 13 Fortissat.csv,OM,Martin MCCULLOCH (Lab),match,match,match,match,match,match,match,match,match,match,match,match,match,match,match,match
Ward13-Fortissat_Preference Profile Ward 13 Fortissat.csv,PM,Martin MCCULLOCH (Lab),match,match,match,match,match,match,match,match,match,match,match,match,match,match,match,match
Ward13-Fortissat_Preference Profile Ward 13 Fortissat.csv,AVG,Martin MCCULLOCH (Lab),match,match,match,match,match,match,match,match,match,match,match,match,match,match,match,match
Ward9-AirdrieCentral_Preference Profile WArd 9 Airdrie Central.csv,OM,Jim LOGUE (Lab),no_match,no_match,no_match,match,no_match,match,no_match,match,match,match,match,match,match,match,match,match
Ward9-AirdrieCentral_Preference Profile WArd 9 Airdrie Central.csv,PM,Jim LOGUE (Lab),no_match,no_match,no_match,match,no_match,match,no_match,match,match,match,match,match,match,match,match,match
Ward9-AirdrieCentral_Preference Profile WArd 9 Airdrie Central.csv,AVG,Jim LOGUE (Lab),no_match,no_match,no_match,match,no_match,match,no_match,match,match,match,match,match,match,match,match,match
Ward21-Wishaw_Preference Profile Ward 21 Wishaw.csv,OM,Fiona FOTHERINGHAM (SNP),match,match,match,no_match,no_match,no_match,match,match,match,match,match,match,match,no_match,no_match,match
Ward21-Wishaw_Preference Profile Ward 21 Wishaw.csv,PM,Fiona FOTHERINGHAM (SNP),match,match,match,no_match,no_match,no_match,match,match,match,match,match,match,match,no_match,no_match,match
Ward21-Wishaw_Preference Profile Ward 21 Wishaw.csv,AVG,Fiona FOTHERINGHAM (SNP),match,match,match,no_match,no_match,no_match,match,match,match,match,match,match,match,no_match,no_match,match
Preference Profile Ward 16 Mossend and Holytown.csv,OM,Beth BAUDO (SNP),no_match,no_match,no_match,no_match,no_match,no_match,no_match,no_match,no_match,no_match,no_match,no_match,no_match,no_match,no_match,no_match
Preference Profile Ward 16 Mossend and Holytown.csv,PM,Frank MCNALLY (Lab),match,match,match,match,match,match,match,match,match,match,match,match,match,match,match,match
Preference Profile Ward 16 Mossend and Holytown.csv,AVG,Frank MCNALLY (Lab),match,match,match,match,match,match,match,match,match,match,match,match,match,match,match,match
Ward18-MotherwellNorth_Preference Profile Ward 18 Motherwell North.csv,OM,Gerry BRENNAN (SNP),match,match,match,no_match,match,match,match,match,match,match,match,match,match,no_match,no_match,match
Ward18-MotherwellNorth_Preference Profile Ward 18 Motherwell North.csv,PM,Gerry BRENNAN (SNP),match,match,match,no_match,match,match,match,match,match,match,match,match,match,no_match,no_match,match
Ward18-MotherwellNorth_Preference Profile Ward 18 Motherwell North.csv,AVG,Gerry BRENNAN (SNP),match,match,match,no_match,match,match,match,match,match,match,match,match,match,no_match,no_match,match
Ward10-CoatbridgeWest_Preference Profile Ward 10 Coatbridge West.csv,OM,Lesley MITCHELL (SNP),match,match,match,match,match,match,match,match,match,match,match,match,match,match,match,match
Ward10-CoatbridgeWest_Preference Profile Ward 10 Coatbridge West.csv,PM,Lesley MITCHELL (SNP),match,match,match,match,match,match,match,match,match,match,match,match,match,match,match,match
Ward10-CoatbridgeWest_Preference Profile Ward 10 Coatbridge West.csv,AVG,Lesley MITCHELL (SNP),match,match,match,match,match,match,match,match,match,match,match,match,match,match,match,match
Ward15-Bellshill_Preference Profile WArd 15 Bellshill.csv,OM,Angela CAMPBELL (Lab),no_match,match,match,match,match,match,match,match,match,match,match,match,match,match,match,match
Ward15-Bellshill_Preference Profile WArd 15 Bellshill.csv,PM,Angela CAMPBELL (Lab),no_match,match,match,match,match,match,match,match,match,match,match,match,match,match,match,match
Ward15-Bellshill_Preference Profile WArd 15 Bellshill.csv,AVG,Angela CAMPBELL (Lab),no_match,match,match,match,match,match,match,match,match,match,match,match,match,match,match,match
Ward14-Thorniewood_Preference Profile WArd 14 Thorniewood.csv,OM,Helen LOUGHRAN (Lab),no_match,match,match,match,match,match,match,match,match,match,match,match,match,match,match,match
Ward14-Thorniewood_Preference Profile WArd 14 Thorniewood.csv,PM,Helen LOUGHRAN (Lab),no_match,match,match,match,match,match,match,match,match,match,match,match,match,match,match,match
Ward14-Thorniewood_Preference Profile WArd 14 Thorniewood.csv,AVG,Helen LOUGHRAN (Lab),no_match,match,match,match,match,match,match,match,match,match,match,match,match,match,match,match
"Preference Profile Ward 6 Gartcosh, Glenboig and Moodiesburn.csv",OM,Greg LENNON (SNP),match,match,match,match,match,match,match,match,match,match,match,match,match,match,no_match,match
"Preference Profile Ward 6 Gartcosh, Glenboig and Moodiesburn.csv",PM,Greg LENNON (SNP),match,match,match,match,match,match,match,match,match,match,match,match,match,match,no_match,match
"Preference Profile Ward 6 Gartcosh, Glenboig and Moodiesburn.csv",AVG,Greg LENNON (SNP),match,match,match,match,match,match,match,match,match,match,match,match,match,match,no_match,match
Preference Profile Ward 19 Motherwell South East and Ravenscraig.csv,OM,Agnes MAGOWAN (SNP),match,match,match,match,match,match,match,match,match,match,match,match,match,match,match,match
Preference Profile Ward 19 Motherwell South East and Ravenscraig.csv,PM,Agnes MAGOWAN (SNP),match,match,match,match,match,match,match,match,match,match,match,match,match,match,match,match
Preference Profile Ward 19 Motherwell South East and Ravenscraig.csv,AVG,Agnes MAGOWAN (SNP),match,match,match,match,match,match,match,match,match,match,match,match,match,match,match,match
Ward7-CoatbridgeNorth_Preference Profile WArd 7 Coatbridge North.csv,OM,Kirsten LARSON (SNP),match,match,match,match,match,match,match,match,match,match,match,match,match,match,match,match
Ward7-CoatbridgeNorth_Preference Profile WArd 7 Coatbridge North.csv,PM,Kirsten LARSON (SNP),match,match,match,match,match,match,match,match,match,match,match,match,match,match,match,match
Ward7-CoatbridgeNorth_Preference Profile WArd 7 Coatbridge North.csv,AVG,Kirsten LARSON (SNP),match,match,match,match,match,match,match,match,match,match,match,match,match,match,match,match
Ward11-CoatbridgeSouth_Preference Profile Ward 11 Coatbridge South.csv,OM,Tracy CARRAGHER (SNP),match,match,match,match,match,match,match,match,match,match,match,match,match,match,match,match
Ward11-CoatbridgeSouth_Preference Profile Ward 11 Coatbridge South.csv,PM,Tracy CARRAGHER (SNP),match,match,match,match,match,match,match,match,match,match,match,match,match,match,match,match
Ward11-CoatbridgeSouth_Preference Profile Ward 11 Coatbridge South.csv,AVG,Tracy CARRAGHER (SNP),match,match,match,match,match,match,match,match,match,match,match,match,match,match,match,match
Ward20-Murdostoun_Preference Profile Ward 20 Murdostoun.csv,OM,Robert John MCKENDRICK (Ind),match,match,match,match,match,match,match,match,match,match,match,match,match,match,match,match
Ward20-Murdostoun_Preference Profile Ward 20 Murdostoun.csv,PM,Robert John MCKENDRICK (Ind),match,match,match,match,match,match,match,match,match,match,match,match,match,match,match,match
Ward20-Murdostoun_Preference Profile Ward 20 Murdostoun.csv,AVG,Robert John MCKENDRICK (Ind),match,match,match,match,match,match,match,match,match,match,match,match,match,match,match,match
Ward2-CumbernauldNorth_Preference Profile Ward 2 Cumbernauld North.csv,OM,Alan MASTERTON (SNP),match,match,match,match,match,match,match,match,match,match,match,match,match,match,match,match
Ward2-CumbernauldNorth_Preference Profile Ward 2 Cumbernauld North.csv,PM,Alan MASTERTON (SNP),match,match,match,match,match,match,match,match,match,match,match,match,match,match,match,match
Ward2-CumbernauldNorth_Preference Profile Ward 2 Cumbernauld North.csv,AVG,Alan MASTERTON (SNP),match,match,match,match,match,match,match,match,match,match,match,match,match,match,match,match
Ward10-HawickandDenholm_sc-borders17-10.csv,OM,Stuart MARSHALL (Ind),match,match,match,match,match,match,match,match,match,match,match,match,match,match,match,match
Ward10-HawickandDenholm_sc-borders17-10.csv,PM,Stuart MARSHALL (Ind),match,match,match,match,match,match,match,match,match,match,match,match,match,match,match,match
Ward10-HawickandDenholm_sc-borders17-10.csv,AVG,Stuart MARSHALL (Ind),match,match,match,match,match,match,match,match,match,match,match,match,match,match,match,match
Ward1-TweeddaleWest_sc-borders17-01.csv,OM,Eric SMALL (Con),no_match,match,match,match,no_match,match,match,match,match,match,match,match,match,no_match,match,match
Ward1-TweeddaleWest_sc-borders17-01.csv,PM,Eric SMALL (Con),no_match,match,match,match,no_match,match,match,match,match,match,match,match,match,no_match,match,match
Ward1-TweeddaleWest_sc-borders17-01.csv,AVG,Eric SMALL (Con),no_match,match,match,match,no_match,match,match,match,match,match,match,match,match,no_match,match,match
Ward3-GalashielsandDistrict_sc-borders17-03.csv,OM,Euan JARDINE (Con),match,match,match,match,no_match,match,match,match,match,match,match,match,match,match,match,match
Ward3-GalashielsandDistrict_sc-borders17-03.csv,PM,Euan JARDINE (Con),match,match,match,match,no_match,match,match,match,match,match,match,match,match,match,match,match
Ward3-GalashielsandDistrict_sc-borders17-03.csv,AVG,Euan JARDINE (Con),match,match,match,match,no_match,match,match,match,match,match,match,match,match,match,match,match
Ward5-LeaderdaleandMelrose_sc-borders17-05.csv,OM,David PARKER (Ind),match,match,match,match,match,match,match,match,match,match,match,match,match,match,match,match
Ward5-LeaderdaleandMelrose_sc-borders17-05.csv,PM,David PARKER (Ind),match,match,match,match,match,match,match,match,match,match,match,match,match,match,match,match
Ward5-LeaderdaleandMelrose_sc-borders17-05.csv,AVG,David PARKER (Ind),match,match,match,match,match,match,match,match,match,match,match,match,match,match,match,match
Ward6-MidBerwickshire_sc-borders17-06.csv,OM,John GREENWELL (Con),match,match,match,match,match,match,match,match,match,match,match,match,match,match,match,match
Ward6-MidBerwickshire_sc-borders17-06.csv,PM,John GREENWELL (Con),match,match,match,match,match,match,match,match,match,match,match,match,match,match,match,match
Ward6-MidBerwickshire_sc-borders17-06.csv,AVG,John GREENWELL (Con),match,match,match,match,match,match,match,match,match,match,match,match,match,match,match,match
Ward7-EastBerwickshire_sc-borders17-07.csv,OM,Jim FULLARTON (Con),match,match,match,match,match,match,match,match,match,match,match,match,match,match,match,match
Ward7-EastBerwickshire_sc-borders17-07.csv,PM,Jim FULLARTON (Con),match,match,match,match,match,match,match,match,match,match,match,match,match,match,match,match
Ward7-EastBerwickshire_sc-borders17-07.csv,AVG,Jim FULLARTON (Con),match,match,match,match,match,match,match,match,match,match,match,match,match,match,match,match
Ward4-Selkirkshire_sc-borders17-04.csv,OM,Michelle BALLANTYNE (Con),match,match,match,match,match,match,match,match,match,match,match,match,match,match,match,match
Ward4-Selkirkshire_sc-borders17-04.csv,PM,Michelle BALLANTYNE (Con),match,match,match,match,match,match,match,match,match,match,match,match,match,match,match,match
Ward4-Selkirkshire_sc-borders17-04.csv,AVG,Michelle BALLANTYNE (Con),match,match,match,match,match,match,match,match,match,match,match,match,match,match,match,match
Ward8-Kelso&District_sc-borders17-08.csv,OM,Tom WEATHERSTON (Con),match,match,match,match,match,match,match,match,match,match,match,match,match,match,match,match
Ward8-Kelso&District_sc-borders17-08.csv,PM,Tom WEATHERSTON (Con),match,match,match,match,match,match,match,match,match,match,match,match,match,match,match,match
Ward8-Kelso&District_sc-borders17-08.csv,AVG,Tom WEATHERSTON (Con),match,match,match,match,match,match,match,match,match,match,match,match,match,match,match,match
Ward9-JedburghandDistrict_sc-borders17-09.csv,OM,Scott HAMILTON (Con),no_match,match,match,match,match,match,match,match,match,match,match,match,match,match,match,match
Ward9-JedburghandDistrict_sc-borders17-09.csv,PM,Scott HAMILTON (Con),no_match,match,match,match,match,match,match,match,match,match,match,match,match,match,match,match
Ward9-JedburghandDistrict_sc-borders17-09.csv,AVG,Scott HAMILTON (Con),no_match,match,match,match,match,match,match,match,match,match,match,match,match,match,match,match
Ward11-HawickandHermitage_sc-borders17-11.csv,OM,Watson MCATEER (Ind),match,match,match,match,match,match,match,match,match,match,match,match,match,match,match,match
Ward11-HawickandHermitage_sc-borders17-11.csv,PM,Watson MCATEER (Ind),match,match,match,match,match,match,match,match,match,match,match,match,match,match,match,match
Ward11-HawickandHermitage_sc-borders17-11.csv,AVG,Watson MCATEER (Ind),match,match,match,match,match,match,match,match,match,match,match,match,match,match,match,match
Ward2-TweeddaleEast_sc-borders17-02.csv,OM,Shona HASLAM (Con),match,match,match,match,match,match,match,match,match,match,match,match,match,no_match,match,match
Ward2-TweeddaleEast_sc-borders17-02.csv,PM,Shona HASLAM (Con),match,match,match,match,match,match,match,match,match,match,match,match,match,no_match,match,match
Ward2-TweeddaleEast_sc-borders17-02.csv,AVG,Shona HASLAM (Con),match,match,match,match,match,match,match,match,match,match,match,match,match,no_match,match,match
EastEnd_dundee17-07.csv,OM,Will DAWSON (SNP),match,match,match,match,match,match,match,match,match,match,match,match,match,match,match,match
EastEnd_dundee17-07.csv,PM,Will DAWSON (SNP),match,match,match,match,match,match,match,match,match,match,match,match,match,match,match,match
EastEnd_dundee17-07.csv,AVG,Will DAWSON (SNP),match,match,match,match,match,match,match,match,match,match,match,match,match,match,match,match
TheFerry_dundee17-08.csv,OM,Derek SCOTT (Con),match,match,match,match,match,match,match,match,match,match,match,match,match,match,match,match
TheFerry_dundee17-08.csv,PM,Derek SCOTT (Con),match,match,match,match,match,match,match,match,match,match,match,match,match,match,match,match
TheFerry_dundee17-08.csv,AVG,Derek SCOTT (Con),match,match,match,match,match,match,match,match,match,match,match,match,match,match,match,match
Strathmartine_dundee17-01.csv,OM,John ALEXANDER (SNP),match,match,match,match,match,match,match,match,match,match,match,match,match,match,match,match
Strathmartine_dundee17-01.csv,PM,John ALEXANDER (SNP),match,match,match,match,match,match,match,match,match,match,match,match,match,match,match,match
Strathmartine_dundee17-01.csv,AVG,John ALEXANDER (SNP),match,match,match,match,match,match,match,match,match,match,match,match,match,match,match,match
Coldside_dundee17-04.csv,OM,Mark FLYNN (SNP),match,match,match,match,match,match,match,match,match,match,match,match,match,match,match,match
Coldside_dundee17-04.csv,PM,Mark FLYNN (SNP),match,match,match,match,match,match,match,match,match,match,match,match,match,match,match,match
Coldside_dundee17-04.csv,AVG,Mark FLYNN (SNP),match,match,match,match,match,match,match,match,match,match,match,match,match,match,match,match
Maryfield_dundee17-05.csv,OM,Ken LYNN (SNP),match,match,match,match,match,match,match,match,match,match,match,match,match,match,match,match
Maryfield_dundee17-05.csv,PM,Ken LYNN (SNP),match,match,match,match,match,match,match,match,match,match,match,match,match,match,match,match
Maryfield_dundee17-05.csv,AVG,Ken LYNN (SNP),match,match,match,match,match,match,match,match,match,match,match,match,match,match,match,match
NorthEast_dundee17-06.csv,OM,TIED,no_match,no_match,no_match,no_match,no_match,no_match,no_match,no_match,no_match,no_match,no_match,no_match,no_match,no_match,no_match,no_match
NorthEast_dundee17-06.csv,PM,Gregor MURRAY (SNP),match,match,match,match,match,match,match,match,match,match,match,match,match,match,match,match
NorthEast_dundee17-06.csv,AVG,Gregor MURRAY (SNP),match,match,match,match,match,match,match,match,match,match,match,match,match,match,match,match
WestEnd_dundee17-03.csv,OM,Fraser MACPHERSON (LD),match,match,match,match,match,match,match,match,match,match,match,match,match,match,match,match
WestEnd_dundee17-03.csv,PM,Fraser MACPHERSON (LD),match,match,match,match,match,match,match,match,match,match,match,match,match,match,match,match
WestEnd_dundee17-03.csv,AVG,Fraser MACPHERSON (LD),match,match,match,match,match,match,match,match,match,match,match,match,match,match,match,match
Lochee_dundee17-02.csv,OM,Alan ROSS (SNP),match,match,match,match,match,match,match,match,match,match,match,match,match,match,match,match
Lochee_dundee17-02.csv,PM,Alan ROSS (SNP),match,match,match,match,match,match,match,match,match,match,match,match,match,match,match,match
Lochee_dundee17-02.csv,AVG,Alan ROSS (SNP),match,match,match,match,match,match,match,match,match,match,match,match,match,match,match,match
Ward11-CityCentre_edinburgh17-11.csv,OM,Claire MILLER (Grn),no_match,match,no_match,match,match,match,match,match,match,match,match,match,match,match,match,match
Ward11-CityCentre_edinburgh17-11.csv,PM,Claire MILLER (Grn),no_match,match,no_match,match,match,match,match,match,match,match,match,match,match,match,match,match
Ward11-CityCentre_edinburgh17-11.csv,AVG,Claire MILLER (Grn),no_match,match,no_match,match,match,match,match,match,match,match,match,match,match,match,match,match
Ward2-PentlandHills_edinburgh17-02.csv,OM,Graeme BRUCE (Con),match,match,match,match,match,match,match,match,match,match,match,match,match,match,match,match
Ward2-PentlandHills_edinburgh17-02.csv,PM,Graeme BRUCE (Con),match,match,match,match,match,match,match,match,match,match,match,match,match,match,match,match
Ward2-PentlandHills_edinburgh17-02.csv,AVG,Graeme BRUCE (Con),match,match,match,match,match,match,match,match,match,match,match,match,match,match,match,match
Ward5-Inverleith_edinburgh17-05.csv,OM,Max MITCHELL (Con),match,no_match,match,no_match,no_match,no_match,match,no_match,no_match,no_match,no_match,no_match,no_match,no_match,no_match,no_match
Ward5-Inverleith_edinburgh17-05.csv,PM,Hal OSLER (LD),no_match,match,no_match,match,match,match,no_match,match,match,match,match,match,match,match,match,match
Ward5-Inverleith_edinburgh17-05.csv,AVG,Hal OSLER (LD),no_match,match,no_match,match,match,match,no_match,match,match,match,match,match,match,match,match,match
Ward15-Southside-Newington_edinburgh17-15.csv,OM,Steve BURGESS (Grn),no_match,match,no_match,no_match,match,match,match,match,match,match,match,match,match,no_match,no_match,match
Ward15-Southside-Newington_edinburgh17-15.csv,PM,Steve BURGESS (Grn),no_match,match,no_match,no_match,match,match,match,match,match,match,match,match,match,no_match,no_match,match
Ward15-Southside-Newington_edinburgh17-15.csv,AVG,Steve BURGESS (Grn),no_match,match,no_match,no_match,match,match,match,match,match,match,match,match,match,no_match,no_match,match
Ward14-Craigentinny-Duddingston_edinburgh17-14.csv,OM,Ian CAMPBELL (SNP),no_match,match,match,match,match,match,match,match,match,match,match,match,match,no_match,no_match,match
Ward14-Craigentinny-Duddingston_edinburgh17-14.csv,PM,Ian CAMPBELL (SNP),no_match,match,match,match,match,match,match,match,match,match,match,match,match,no_match,no_match,match
Ward14-Craigentinny-Duddingston_edinburgh17-14.csv,AVG,Ian CAMPBELL (SNP),no_match,match,match,match,match,match,match,match,match,match,match,match,match,no_match,no_match,match
Ward17-Portobello-Craigmillar_edinburgh17-17.csv,OM,Maureen CHILD (Lab),match,match,match,match,match,match,match,match,match,match,match,match,match,match,match,match
Ward17-Portobello-Craigmillar_edinburgh17-17.csv,PM,Maureen CHILD (Lab),match,match,match,match,match,match,match,match,match,match,match,match,match,match,match,match
Ward17-Portobello-Craigmillar_edinburgh17-17.csv,AVG,Maureen CHILD (Lab),match,match,match,match,match,match,match,match,match,match,match,match,match,match,match,match
Ward3-DrumBraeGyle_edinburgh17-03.csv,OM,Robert Christopher ALDRIDGE (LD),match,match,match,match,match,match,match,match,match,match,match,match,match,match,match,match
Ward3-DrumBraeGyle_edinburgh17-03.csv,PM,Robert Christopher ALDRIDGE (LD),match,match,match,match,match,match,match,match,match,match,match,match,match,match,match,match
Ward3-DrumBraeGyle_edinburgh17-03.csv,AVG,Robert Christopher ALDRIDGE (LD),match,match,match,match,match,match,match,match,match,match,match,match,match,match,match,match
Ward16-Liberton-Gilmerton_edinburgh17-16.csv,OM,Lezley Marion CAMERON (Lab),match,match,match,match,match,match,match,match,match,match,match,match,match,match,match,match
Ward16-Liberton-Gilmerton_edinburgh17-16.csv,PM,Lezley Marion CAMERON (Lab),match,match,match,match,match,match,match,match,match,match,match,match,match,match,match,match
Ward16-Liberton-Gilmerton_edinburgh17-16.csv,AVG,Lezley Marion CAMERON (Lab),match,match,match,match,match,match,match,match,match,match,match,match,match,match,match,match
Ward6-CorstorphineMurrayfield_edinburgh17-06.csv,OM,Gillian GLOYER (LD),no_match,match,match,match,match,match,match,match,match,match,match,match,match,match,match,match
Ward6-CorstorphineMurrayfield_edinburgh17-06.csv,PM,Gillian GLOYER (LD),no_match,match,match,match,match,match,match,match,match,match,match,match,match,match,match,match
Ward6-CorstorphineMurrayfield_edinburgh17-06.csv,AVG,Gillian GLOYER (LD),no_match,match,match,match,match,match,match,match,match,match,match,match,match,match,match,match
Ward10-Morningside_edinburgh17-10.csv,OM,Melanie MAIN (Grn),no_match,match,match,no_match,match,match,match,match,match,match,match,match,match,no_match,no_match,match
Ward10-Morningside_edinburgh17-10.csv,PM,Melanie MAIN (Grn),no_match,match,match,no_match,match,match,match,match,match,match,match,match,match,no_match,no_match,match
Ward10-Morningside_edinburgh17-10.csv,AVG,Melanie MAIN (Grn),no_match,match,match,no_match,match,match,match,match,match,match,match,match,match,no_match,no_match,match
Ward4-Forth_edinburgh17-04.csv,OM,Eleanor BIRD (SNP),no_match,match,match,no_match,match,match,no_match,match,match,match,match,match,match,no_match,no_match,match
Ward4-Forth_edinburgh17-04.csv,PM,Eleanor BIRD (SNP),no_match,match,match,no_match,match,match,no_match,match,match,match,match,match,match,no_match,no_match,match
Ward4-Forth_edinburgh17-04.csv,AVG,Eleanor BIRD (SNP),no_match,match,match,no_match,match,match,no_match,match,match,match,match,match,match,no_match,no_match,match
Ward13-Leith_edinburgh17-13.csv,OM,Adam MCVEY (SNP),match,match,match,match,match,match,match,match,match,match,match,match,match,match,no_match,match
Ward13-Leith_edinburgh17-13.csv,PM,Adam MCVEY (SNP),match,match,match,match,match,match,match,match,match,match,match,match,match,match,no_match,match
Ward13-Leith_edinburgh17-13.csv,AVG,Adam MCVEY (SNP),match,match,match,match,match,match,match,match,match,match,match,match,match,match,no_match,match
Ward8-ColintonFairmilehead_edinburgh17-08.csv,OM,Jason RUST (Con),match,match,match,match,match,match,match,match,match,match,match,match,match,match,match,match
Ward8-ColintonFairmilehead_edinburgh17-08.csv,PM,Jason RUST (Con),match,match,match,match,match,match,match,match,match,match,match,match,match,match,match,match
Ward8-ColintonFairmilehead_edinburgh17-08.csv,AVG,Jason RUST (Con),match,match,match,match,match,match,match,match,match,match,match,match,match,match,match,match
Ward12-LeithWalk_edinburgh17-12.csv,OM,Amy MCNEESE-MECHAN (SNP),no_match,no_match,no_match,no_match,no_match,no_match,match,no_match,no_match,no_match,no_match,no_match,no_match,no_match,no_match,no_match
Ward12-LeithWalk_edinburgh17-12.csv,PM,Susan RAE (Grn),match,no_match,match,match,match,match,no_match,match,match,match,match,match,match,match,match,match
Ward12-LeithWalk_edinburgh17-12.csv,AVG,Susan RAE (Grn),match,no_match,match,match,match,match,no_match,match,match,match,match,match,match,match,match,match
Ward9-FountainbridgeCraiglockhart_edinburgh17-09.csv,OM,Gavin CORBETT (Grn),no_match,match,match,match,match,match,match,match,match,match,match,match,match,match,match,match
Ward9-FountainbridgeCraiglockhart_edinburgh17-09.csv,PM,Gavin CORBETT (Grn),no_match,match,match,match,match,match,match,match,match,match,match,match,match,match,match,match
Ward9-FountainbridgeCraiglockhart_edinburgh17-09.csv,AVG,Gavin CORBETT (Grn),no_match,match,match,match,match,match,match,match,match,match,match,match,match,match,match,match
Ward1-Almond_edinburgh17-01.csv,OM,Kevin LANG (LD),match,match,match,match,match,match,match,match,match,match,match,match,match,match,match,match
Ward1-Almond_edinburgh17-01.csv,PM,Kevin LANG (LD),match,match,match,match,match,match,match,match,match,match,match,match,match,match,match,match
Ward1-Almond_edinburgh17-01.csv,AVG,Kevin LANG (LD),match,match,match,match,match,match,match,match,match,match,match,match,match,match,match,match
Ward7-SighthillGorgie_edinburgh17-07.csv,OM,Catherine FULLERTON (SNP),no_match,match,match,match,match,match,match,match,match,match,match,match,match,match,match,match
Ward7-SighthillGorgie_edinburgh17-07.csv,PM,Catherine FULLERTON (SNP),no_match,match,match,match,match,match,match,match,match,match,match,match,match,match,match,match
Ward7-SighthillGorgie_edinburgh17-07.csv,AVG,Catherine FULLERTON (SNP),no_match,match,match,match,match,match,match,match,match,match,match,match,match,match,match,match
MidlothianEast_midlothian17-05.csv,OM,John HACKETT (Lab),no_match,match,match,match,match,match,match,match,match,match,match,match,match,no_match,no_match,match
MidlothianEast_midlothian17-05.csv,PM,John HACKETT (Lab),no_match,match,match,match,match,match,match,match,match,match,match,match,match,no_match,no_match,match
MidlothianEast_midlothian17-05.csv,AVG,John HACKETT (Lab),no_match,match,match,match,match,match,match,match,match,match,match,match,match,no_match,no_match,match
Bonnyrigg_midlothian17-02.csv,OM,Derek MILLIGAN (Lab),match,match,match,match,match,match,match,match,match,match,match,match,match,match,match,match
Bonnyrigg_midlothian17-02.csv,PM,Derek MILLIGAN (Lab),match,match,match,match,match,match,match,match,match,match,match,match,match,match,match,match
Bonnyrigg_midlothian17-02.csv,AVG,Derek MILLIGAN (Lab),match,match,match,match,match,match,match,match,match,match,match,match,match,match,match,match
MidlothianSouth_midlothian17-06.csv,OM,Jim MUIRHEAD (Lab),match,match,match,match,match,match,match,match,match,match,match,match,match,match,match,match
MidlothianSouth_midlothian17-06.csv,PM,Jim MUIRHEAD (Lab),match,match,match,match,match,match,match,match,match,match,match,match,match,match,match,match
MidlothianSouth_midlothian17-06.csv,AVG,Jim MUIRHEAD (Lab),match,match,match,match,match,match,match,match,match,match,match,match,match,match,match,match
MidlothianWest_midlothian17-04.csv,OM,Russell IMRIE (Lab),no_match,no_match,no_match,match,no_match,no_match,no_match,match,match,match,match,match,match,match,match,match
MidlothianWest_midlothian17-04.csv,PM,Russell IMRIE (Lab),no_match,no_match,no_match,match,no_match,no_match,no_match,match,match,match,match,match,match,match,match,match
MidlothianWest_midlothian17-04.csv,AVG,Russell IMRIE (Lab),no_match,no_match,no_match,match,no_match,no_match,no_match,match,match,match,match,match,match,match,match,match
Penicuik_midlothian17-01.csv,OM,Debbi MCCALL (SNP),no_match,no_match,no_match,no_match,match,no_match,no_match,no_match,no_match,no_match,no_match,no_match,no_match,no_match,no_match,no_match
Penicuik_midlothian17-01.csv,PM,Adam MONTGOMERY (Lab),no_match,match,match,match,no_match,match,match,match,match,match,match,match,match,match,match,match
Penicuik_midlothian17-01.csv,AVG,Adam MONTGOMERY (Lab),no_match,match,match,match,no_match,match,match,match,match,match,match,match,match,match,match,match
Dalkeith_midlothian17-03.csv,OM,Stephen CURRAN (Lab),no_match,match,match,match,match,match,match,match,match,match,match,match,match,match,no_match,match
Dalkeith_midlothian17-03.csv,PM,Stephen CURRAN (Lab),no_match,match,match,match,match,match,match,match,match,match,match,match,match,match,no_match,match
Dalkeith_midlothian17-03.csv,AVG,Stephen CURRAN (Lab),no_match,match,match,match,match,match,match,match,match,match,match,match,match,match,no_match,match
Ward20Wishaw_n-lanarks12-20.csv,OM,Sam LOVE (Lab),match,match,match,match,match,match,match,match,match,match,match,match,match,match,match,match
Ward20Wishaw_n-lanarks12-20.csv,PM,Sam LOVE (Lab),match,match,match,match,match,match,match,match,match,match,match,match,match,match,match,match
Ward20Wishaw_n-lanarks12-20.csv,AVG,Sam LOVE (Lab),match,match,match,match,match,match,match,match,match,match,match,match,match,match,match,match
Ward2CumbernauldNorth_n-lanarks12-02.csv,OM,Alan MASTERTON (SNP),no_match,match,no_match,no_match,match,match,no_match,match,match,match,match,match,match,match,match,match
Ward2CumbernauldNorth_n-lanarks12-02.csv,PM,Alan MASTERTON (SNP),no_match,match,no_match,no_match,match,match,no_match,match,match,match,match,match,match,match,match,match
Ward2CumbernauldNorth_n-lanarks12-02.csv,AVG,Alan MASTERTON (SNP),no_match,match,no_match,no_match,match,match,no_match,match,match,match,match,match,match,match,match,match
Ward4AbronhillKildrumandTheVillage_n-lanarks12-04.csv,OM,Elizabeth IRVINE (SNP),no_match,match,match,match,match,match,match,match,match,match,match,match,match,match,match,match
Ward4AbronhillKildrumandTheVillage_n-lanarks12-04.csv,PM,Elizabeth IRVINE (SNP),no_match,match,match,match,match,match,match,match,match,match,match,match,match,match,match,match
Ward4AbronhillKildrumandTheVillage_n-lanarks12-04.csv,AVG,Elizabeth IRVINE (SNP),no_match,match,match,match,match,match,match,match,match,match,match,match,match,match,match,match
Ward13Thorniewood_n-lanarks12-13.csv,OM,Bob BURROWS (Lab),match,match,match,match,match,match,match,match,match,match,match,match,match,match,match,match
Ward13Thorniewood_n-lanarks12-13.csv,PM,Bob BURROWS (Lab),match,match,match,match,match,match,match,match,match,match,match,match,match,match,match,match
Ward13Thorniewood_n-lanarks12-13.csv,AVG,Bob BURROWS (Lab),match,match,match,match,match,match,match,match,match,match,match,match,match,match,match,match
Ward16MotherwellWest_n-lanarks12-16.csv,OM,Paul KELLY (Lab),no_match,match,match,match,match,match,match,match,match,match,match,match,match,no_match,no_match,match
Ward16MotherwellWest_n-lanarks12-16.csv,PM,Paul KELLY (Lab),no_match,match,match,match,match,match,match,match,match,match,match,match,match,no_match,no_match,match
Ward16MotherwellWest_n-lanarks12-16.csv,AVG,Paul KELLY (Lab),no_match,match,match,match,match,match,match,match,match,match,match,match,match,no_match,no_match,match
Ward15MossendandHolytown_n-lanarks12-15.csv,OM,James COYLE (Lab),match,match,match,match,match,match,match,match,match,match,match,match,match,match,match,match
Ward15MossendandHolytown_n-lanarks12-15.csv,PM,James COYLE (Lab),match,match,match,match,match,match,match,match,match,match,match,match,match,match,match,match
Ward15MossendandHolytown_n-lanarks12-15.csv,AVG,James COYLE (Lab),match,match,match,match,match,match,match,match,match,match,match,match,match,match,match,match
Ward3CumbernauldSouth_n-lanarks12-03.csv,OM,William GOLDIE (SNP),match,match,match,match,match,match,match,match,match,match,match,match,match,match,match,match
Ward3CumbernauldSouth_n-lanarks12-03.csv,PM,William GOLDIE (SNP),match,match,match,match,match,match,match,match,match,match,match,match,match,match,match,match
Ward3CumbernauldSouth_n-lanarks12-03.csv,AVG,William GOLDIE (SNP),match,match,match,match,match,match,match,match,match,match,match,match,match,match,match,match
Ward18MotherwellSouthEastandRavenscraig_n-lanarks12-18.csv,OM,Kaye HARMON (Lab),match,match,match,match,match,match,match,match,match,match,match,match,match,match,match,match
Ward18MotherwellSouthEastandRavenscraig_n-lanarks12-18.csv,PM,Kaye HARMON (Lab),match,match,match,match,match,match,match,match,match,match,match,match,match,match,match,match
Ward18MotherwellSouthEastandRavenscraig_n-lanarks12-18.csv,AVG,Kaye HARMON (Lab),match,match,match,match,match,match,match,match,match,match,match,match,match,match,match,match
Ward9CoatbridgeWest_n-lanarks12-09.csv,OM,Tom MAGINNIS (Lab),match,match,match,match,match,match,match,match,match,match,match,match,match,no_match,match,match
Ward9CoatbridgeWest_n-lanarks12-09.csv,PM,Tom MAGINNIS (Lab),match,match,match,match,match,match,match,match,match,match,match,match,match,no_match,match,match
Ward9CoatbridgeWest_n-lanarks12-09.csv,AVG,Tom MAGINNIS (Lab),match,match,match,match,match,match,match,match,match,match,match,match,match,no_match,match,match
Ward5Strathkelvin_n-lanarks12-05.csv,OM,William HOGG (Lab),match,match,match,match,match,match,match,match,match,match,match,match,match,match,match,match
Ward5Strathkelvin_n-lanarks12-05.csv,PM,William HOGG (Lab),match,match,match,match,match,match,match,match,match,match,match,match,match,match,match,match
Ward5Strathkelvin_n-lanarks12-05.csv,AVG,William HOGG (Lab),match,match,match,match,match,match,match,match,match,match,match,match,match,match,match,match
Ward17MotherwellNorth_n-lanarks12-17.csv,OM,Peter NOLAN (Lab),match,match,match,match,no_match,match,match,match,match,match,match,match,match,no_match,match,match
Ward17MotherwellNorth_n-lanarks12-17.csv,PM,Peter NOLAN (Lab),match,match,match,match,no_match,match,match,match,match,match,match,match,match,no_match,match,match
Ward17MotherwellNorth_n-lanarks12-17.csv,AVG,Peter NOLAN (Lab),match,match,match,match,no_match,match,match,match,match,match,match,match,match,no_match,match,match
Ward19Murdostoun_n-lanarks12-19.csv,OM,Robert MCKENDRICK (Ind),match,match,match,match,match,match,match,match,match,match,match,match,match,match,match,match
Ward19Murdostoun_n-lanarks12-19.csv,PM,Robert MCKENDRICK (Ind),match,match,match,match,match,match,match,match,match,match,match,match,match,match,match,match
Ward19Murdostoun_n-lanarks12-19.csv,AVG,Robert MCKENDRICK (Ind),match,match,match,match,match,match,match,match,match,match,match,match,match,match,match,match
Ward12Fortissat_n-lanarks12-12.csv,OM,Jim ROBERTSON (Lab),no_match,match,match,match,match,match,match,match,match,match,match,match,match,match,match,match
Ward12Fortissat_n-lanarks12-12.csv,PM,Jim ROBERTSON (Lab),no_match,match,match,match,match,match,match,match,match,match,match,match,match,match,match,match
Ward12Fortissat_n-lanarks12-12.csv,AVG,Jim ROBERTSON (Lab),no_match,match,match,match,match,match,match,match,match,match,match,match,match,match,match,match
Ward11AirdrieSouth_n-lanarks12-11.csv,OM,Tom CURLEY (Lab),match,match,match,match,no_match,match,match,match,match,match,match,match,match,match,match,match
Ward11AirdrieSouth_n-lanarks12-11.csv,PM,Tom CURLEY (Lab),match,match,match,match,no_match,match,match,match,match,match,match,match,match,match,match,match
Ward11AirdrieSouth_n-lanarks12-11.csv,AVG,Tom CURLEY (Lab),match,match,match,match,no_match,match,match,match,match,match,match,match,match,match,match,match
Ward6CoatbridgeNorthandGlenboig_n-lanarks12-06.csv,OM,Michael MCPAKE (Lab),match,match,match,match,match,match,match,match,match,match,match,match,match,match,match,match
Ward6CoatbridgeNorthandGlenboig_n-lanarks12-06.csv,PM,Michael MCPAKE (Lab),match,match,match,match,match,match,match,match,match,match,match,match,match,match,match,match
Ward6CoatbridgeNorthandGlenboig_n-lanarks12-06.csv,AVG,Michael MCPAKE (Lab),match,match,match,match,match,match,match,match,match,match,match,match,match,match,match,match
Ward1Kilsyth_n-lanarks12-01.csv,OM,Jean JONES (Lab),match,match,match,match,match,match,match,match,match,match,match,match,match,match,match,match
Ward1Kilsyth_n-lanarks12-01.csv,PM,Jean JONES (Lab),match,match,match,match,match,match,match,match,match,match,match,match,match,match,match,match
Ward1Kilsyth_n-lanarks12-01.csv,AVG,Jean JONES (Lab),match,match,match,match,match,match,match,match,match,match,match,match,match,match,match,match
Ward10CoatbridgeSouth_n-lanarks12-10.csv,OM,Jim BROOKS (Lab),match,match,match,match,match,match,match,match,match,match,match,match,match,match,match,match
Ward10CoatbridgeSouth_n-lanarks12-10.csv,PM,Jim BROOKS (Lab),match,match,match,match,match,match,match,match,match,match,match,match,match,match,match,match
Ward10CoatbridgeSouth_n-lanarks12-10.csv,AVG,Jim BROOKS (Lab),match,match,match,match,match,match,match,match,match,match,match,match,match,match,match,match
Ward7AirdrieNorth_n-lanarks12-07.csv,OM,Sophia COYLE (SNP),no_match,match,no_match,no_match,match,match,no_match,match,match,match,match,match,match,match,match,match
Ward7AirdrieNorth_n-lanarks12-07.csv,PM,Sophia COYLE (SNP),no_match,match,no_match,no_match,match,match,no_match,match,match,match,match,match,match,match,match,match
Ward7AirdrieNorth_n-lanarks12-07.csv,AVG,Sophia COYLE (SNP),no_match,match,no_match,no_match,match,match,no_match,match,match,match,match,match,match,match,match,match
Ward14Bellshill_n-lanarks12-14.csv,OM,Harry CURRAN (Lab),match,match,match,match,match,match,match,match,match,match,match,match,match,match,match,match
Ward14Bellshill_n-lanarks12-14.csv,PM,Harry CURRAN (Lab),match,match,match,match,match,match,match,match,match,match,match,match,match,match,match,match
Ward14Bellshill_n-lanarks12-14.csv,AVG,Harry CURRAN (Lab),match,match,match,match,match,match,match,match,match,match,match,match,match,match,match,match
Ward8AirdrieCentral_n-lanarks12-08.csv,OM,Jim LOGUE (Lab),match,match,match,match,match,match,match,match,match,match,match,match,match,match,match,match
Ward8AirdrieCentral_n-lanarks12-08.csv,PM,Jim LOGUE (Lab),match,match,match,match,match,match,match,match,match,match,match,match,match,match,match,match
Ward8AirdrieCentral_n-lanarks12-08.csv,AVG,Jim LOGUE (Lab),match,match,match,match,match,match,match,match,match,match,match,match,match,match,match,match
LerwickSouth_shetland12-07.csv,OM,Jonathan WILLS (Ind),match,match,match,match,match,match,match,match,match,match,match,match,match,match,match,match
LerwickSouth_shetland12-07.csv,PM,Jonathan WILLS (Ind),match,match,match,match,match,match,match,match,match,match,match,match,match,match,match,match
LerwickSouth_shetland12-07.csv,AVG,Jonathan WILLS (Ind),match,match,match,match,match,match,match,match,match,match,match,match,match,match,match,match
ShetlandSouth_shetland12-05.csv,OM,Allison DUNCAN (Ind),match,match,match,match,match,match,match,match,match,match,match,match,match,match,match,match
ShetlandSouth_shetland12-05.csv,PM,Allison DUNCAN (Ind),match,match,match,match,match,match,match,match,match,match,match,match,match,match,match,match
ShetlandSouth_shetland12-05.csv,AVG,Allison DUNCAN (Ind),match,match,match,match,match,match,match,match,match,match,match,match,match,match,match,match
ShetlandNorth_shetland12-02.csv,OM,Andrea MANSON (Ind),match,match,match,match,match,match,match,match,match,match,match,match,match,match,match,match
ShetlandNorth_shetland12-02.csv,PM,Andrea MANSON (Ind),match,match,match,match,match,match,match,match,match,match,match,match,match,match,match,match
ShetlandNorth_shetland12-02.csv,AVG,Andrea MANSON (Ind),match,match,match,match,match,match,match,match,match,match,match,match,match,match,match,match
NorthIsles_shetland12-01.csv,OM,Robert HENDERSON (Ind),match,match,match,match,match,match,match,match,match,match,match,match,match,match,no_match,match
NorthIsles_shetland12-01.csv,PM,Robert HENDERSON (Ind),match,match,match,match,match,match,match,match,match,match,match,match,match,match,no_match,match
NorthIsles_shetland12-01.csv,AVG,Robert HENDERSON (Ind),match,match,match,match,match,match,match,match,match,match,match,match,match,match,no_match,match
ShetlandCentral_shetland12-04.csv,OM,Davie SANDISON (Ind),match,match,match,match,match,match,match,match,match,match,match,match,match,match,match,match
ShetlandCentral_shetland12-04.csv,PM,Davie SANDISON (Ind),match,match,match,match,match,match,match,match,match,match,match,match,match,match,match,match
ShetlandCentral_shetland12-04.csv,AVG,Davie SANDISON (Ind),match,match,match,match,match,match,match,match,match,match,match,match,match,match,match,match
LerwickNorth_shetland12-06.csv,OM,Malcolm BELL (Ind),match,match,match,match,match,match,match,match,match,match,match,match,match,match,match,match
LerwickNorth_shetland12-06.csv,PM,Malcolm BELL (Ind),match,match,match,match,match,match,match,match,match,match,match,match,match,match,match,match
LerwickNorth_shetland12-06.csv,AVG,Malcolm BELL (Ind),match,match,match,match,match,match,match,match,match,match,match,match,match,match,match,match
ShetlandWest_shetland12-03.csv,OM,Theo SMITH (Ind),match,match,match,match,match,match,match,match,match,match,match,match,match,match,match,match
ShetlandWest_shetland12-03.csv,PM,Theo SMITH (Ind),match,match,match,match,match,match,match,match,match,match,match,match,match,match,match,match
ShetlandWest_shetland12-03.csv,AVG,Theo SMITH (Ind),match,match,match,match,match,match,match,match,match,match,match,match,match,match,match,match
FalkirkSouth_falkirk12-07.csv,OM,DENNIS GOLDIE (Lab),match,match,match,match,match,match,match,match,match,match,match,match,match,match,match,match
FalkirkSouth_falkirk12-07.csv,PM,DENNIS GOLDIE (Lab),match,match,match,match,match,match,match,match,match,match,match,match,match,match,match,match
FalkirkSouth_falkirk12-07.csv,AVG,DENNIS GOLDIE (Lab),match,match,match,match,match,match,match,match,match,match,match,match,match,match,match,match
BonnybridgeandLarbert_falkirk12-05.csv,OM,Tom COLEMAN (SNP),match,match,match,match,match,match,match,match,match,match,match,match,match,match,match,match
BonnybridgeandLarbert_falkirk12-05.csv,PM,Tom COLEMAN (SNP),match,match,match,match,match,match,match,match,match,match,match,match,match,match,match,match
BonnybridgeandLarbert_falkirk12-05.csv,AVG,Tom COLEMAN (SNP),match,match,match,match,match,match,match,match,match,match,match,match,match,match,match,match
Grangemouth_falkirk12-02.csv,OM,Allyson BLACK (Lab),match,match,match,match,match,match,match,match,match,match,match,match,match,match,match,match
Grangemouth_falkirk12-02.csv,PM,Allyson BLACK (Lab),match,match,match,match,match,match,match,match,match,match,match,match,match,match,match,match
Grangemouth_falkirk12-02.csv,AVG,Allyson BLACK (Lab),match,match,match,match,match,match,match,match,match,match,match,match,match,match,match,match
FalkirkNorth_falkirk12-06.csv,OM,David ALEXANDER (SNP),match,match,match,match,match,match,match,match,match,match,match,match,match,match,match,match
FalkirkNorth_falkirk12-06.csv,PM,David ALEXANDER (SNP),match,match,match,match,match,match,match,match,match,match,match,match,match,match,match,match
FalkirkNorth_falkirk12-06.csv,AVG,David ALEXANDER (SNP),match,match,match,match,match,match,match,match,match,match,match,match,match,match,match,match
DennyandBanknock_falkirk12-03.csv,OM,Johnny MCNALLY (SNP),match,match,match,match,match,match,match,match,match,match,match,match,match,match,match,match
DennyandBanknock_falkirk12-03.csv,PM,Johnny MCNALLY (SNP),match,match,match,match,match,match,match,match,match,match,match,match,match,match,match,match
DennyandBanknock_falkirk12-03.csv,AVG,Johnny MCNALLY (SNP),match,match,match,match,match,match,match,match,match,match,match,match,match,match,match,match
LowerBraes_falkirk12-08.csv,OM,Malcolm NICOL (Con),match,match,match,no_match,no_match,no_match,no_match,match,match,match,match,match,match,no_match,no_match,match
LowerBraes_falkirk12-08.csv,PM,Malcolm NICOL (Con),match,match,match,no_match,no_match,no_match,no_match,match,match,match,match,match,match,no_match,no_match,match
LowerBraes_falkirk12-08.csv,AVG,Malcolm NICOL (Con),match,match,match,no_match,no_match,no_match,no_match,match,match,match,match,match,match,no_match,no_match,match
"Carse,KinnairdandTryst_falkirk12-04.csv",OM,Charles MACDONALD (Lab),match,match,match,match,match,match,match,match,match,match,match,match,match,match,match,match
"Carse,KinnairdandTryst_falkirk12-04.csv",PM,Charles MACDONALD (Lab),match,match,match,match,match,match,match,match,match,match,match,match,match,match,match,match
"Carse,KinnairdandTryst_falkirk12-04.csv",AVG,Charles MACDONALD (Lab),match,match,match,match,match,match,match,match,match,match,match,match,match,match,match,match
Bo'nessandBlackness_falkirk12-01.csv,OM,Ann RITCHIE (SNP),match,match,match,match,match,match,match,match,match,match,match,match,match,match,match,match
Bo'nessandBlackness_falkirk12-01.csv,PM,Ann RITCHIE (SNP),match,match,match,match,match,match,match,match,match,match,match,match,match,match,match,match
Bo'nessandBlackness_falkirk12-01.csv,AVG,Ann RITCHIE (SNP),match,match,match,match,match,match,match,match,match,match,match,match,match,match,match,match
UpperBraes_falkirk12-09.csv,OM,John MCLUCKIE (Lab),match,match,match,match,match,match,match,match,match,match,match,match,match,match,match,match
UpperBraes_falkirk12-09.csv,PM,John MCLUCKIE (Lab),match,match,match,match,match,match,match,match,match,match,match,match,match,match,match,match
UpperBraes_falkirk12-09.csv,AVG,John MCLUCKIE (Lab),match,match,match,match,match,match,match,match,match,match,match,match,match,match,match,match
Ward8SouthsideCentral_glasgow17-008.csv,OM,Mhairi HUNTER (SNP),no_match,match,match,match,match,match,match,match,match,match,match,match,match,match,match,match
Ward8SouthsideCentral_glasgow17-008.csv,PM,Mhairi HUNTER (SNP),no_match,match,match,match,match,match,match,match,match,match,match,match,match,match,match,match
Ward8SouthsideCentral_glasgow17-008.csv,AVG,Mhairi HUNTER (SNP),no_match,match,match,match,match,match,match,match,match,match,match,match,match,match,match,match
Ward9Calton_glasgow17-009.csv,OM,Greg HEPBURN (SNP),match,match,match,match,match,match,match,match,match,match,match,match,match,match,match,match
Ward9Calton_glasgow17-009.csv,PM,Greg HEPBURN (SNP),match,match,match,match,match,match,match,match,match,match,match,match,match,match,match,match
Ward9Calton_glasgow17-009.csv,AVG,Greg HEPBURN (SNP),match,match,match,match,match,match,match,match,match,match,match,match,match,match,match,match
Ward16Canal_glasgow17-016.csv,OM,Allan GOW (SNP),match,match,match,match,match,match,match,match,match,match,match,match,match,match,match,match
Ward16Canal_glasgow17-016.csv,PM,Allan GOW (SNP),match,match,match,match,match,match,match,match,match,match,match,match,match,match,match,match
Ward16Canal_glasgow17-016.csv,AVG,Allan GOW (SNP),match,match,match,match,match,match,match,match,match,match,match,match,match,match,match,match
Ward3GreaterPollok_glasgow17-003.csv,OM,David MCDONALD (SNP),match,match,match,match,match,match,match,match,match,match,match,match,match,no_match,no_match,match
Ward3GreaterPollok_glasgow17-003.csv,PM,David MCDONALD (SNP),match,match,match,match,match,match,match,match,match,match,match,match,match,no_match,no_match,match
Ward3GreaterPollok_glasgow17-003.csv,AVG,David MCDONALD (SNP),match,match,match,match,match,match,match,match,match,match,match,match,match,no_match,no_match,match
Ward11Hillhead_glasgow17-011.csv,OM,Martha WARDROP (Grn),match,match,match,match,match,match,match,match,match,match,match,match,match,match,match,match
Ward11Hillhead_glasgow17-011.csv,PM,Martha WARDROP (Grn),match,match,match,match,match,match,match,match,match,match,match,match,match,match,match,match
Ward11Hillhead_glasgow17-011.csv,AVG,Martha WARDROP (Grn),match,match,match,match,match,match,match,match,match,match,match,match,match,match,match,match
Ward2NewlandsAuldburn_glasgow17-002.csv,OM,Josephine DOCHERTY (SNP),match,match,match,match,match,match,match,match,match,match,match,match,match,no_match,no_match,match
Ward2NewlandsAuldburn_glasgow17-002.csv,PM,Josephine DOCHERTY (SNP),match,match,match,match,match,match,match,match,match,match,match,match,match,no_match,no_match,match
Ward2NewlandsAuldburn_glasgow17-002.csv,AVG,Josephine DOCHERTY (SNP),match,match,match,match,match,match,match,match,match,match,match,match,match,no_match,no_match,match
Ward13GarscaddenScotstounhill_glasgow17-013.csv,OM,Michael CULLEN (SNP),no_match,match,match,match,match,match,match,match,match,match,match,match,match,match,no_match,match
Ward13GarscaddenScotstounhill_glasgow17-013.csv,PM,Michael CULLEN (SNP),no_match,match,match,match,match,match,match,match,match,match,match,match,match,match,no_match,match
Ward13GarscaddenScotstounhill_glasgow17-013.csv,AVG,Michael CULLEN (SNP),no_match,match,match,match,match,match,match,match,match,match,match,match,match,match,no_match,match
Ward14DrumchapelAnniesland_glasgow17-014.csv,OM,Malcolm BALFOUR (SNP),no_match,match,match,no_match,match,match,no_match,match,match,match,match,match,match,match,no_match,match
Ward14DrumchapelAnniesland_glasgow17-014.csv,PM,Malcolm BALFOUR (SNP),no_match,match,match,no_match,match,match,no_match,match,match,match,match,match,match,match,no_match,match
Ward14DrumchapelAnniesland_glasgow17-014.csv,AVG,Malcolm BALFOUR (SNP),no_match,match,match,no_match,match,match,no_match,match,match,match,match,match,match,match,no_match,match
Ward6Pollokshields_glasgow17-006.csv,OM,Norman MACLEOD (SNP),match,match,match,match,match,match,match,match,match,match,match,match,match,match,match,match
Ward6Pollokshields_glasgow17-006.csv,PM,Norman MACLEOD (SNP),match,match,match,match,match,match,match,match,match,match,match,match,match,match,match,match
Ward6Pollokshields_glasgow17-006.csv,AVG,Norman MACLEOD (SNP),match,match,match,match,match,match,match,match,match,match,match,match,match,match,match,match
Ward7Langside_glasgow17-007.csv,OM,Susan AITKEN (SNP),match,match,match,match,match,match,match,match,match,match,match,match,match,match,match,match
Ward7Langside_glasgow17-007.csv,PM,Susan AITKEN (SNP),match,match,match,match,match,match,match,match,match,match,match,match,match,match,match,match
Ward7Langside_glasgow17-007.csv,AVG,Susan AITKEN (SNP),match,match,match,match,match,match,match,match,match,match,match,match,match,match,match,match
Ward17SpringburnRobroyston_glasgow17-017.csv,OM,Christina CANNON (SNP),no_match,no_match,no_match,no_match,match,no_match,no_match,no_match,no_match,no_match,no_match,no_match,no_match,no_match,no_match,no_match
Ward17SpringburnRobroyston_glasgow17-017.csv,PM,Martin MCELROY (Lab),match,match,match,match,no_match,match,match,match,match,match,match,match,match,match,match,match
Ward17SpringburnRobroyston_glasgow17-017.csv,AVG,Martin MCELROY (Lab),match,match,match,match,no_match,match,match,match,match,match,match,match,match,match,match,match
Ward1Linn_glasgow17-001.csv,OM,Glenn ELDER (SNP),match,match,match,match,match,match,match,match,match,match,match,match,match,no_match,no_match,match
Ward1Linn_glasgow17-001.csv,PM,Glenn ELDER (SNP),match,match,match,match,match,match,match,match,match,match,match,match,match,no_match,no_match,match
Ward1Linn_glasgow17-001.csv,AVG,Glenn ELDER (SNP),match,match,match,match,match,match,match,match,match,match,match,match,match,no_match,no_match,match
Ward19Shettleston_glasgow17-019.csv,OM,Laura DOHERTY (SNP),no_match,no_match,no_match,no_match,match,no_match,no_match,no_match,no_match,no_match,no_match,no_match,no_match,no_match,no_match,no_match
Ward19Shettleston_glasgow17-019.csv,PM,Frank MCAVEETY (Lab),match,match,match,match,no_match,match,match,match,match,match,match,match,match,match,match,match
Ward19Shettleston_glasgow17-019.csv,AVG,Frank MCAVEETY (Lab),match,match,match,match,no_match,match,match,match,match,match,match,match,match,match,match,match
Ward21NorthEast_glasgow17-021.csv,OM,Ruairi KELLY (SNP),no_match,no_match,no_match,no_match,match,no_match,no_match,no_winner,match,no_match,no_match,match,match,no_match,match,match
Ward21NorthEast_glasgow17-021.csv,PM,TIED,no_match,no_match,no_match,no_match,no_match,no_match,no_match,no_winner,no_match,no_match,no_match,no_match,no_match,no_match,no_match,no_match
Ward21NorthEast_glasgow17-021.csv,AVG,TIED,no_match,no_match,no_match,no_match,no_match,no_match,no_match,no_winner,no_match,no_match,no_match,no_match,no_match,no_match,no_match,no_match
Ward23PartickEastKelvindale_glasgow17-023.csv,OM,Kenny MCLEAN (SNP),match,match,match,no_match,match,no_match,match,match,match,match,match,match,match,no_match,no_match,match
Ward23PartickEastKelvindale_glasgow17-023.csv,PM,Kenny MCLEAN (SNP),match,match,match,no_match,match,no_match,match,match,match,match,match,match,match,no_match,no_match,match
Ward23PartickEastKelvindale_glasgow17-023.csv,AVG,Kenny MCLEAN (SNP),match,match,match,no_match,match,no_match,match,match,match,match,match,match,match,no_match,no_match,match
Ward10AnderstonCityYorkhill_glasgow17-010.csv,OM,Eva BOLANDER (SNP),match,match,match,match,match,match,match,match,match,match,match,match,match,match,match,match
Ward10AnderstonCityYorkhill_glasgow17-010.csv,PM,Eva BOLANDER (SNP),match,match,match,match,match,match,match,match,match,match,match,match,match,match,match,match
Ward10AnderstonCityYorkhill_glasgow17-010.csv,AVG,Eva BOLANDER (SNP),match,match,match,match,match,match,match,match,match,match,match,match,match,match,match,match
Ward18EastCentre_glasgow17-018.csv,OM,Annette CHRISTIE (SNP),no_match,match,match,no_match,match,match,no_match,match,match,match,match,match,match,no_match,no_match,match
Ward18EastCentre_glasgow17-018.csv,PM,Annette CHRISTIE (SNP),no_match,match,match,no_match,match,match,no_match,match,match,match,match,match,match,no_match,no_match,match
Ward18EastCentre_glasgow17-018.csv,AVG,Annette CHRISTIE (SNP),no_match,match,match,no_match,match,match,no_match,match,match,match,match,match,match,no_match,no_match,match
Ward4Cardonald_glasgow17-004.csv,OM,Elaine MCSPORRAN (SNP),match,match,match,no_match,match,match,no_match,match,match,match,match,match,match,no_match,no_match,match
Ward4Cardonald_glasgow17-004.csv,PM,Elaine MCSPORRAN (SNP),match,match,match,no_match,match,match,no_match,match,match,match,match,match,match,no_match,no_match,match
Ward4Cardonald_glasgow17-004.csv,AVG,Elaine MCSPORRAN (SNP),match,match,match,no_match,match,match,no_match,match,match,match,match,match,match,no_match,no_match,match
Ward20Baillieston_glasgow17-020.csv,OM,Elaine BALLANTYNE (SNP),match,match,match,match,match,match,match,match,match,match,match,match,match,match,match,match
Ward20Baillieston_glasgow17-020.csv,PM,Elaine BALLANTYNE (SNP),match,match,match,match,match,match,match,match,match,match,match,match,match,match,match,match
Ward20Baillieston_glasgow17-020.csv,AVG,Elaine BALLANTYNE (SNP),match,match,match,match,match,match,match,match,match,match,match,match,match,match,match,match
Ward22Dennistoun_glasgow17-022.csv,OM,Allan CASEY (SNP),match,match,match,match,match,match,match,match,match,match,match,match,match,match,no_match,match
Ward22Dennistoun_glasgow17-022.csv,PM,Allan CASEY (SNP),match,match,match,match,match,match,match,match,match,match,match,match,match,match,no_match,match
Ward22Dennistoun_glasgow17-022.csv,AVG,Allan CASEY (SNP),match,match,match,match,match,match,match,match,match,match,match,match,match,match,no_match,match
Ward15Maryhill_glasgow17-015.csv,OM,John LETFORD (SNP),match,match,match,match,match,match,match,match,match,match,match,match,match,no_match,no_match,match
Ward15Maryhill_glasgow17-015.csv,PM,John LETFORD (SNP),match,match,match,match,match,match,match,match,match,match,match,match,match,no_match,no_match,match
Ward15Maryhill_glasgow17-015.csv,AVG,John LETFORD (SNP),match,match,match,match,match,match,match,match,match,match,match,match,match,no_match,no_match,match
Ward12VictoriaPark_glasgow17-012.csv,OM,Feargal DALTON (SNP),match,match,match,match,match,match,match,match,match,match,match,match,match,no_match,no_match,match
Ward12VictoriaPark_glasgow17-012.csv,PM,Feargal DALTON (SNP),match,match,match,match,match,match,match,match,match,match,match,match,match,no_match,no_match,match
Ward12VictoriaPark_glasgow17-012.csv,AVG,Feargal DALTON (SNP),match,match,match,match,match,match,match,match,match,match,match,match,match,no_match,no_match,match
Ward5Govan_glasgow17-005.csv,OM,Stephen DORNAN (SNP),no_match,match,match,match,match,match,match,match,match,match,match,match,match,match,match,match
Ward5Govan_glasgow17-005.csv,PM,Stephen DORNAN (SNP),no_match,match,match,match,match,match,match,match,match,match,match,match,match,match,match,match
Ward5Govan_glasgow17-005.csv,AVG,Stephen DORNAN (SNP),no_match,match,match,match,match,match,match,match,match,match,match,match,match,match,match,match
Ward06-DalryandWestKilbride_n-ayrshire12-06.csv,OM,Robert BARR (Ind),match,match,match,match,match,match,match,match,match,match,match,match,match,match,match,match
Ward06-DalryandWestKilbride_n-ayrshire12-06.csv,PM,Robert BARR (Ind),match,match,match,match,match,match,match,match,match,match,match,match,match,match,match,match
Ward06-DalryandWestKilbride_n-ayrshire12-06.csv,AVG,Robert BARR (Ind),match,match,match,match,match,match,match,match,match,match,match,match,match,match,match,match
Ward08-NorthCoastandCumbraes_n-ayrshire12-08.csv,OM,Alan HILL (SNP),match,match,match,match,match,match,match,match,match,match,match,match,match,match,match,match
Ward08-NorthCoastandCumbraes_n-ayrshire12-08.csv,PM,Alan HILL (SNP),match,match,match,match,match,match,match,match,match,match,match,match,match,match,match,match
Ward08-NorthCoastandCumbraes_n-ayrshire12-08.csv,AVG,Alan HILL (SNP),match,match,match,match,match,match,match,match,match,match,match,match,match,match,match,match
Ward02-IrvineEast_n-ayrshire12-02.csv,OM,Joan STURGEON (SNP),match,match,match,match,match,match,match,match,match,match,match,match,match,match,match,match
Ward02-IrvineEast_n-ayrshire12-02.csv,PM,Joan STURGEON (SNP),match,match,match,match,match,match,match,match,match,match,match,match,match,match,match,match
Ward02-IrvineEast_n-ayrshire12-02.csv,AVG,Joan STURGEON (SNP),match,match,match,match,match,match,match,match,match,match,match,match,match,match,match,match
Ward07-KilbirnieandBeith_n-ayrshire12-07.csv,OM,Anthea DICKSON (SNP),match,match,match,match,match,match,match,match,match,match,match,match,match,match,match,match
Ward07-KilbirnieandBeith_n-ayrshire12-07.csv,PM,Anthea DICKSON (SNP),match,match,match,match,match,match,match,match,match,match,match,match,match,match,match,match
Ward07-KilbirnieandBeith_n-ayrshire12-07.csv,AVG,Anthea DICKSON (SNP),match,match,match,match,match,match,match,match,match,match,match,match,match,match,match,match
Ward01-IrvineWest_n-ayrshire12-01.csv,OM,Ian CLARKSON (Lab),no_match,match,match,match,no_match,match,no_match,match,match,match,match,match,match,match,match,match
Ward01-IrvineWest_n-ayrshire12-01.csv,PM,Ian CLARKSON (Lab),no_match,match,match,match,no_match,match,no_match,match,match,match,match,match,match,match,match,match
Ward01-IrvineWest_n-ayrshire12-01.csv,AVG,Ian CLARKSON (Lab),no_match,match,match,match,no_match,match,no_match,match,match,match,match,match,match,match,match,match
Ward05-ArdrossanandArran_n-ayrshire12-05.csv,OM,Tony GURNEY (SNP),match,no_match,match,match,match,match,match,match,match,match,match,match,match,match,match,match
Ward05-ArdrossanandArran_n-ayrshire12-05.csv,PM,Tony GURNEY (SNP),match,no_match,match,match,match,match,match,match,match,match,match,match,match,match,match,match
Ward05-ArdrossanandArran_n-ayrshire12-05.csv,AVG,Tony GURNEY (SNP),match,no_match,match,match,match,match,match,match,match,match,match,match,match,match,match,match
Ward04-SaltcoatsandStevenston_n-ayrshire12-04.csv,OM,Jim MONTGOMERIE (Lab),match,match,match,match,match,match,match,match,match,match,match,match,match,match,match,match
Ward04-SaltcoatsandStevenston_n-ayrshire12-04.csv,PM,Jim MONTGOMERIE (Lab),match,match,match,match,match,match,match,match,match,match,match,match,match,match,match,match
Ward04-SaltcoatsandStevenston_n-ayrshire12-04.csv,AVG,Jim MONTGOMERIE (Lab),match,match,match,match,match,match,match,match,match,match,match,match,match,match,match,match
Ward03-Kilwinning_n-ayrshire12-03.csv,OM,Joe CULLINANE (Lab),no_match,no_match,match,no_match,no_match,no_match,no_match,no_winner,match,no_match,match,match,match,match,match,match
Ward03-Kilwinning_n-ayrshire12-03.csv,PM,TIED,no_match,no_match,no_match,no_match,no_match,no_match,no_match,no_winner,no_match,no_match,no_match,no_match,no_match,no_match,no_match,no_match
Ward03-Kilwinning_n-ayrshire12-03.csv,AVG,TIED,no_match,no_match,no_match,no_match,no_match,no_match,no_match,no_winner,no_match,no_match,no_match,no_match,no_match,no_match,no_match,no_match
Ward6-Strathearn_perth-kinross17-06.csv,OM,Rhona BROCK (Ind),no_match,match,match,match,match,match,no_match,match,match,match,match,match,match,match,match,match
Ward6-Strathearn_perth-kinross17-06.csv,PM,Rhona BROCK (Ind),no_match,match,match,match,match,match,no_match,match,match,match,match,match,match,match,match,match
Ward6-Strathearn_perth-kinross17-06.csv,AVG,Rhona BROCK (Ind),no_match,match,match,match,match,match,no_match,match,match,match,match,match,match,match,match,match
Ward10-PerthCitySouth_perth-kinross17-10.csv,OM,Willie WILSON (LD),match,match,match,match,match,match,match,match,match,match,match,match,match,match,match,match
Ward10-PerthCitySouth_perth-kinross17-10.csv,PM,Willie WILSON (LD),match,match,match,match,match,match,match,match,match,match,match,match,match,match,match,match
Ward10-PerthCitySouth_perth-kinross17-10.csv,AVG,Willie WILSON (LD),match,match,match,match,match,match,match,match,match,match,match,match,match,match,match,match
Ward8-Kinross-shire_perth-kinross17-08.csv,OM,Willie ROBERTSON (LD),no_match,match,no_match,match,match,match,no_match,match,match,match,match,match,match,match,match,match
Ward8-Kinross-shire_perth-kinross17-08.csv,PM,Willie ROBERTSON (LD),no_match,match,no_match,match,match,match,no_match,match,match,match,match,match,match,match,match,match
Ward8-Kinross-shire_perth-kinross17-08.csv,AVG,Willie ROBERTSON (LD),no_match,match,no_match,match,match,match,no_match,match,match,match,match,match,match,match,match,match
Ward2-Strathmore_perth-kinross17-02.csv,OM,Dennis MELLOY (Con),match,match,match,match,match,match,match,match,match,match,match,match,match,match,match,match
Ward2-Strathmore_perth-kinross17-02.csv,PM,Dennis MELLOY (Con),match,match,match,match,match,match,match,match,match,match,match,match,match,match,match,match
Ward2-Strathmore_perth-kinross17-02.csv,AVG,Dennis MELLOY (Con),match,match,match,match,match,match,match,match,match,match,match,match,match,match,match,match
Ward7-Strathallan_perth-kinross17-07.csv,OM,Murray LYLE (Con),match,match,match,match,match,match,match,match,match,match,match,match,match,match,match,match
Ward7-Strathallan_perth-kinross17-07.csv,PM,Murray LYLE (Con),match,match,match,match,match,match,match,match,match,match,match,match,match,match,match,match
Ward7-Strathallan_perth-kinross17-07.csv,AVG,Murray LYLE (Con),match,match,match,match,match,match,match,match,match,match,match,match,match,match,match,match
Ward4-Highland_perth-kinross17-04.csv,OM,Ian CAMPBELL (Con),match,match,match,match,match,match,match,match,match,match,match,match,match,match,match,match
Ward4-Highland_perth-kinross17-04.csv,PM,Ian CAMPBELL (Con),match,match,match,match,match,match,match,match,match,match,match,match,match,match,match,match
Ward4-Highland_perth-kinross17-04.csv,AVG,Ian CAMPBELL (Con),match,match,match,match,match,match,match,match,match,match,match,match,match,match,match,match
Ward3-BlairgowrieandGlens_perth-kinross17-03.csv,OM,Caroline SHIERS (Con),match,match,match,match,match,match,match,match,match,match,match,match,match,match,match,match
Ward3-BlairgowrieandGlens_perth-kinross17-03.csv,PM,Caroline SHIERS (Con),match,match,match,match,match,match,match,match,match,match,match,match,match,match,match,match
Ward3-BlairgowrieandGlens_perth-kinross17-03.csv,AVG,Caroline SHIERS (Con),match,match,match,match,match,match,match,match,match,match,match,match,match,match,match,match
Ward5-Strathtay_perth-kinross17-05.csv,OM,Anne JARVIS (Con),match,match,match,match,match,match,match,match,match,match,match,match,match,match,match,match
Ward5-Strathtay_perth-kinross17-05.csv,PM,Anne JARVIS (Con),match,match,match,match,match,match,match,match,match,match,match,match,match,match,match,match
Ward5-Strathtay_perth-kinross17-05.csv,AVG,Anne JARVIS (Con),match,match,match,match,match,match,match,match,match,match,match,match,match,match,match,match
Ward12-PerthCityCentre_perth-kinross17-12.csv,OM,Chris AHERN (Con),match,match,match,match,no_match,no_match,match,match,match,match,match,match,match,no_match,no_match,match
Ward12-PerthCityCentre_perth-kinross17-12.csv,PM,Chris AHERN (Con),match,match,match,match,no_match,no_match,match,match,match,match,match,match,match,no_match,no_match,match
Ward12-PerthCityCentre_perth-kinross17-12.csv,AVG,Chris AHERN (Con),match,match,match,match,no_match,no_match,match,match,match,match,match,match,match,no_match,no_match,match
Ward1-CarseofGowrie_perth-kinross17-01.csv,OM,Angus FORBES (Con),match,match,match,match,match,match,match,match,match,match,match,match,match,match,match,match
Ward1-CarseofGowrie_perth-kinross17-01.csv,PM,Angus FORBES (Con),match,match,match,match,match,match,match,match,match,match,match,match,match,match,match,match
Ward1-CarseofGowrie_perth-kinross17-01.csv,AVG,Angus FORBES (Con),match,match,match,match,match,match,match,match,match,match,match,match,match,match,match,match
Ward11-PerthCityNorth_perth-kinross17-11.csv,OM,Dave DOOGAN (SNP),match,match,match,match,match,match,match,match,match,match,match,match,match,match,match,match
Ward11-PerthCityNorth_perth-kinross17-11.csv,PM,Dave DOOGAN (SNP),match,match,match,match,match,match,match,match,match,match,match,match,match,match,match,match
Ward11-PerthCityNorth_perth-kinross17-11.csv,AVG,Dave DOOGAN (SNP),match,match,match,match,match,match,match,match,match,match,match,match,match,match,match,match
Ward9-AlmondandEarn_perth-kinross17-09.csv,OM,Kathleen BAIRD (Con),match,match,match,match,match,match,match,match,match,match,match,match,match,match,match,match
Ward9-AlmondandEarn_perth-kinross17-09.csv,PM,Kathleen BAIRD (Con),match,match,match,match,match,match,match,match,match,match,match,match,match,match,match,match
Ward9-AlmondandEarn_perth-kinross17-09.csv,AVG,Kathleen BAIRD (Con),match,match,match,match,match,match,match,match,match,match,match,match,match,match,match,match
Ward3ClackmannanshireCentral_ward3.csv,OM,Wendy HAMILTON (SNP),match,match,match,match,match,match,match,match,match,match,match,match,match,no_match,no_match,match
Ward3ClackmannanshireCentral_ward3.csv,PM,Wendy HAMILTON (SNP),match,match,match,match,match,match,match,match,match,match,match,match,match,no_match,no_match,match
Ward3ClackmannanshireCentral_ward3.csv,AVG,Wendy HAMILTON (SNP),match,match,match,match,match,match,match,match,match,match,match,match,match,no_match,no_match,match
Ward4ClackmannanshireSouth_ward4.csv,OM,Ellen FORSON (SNP),no_match,match,match,no_match,match,match,match,match,match,match,match,match,match,no_match,no_match,match
Ward4ClackmannanshireSouth_ward4.csv,PM,Ellen FORSON (SNP),no_match,match,match,no_match,match,match,match,match,match,match,match,match,match,no_match,no_match,match
Ward4ClackmannanshireSouth_ward4.csv,AVG,Ellen FORSON (SNP),no_match,match,match,no_match,match,match,match,match,match,match,match,match,match,no_match,no_match,match
Ward1ClackmannanshireWest_ward1.csv,OM,Phil FAIRLIE (SNP),match,match,match,match,match,match,match,match,match,match,match,match,match,no_match,no_match,match
Ward1ClackmannanshireWest_ward1.csv,PM,Phil FAIRLIE (SNP),match,match,match,match,match,match,match,match,match,match,match,match,match,no_match,no_match,match
Ward1ClackmannanshireWest_ward1.csv,AVG,Phil FAIRLIE (SNP),match,match,match,match,match,match,match,match,match,match,match,match,match,no_match,no_match,match
Ward5ClackmannanshireEast_ward5.csv,OM,Denis COYNE (Con),no_match,match,match,match,match,match,match,match,match,match,match,match,match,no_match,match,match
Ward5ClackmannanshireEast_ward5.csv,PM,Denis COYNE (Con),no_match,match,match,match,match,match,match,match,match,match,match,match,match,no_match,match,match
Ward5ClackmannanshireEast_ward5.csv,AVG,Denis COYNE (Con),no_match,match,match,match,match,match,match,match,match,match,match,match,match,no_match,match,match
Ward2ClackmannanshireNorth_ward2.csv,OM,Donald BALSILLIE (SNP),match,match,match,match,match,match,match,match,match,match,match,match,match,match,match,match
Ward2ClackmannanshireNorth_ward2.csv,PM,Donald BALSILLIE (SNP),match,match,match,match,match,match,match,match,match,match,match,match,match,match,match,match
Ward2ClackmannanshireNorth_ward2.csv,AVG,Donald BALSILLIE (SNP),match,match,match,match,match,match,match,match,match,match,match,match,match,match,match,match
"Ward10-Houston,CrossleeandLinwood_renfs17-10.csv",OM,Alison Jean DOWLING (Lab),no_match,no_match,no_match,match,match,match,no_match,match,match,match,match,match,match,match,match,match
"Ward10-Houston,CrossleeandLinwood_renfs17-10.csv",PM,Alison Jean DOWLING (Lab),no_match,no_match,no_match,match,match,match,no_match,match,match,match,match,match,match,match,match,match
"Ward10-Houston,CrossleeandLinwood_renfs17-10.csv",AVG,Alison Jean DOWLING (Lab),no_match,no_match,no_match,match,match,match,no_match,match,match,match,match,match,match,match,match,match
"Ward9-JohnstoneNorth,Kilbarchan,HowwoodandLochwinnoch_renfs17-09.csv",OM,Emma RODDEN (SNP),no_match,no_match,no_match,no_match,no_match,no_match,no_match,no_match,no_match,no_match,no_match,no_match,no_match,no_match,no_match,no_match
"Ward9-JohnstoneNorth,Kilbarchan,HowwoodandLochwinnoch_renfs17-09.csv",PM,Derek BIBBY (Lab),match,match,match,match,match,match,match,match,match,match,match,match,match,match,match,match
"Ward9-JohnstoneNorth,Kilbarchan,HowwoodandLochwinnoch_renfs17-09.csv",AVG,Derek BIBBY (Lab),match,match,match,match,match,match,match,match,match,match,match,match,match,match,match,match
Ward8-JohnstoneSouthandElderslie_renfs17-08.csv,OM,John HOOD (Lab),match,match,match,match,match,match,match,match,match,match,match,match,match,match,match,match
Ward8-JohnstoneSouthandElderslie_renfs17-08.csv,PM,John HOOD (Lab),match,match,match,match,match,match,match,match,match,match,match,match,match,match,match,match
Ward8-JohnstoneSouthandElderslie_renfs17-08.csv,AVG,John HOOD (Lab),match,match,match,match,match,match,match,match,match,match,match,match,match,match,match,match
Ward5-PaisleyEastandCentral_renfs17-05.csv,OM,John MCNAUGHTAN (SNP),match,match,match,match,match,match,match,match,match,match,match,match,match,match,no_match,match
Ward5-PaisleyEastandCentral_renfs17-05.csv,PM,John MCNAUGHTAN (SNP),match,match,match,match,match,match,match,match,match,match,match,match,match,match,no_match,match
Ward5-PaisleyEastandCentral_renfs17-05.csv,AVG,John MCNAUGHTAN (SNP),match,match,match,match,match,match,match,match,match,match,match,match,match,match,no_match,match
"Ward11-Bishopton,BridgeofWeirandLangbank_renfs17-11.csv",OM,James MACLAREN (Con),match,match,match,match,match,match,match,match,match,match,match,match,match,match,match,match
"Ward11-Bishopton,BridgeofWeirandLangbank_renfs17-11.csv",PM,James MACLAREN (Con),match,match,match,match,match,match,match,match,match,match,match,match,match,match,match,match
"Ward11-Bishopton,BridgeofWeirandLangbank_renfs17-11.csv",AVG,James MACLAREN (Con),match,match,match,match,match,match,match,match,match,match,match,match,match,match,match,match
Ward12-ErskineandInchinnan_renfs17-12.csv,OM,Iain NICOLSON (SNP),match,match,match,match,match,match,match,match,match,match,match,match,match,no_match,no_match,match
Ward12-ErskineandInchinnan_renfs17-12.csv,PM,Iain NICOLSON (SNP),match,match,match,match,match,match,match,match,match,match,match,match,match,no_match,no_match,match
Ward12-ErskineandInchinnan_renfs17-12.csv,AVG,Iain NICOLSON (SNP),match,match,match,match,match,match,match,match,match,match,match,match,match,no_match,no_match,match
Ward4-PaisleyNorthwest_renfs17-04.csv,OM,KENNY MACLAREN (SNP),match,match,match,match,match,match,match,match,match,match,match,match,match,match,match,match
Ward4-PaisleyNorthwest_renfs17-04.csv,PM,KENNY MACLAREN (SNP),match,match,match,match,match,match,match,match,match,match,match,match,match,match,match,match
Ward4-PaisleyNorthwest_renfs17-04.csv,AVG,KENNY MACLAREN (SNP),match,match,match,match,match,match,match,match,match,match,match,match,match,match,match,match
Ward2-RenfrewSouthandGallowhill_renfs17-02.csv,OM,Cathy MCEWAN (SNP),match,match,match,match,match,match,match,match,match,match,match,match,match,match,match,match
Ward2-RenfrewSouthandGallowhill_renfs17-02.csv,PM,Cathy MCEWAN (SNP),match,match,match,match,match,match,match,match,match,match,match,match,match,match,match,match
Ward2-RenfrewSouthandGallowhill_renfs17-02.csv,AVG,Cathy MCEWAN (SNP),match,match,match,match,match,match,match,match,match,match,match,match,match,match,match,match
Ward1-RenfrewNorthandBraehead_renfs17-01.csv,OM,John SHAW (SNP),match,no_match,no_match,no_match,no_match,no_match,match,no_match,no_match,no_match,no_match,no_match,no_match,no_match,no_match,no_match
Ward1-RenfrewNorthandBraehead_renfs17-01.csv,PM,Bill BROWN (Lab),no_match,match,match,match,match,match,no_match,match,match,match,match,match,match,match,match,match
Ward1-RenfrewNorthandBraehead_renfs17-01.csv,AVG,Bill BROWN (Lab),no_match,match,match,match,match,match,no_match,match,match,match,match,match,match,match,match,match
Ward3-PaisleyNortheastandRalston_renfs17-03.csv,OM,Jennifer Marion ADAM-MCGREGOR (SNP),no_match,match,match,no_match,match,match,match,match,match,match,match,match,match,no_match,no_match,match
Ward3-PaisleyNortheastandRalston_renfs17-03.csv,PM,Jennifer Marion ADAM-MCGREGOR (SNP),no_match,match,match,no_match,match,match,match,match,match,match,match,match,match,no_match,no_match,match
Ward3-PaisleyNortheastandRalston_renfs17-03.csv,AVG,Jennifer Marion ADAM-MCGREGOR (SNP),no_match,match,match,no_match,match,match,match,match,match,match,match,match,match,no_match,no_match,match
Ward7-PaisleySouthwest_renfs17-07.csv,OM,Lorraine CAMERON (SNP),no_match,match,no_match,no_match,match,match,match,match,match,match,match,match,match,no_match,no_match,match
Ward7-PaisleySouthwest_renfs17-07.csv,PM,Lorraine CAMERON (SNP),no_match,match,no_match,no_match,match,match,match,match,match,match,match,match,match,no_match,no_match,match
Ward7-PaisleySouthwest_renfs17-07.csv,AVG,Lorraine CAMERON (SNP),no_match,match,no_match,no_match,match,match,match,match,match,match,match,match,match,no_match,no_match,match
Ward6-PaisleySoutheast_renfs17-06.csv,OM,Marie MCGURK (SNP),match,match,match,match,match,match,match,match,match,match,match,match,match,match,match,match
Ward6-PaisleySoutheast_renfs17-06.csv,PM,Marie MCGURK (SNP),match,match,match,match,match,match,match,match,match,match,match,match,match,match,match,match
Ward6-PaisleySoutheast_renfs17-06.csv,AVG,Marie MCGURK (SNP),match,match,match,match,match,match,match,match,match,match,match,match,match,match,match,match
ISLEOFBUTEWARD_argyll-bute12-08.csv,OM,Len SCOULLAR (Ind),match,match,match,match,match,match,match,match,match,match,match,match,match,match,match,match
ISLEOFBUTEWARD_argyll-bute12-08.csv,PM,Len SCOULLAR (Ind),match,match,match,match,match,match,match,match,match,match,match,match,match,match,match,match
ISLEOFBUTEWARD_argyll-bute12-08.csv,AVG,Len SCOULLAR (Ind),match,match,match,match,match,match,match,match,match,match,match,match,match,match,match,match
OBANNORTHANDLORNWARD_argyll-bute12-05.csv,OM,Elaine ROBERTSON (Ind),match,match,match,match,match,match,match,match,match,match,match,match,match,match,match,match
OBANNORTHANDLORNWARD_argyll-bute12-05.csv,PM,Elaine ROBERTSON (Ind),match,match,match,match,match,match,match,match,match,match,match,match,match,match,match,match
OBANNORTHANDLORNWARD_argyll-bute12-05.csv,AVG,Elaine ROBERTSON (Ind),match,match,match,match,match,match,match,match,match,match,match,match,match,match,match,match
KINTYREANDTHEISLANDSWARD_argyll-bute12-02.csv,OM,Anne HORN (SNP),match,match,match,match,match,match,match,match,match,match,match,match,match,match,match,match
KINTYREANDTHEISLANDSWARD_argyll-bute12-02.csv,PM,Anne HORN (SNP),match,match,match,match,match,match,match,match,match,match,match,match,match,match,match,match
KINTYREANDTHEISLANDSWARD_argyll-bute12-02.csv,AVG,Anne HORN (SNP),match,match,match,match,match,match,match,match,match,match,match,match,match,match,match,match
MIDARGYLLWARD_argyll-bute12-03.csv,OM,Douglas Trevor PHILAND (Ind),match,match,match,match,match,match,match,match,match,match,match,match,match,match,match,match
MIDARGYLLWARD_argyll-bute12-03.csv,PM,Douglas Trevor PHILAND (Ind),match,match,match,match,match,match,match,match,match,match,match,match,match,match,match,match
MIDARGYLLWARD_argyll-bute12-03.csv,AVG,Douglas Trevor PHILAND (Ind),match,match,match,match,match,match,match,match,match,match,match,match,match,match,match,match
COWALWARD_argyll-bute12-06.csv,OM,William Gordon BLAIR (SNP),match,no_match,no_match,no_match,no_match,no_match,match,no_match,no_match,no_match,no_match,no_match,no_match,no_match,no_match,no_match
COWALWARD_argyll-bute12-06.csv,PM,Alex MCNAUGHTON (Ind),no_match,match,match,match,match,match,no_match,match,match,match,match,match,match,match,match,match
COWALWARD_argyll-bute12-06.csv,AVG,Alex MCNAUGHTON (Ind),no_match,match,match,match,match,match,no_match,match,match,match,match,match,match,match,match,match
HELENSBURGHANDLOMONDSOUTHWARD_argyll-bute12-11.csv,OM,Ellen MORTON (LD),match,match,match,match,match,match,match,match,match,match,match,match,match,match,match,match
HELENSBURGHANDLOMONDSOUTHWARD_argyll-bute12-11.csv,PM,Ellen MORTON (LD),match,match,match,match,match,match,match,match,match,match,match,match,match,match,match,match
HELENSBURGHANDLOMONDSOUTHWARD_argyll-bute12-11.csv,AVG,Ellen MORTON (LD),match,match,match,match,match,match,match,match,match,match,match,match,match,match,match,match
SOUTHKINTYREWARD_argyll-bute12-01.csv,OM,Donald KELLY (Con),match,match,match,match,match,match,match,match,match,match,match,match,match,match,match,match
SOUTHKINTYREWARD_argyll-bute12-01.csv,PM,Donald KELLY (Con),match,match,match,match,match,match,match,match,match,match,match,match,match,match,match,match
SOUTHKINTYREWARD_argyll-bute12-01.csv,AVG,Donald KELLY (Con),match,match,match,match,match,match,match,match,match,match,match,match,match,match,match,match
DUNOONWARD_argyll-bute12-07.csv,OM,Dick WALSH (Ind),match,match,match,match,match,match,match,match,match,match,match,match,match,match,match,match
DUNOONWARD_argyll-bute12-07.csv,PM,Dick WALSH (Ind),match,match,match,match,match,match,match,match,match,match,match,match,match,match,match,match
DUNOONWARD_argyll-bute12-07.csv,AVG,Dick WALSH (Ind),match,match,match,match,match,match,match,match,match,match,match,match,match,match,match,match
LOMONDNORTHWARD_argyll-bute12-09.csv,OM,George FREEMAN (Ind),match,match,match,match,match,match,match,match,match,match,match,match,match,match,match,match
LOMONDNORTHWARD_argyll-bute12-09.csv,PM,George FREEMAN (Ind),match,match,match,match,match,match,match,match,match,match,match,match,match,match,match,match
LOMONDNORTHWARD_argyll-bute12-09.csv,AVG,George FREEMAN (Ind),match,match,match,match,match,match,match,match,match,match,match,match,match,match,match,match
OBANSOUTHANDTHEISLESWARD_argyll-bute12-04.csv,OM,Roddy MCCUISH (SNP),no_match,match,match,no_match,no_match,no_match,no_match,match,match,match,match,match,match,no_match,no_match,match
OBANSOUTHANDTHEISLESWARD_argyll-bute12-04.csv,PM,Roddy MCCUISH (SNP),no_match,match,match,no_match,no_match,no_match,no_match,match,match,match,match,match,match,no_match,no_match,match
OBANSOUTHANDTHEISLESWARD_argyll-bute12-04.csv,AVG,Roddy MCCUISH (SNP),no_match,match,match,no_match,no_match,no_match,no_match,match,match,match,match,match,match,no_match,no_match,match
HELENSBURGHCENTRALWARD_argyll-bute12-10.csv,OM,Vivien DANCE (Ind),match,match,match,no_match,match,no_match,match,match,match,match,match,match,match,no_match,no_match,match
HELENSBURGHCENTRALWARD_argyll-bute12-10.csv,PM,Vivien DANCE (Ind),match,match,match,no_match,match,no_match,match,match,match,match,match,match,match,no_match,no_match,match
HELENSBURGHCENTRALWARD_argyll-bute12-10.csv,AVG,Vivien DANCE (Ind),match,match,match,no_match,match,no_match,match,match,match,match,match,match,match,no_match,no_match,match
SgireanRubha_eilean-siar17-05.csv,OM,Alasdair MACLEOD (Ind),no_match,match,match,match,match,match,match,match,match,match,match,match,match,match,match,match
SgireanRubha_eilean-siar17-05.csv,PM,Alasdair MACLEOD (Ind),no_match,match,match,match,match,match,match,match,match,match,match,match,match,match,match,match
SgireanRubha_eilean-siar17-05.csv,AVG,Alasdair MACLEOD (Ind),no_match,match,match,match,match,match,match,match,match,match,match,match,match,match,match,match
Sgir'UigeagusCeannaTuathnanLoch_eilean-siar17-04.csv,OM,Angus MORRISON (Ind),match,match,match,match,match,match,match,match,match,match,match,match,match,match,match,match
Sgir'UigeagusCeannaTuathnanLoch_eilean-siar17-04.csv,PM,Angus MORRISON (Ind),match,match,match,match,match,match,match,match,match,match,match,match,match,match,match,match
Sgir'UigeagusCeannaTuathnanLoch_eilean-siar17-04.csv,AVG,Angus MORRISON (Ind),match,match,match,match,match,match,match,match,match,match,match,match,match,match,match,match
SteornabhaghaDeas_eilean-siar17-06.csv,OM,Charlie NICOLSON (Ind),match,match,match,match,match,match,match,match,match,match,match,match,match,match,match,match
SteornabhaghaDeas_eilean-siar17-06.csv,PM,Charlie NICOLSON (Ind),match,match,match,match,match,match,match,match,match,match,match,match,match,match,match,match
SteornabhaghaDeas_eilean-siar17-06.csv,AVG,Charlie NICOLSON (Ind),match,match,match,match,match,match,match,match,match,match,match,match,match,match,match,match
AnTaobhSiaragusNis_eilean-siar17-09.csv,OM,John Norman MACLEOD (Ind),match,match,match,match,match,match,match,match,match,match,match,match,match,match,match,match
AnTaobhSiaragusNis_eilean-siar17-09.csv,PM,John Norman MACLEOD (Ind),match,match,match,match,match,match,match,match,match,match,match,match,match,match,match,match
AnTaobhSiaragusNis_eilean-siar17-09.csv,AVG,John Norman MACLEOD (Ind),match,match,match,match,match,match,match,match,match,match,match,match,match,match,match,match
"Barraigh,Bhatarsaigh,EirisgeighagusUibhistaDeas_eilean-siar17-01.csv",OM,Donald MANFORD (SNP),match,match,match,match,match,match,match,match,match,match,match,match,match,match,match,match
"Barraigh,Bhatarsaigh,EirisgeighagusUibhistaDeas_eilean-siar17-01.csv",PM,Donald MANFORD (SNP),match,match,match,match,match,match,match,match,match,match,match,match,match,match,match,match
"Barraigh,Bhatarsaigh,EirisgeighagusUibhistaDeas_eilean-siar17-01.csv",AVG,Donald MANFORD (SNP),match,match,match,match,match,match,match,match,match,match,match,match,match,match,match,match
LochaTuath_eilean-siar17-08.csv,OM,Donald Finlayson CRICHTON (Ind),match,match,match,match,match,match,match,match,match,match,match,match,match,match,match,match
LochaTuath_eilean-siar17-08.csv,PM,Donald Finlayson CRICHTON (Ind),match,match,match,match,match,match,match,match,match,match,match,match,match,match,match,match
LochaTuath_eilean-siar17-08.csv,AVG,Donald Finlayson CRICHTON (Ind),match,match,match,match,match,match,match,match,match,match,match,match,match,match,match,match
NaHearadhagusCeannaDeasnanLoch_eilean-siar17-03.csv,OM,Finlay CUNNINGHAM (Ind),match,match,match,match,match,match,match,match,match,match,match,match,match,match,match,match
NaHearadhagusCeannaDeasnanLoch_eilean-siar17-03.csv,PM,Finlay CUNNINGHAM (Ind),match,match,match,match,match,match,match,match,match,match,match,match,match,match,match,match
NaHearadhagusCeannaDeasnanLoch_eilean-siar17-03.csv,AVG,Finlay CUNNINGHAM (Ind),match,match,match,match,match,match,match,match,match,match,match,match,match,match,match,match
SteòrnabhaghaTuath_eilean-siar17-07.csv,OM,Roddie MACKAY (Ind),no_match,match,match,no_match,match,no_match,no_match,match,match,match,match,match,match,no_match,match,match
SteòrnabhaghaTuath_eilean-siar17-07.csv,PM,Roddie MACKAY (Ind),no_match,match,match,no_match,match,no_match,no_match,match,match,match,match,match,match,no_match,match,match
SteòrnabhaghaTuath_eilean-siar17-07.csv,AVG,Roddie MACKAY (Ind),no_match,match,match,no_match,match,no_match,no_match,match,match,match,match,match,match,no_match,match,match
BeinnnaFoghlaagusUibhistaTuath_eilean-siar17-02.csv,OM,Uisdean ROBERTSON (Ind),match,match,match,match,match,match,match,match,match,match,match,match,match,match,match,match
BeinnnaFoghlaagusUibhistaTuath_eilean-siar17-02.csv,PM,Uisdean ROBERTSON (Ind),match,match,match,match,match,match,match,match,match,match,match,match,match,match,match,match
BeinnnaFoghlaagusUibhistaTuath_eilean-siar17-02.csv,AVG,Uisdean ROBERTSON (Ind),match,match,match,match,match,match,match,match,match,match,match,match,match,match,match,match
Ward3KilmarnockWestandCrosshouse_e-ayrshire12-03.csv,OM,Iain LINTON (SNP),match,match,match,match,match,match,match,match,match,match,match,match,match,match,match,match
Ward3KilmarnockWestandCrosshouse_e-ayrshire12-03.csv,PM,Iain LINTON (SNP),match,match,match,match,match,match,match,match,match,match,match,match,match,match,match,match
Ward3KilmarnockWestandCrosshouse_e-ayrshire12-03.csv,AVG,Iain LINTON (SNP),match,match,match,match,match,match,match,match,match,match,match,match,match,match,match,match
Ward1Annick_e-ayrshire12-01.csv,OM,E�ghann MACCOLL (SNP),no_match,match,match,match,match,match,match,match,match,match,match,match,match,no_match,no_match,match
Ward1Annick_e-ayrshire12-01.csv,PM,E�ghann MACCOLL (SNP),no_match,match,match,match,match,match,match,match,match,match,match,match,match,no_match,no_match,match
Ward1Annick_e-ayrshire12-01.csv,AVG,E�ghann MACCOLL (SNP),no_match,match,match,match,match,match,match,match,match,match,match,match,match,no_match,no_match,match
KilmarnockEastandHurlford_e-ayrshire12-04.csv,OM,Gordon CREE (Lab),no_match,no_match,no_match,no_match,no_match,no_match,no_match,no_match,no_match,no_match,no_match,no_match,no_match,no_match,match,no_match
KilmarnockEastandHurlford_e-ayrshire12-04.csv,PM,John CAMPBELL (SNP),match,match,match,match,match,match,match,match,match,match,match,match,match,match,no_match,match
KilmarnockEastandHurlford_e-ayrshire12-04.csv,AVG,John CAMPBELL (SNP),match,match,match,match,match,match,match,match,match,match,match,match,match,match,no_match,match
Ward5KilmarnockSouth_e-ayrshire12-05.csv,OM,Jim TODD (SNP),no_match,no_match,no_match,no_match,no_match,no_match,no_match,no_match,no_match,no_match,no_match,no_match,no_match,no_match,no_match,no_match
Ward5KilmarnockSouth_e-ayrshire12-05.csv,PM,John KNAPP (Lab),match,match,match,match,match,match,match,match,match,match,match,match,match,match,match,match
Ward5KilmarnockSouth_e-ayrshire12-05.csv,AVG,John KNAPP (Lab),match,match,match,match,match,match,match,match,match,match,match,match,match,match,match,match
Ward9DoonValley_e-ayrshire12-09.csv,OM,Elaine DINWOODIE (Lab),match,match,match,match,match,match,match,match,match,match,match,match,match,match,match,match
Ward9DoonValley_e-ayrshire12-09.csv,PM,Elaine DINWOODIE (Lab),match,match,match,match,match,match,match,match,match,match,match,match,match,match,match,match
Ward9DoonValley_e-ayrshire12-09.csv,AVG,Elaine DINWOODIE (Lab),match,match,match,match,match,match,match,match,match,match,match,match,match,match,match,match
Ward2KilmarnockNorth_e-ayrshire12-02.csv,OM,Helen COFFEY (SNP),match,match,match,match,match,match,match,match,match,match,match,match,match,match,match,match
Ward2KilmarnockNorth_e-ayrshire12-02.csv,PM,Helen COFFEY (SNP),match,match,match,match,match,match,match,match,match,match,match,match,match,match,match,match
Ward2KilmarnockNorth_e-ayrshire12-02.csv,AVG,Helen COFFEY (SNP),match,match,match,match,match,match,match,match,match,match,match,match,match,match,match,match
Ward7Ballochmyle_e-ayrshire12-07.csv,OM,Neil MCGHEE (Lab),no_match,match,match,match,match,match,match,match,match,match,match,match,match,match,match,match
Ward7Ballochmyle_e-ayrshire12-07.csv,PM,Neil MCGHEE (Lab),no_match,match,match,match,match,match,match,match,match,match,match,match,match,match,match,match
Ward7Ballochmyle_e-ayrshire12-07.csv,AVG,Neil MCGHEE (Lab),no_match,match,match,match,match,match,match,match,match,match,match,match,match,match,match,match
Ward8CumnockandNewCumnock_e-ayrshire12-08.csv,OM,Eric ROSS (Lab),match,match,match,match,match,match,match,match,match,match,match,match,match,match,match,match
Ward8CumnockandNewCumnock_e-ayrshire12-08.csv,PM,Eric ROSS (Lab),match,match,match,match,match,match,match,match,match,match,match,match,match,match,match,match
Ward8CumnockandNewCumnock_e-ayrshire12-08.csv,AVG,Eric ROSS (Lab),match,match,match,match,match,match,match,match,match,match,match,match,match,match,match,match
Ward6IrvineValley_e-ayrshire12-06.csv,OM,Alan BROWN (SNP),no_match,match,match,match,match,match,match,match,match,match,match,match,match,match,match,match
Ward6IrvineValley_e-ayrshire12-06.csv,PM,Alan BROWN (SNP),no_match,match,match,match,match,match,match,match,match,match,match,match,match,match,match,match
Ward6IrvineValley_e-ayrshire12-06.csv,AVG,Alan BROWN (SNP),no_match,match,match,match,match,match,match,match,match,match,match,match,match,match,match,match
Ward4-ShetlandCentral_ward-4-shetland-central-preference-profile.csv,OM,Moraig LYALL (Ind),match,match,match,match,match,match,match,match,match,match,match,match,match,match,match,match
Ward4-ShetlandCentral_ward-4-shetland-central-preference-profile.csv,PM,Moraig LYALL (Ind),match,match,match,match,match,match,match,match,match,match,match,match,match,match,match,match
Ward4-ShetlandCentral_ward-4-shetland-central-preference-profile.csv,AVG,Moraig LYALL (Ind),match,match,match,match,match,match,match,match,match,match,match,match,match,match,match,match
Ward6-LerwickSouth_ward-6-lerwick-south-preference-profile.csv,OM,Dennis LEASK (Ind),match,match,match,match,match,match,match,match,match,match,match,match,match,match,match,match
Ward6-LerwickSouth_ward-6-lerwick-south-preference-profile.csv,PM,Dennis LEASK (Ind),match,match,match,match,match,match,match,match,match,match,match,match,match,match,match,match
Ward6-LerwickSouth_ward-6-lerwick-south-preference-profile.csv,AVG,Dennis LEASK (Ind),match,match,match,match,match,match,match,match,match,match,match,match,match,match,match,match
Ward7-ShetlandSouth_ward-7-shetland-south-preference-profile.csv,OM,Allison DUNCAN (Ind),match,match,match,match,match,match,match,match,match,match,match,match,match,match,match,match
Ward7-ShetlandSouth_ward-7-shetland-south-preference-profile.csv,PM,Allison DUNCAN (Ind),match,match,match,match,match,match,match,match,match,match,match,match,match,match,match,match
Ward7-ShetlandSouth_ward-7-shetland-south-preference-profile.csv,AVG,Allison DUNCAN (Ind),match,match,match,match,match,match,match,match,match,match,match,match,match,match,match,match
ward-5-lerwick-north-and-bressay-preference-profile.csv,OM,Stephen LEASK (Ind),match,match,match,match,match,match,match,match,match,match,match,match,match,match,match,match
ward-5-lerwick-north-and-bressay-preference-profile.csv,PM,Stephen LEASK (Ind),match,match,match,match,match,match,match,match,match,match,match,match,match,match,match,match
ward-5-lerwick-north-and-bressay-preference-profile.csv,AVG,Stephen LEASK (Ind),match,match,match,match,match,match,match,match,match,match,match,match,match,match,match,match
Ward3-ShetlandWest_ward-3-shetland-west-preference-profile.csv,OM,Liz BOXWELL (Ind),match,match,match,match,match,match,match,match,match,match,match,match,match,match,match,match
Ward3-ShetlandWest_ward-3-shetland-west-preference-profile.csv,PM,Liz BOXWELL (Ind),match,match,match,match,match,match,match,match,match,match,match,match,match,match,match,match
Ward3-ShetlandWest_ward-3-shetland-west-preference-profile.csv,AVG,Liz BOXWELL (Ind),match,match,match,match,match,match,match,match,match,match,match,match,match,match,match,match
Ward1ClackmannanshireWest_clacks17-001.csv,OM,Tina Margaret MURPHY (SNP),no_match,no_match,no_match,no_match,no_match,no_match,no_match,no_match,no_match,no_match,no_match,no_match,no_match,no_match,no_match,no_match
Ward1ClackmannanshireWest_clacks17-001.csv,PM,George MATCHETT (Lab),no_match,match,match,match,match,match,match,match,match,match,match,match,match,match,match,match
Ward1ClackmannanshireWest_clacks17-001.csv,AVG,George MATCHETT (Lab),no_match,match,match,match,match,match,match,match,match,match,match,match,match,match,match,match
Ward3ClackmannanshireCentral_clacks17-003.csv,OM,Derek STEWART (Lab),match,match,match,match,match,match,match,match,match,match,match,match,match,match,match,match
Ward3ClackmannanshireCentral_clacks17-003.csv,PM,Derek STEWART (Lab),match,match,match,match,match,match,match,match,match,match,match,match,match,match,match,match
Ward3ClackmannanshireCentral_clacks17-003.csv,AVG,Derek STEWART (Lab),match,match,match,match,match,match,match,match,match,match,match,match,match,match,match,match
Ward5ClackmannanshireEast_clacks17-005.csv,OM,Bill MASON (Con),match,match,match,match,match,match,match,match,match,match,match,match,match,match,match,match
Ward5ClackmannanshireEast_clacks17-005.csv,PM,Bill MASON (Con),match,match,match,match,match,match,match,match,match,match,match,match,match,match,match,match
Ward5ClackmannanshireEast_clacks17-005.csv,AVG,Bill MASON (Con),match,match,match,match,match,match,match,match,match,match,match,match,match,match,match,match
Ward2ClackmannanshireNorth_clacks17-002.csv,OM,Archie DRUMMOND (SNP),no_match,match,match,match,match,match,match,match,match,match,match,match,match,match,match,match
Ward2ClackmannanshireNorth_clacks17-002.csv,PM,Archie DRUMMOND (SNP),no_match,match,match,match,match,match,match,match,match,match,match,match,match,match,match,match
Ward2ClackmannanshireNorth_clacks17-002.csv,AVG,Archie DRUMMOND (SNP),no_match,match,match,match,match,match,match,match,match,match,match,match,match,match,match,match
Ward4ClackmannanshireSouth_clacks17-004.csv,OM,Craig HOLDEN (SNP),match,match,match,match,match,match,match,match,match,match,match,match,match,match,match,match
Ward4ClackmannanshireSouth_clacks17-004.csv,PM,Craig HOLDEN (SNP),match,match,match,match,match,match,match,match,match,match,match,match,match,match,match,match
Ward4ClackmannanshireSouth_clacks17-004.csv,AVG,Craig HOLDEN (SNP),match,match,match,match,match,match,match,match,match,match,match,match,match,match,match,match
CromartyFirthWard_highland12-07.csv,OM,Carolyn Anne WILSON (Ind),match,match,match,match,match,match,match,match,match,match,match,match,match,match,match,match
CromartyFirthWard_highland12-07.csv,PM,Carolyn Anne WILSON (Ind),match,match,match,match,match,match,match,match,match,match,match,match,match,match,match,match
CromartyFirthWard_highland12-07.csv,AVG,Carolyn Anne WILSON (Ind),match,match,match,match,match,match,match,match,match,match,match,match,match,match,match,match
CaolandMallaigWard_highland12-12.csv,OM,Allan HENDERSON (Ind),match,match,match,match,match,match,match,match,match,match,match,match,match,match,match,match
CaolandMallaigWard_highland12-12.csv,PM,Allan HENDERSON (Ind),match,match,match,match,match,match,match,match,match,match,match,match,match,match,match,match
CaolandMallaigWard_highland12-12.csv,AVG,Allan HENDERSON (Ind),match,match,match,match,match,match,match,match,match,match,match,match,match,match,match,match
DingwallandSeaforthWard_highland12-09.csv,OM,Margaret PATERSON (Ind),match,match,match,match,match,match,match,match,match,match,match,match,match,match,match,match
DingwallandSeaforthWard_highland12-09.csv,PM,Margaret PATERSON (Ind),match,match,match,match,match,match,match,match,match,match,match,match,match,match,match,match
DingwallandSeaforthWard_highland12-09.csv,AVG,Margaret PATERSON (Ind),match,match,match,match,match,match,match,match,match,match,match,match,match,match,match,match
InvernessCentralWard_highland12-15.csv,OM,Janet CAMPBELL (Ind),match,match,match,match,match,match,match,match,match,match,match,match,match,match,match,match
InvernessCentralWard_highland12-15.csv,PM,Janet CAMPBELL (Ind),match,match,match,match,match,match,match,match,match,match,match,match,match,match,match,match
InvernessCentralWard_highland12-15.csv,AVG,Janet CAMPBELL (Ind),match,match,match,match,match,match,match,match,match,match,match,match,match,match,match,match
WickWard_highland12-03.csv,OM,Gail Elizabeth ROSS (SNP),match,match,match,match,match,match,match,match,match,match,match,match,match,match,match,match
WickWard_highland12-03.csv,PM,Gail Elizabeth ROSS (SNP),match,match,match,match,match,match,match,match,match,match,match,match,match,match,match,match
WickWard_highland12-03.csv,AVG,Gail Elizabeth ROSS (SNP),match,match,match,match,match,match,match,match,match,match,match,match,match,match,match,match
InvernessSouthWard_highland12-20.csv,OM,Carolyn CADDICK (LD),no_match,match,no_match,match,match,match,no_match,match,match,match,match,match,match,match,match,match
InvernessSouthWard_highland12-20.csv,PM,Carolyn CADDICK (LD),no_match,match,no_match,match,match,match,no_match,match,match,match,match,match,match,match,match,match
InvernessSouthWard_highland12-20.csv,AVG,Carolyn CADDICK (LD),no_match,match,no_match,match,match,match,no_match,match,match,match,match,match,match,match,match,match
NorthWestandCentralSutherlandWard_highland12-01.csv,OM,Hugh MORRISON (Ind),no_match,match,match,match,no_match,match,no_match,match,match,match,match,match,match,match,match,match
NorthWestandCentralSutherlandWard_highland12-01.csv,PM,Hugh MORRISON (Ind),no_match,match,match,match,no_match,match,no_match,match,match,match,match,match,match,match,match,match
NorthWestandCentralSutherlandWard_highland12-01.csv,AVG,Hugh MORRISON (Ind),no_match,match,match,match,no_match,match,no_match,match,match,match,match,match,match,match,match,match
ThursoWard_highland12-02.csv,OM,Donnie MACKAY (Ind),match,match,match,match,match,match,match,match,match,match,match,match,match,match,match,match
ThursoWard_highland12-02.csv,PM,Donnie MACKAY (Ind),match,match,match,match,match,match,match,match,match,match,match,match,match,match,match,match
ThursoWard_highland12-02.csv,AVG,Donnie MACKAY (Ind),match,match,match,match,match,match,match,match,match,match,match,match,match,match,match,match
Eileana'Che�Ward_highland12-11.csv,OM,John R GORDON (Ind),match,match,match,match,match,match,match,match,match,match,match,match,match,match,match,match
Eileana'Che�Ward_highland12-11.csv,PM,John R GORDON (Ind),match,match,match,match,match,match,match,match,match,match,match,match,match,match,match,match
Eileana'Che�Ward_highland12-11.csv,AVG,John R GORDON (Ind),match,match,match,match,match,match,match,match,match,match,match,match,match,match,match,match
InvernessWestWard_highland12-14.csv,OM,Graham ROSS (Ind),no_match,match,match,match,no_match,match,no_match,match,match,match,match,match,match,match,match,match
InvernessWestWard_highland12-14.csv,PM,Graham ROSS (Ind),no_match,match,match,match,no_match,match,no_match,match,match,match,match,match,match,match,match,match
InvernessWestWard_highland12-14.csv,AVG,Graham ROSS (Ind),no_match,match,match,match,no_match,match,no_match,match,match,match,match,match,match,match,match,match
NairnWard_highland12-19.csv,OM,Liz MACDONALD (SNP),match,match,match,match,match,match,match,match,match,match,match,match,match,match,match,match
NairnWard_highland12-19.csv,PM,Liz MACDONALD (SNP),match,match,match,match,match,match,match,match,match,match,match,match,match,match,match,match
NairnWard_highland12-19.csv,AVG,Liz MACDONALD (SNP),match,match,match,match,match,match,match,match,match,match,match,match,match,match,match,match
AirdandLochNessWard_highland12-13.csv,OM,Margaret Christine DAVIDSON (Ind),match,match,match,match,match,match,match,match,match,match,match,match,match,match,match,match
AirdandLochNessWard_highland12-13.csv,PM,Margaret Christine DAVIDSON (Ind),match,match,match,match,match,match,match,match,match,match,match,match,match,match,match,match
AirdandLochNessWard_highland12-13.csv,AVG,Margaret Christine DAVIDSON (Ind),match,match,match,match,match,match,match,match,match,match,match,match,match,match,match,match
BlackIsleWard_highland12-10.csv,OM,Billy BARCLAY (Ind),match,match,match,match,match,match,match,match,match,match,match,match,match,match,match,match
BlackIsleWard_highland12-10.csv,PM,Billy BARCLAY (Ind),match,match,match,match,match,match,match,match,match,match,match,match,match,match,match,match
BlackIsleWard_highland12-10.csv,AVG,Billy BARCLAY (Ind),match,match,match,match,match,match,match,match,match,match,match,match,match,match,match,match
WesterRossStrathpefferandLochalshWard_highland12-06.csv,OM,Biz CAMPBELL (LD),match,match,match,match,match,match,match,match,match,match,match,match,match,match,match,match
WesterRossStrathpefferandLochalshWard_highland12-06.csv,PM,Biz CAMPBELL (LD),match,match,match,match,match,match,match,match,match,match,match,match,match,match,match,match
WesterRossStrathpefferandLochalshWard_highland12-06.csv,AVG,Biz CAMPBELL (LD),match,match,match,match,match,match,match,match,match,match,match,match,match,match,match,match
CullodenandArdersierWard_highland12-18.csv,OM,Roddy BALFOUR (Ind),match,match,match,match,match,match,match,match,match,match,match,match,match,match,match,match
CullodenandArdersierWard_highland12-18.csv,PM,Roddy BALFOUR (Ind),match,match,match,match,match,match,match,match,match,match,match,match,match,match,match,match
CullodenandArdersierWard_highland12-18.csv,AVG,Roddy BALFOUR (Ind),match,match,match,match,match,match,match,match,match,match,match,match,match,match,match,match
LandwardCaithnessWard_highland12-04.csv,OM,A.I. Willie MACKAY (Ind),match,match,match,match,match,match,match,match,match,match,match,match,match,match,match,match
LandwardCaithnessWard_highland12-04.csv,PM,A.I. Willie MACKAY (Ind),match,match,match,match,match,match,match,match,match,match,match,match,match,match,match,match
LandwardCaithnessWard_highland12-04.csv,AVG,A.I. Willie MACKAY (Ind),match,match,match,match,match,match,match,match,match,match,match,match,match,match,match,match
EastSutherlandandEddertonWard_highland12-05.csv,OM,Deirdre MACKAY (Lab),match,match,match,match,match,match,match,match,match,match,match,match,match,match,match,match
EastSutherlandandEddertonWard_highland12-05.csv,PM,Deirdre MACKAY (Lab),match,match,match,match,match,match,match,match,match,match,match,match,match,match,match,match
EastSutherlandandEddertonWard_highland12-05.csv,AVG,Deirdre MACKAY (Lab),match,match,match,match,match,match,match,match,match,match,match,match,match,match,match,match
TainandEasterRossWard_highland12-08.csv,OM,Alasdair RHIND (Ind),match,match,match,match,match,match,match,match,match,match,match,match,match,match,match,match
TainandEasterRossWard_highland12-08.csv,PM,Alasdair RHIND (Ind),match,match,match,match,match,match,match,match,match,match,match,match,match,match,match,match
TainandEasterRossWard_highland12-08.csv,AVG,Alasdair RHIND (Ind),match,match,match,match,match,match,match,match,match,match,match,match,match,match,match,match
InvernessNess-sideWard_highland12-16.csv,OM,Norrie DONALD (Ind),no_match,match,no_match,match,match,match,match,match,match,match,match,match,match,match,match,match
InvernessNess-sideWard_highland12-16.csv,PM,Norrie DONALD (Ind),no_match,match,no_match,match,match,match,match,match,match,match,match,match,match,match,match,match
InvernessNess-sideWard_highland12-16.csv,AVG,Norrie DONALD (Ind),no_match,match,no_match,match,match,match,match,match,match,match,match,match,match,match,match,match
InvernessMillburnWard_highland12-17.csv,OM,Jimmy GRAY (Lab),match,match,match,match,match,match,match,match,match,match,match,match,match,match,match,match
InvernessMillburnWard_highland12-17.csv,PM,Jimmy GRAY (Lab),match,match,match,match,match,match,match,match,match,match,match,match,match,match,match,match
InvernessMillburnWard_highland12-17.csv,AVG,Jimmy GRAY (Lab),match,match,match,match,match,match,match,match,match,match,match,match,match,match,match,match
FortWilliamandArdnamurchanWard_highland12-22.csv,OM,Thomas MACLENNAN (Ind),no_match,no_match,no_match,match,match,match,no_match,match,match,match,match,match,match,match,match,match
FortWilliamandArdnamurchanWard_highland12-22.csv,PM,Thomas MACLENNAN (Ind),no_match,no_match,no_match,match,match,match,no_match,match,match,match,match,match,match,match,match,match
FortWilliamandArdnamurchanWard_highland12-22.csv,AVG,Thomas MACLENNAN (Ind),no_match,no_match,no_match,match,match,match,no_match,match,match,match,match,match,match,match,match,match
BadenochandStrathspeyWard_highland12-21.csv,OM,Jaci DOUGLAS (Ind),match,match,match,match,match,match,match,match,match,match,match,match,match,match,match,match
BadenochandStrathspeyWard_highland12-21.csv,PM,Jaci DOUGLAS (Ind),match,match,match,match,match,match,match,match,match,match,match,match,match,match,match,match
BadenochandStrathspeyWard_highland12-21.csv,AVG,Jaci DOUGLAS (Ind),match,match,match,match,match,match,match,match,match,match,match,match,match,match,match,match
Ward13-CambuslangWest_s-lanarks12-13.csv,OM,Russell CLEARIE (Lab),match,match,match,match,match,match,match,match,match,match,match,match,match,match,match,match
Ward13-CambuslangWest_s-lanarks12-13.csv,PM,Russell CLEARIE (Lab),match,match,match,match,match,match,match,match,match,match,match,match,match,match,match,match
Ward13-CambuslangWest_s-lanarks12-13.csv,AVG,Russell CLEARIE (Lab),match,match,match,match,match,match,match,match,match,match,match,match,match,match,match,match
Ward20-Larkhall_s-lanarks12-20.csv,OM,Jackie BURNS (Lab),match,match,match,match,match,match,match,match,match,match,match,match,match,match,match,match
Ward20-Larkhall_s-lanarks12-20.csv,PM,Jackie BURNS (Lab),match,match,match,match,match,match,match,match,match,match,match,match,match,match,match,match
Ward20-Larkhall_s-lanarks12-20.csv,AVG,Jackie BURNS (Lab),match,match,match,match,match,match,match,match,match,match,match,match,match,match,match,match
Ward15-Blantyre_s-lanarks12-15.csv,OM,Hugh DUNSMUIR (Lab),match,match,match,match,match,match,match,match,match,match,match,match,match,match,match,match
Ward15-Blantyre_s-lanarks12-15.csv,PM,Hugh DUNSMUIR (Lab),match,match,match,match,match,match,match,match,match,match,match,match,match,match,match,match
Ward15-Blantyre_s-lanarks12-15.csv,AVG,Hugh DUNSMUIR (Lab),match,match,match,match,match,match,match,match,match,match,match,match,match,match,match,match
Ward1-ClydesdaleWest_s-lanarks12-01.csv,OM,Eileen LOGAN (Lab),match,match,match,match,match,match,match,match,match,match,match,match,match,match,match,match
Ward1-ClydesdaleWest_s-lanarks12-01.csv,PM,Eileen LOGAN (Lab),match,match,match,match,match,match,match,match,match,match,match,match,match,match,match,match
Ward1-ClydesdaleWest_s-lanarks12-01.csv,AVG,Eileen LOGAN (Lab),match,match,match,match,match,match,match,match,match,match,match,match,match,match,match,match
Ward19-HamiltonSouth_s-lanarks12-19.csv,OM,Joe LOWE (Lab),match,match,match,match,match,match,match,match,match,match,match,match,match,match,match,match
Ward19-HamiltonSouth_s-lanarks12-19.csv,PM,Joe LOWE (Lab),match,match,match,match,match,match,match,match,match,match,match,match,match,match,match,match
Ward19-HamiltonSouth_s-lanarks12-19.csv,AVG,Joe LOWE (Lab),match,match,match,match,match,match,match,match,match,match,match,match,match,match,match,match
Ward7-EastKilbrideCentralSouth_s-lanarks12-07.csv,OM,Gerry CONVERY (Lab),no_match,match,match,match,no_match,match,match,match,match,match,match,match,match,match,match,match
Ward7-EastKilbrideCentralSouth_s-lanarks12-07.csv,PM,Gerry CONVERY (Lab),no_match,match,match,match,no_match,match,match,match,match,match,match,match,match,match,match,match
Ward7-EastKilbrideCentralSouth_s-lanarks12-07.csv,AVG,Gerry CONVERY (Lab),no_match,match,match,match,no_match,match,match,match,match,match,match,match,match,match,match,match
Ward14-CambuslangEast_s-lanarks12-14.csv,OM,Walter BROGAN (Lab),match,match,match,match,match,match,match,match,match,match,match,match,match,match,match,match
Ward14-CambuslangEast_s-lanarks12-14.csv,PM,Walter BROGAN (Lab),match,match,match,match,match,match,match,match,match,match,match,match,match,match,match,match
Ward14-CambuslangEast_s-lanarks12-14.csv,AVG,Walter BROGAN (Lab),match,match,match,match,match,match,match,match,match,match,match,match,match,match,match,match
Ward12-RutherglenCentralandNorth_s-lanarks12-12.csv,OM,Edward McAVOY (Lab),match,match,match,match,match,match,match,match,match,match,match,match,match,match,match,match
Ward12-RutherglenCentralandNorth_s-lanarks12-12.csv,PM,Edward McAVOY (Lab),match,match,match,match,match,match,match,match,match,match,match,match,match,match,match,match
Ward12-RutherglenCentralandNorth_s-lanarks12-12.csv,AVG,Edward McAVOY (Lab),match,match,match,match,match,match,match,match,match,match,match,match,match,match,match,match
Ward8-EastKilbrideCentralNorth_s-lanarks12-08.csv,OM,Alice Marie MITCHELL (Lab),no_match,no_match,no_match,no_match,no_match,no_match,no_match,no_match,no_match,no_match,no_match,no_match,no_match,no_match,no_match,no_match
Ward8-EastKilbrideCentralNorth_s-lanarks12-08.csv,PM,Anne MAGGS (SNP),match,match,match,match,match,match,match,match,match,match,match,match,match,match,match,match
Ward8-EastKilbrideCentralNorth_s-lanarks12-08.csv,AVG,Anne MAGGS (SNP),match,match,match,match,match,match,match,match,match,match,match,match,match,match,match,match
Ward17-HamiltonNorthandEast_s-lanarks12-17.csv,OM,Davie McLACHLAN (Lab),match,match,match,match,match,match,match,match,match,match,match,match,match,match,match,match
Ward17-HamiltonNorthandEast_s-lanarks12-17.csv,PM,Davie McLACHLAN (Lab),match,match,match,match,match,match,match,match,match,match,match,match,match,match,match,match
Ward17-HamiltonNorthandEast_s-lanarks12-17.csv,AVG,Davie McLACHLAN (Lab),match,match,match,match,match,match,match,match,match,match,match,match,match,match,match,match
Ward9-EastKilbrideWest_s-lanarks12-09.csv,OM,Janice McGINLAY (Lab),no_match,no_match,no_match,no_match,no_match,no_match,no_match,no_match,no_match,no_match,no_match,no_match,no_match,no_match,no_match,no_match
Ward9-EastKilbrideWest_s-lanarks12-09.csv,PM,David WATSON (SNP),no_match,match,match,match,match,match,match,match,match,match,match,match,match,match,match,match
Ward9-EastKilbrideWest_s-lanarks12-09.csv,AVG,David WATSON (SNP),no_match,match,match,match,match,match,match,match,match,match,match,match,match,match,match,match
Ward10-EastKilbrideEast_s-lanarks12-10.csv,OM,Jim WARDHAUGH (SNP),no_match,no_match,no_match,no_match,no_match,no_match,no_match,no_match,no_match,no_match,no_match,no_match,no_match,no_match,no_match,no_match
Ward10-EastKilbrideEast_s-lanarks12-10.csv,PM,John CAIRNEY (Lab),match,match,match,match,match,match,match,match,match,match,match,match,match,match,match,match
Ward10-EastKilbrideEast_s-lanarks12-10.csv,AVG,John CAIRNEY (Lab),match,match,match,match,match,match,match,match,match,match,match,match,match,match,match,match
Ward6-EastKilbrideSouth_s-lanarks12-06.csv,OM,Archie BUCHANAN (SNP),match,match,match,match,match,match,match,match,match,match,match,match,match,match,match,match
Ward6-EastKilbrideSouth_s-lanarks12-06.csv,PM,Archie BUCHANAN (SNP),match,match,match,match,match,match,match,match,match,match,match,match,match,match,match,match
Ward6-EastKilbrideSouth_s-lanarks12-06.csv,AVG,Archie BUCHANAN (SNP),match,match,match,match,match,match,match,match,match,match,match,match,match,match,match,match
Ward3-ClydesdaleEast_s-lanarks12-03.csv,OM,Bev GAULD (SNP),match,match,match,match,match,match,match,match,match,match,match,match,match,match,match,match
Ward3-ClydesdaleEast_s-lanarks12-03.csv,PM,Bev GAULD (SNP),match,match,match,match,match,match,match,match,match,match,match,match,match,match,match,match
Ward3-ClydesdaleEast_s-lanarks12-03.csv,AVG,Bev GAULD (SNP),match,match,match,match,match,match,match,match,match,match,match,match,match,match,match,match
Ward5-AvondaleandStonehouse_s-lanarks12-05.csv,OM,Isobel DORMAN (SNP),match,match,match,match,match,match,match,match,match,match,match,match,match,no_match,match,match
Ward5-AvondaleandStonehouse_s-lanarks12-05.csv,PM,Isobel DORMAN (SNP),match,match,match,match,match,match,match,match,match,match,match,match,match,no_match,match,match
Ward5-AvondaleandStonehouse_s-lanarks12-05.csv,AVG,Isobel DORMAN (SNP),match,match,match,match,match,match,match,match,match,match,match,match,match,no_match,match,match
Ward16-BothwellandUddingston_s-lanarks12-16.csv,OM,Jim McGUIGAN (SNP),match,match,match,no_match,no_match,no_match,no_match,match,match,match,match,match,match,no_match,match,match
Ward16-BothwellandUddingston_s-lanarks12-16.csv,PM,Jim McGUIGAN (SNP),match,match,match,no_match,no_match,no_match,no_match,match,match,match,match,match,match,no_match,match,match
Ward16-BothwellandUddingston_s-lanarks12-16.csv,AVG,Jim McGUIGAN (SNP),match,match,match,no_match,no_match,no_match,no_match,match,match,match,match,match,match,no_match,match,match
Ward11-RutherglenSouth_s-lanarks12-11.csv,OM,Brian McKENNA (Lab),match,match,match,match,match,match,match,match,match,match,match,match,match,match,match,match
Ward11-RutherglenSouth_s-lanarks12-11.csv,PM,Brian McKENNA (Lab),match,match,match,match,match,match,match,match,match,match,match,match,match,match,match,match
Ward11-RutherglenSouth_s-lanarks12-11.csv,AVG,Brian McKENNA (Lab),match,match,match,match,match,match,match,match,match,match,match,match,match,match,match,match
Ward4-ClydesdaleSouth_s-lanarks12-04.csv,OM,George GREENSHIELDS (Lab),no_match,no_match,no_match,no_match,no_match,no_match,no_match,no_match,no_match,no_match,no_match,no_match,no_match,no_match,no_match,no_match
Ward4-ClydesdaleSouth_s-lanarks12-04.csv,PM,Archie MANSON (SNP),match,match,match,match,match,match,match,match,match,match,match,match,match,match,match,match
Ward4-ClydesdaleSouth_s-lanarks12-04.csv,AVG,Archie MANSON (SNP),match,match,match,match,match,match,match,match,match,match,match,match,match,match,match,match
Ward2-ClydesdaleNorth_s-lanarks12-02.csv,OM,Catherine McCLYMONT (Lab),match,match,match,match,match,match,match,match,match,match,match,match,match,match,match,match
Ward2-ClydesdaleNorth_s-lanarks12-02.csv,PM,Catherine McCLYMONT (Lab),match,match,match,match,match,match,match,match,match,match,match,match,match,match,match,match
Ward2-ClydesdaleNorth_s-lanarks12-02.csv,AVG,Catherine McCLYMONT (Lab),match,match,match,match,match,match,match,match,match,match,match,match,match,match,match,match
Ward18-HamiltonWestandEarnock_s-lanarks12-18.csv,OM,Allan FALCONER (Lab),match,match,match,match,match,match,match,match,match,match,match,match,match,match,match,match
Ward18-HamiltonWestandEarnock_s-lanarks12-18.csv,PM,Allan FALCONER (Lab),match,match,match,match,match,match,match,match,match,match,match,match,match,match,match,match
Ward18-HamiltonWestandEarnock_s-lanarks12-18.csv,AVG,Allan FALCONER (Lab),match,match,match,match,match,match,match,match,match,match,match,match,match,match,match,match
Ward5-BonnybridgeandLarbert_ward5.csv,OM,Billy BUCHANAN (Ind),match,match,match,match,no_match,match,match,match,match,match,match,match,match,match,match,match
Ward5-BonnybridgeandLarbert_ward5.csv,PM,Billy BUCHANAN (Ind),match,match,match,match,no_match,match,match,match,match,match,match,match,match,match,match,match
Ward5-BonnybridgeandLarbert_ward5.csv,AVG,Billy BUCHANAN (Ind),match,match,match,match,no_match,match,match,match,match,match,match,match,match,match,match,match
Ward8-LowerBraes_ward8.csv,OM,Gordon FORREST (SNP),no_match,no_match,no_match,no_match,match,no_match,no_match,no_match,no_match,no_match,no_match,no_match,no_match,no_match,no_match,no_match
Ward8-LowerBraes_ward8.csv,PM,Anne HANNAH (Lab),match,match,match,match,no_match,match,match,match,match,match,match,match,match,match,match,match
Ward8-LowerBraes_ward8.csv,AVG,Anne HANNAH (Lab),match,match,match,match,no_match,match,match,match,match,match,match,match,match,match,match,match
Ward1-Bo'nessandBlackness_ward1.csv,OM,Ann RITCHIE (Ind),match,match,match,match,match,match,match,match,match,match,match,match,match,match,match,match
Ward1-Bo'nessandBlackness_ward1.csv,PM,Ann RITCHIE (Ind),match,match,match,match,match,match,match,match,match,match,match,match,match,match,match,match
Ward1-Bo'nessandBlackness_ward1.csv,AVG,Ann RITCHIE (Ind),match,match,match,match,match,match,match,match,match,match,match,match,match,match,match,match
Ward2-Grangemouth_ward2.csv,OM,David BALFOUR (SNP),match,match,match,match,match,match,match,match,match,match,match,match,match,match,match,match
Ward2-Grangemouth_ward2.csv,PM,David BALFOUR (SNP),match,match,match,match,match,match,match,match,match,match,match,match,match,match,match,match
Ward2-Grangemouth_ward2.csv,AVG,David BALFOUR (SNP),match,match,match,match,match,match,match,match,match,match,match,match,match,match,match,match
Ward7-FalkirkSouth_ward7.csv,OM,Lorna BINNIE (SNP),match,match,match,match,match,match,match,match,match,match,match,match,match,no_match,no_match,match
Ward7-FalkirkSouth_ward7.csv,PM,Lorna BINNIE (SNP),match,match,match,match,match,match,match,match,match,match,match,match,match,no_match,no_match,match
Ward7-FalkirkSouth_ward7.csv,AVG,Lorna BINNIE (SNP),match,match,match,match,match,match,match,match,match,match,match,match,match,no_match,no_match,match
Ward6-FalkirkNorth_ward6.csv,OM,Cecil MEIKLEJOHN (SNP),match,match,match,match,match,match,match,match,match,match,match,match,match,match,match,match
Ward6-FalkirkNorth_ward6.csv,PM,Cecil MEIKLEJOHN (SNP),match,match,match,match,match,match,match,match,match,match,match,match,match,match,match,match
Ward6-FalkirkNorth_ward6.csv,AVG,Cecil MEIKLEJOHN (SNP),match,match,match,match,match,match,match,match,match,match,match,match,match,match,match,match
Ward3-DennyandBanknock_ward3.csv,OM,Paul GARNER (SNP),match,match,match,match,match,match,match,match,match,match,match,match,match,match,match,match
Ward3-DennyandBanknock_ward3.csv,PM,Paul GARNER (SNP),match,match,match,match,match,match,match,match,match,match,match,match,match,match,match,match
Ward3-DennyandBanknock_ward3.csv,AVG,Paul GARNER (SNP),match,match,match,match,match,match,match,match,match,match,match,match,match,match,match,match
Ward4-CarseKinnairdandTryst_ward4.csv,OM,Gary BOUSE (SNP),match,match,match,match,match,match,match,match,match,match,match,match,match,match,match,match
Ward4-CarseKinnairdandTryst_ward4.csv,PM,Gary BOUSE (SNP),match,match,match,match,match,match,match,match,match,match,match,match,match,match,match,match
Ward4-CarseKinnairdandTryst_ward4.csv,AVG,Gary BOUSE (SNP),match,match,match,match,match,match,match,match,match,match,match,match,match,match,match,match
Ward9-UpperBraes_ward9.csv,OM,Jim ROBERTSON (SNP),match,match,match,match,match,match,match,match,match,match,match,match,match,no_match,no_match,match
Ward9-UpperBraes_ward9.csv,PM,Jim ROBERTSON (SNP),match,match,match,match,match,match,match,match,match,match,match,match,match,no_match,no_match,match
Ward9-UpperBraes_ward9.csv,AVG,Jim ROBERTSON (SNP),match,match,match,match,match,match,match,match,match,match,match,match,match,no_match,no_match,match
Ward12-AnnandaleEastandEskdale_ward12.csv,OM,Karen CARRUTHERS (Con),match,match,match,match,match,match,match,match,match,match,match,match,match,match,match,match
Ward12-AnnandaleEastandEskdale_ward12.csv,PM,Karen CARRUTHERS (Con),match,match,match,match,match,match,match,match,match,match,match,match,match,match,match,match
Ward12-AnnandaleEastandEskdale_ward12.csv,AVG,Karen CARRUTHERS (Con),match,match,match,match,match,match,match,match,match,match,match,match,match,match,match,match
Ward1-StranraerandtheRhins_ward1.csv,OM,Andrew GIUSTI (Con),match,match,match,no_match,no_match,no_match,match,match,match,match,match,match,match,no_match,no_match,match
Ward1-StranraerandtheRhins_ward1.csv,PM,Andrew GIUSTI (Con),match,match,match,no_match,no_match,no_match,match,match,match,match,match,match,match,no_match,no_match,match
Ward1-StranraerandtheRhins_ward1.csv,AVG,Andrew GIUSTI (Con),match,match,match,no_match,no_match,no_match,match,match,match,match,match,match,match,no_match,no_match,match
Ward3-DeeandGlenkens_ward3.csv,OM,John DENERLEY (Con),no_match,match,match,no_match,no_match,no_match,no_match,no_winner,no_match,no_match,no_match,no_match,no_match,no_match,no_match,match
Ward3-DeeandGlenkens_ward3.csv,PM,Susan MURDOCH (Con),no_match,no_match,no_match,no_match,no_match,no_match,no_match,no_winner,match,no_match,no_match,match,match,no_match,no_match,match
Ward3-DeeandGlenkens_ward3.csv,AVG,Susan MURDOCH (Con),no_match,no_match,no_match,no_match,no_match,no_match,no_match,no_winner,match,no_match,no_match,match,match,no_match,no_match,match
Ward7-MidandUpperNithsdale_ward7.csv,OM,Jim DEMPSTER (Ind),no_match,match,match,match,match,match,match,match,match,match,match,match,match,match,match,match
Ward7-MidandUpperNithsdale_ward7.csv,PM,Jim DEMPSTER (Ind),no_match,match,match,match,match,match,match,match,match,match,match,match,match,match,match,match
Ward7-MidandUpperNithsdale_ward7.csv,AVG,Jim DEMPSTER (Ind),no_match,match,match,match,match,match,match,match,match,match,match,match,match,match,match,match
Ward9-Nith_ward9.csv,OM,John Gillespie CAMPBELL (SNP),match,match,match,match,no_match,match,match,match,match,match,match,match,match,no_match,no_match,match
Ward9-Nith_ward9.csv,PM,John Gillespie CAMPBELL (SNP),match,match,match,match,no_match,match,match,match,match,match,match,match,match,no_match,no_match,match
Ward9-Nith_ward9.csv,AVG,John Gillespie CAMPBELL (SNP),match,match,match,match,no_match,match,match,match,match,match,match,match,match,no_match,no_match,match
Ward10-AnnandaleSouth_ward10.csv,OM,Richard John BRODIE (LD),no_match,no_match,no_match,match,match,match,no_match,match,match,match,match,match,match,match,match,match
Ward10-AnnandaleSouth_ward10.csv,PM,TIED,no_match,no_match,no_match,no_match,no_match,no_match,no_match,no_match,no_match,no_match,no_match,no_match,no_match,no_match,no_match,no_match
Ward10-AnnandaleSouth_ward10.csv,AVG,Richard John BRODIE (LD),no_match,no_match,no_match,match,match,match,no_match,match,match,match,match,match,match,match,match,match
Ward2-MidGallowayandWigtownWest_ward2.csv,OM,David INGLIS (Con),match,match,match,match,match,match,match,match,match,match,match,match,match,match,no_match,match
Ward2-MidGallowayandWigtownWest_ward2.csv,PM,David INGLIS (Con),match,match,match,match,match,match,match,match,match,match,match,match,match,match,no_match,match
Ward2-MidGallowayandWigtownWest_ward2.csv,AVG,David INGLIS (Con),match,match,match,match,match,match,match,match,match,match,match,match,match,match,no_match,match
Ward8-Lochar_ward8.csv,OM,Tracey LITTLE (SNP),match,match,match,no_match,match,no_match,match,match,match,match,match,match,match,no_match,no_match,match
Ward8-Lochar_ward8.csv,PM,Linda DORWARD (Lab),no_match,no_match,no_match,match,no_match,match,no_match,no_match,no_match,no_match,no_match,no_match,no_match,match,match,no_match
Ward8-Lochar_ward8.csv,AVG,Tracey LITTLE (SNP),match,match,match,no_match,match,no_match,match,match,match,match,match,match,match,no_match,no_match,match
Ward4-CastleDouglasandCrocketford_ward4.csv,OM,Pauline DRYSDALE (Con),match,match,match,match,match,match,match,match,match,match,match,match,match,match,match,match
Ward4-CastleDouglasandCrocketford_ward4.csv,PM,Pauline DRYSDALE (Con),match,match,match,match,match,match,match,match,match,match,match,match,match,match,match,match
Ward4-CastleDouglasandCrocketford_ward4.csv,AVG,Pauline DRYSDALE (Con),match,match,match,match,match,match,match,match,match,match,match,match,match,match,match,match
Ward11-AnnandaleNorth_ward11.csv,OM,Gail MACGREGOR (Con),no_match,match,match,match,match,match,match,match,match,match,match,match,match,match,match,match
Ward11-AnnandaleNorth_ward11.csv,PM,Gail MACGREGOR (Con),no_match,match,match,match,match,match,match,match,match,match,match,match,match,match,match,match
Ward11-AnnandaleNorth_ward11.csv,AVG,Gail MACGREGOR (Con),no_match,match,match,match,match,match,match,match,match,match,match,match,match,match,match,match
Ward5-Abbey_ward5.csv,OM,Davie STITT (Lab),no_match,no_match,match,match,match,match,match,match,match,match,match,match,match,match,match,match
Ward5-Abbey_ward5.csv,PM,Davie STITT (Lab),no_match,no_match,match,match,match,match,match,match,match,match,match,match,match,match,match,match
Ward5-Abbey_ward5.csv,AVG,Davie STITT (Lab),no_match,no_match,match,match,match,match,match,match,match,match,match,match,match,match,match,match
Ward6-NorthWestDumfries_ward6.csv,OM,Andy FERGUSON (SNP),match,match,match,match,no_match,match,match,match,match,match,match,match,match,no_match,no_match,match
Ward6-NorthWestDumfries_ward6.csv,PM,Andy FERGUSON (SNP),match,match,match,match,no_match,match,match,match,match,match,match,match,match,no_match,no_match,match
Ward6-NorthWestDumfries_ward6.csv,AVG,Andy FERGUSON (SNP),match,match,match,match,no_match,match,match,match,match,match,match,match,match,no_match,no_match,match
"Ward3-AyrNorth_south ayrshire,2022ward 3.csv",OM,Laura BRENNAN-WHITEFIELD (SNP),match,match,match,match,match,match,match,match,match,match,match,match,match,match,match,match
"Ward3-AyrNorth_south ayrshire,2022ward 3.csv",PM,Laura BRENNAN-WHITEFIELD (SNP),match,match,match,match,match,match,match,match,match,match,match,match,match,match,match,match
"Ward3-AyrNorth_south ayrshire,2022ward 3.csv",AVG,Laura BRENNAN-WHITEFIELD (SNP),match,match,match,match,match,match,match,match,match,match,match,match,match,match,match,match
"Ward1-Troon_south ayrshire,2022ward 1.csv",OM,Bob POLLOCK (Con),no_match,no_match,no_match,no_match,no_match,no_match,no_match,no_match,no_match,no_match,no_match,no_match,no_match,no_match,no_match,no_match
"Ward1-Troon_south ayrshire,2022ward 1.csv",PM,Craig MACKAY (SNP),match,match,match,match,match,match,match,match,match,match,match,match,match,no_match,no_match,match
"Ward1-Troon_south ayrshire,2022ward 1.csv",AVG,Craig MACKAY (SNP),match,match,match,match,match,match,match,match,match,match,match,match,match,no_match,no_match,match
"Ward4-AyrEast_south ayrshire,2022ward 4.csv",OM,Chris CULLEN (SNP),match,match,match,match,match,match,match,match,match,match,match,match,match,match,match,match
"Ward4-AyrEast_south ayrshire,2022ward 4.csv",PM,Chris CULLEN (SNP),match,match,match,match,match,match,match,match,match,match,match,match,match,match,match,match
"Ward4-AyrEast_south ayrshire,2022ward 4.csv",AVG,Chris CULLEN (SNP),match,match,match,match,match,match,match,match,match,match,match,match,match,match,match,match
"Ward2-Prestwick_south ayrshire,2022ward 2.csv",OM,Hugh HUNTER (Ind),no_match,match,match,match,match,match,no_match,match,match,match,match,match,match,match,match,match
"Ward2-Prestwick_south ayrshire,2022ward 2.csv",PM,Hugh HUNTER (Ind),no_match,match,match,match,match,match,no_match,match,match,match,match,match,match,match,match,match
"Ward2-Prestwick_south ayrshire,2022ward 2.csv",AVG,Hugh HUNTER (Ind),no_match,match,match,match,match,match,no_match,match,match,match,match,match,match,match,match,match
"Ward6-Kyle_south ayrshire,2022ward 6.csv",OM,Stephen FERRY (Con),no_match,no_match,no_match,no_match,no_match,no_match,no_match,no_match,no_match,no_match,no_match,no_match,no_match,no_match,no_match,no_match
"Ward6-Kyle_south ayrshire,2022ward 6.csv",PM,Duncan TOWNSON (Lab),no_match,no_match,match,match,match,match,no_match,match,match,match,match,match,match,match,match,match
"Ward6-Kyle_south ayrshire,2022ward 6.csv",AVG,Duncan TOWNSON (Lab),no_match,no_match,match,match,match,match,no_match,match,match,match,match,match,match,match,match,match
"Ward7-MayboleNorthCarrickandCoylton_south ayrshire,2022ward 7.csv",OM,Brian CONNOLLY (Ind),no_match,no_match,no_match,match,match,match,no_match,match,match,match,match,match,match,match,match,match
"Ward7-MayboleNorthCarrickandCoylton_south ayrshire,2022ward 7.csv",PM,William James GRANT (SNP),match,match,match,no_match,no_match,no_match,match,no_match,no_match,no_match,no_match,no_match,no_match,no_match,no_match,no_match
"Ward7-MayboleNorthCarrickandCoylton_south ayrshire,2022ward 7.csv",AVG,Brian CONNOLLY (Ind),no_match,no_match,no_match,match,match,match,no_match,match,match,match,match,match,match,match,match,match
"Ward5-AyrWest_south ayrshire,2022ward 5.csv",OM,Martin DOWEY (Con),match,match,match,match,match,match,match,match,match,match,match,match,match,match,match,match
"Ward5-AyrWest_south ayrshire,2022ward 5.csv",PM,Martin DOWEY (Con),match,match,match,match,match,match,match,match,match,match,match,match,match,match,match,match
"Ward5-AyrWest_south ayrshire,2022ward 5.csv",AVG,Martin DOWEY (Con),match,match,match,match,match,match,match,match,match,match,match,match,match,match,match,match
"Ward8-GirvanandSouthCarrick_south ayrshire,2022ward 8.csv",OM,Alec CLARK (Ind),match,match,match,match,match,match,match,match,match,match,match,match,match,match,match,match
"Ward8-GirvanandSouthCarrick_south ayrshire,2022ward 8.csv",PM,Alec CLARK (Ind),match,match,match,match,match,match,match,match,match,match,match,match,match,match,match,match
"Ward8-GirvanandSouthCarrick_south ayrshire,2022ward 8.csv",AVG,Alec CLARK (Ind),match,match,match,match,match,match,match,match,match,match,match,match,match,match,match,match
BearsdenSouth_e-duns12-03.csv,OM,Vaughan MOODY (LD),match,match,match,match,match,match,match,match,match,match,match,match,match,match,match,match
BearsdenSouth_e-duns12-03.csv,PM,Vaughan MOODY (LD),match,match,match,match,match,match,match,match,match,match,match,match,match,match,match,match
BearsdenSouth_e-duns12-03.csv,AVG,Vaughan MOODY (LD),match,match,match,match,match,match,match,match,match,match,match,match,match,match,match,match
BishopbriggsNorthandTorrance_e-duns12-05.csv,OM,Una WALKER (Lab),match,match,match,match,match,match,match,match,match,match,match,match,match,match,match,match
BishopbriggsNorthandTorrance_e-duns12-05.csv,PM,Una WALKER (Lab),match,match,match,match,match,match,match,match,match,match,match,match,match,match,match,match
BishopbriggsNorthandTorrance_e-duns12-05.csv,AVG,Una WALKER (Lab),match,match,match,match,match,match,match,match,match,match,match,match,match,match,match,match
CampsieandKirkintillochNorth_e-duns12-04.csv,OM,Charles KENNEDY (EDIA),match,match,match,match,match,match,match,match,match,match,match,match,match,match,match,match
CampsieandKirkintillochNorth_e-duns12-04.csv,PM,Charles KENNEDY (EDIA),match,match,match,match,match,match,match,match,match,match,match,match,match,match,match,match
CampsieandKirkintillochNorth_e-duns12-04.csv,AVG,Charles KENNEDY (EDIA),match,match,match,match,match,match,match,match,match,match,match,match,match,match,match,match
BearsdenNorth_e-duns12-02.csv,OM,Duncan CUMMING (Ind),match,match,match,match,match,match,match,match,match,match,match,match,match,match,match,match
BearsdenNorth_e-duns12-02.csv,PM,Duncan CUMMING (Ind),match,match,match,match,match,match,match,match,match,match,match,match,match,match,match,match
BearsdenNorth_e-duns12-02.csv,AVG,Duncan CUMMING (Ind),match,match,match,match,match,match,match,match,match,match,match,match,match,match,match,match
BishopbriggsSouth_e-duns12-06.csv,OM,Alan MOIR (Lab),match,match,match,match,match,match,match,match,match,match,match,match,match,match,match,match
BishopbriggsSouth_e-duns12-06.csv,PM,Alan MOIR (Lab),match,match,match,match,match,match,match,match,match,match,match,match,match,match,match,match
BishopbriggsSouth_e-duns12-06.csv,AVG,Alan MOIR (Lab),match,match,match,match,match,match,match,match,match,match,match,match,match,match,match,match
KirkintillochEastandTwechar_e-duns12-08.csv,OM,Stewart MACDONALD (Lab),match,match,match,match,match,match,match,match,match,match,match,match,match,match,match,match
KirkintillochEastandTwechar_e-duns12-08.csv,PM,Stewart MACDONALD (Lab),match,match,match,match,match,match,match,match,match,match,match,match,match,match,match,match
KirkintillochEastandTwechar_e-duns12-08.csv,AVG,Stewart MACDONALD (Lab),match,match,match,match,match,match,match,match,match,match,match,match,match,match,match,match
LenzieandKirkintillochSouth_e-duns12-07.csv,OM,Rhondda GEEKIE (Lab),match,match,match,match,match,match,match,match,match,match,match,match,match,match,match,match
LenzieandKirkintillochSouth_e-duns12-07.csv,PM,Rhondda GEEKIE (Lab),match,match,match,match,match,match,match,match,match,match,match,match,match,match,match,match
LenzieandKirkintillochSouth_e-duns12-07.csv,AVG,Rhondda GEEKIE (Lab),match,match,match,match,match,match,match,match,match,match,match,match,match,match,match,match
Milngavie_e-duns12-01.csv,OM,Eric GOTTS (LD),match,match,match,match,match,match,match,match,match,match,match,match,match,match,match,match
Milngavie_e-duns12-01.csv,PM,Eric GOTTS (LD),match,match,match,match,match,match,match,match,match,match,match,match,match,match,match,match
Milngavie_e-duns12-01.csv,AVG,Eric GOTTS (LD),match,match,match,match,match,match,match,match,match,match,match,match,match,match,match,match
Troon_s-ayrshire17-01.csv,OM,Peter John CONVERY (Con),match,match,match,match,match,match,match,match,match,match,match,match,match,match,match,match
Troon_s-ayrshire17-01.csv,PM,Peter John CONVERY (Con),match,match,match,match,match,match,match,match,match,match,match,match,match,match,match,match
Troon_s-ayrshire17-01.csv,AVG,Peter John CONVERY (Con),match,match,match,match,match,match,match,match,match,match,match,match,match,match,match,match
GirvanandSouthCarrick_s-ayrshire17-08.csv,OM,Alec CLARK (Ind),match,match,match,match,match,match,match,match,match,match,match,match,match,match,match,match
GirvanandSouthCarrick_s-ayrshire17-08.csv,PM,Alec CLARK (Ind),match,match,match,match,match,match,match,match,match,match,match,match,match,match,match,match
GirvanandSouthCarrick_s-ayrshire17-08.csv,AVG,Alec CLARK (Ind),match,match,match,match,match,match,match,match,match,match,match,match,match,match,match,match
"Maybole,NorthCarrickandCoylton_s-ayrshire17-07.csv",OM,Brian CONNOLLY (Ind),no_match,no_match,no_match,match,match,match,match,match,match,match,match,match,match,match,match,match
"Maybole,NorthCarrickandCoylton_s-ayrshire17-07.csv",PM,Brian CONNOLLY (Ind),no_match,no_match,no_match,match,match,match,match,match,match,match,match,match,match,match,match,match
"Maybole,NorthCarrickandCoylton_s-ayrshire17-07.csv",AVG,Brian CONNOLLY (Ind),no_match,no_match,no_match,match,match,match,match,match,match,match,match,match,match,match,match,match
Prestwick_s-ayrshire17-02.csv,OM,Hugh HUNTER (Con),match,match,match,match,match,match,match,match,match,match,match,match,match,match,match,match
Prestwick_s-ayrshire17-02.csv,PM,Hugh HUNTER (Con),match,match,match,match,match,match,match,match,match,match,match,match,match,match,match,match
Prestwick_s-ayrshire17-02.csv,AVG,Hugh HUNTER (Con),match,match,match,match,match,match,match,match,match,match,match,match,match,match,match,match
AyrEast_s-ayrshire17-04.csv,OM,Chris CULLEN (SNP),no_match,no_match,no_match,no_match,match,no_match,no_match,no_match,no_match,no_match,no_match,no_match,no_match,no_match,no_match,no_match
AyrEast_s-ayrshire17-04.csv,PM,Mary KILPATRICK (Con),match,match,match,match,no_match,match,match,match,match,match,match,match,match,match,match,match
AyrEast_s-ayrshire17-04.csv,AVG,Mary KILPATRICK (Con),match,match,match,match,no_match,match,match,match,match,match,match,match,match,match,match,match
Kyle_s-ayrshire17-06.csv,OM,Arthur SPURLING (Con),match,match,match,match,match,match,match,match,match,match,match,match,match,match,match,match
Kyle_s-ayrshire17-06.csv,PM,Arthur SPURLING (Con),match,match,match,match,match,match,match,match,match,match,match,match,match,match,match,match
Kyle_s-ayrshire17-06.csv,AVG,Arthur SPURLING (Con),match,match,match,match,match,match,match,match,match,match,match,match,match,match,match,match
AyrNorth_s-ayrshire17-03.csv,OM,Laura BRENNAN-WHITEFIELD (SNP),no_match,match,match,match,match,match,match,match,match,match,match,match,match,no_match,no_match,match
AyrNorth_s-ayrshire17-03.csv,PM,Laura BRENNAN-WHITEFIELD (SNP),no_match,match,match,match,match,match,match,match,match,match,match,match,match,no_match,no_match,match
AyrNorth_s-ayrshire17-03.csv,AVG,Laura BRENNAN-WHITEFIELD (SNP),no_match,match,match,match,match,match,match,match,match,match,match,match,match,no_match,no_match,match
AyrWest_s-ayrshire17-05.csv,OM,Martin DOWEY (Con),match,match,match,match,match,match,match,match,match,match,match,match,match,match,match,match
AyrWest_s-ayrshire17-05.csv,PM,Martin DOWEY (Con),match,match,match,match,match,match,match,match,match,match,match,match,match,match,match,match
AyrWest_s-ayrshire17-05.csv,AVG,Martin DOWEY (Con),match,match,match,match,match,match,match,match,match,match,match,match,match,match,match,match
V0001_Ward-14-Glenrothes-North-Leslie-and-Markinch_06052022_151925.csv,OM,John BEARE (SNP),match,match,match,match,match,match,match,match,match,match,match,match,match,match,match,match
V0001_Ward-14-Glenrothes-North-Leslie-and-Markinch_06052022_151925.csv,PM,John BEARE (SNP),match,match,match,match,match,match,match,match,match,match,match,match,match,match,match,match
V0001_Ward-14-Glenrothes-North-Leslie-and-Markinch_06052022_151925.csv,AVG,John BEARE (SNP),match,match,match,match,match,match,match,match,match,match,match,match,match,match,match,match
PreferenceProfile_V0001_Ward-7-Cowdenbeath_06052022_145532.csv,OM,Alex CAMPBELL (Lab),match,match,match,match,match,match,match,match,match,match,match,match,match,match,match,match
PreferenceProfile_V0001_Ward-7-Cowdenbeath_06052022_145532.csv,PM,Alex CAMPBELL (Lab),match,match,match,match,match,match,match,match,match,match,match,match,match,match,match,match
PreferenceProfile_V0001_Ward-7-Cowdenbeath_06052022_145532.csv,AVG,Alex CAMPBELL (Lab),match,match,match,match,match,match,match,match,match,match,match,match,match,match,match,match
PreferenceProfile_V0001_Ward-2-Dunfermline-North_06052022_151927.csv,OM,Auxi BARRERA (SNP),no_match,no_match,no_match,no_match,no_match,no_match,no_match,no_match,no_match,no_match,no_match,no_match,no_match,no_match,no_match,no_match
PreferenceProfile_V0001_Ward-2-Dunfermline-North_06052022_151927.csv,PM,Gordon PRYDE (Lab),match,match,match,match,match,match,match,match,match,match,match,match,match,match,match,match
PreferenceProfile_V0001_Ward-2-Dunfermline-North_06052022_151927.csv,AVG,Gordon PRYDE (Lab),match,match,match,match,match,match,match,match,match,match,match,match,match,match,match,match
PreferenceProfile_V0001_Ward-10-Kirkcaldy-North_06052022_151928.csv,OM,David ROSS (Lab),match,match,match,match,match,match,match,match,match,match,match,match,match,match,match,match
PreferenceProfile_V0001_Ward-10-Kirkcaldy-North_06052022_151928.csv,PM,David ROSS (Lab),match,match,match,match,match,match,match,match,match,match,match,match,match,match,match,match
PreferenceProfile_V0001_Ward-10-Kirkcaldy-North_06052022_151928.csv,AVG,David ROSS (Lab),match,match,match,match,match,match,match,match,match,match,match,match,match,match,match,match
V0001_Ward-15-Glenrothes-Central-and-Thornton_06052022_145551.csv,OM,Ross VETTRAINO (SNP),match,match,match,match,match,match,match,match,match,match,match,match,match,match,match,match
V0001_Ward-15-Glenrothes-Central-and-Thornton_06052022_145551.csv,PM,Ross VETTRAINO (SNP),match,match,match,match,match,match,match,match,match,match,match,match,match,match,match,match
V0001_Ward-15-Glenrothes-Central-and-Thornton_06052022_145551.csv,AVG,Ross VETTRAINO (SNP),match,match,match,match,match,match,match,match,match,match,match,match,match,match,match,match
PreferenceProfile_V0001_Ward-3-Dunfermline-Central_06052022_145551.csv,OM,Derek Gareth GLEN (SNP),no_match,no_match,no_match,no_match,match,no_match,no_match,no_match,no_match,no_match,no_match,no_match,no_match,no_match,no_match,no_match
PreferenceProfile_V0001_Ward-3-Dunfermline-Central_06052022_145551.csv,PM,Aude BOUBAKER-CALDER (LD),match,match,match,match,no_match,match,match,match,match,match,match,match,match,no_match,no_match,match
PreferenceProfile_V0001_Ward-3-Dunfermline-Central_06052022_145551.csv,AVG,Aude BOUBAKER-CALDER (LD),match,match,match,match,no_match,match,match,match,match,match,match,match,match,no_match,no_match,match
V0001_Ward-13-Glenrothes-West-and-Kinglassie_06052022_145551.csv,OM,Julie Christina FORD (SNP),match,match,match,match,match,match,match,match,match,match,match,match,match,match,no_match,match
V0001_Ward-13-Glenrothes-West-and-Kinglassie_06052022_145551.csv,PM,Julie Christina FORD (SNP),match,match,match,match,match,match,match,match,match,match,match,match,match,match,no_match,match
V0001_Ward-13-Glenrothes-West-and-Kinglassie_06052022_145551.csv,AVG,Julie Christina FORD (SNP),match,match,match,match,match,match,match,match,match,match,match,match,match,match,no_match,match
V0001_Ward-1-West-Fife-and-Coastal-Villages_06052022_145537.csv,OM,Sam STEELE (SNP),no_match,no_match,no_match,no_match,no_match,no_match,no_match,no_match,no_match,no_match,no_match,no_match,no_match,no_match,no_match,no_match
V0001_Ward-1-West-Fife-and-Coastal-Villages_06052022_145537.csv,PM,Graeme James DOWNIE (Lab),match,match,match,match,match,match,match,match,match,match,match,match,match,match,match,match
V0001_Ward-1-West-Fife-and-Coastal-Villages_06052022_145537.csv,AVG,Graeme James DOWNIE (Lab),match,match,match,match,match,match,match,match,match,match,match,match,match,match,match,match
Ward5-Rosyth_PreferenceProfile_V0001_Ward-5-Rosyth_06052022_145544.csv,OM,Brian John GOODALL (SNP),no_match,match,match,no_match,match,no_match,match,match,match,match,match,match,match,no_match,no_match,match
Ward5-Rosyth_PreferenceProfile_V0001_Ward-5-Rosyth_06052022_145544.csv,PM,Brian John GOODALL (SNP),no_match,match,match,no_match,match,no_match,match,match,match,match,match,match,match,no_match,no_match,match
Ward5-Rosyth_PreferenceProfile_V0001_Ward-5-Rosyth_06052022_145544.csv,AVG,Brian John GOODALL (SNP),no_match,match,match,no_match,match,no_match,match,match,match,match,match,match,match,no_match,no_match,match
V0001_Ward-16-Howe-Of-Fife-and-Tay-Coast_06052022_151928.csv,OM,Donald Norman LOTHIAN (LD),no_match,match,match,match,match,match,match,match,match,match,match,match,match,match,match,match
V0001_Ward-16-Howe-Of-Fife-and-Tay-Coast_06052022_151928.csv,PM,Donald Norman LOTHIAN (LD),no_match,match,match,match,match,match,match,match,match,match,match,match,match,match,match,match
V0001_Ward-16-Howe-Of-Fife-and-Tay-Coast_06052022_151928.csv,AVG,Donald Norman LOTHIAN (LD),no_match,match,match,match,match,match,match,match,match,match,match,match,match,match,match,match
PreferenceProfile_V0001_Ward-11-Kirkcaldy-Central_06052022_145551.csv,OM,Alistair CAMERON (Lab),no_match,no_match,match,no_match,match,no_match,match,match,match,match,match,match,match,no_match,no_match,match
PreferenceProfile_V0001_Ward-11-Kirkcaldy-Central_06052022_145551.csv,PM,Alistair CAMERON (Lab),no_match,no_match,match,no_match,match,no_match,match,match,match,match,match,match,match,no_match,no_match,match
PreferenceProfile_V0001_Ward-11-Kirkcaldy-Central_06052022_145551.csv,AVG,Alistair CAMERON (Lab),no_match,no_match,match,no_match,match,no_match,match,match,match,match,match,match,match,no_match,no_match,match
V0001_Ward-6-Inverkeithing-and-Dalgety-Bay_06052022_151927.csv,OM,David BARRATT (SNP),match,match,match,match,match,match,match,match,match,match,match,match,match,match,match,match
V0001_Ward-6-Inverkeithing-and-Dalgety-Bay_06052022_151927.csv,PM,David BARRATT (SNP),match,match,match,match,match,match,match,match,match,match,match,match,match,match,match,match
V0001_Ward-6-Inverkeithing-and-Dalgety-Bay_06052022_151927.csv,AVG,David BARRATT (SNP),match,match,match,match,match,match,match,match,match,match,match,match,match,match,match,match
V0001_Ward-21-Leven-Kennoway-and-Largo_06052022_145552.csv,OM,David ALEXANDER (SNP),match,match,match,match,match,match,match,match,match,match,match,match,match,match,match,match
V0001_Ward-21-Leven-Kennoway-and-Largo_06052022_145552.csv,PM,David ALEXANDER (SNP),match,match,match,match,match,match,match,match,match,match,match,match,match,match,match,match
V0001_Ward-21-Leven-Kennoway-and-Largo_06052022_145552.csv,AVG,David ALEXANDER (SNP),match,match,match,match,match,match,match,match,match,match,match,match,match,match,match,match
PreferenceProfile_V0001_Ward-17-Tay-Bridgehead_06052022_145551.csv,OM,Jonny TEPP (LD),no_match,match,match,match,match,match,match,match,match,match,match,match,match,match,match,match
PreferenceProfile_V0001_Ward-17-Tay-Bridgehead_06052022_145551.csv,PM,Jonny TEPP (LD),no_match,match,match,match,match,match,match,match,match,match,match,match,match,match,match,match
PreferenceProfile_V0001_Ward-17-Tay-Bridgehead_06052022_145551.csv,AVG,Jonny TEPP (LD),no_match,match,match,match,match,match,match,match,match,match,match,match,match,match,match,match
PreferenceProfile_V0001_Ward-18-St.-Andrews_06052022_151928.csv,OM,TIED,no_match,no_match,no_match,no_match,no_match,no_match,no_match,no_match,no_match,no_match,no_match,no_match,no_match,no_match,no_match,no_match
PreferenceProfile_V0001_Ward-18-St.-Andrews_06052022_151928.csv,PM,Jane Ann LISTON (LD),match,match,match,match,match,match,match,match,match,match,match,match,match,match,match,match
PreferenceProfile_V0001_Ward-18-St.-Andrews_06052022_151928.csv,AVG,Jane Ann LISTON (LD),match,match,match,match,match,match,match,match,match,match,match,match,match,match,match,match
V0001_Ward-19-East-Neuk-and-Landward_06052022_145551.csv,OM,Fiona CORPS (LD),match,match,match,match,match,match,match,match,match,match,match,match,match,match,match,match
V0001_Ward-19-East-Neuk-and-Landward_06052022_145551.csv,PM,Fiona CORPS (LD),match,match,match,match,match,match,match,match,match,match,match,match,match,match,match,match
V0001_Ward-19-East-Neuk-and-Landward_06052022_145551.csv,AVG,Fiona CORPS (LD),match,match,match,match,match,match,match,match,match,match,match,match,match,match,match,match
V0001_Ward-22-Buckhaven-Methil-and-Wemyss-Villages_06052022_151928.csv,OM,Ken CALDWELL (SNP),match,match,match,match,match,match,match,match,match,match,match,match,match,match,no_match,match
V0001_Ward-22-Buckhaven-Methil-and-Wemyss-Villages_06052022_151928.csv,PM,Ken CALDWELL (SNP),match,match,match,match,match,match,match,match,match,match,match,match,match,match,no_match,match
V0001_Ward-22-Buckhaven-Methil-and-Wemyss-Villages_06052022_151928.csv,AVG,Ken CALDWELL (SNP),match,match,match,match,match,match,match,match,match,match,match,match,match,match,no_match,match
Ward20-Cupar_PreferenceProfile_V0001_Ward-20-Cupar_06052022_151928.csv,OM,Margaret Christine KENNEDY (LD),match,match,match,match,match,match,match,match,match,match,match,match,match,match,match,match
Ward20-Cupar_PreferenceProfile_V0001_Ward-20-Cupar_06052022_151928.csv,PM,Margaret Christine KENNEDY (LD),match,match,match,match,match,match,match,match,match,match,match,match,match,match,match,match
Ward20-Cupar_PreferenceProfile_V0001_Ward-20-Cupar_06052022_151928.csv,AVG,Margaret Christine KENNEDY (LD),match,match,match,match,match,match,match,match,match,match,match,match,match,match,match,match
PreferenceProfile_V0001_Ward-4-Dunfermline-South_06052022_151924.csv,OM,Lynn BALLANTYNE WARDLAW (SNP),no_match,no_match,no_match,no_match,no_match,no_match,no_match,no_match,no_match,no_match,no_match,no_match,no_match,no_match,no_match,no_match
PreferenceProfile_V0001_Ward-4-Dunfermline-South_06052022_151924.csv,PM,Cara HILTON (Lab),no_match,match,match,match,match,match,match,match,match,match,match,match,match,match,match,match
PreferenceProfile_V0001_Ward-4-Dunfermline-South_06052022_151924.csv,AVG,Cara HILTON (Lab),no_match,match,match,match,match,match,match,match,match,match,match,match,match,match,match,match
Ward-9-Burntisland-Kinghorn-and-Western-Kirkcaldy_06052022_145551.csv,OM,Julie MACDOUGALL (Lab),no_match,match,match,match,no_match,match,match,match,match,match,match,match,match,match,match,match
Ward-9-Burntisland-Kinghorn-and-Western-Kirkcaldy_06052022_145551.csv,PM,Julie MACDOUGALL (Lab),no_match,match,match,match,no_match,match,match,match,match,match,match,match,match,match,match,match
Ward-9-Burntisland-Kinghorn-and-Western-Kirkcaldy_06052022_145551.csv,AVG,Julie MACDOUGALL (Lab),no_match,match,match,match,no_match,match,match,match,match,match,match,match,match,match,match,match
V0001_Ward-8-Lochgelly-Cardenden-and-Benarty_06052022_151928.csv,OM,Rosemary LIEWALD (SNP),no_match,no_match,no_match,no_match,no_match,no_match,no_match,no_match,no_match,no_match,no_match,no_match,no_match,no_match,no_match,no_match
V0001_Ward-8-Lochgelly-Cardenden-and-Benarty_06052022_151928.csv,PM,Mary BAIN-LOCKHART (Lab),match,match,match,match,match,match,match,match,match,match,match,match,match,match,match,match
V0001_Ward-8-Lochgelly-Cardenden-and-Benarty_06052022_151928.csv,AVG,Mary BAIN-LOCKHART (Lab),match,match,match,match,match,match,match,match,match,match,match,match,match,match,match,match
PreferenceProfile_V0001_Ward-12-Kirkcaldy-East_06052022_151925.csv,OM,Rod CAVANAGH (SNP),no_match,no_match,no_match,no_match,no_match,no_match,no_match,no_match,no_match,no_match,no_match,no_match,no_match,no_match,no_match,no_match
PreferenceProfile_V0001_Ward-12-Kirkcaldy-East_06052022_151925.csv,PM,Ian John CAMERON (Lab),match,match,match,match,match,match,match,match,match,match,match,match,match,match,match,match
PreferenceProfile_V0001_Ward-12-Kirkcaldy-East_06052022_151925.csv,AVG,Ian John CAMERON (Lab),match,match,match,match,match,match,match,match,match,match,match,match,match,match,match,match
Ward4-LivingstonSouth_West Lothian 2021 by-election Ward_4.csv,OM,Maria MACAULAY (UNKNOWN),match,match,match,match,match,match,match,match,match,match,match,match,match,match,match,match
Ward4-LivingstonSouth_West Lothian 2021 by-election Ward_4.csv,PM,Maria MACAULAY (UNKNOWN),match,match,match,match,match,match,match,match,match,match,match,match,match,match,match,match
Ward4-LivingstonSouth_West Lothian 2021 by-election Ward_4.csv,AVG,Maria MACAULAY (UNKNOWN),match,match,match,match,match,match,match,match,match,match,match,match,match,match,match,match
Ward7-WhitburnandBlackburn_West Lothian 2024 by-election Ward 7.csv,OM,David Blackie RUSSELL (Lab),match,match,match,match,match,match,match,match,match,match,match,match,match,match,match,match
Ward7-WhitburnandBlackburn_West Lothian 2024 by-election Ward 7.csv,PM,David Blackie RUSSELL (Lab),match,match,match,match,match,match,match,match,match,match,match,match,match,match,match,match
Ward7-WhitburnandBlackburn_West Lothian 2024 by-election Ward 7.csv,AVG,David Blackie RUSSELL (Lab),match,match,match,match,match,match,match,match,match,match,match,match,match,match,match,match
Ward6-CromartyFirth_Highland 2023 by-election Ward 6.csv,OM,John EDMONDSON (LD),match,match,match,match,no_match,match,match,match,match,match,match,match,match,no_match,no_match,match
Ward6-CromartyFirth_Highland 2023 by-election Ward 6.csv,PM,John EDMONDSON (LD),match,match,match,match,no_match,match,match,match,match,match,match,match,match,no_match,no_match,match
Ward6-CromartyFirth_Highland 2023 by-election Ward 6.csv,AVG,John EDMONDSON (LD),match,match,match,match,no_match,match,match,match,match,match,match,match,match,no_match,no_match,match
Ward3-FraserburghandDistrict_aberdeenshire 2024 by-election ward 3.csv,OM,Iain SUTHERLAND (Con),match,match,match,match,match,match,match,match,match,match,match,match,match,match,match,match
Ward3-FraserburghandDistrict_aberdeenshire 2024 by-election ward 3.csv,PM,Iain SUTHERLAND (Con),match,match,match,match,match,match,match,match,match,match,match,match,match,match,match,match
Ward3-FraserburghandDistrict_aberdeenshire 2024 by-election ward 3.csv,AVG,Iain SUTHERLAND (Con),match,match,match,match,match,match,match,match,match,match,match,match,match,match,match,match
LeithWalkWard_edinburgh by-election 2015 Leith Walk.csv,OM,John Lewis RITCHIE (SNP),match,match,match,match,match,match,match,match,match,match,match,match,match,match,match,match
LeithWalkWard_edinburgh by-election 2015 Leith Walk.csv,PM,John Lewis RITCHIE (SNP),match,match,match,match,match,match,match,match,match,match,match,match,match,match,match,match
LeithWalkWard_edinburgh by-election 2015 Leith Walk.csv,AVG,John Lewis RITCHIE (SNP),match,match,match,match,match,match,match,match,match,match,match,match,match,match,match,match
Ward8-Colinton-Fairmilehead_Edinburgh 2024 by-election Ward 8.csv,OM,Louise Watson SPENCE (LD),match,match,match,match,match,match,match,match,match,match,match,match,match,match,match,match
Ward8-Colinton-Fairmilehead_Edinburgh 2024 by-election Ward 8.csv,PM,Louise Watson SPENCE (LD),match,match,match,match,match,match,match,match,match,match,match,match,match,match,match,match
Ward8-Colinton-Fairmilehead_Edinburgh 2024 by-election Ward 8.csv,AVG,Louise Watson SPENCE (LD),match,match,match,match,match,match,match,match,match,match,match,match,match,match,match,match
East Lothian 2019 by-election Ward 5 haddington.csv,OM,Craig HOY (UNKNOWN),match,match,match,match,match,match,match,match,match,match,match,match,match,no_match,no_match,match
East Lothian 2019 by-election Ward 5 haddington.csv,PM,Craig HOY (UNKNOWN),match,match,match,match,match,match,match,match,match,match,match,match,match,no_match,no_match,match
East Lothian 2019 by-election Ward 5 haddington.csv,AVG,Craig HOY (UNKNOWN),match,match,match,match,match,match,match,match,match,match,match,match,match,no_match,no_match,match
Ward7-FalkirkSouth_Falkirk 2021 by-election South.csv,OM,Emma Lindsey RUSSELL (UNKNOWN),match,match,match,match,match,match,match,match,match,match,match,match,match,match,no_match,match
Ward7-FalkirkSouth_Falkirk 2021 by-election South.csv,PM,Emma Lindsey RUSSELL (UNKNOWN),match,match,match,match,match,match,match,match,match,match,match,match,match,match,no_match,match
Ward7-FalkirkSouth_Falkirk 2021 by-election South.csv,AVG,Emma Lindsey RUSSELL (UNKNOWN),match,match,match,match,match,match,match,match,match,match,match,match,match,match,no_match,match
clackmannanshire 2019 by-election ward 3 central.csv,OM,Jane MCTAGGART (UNKNOWN),match,match,match,match,match,match,match,match,match,match,match,match,match,match,match,match
clackmannanshire 2019 by-election ward 3 central.csv,PM,Jane MCTAGGART (UNKNOWN),match,match,match,match,match,match,match,match,match,match,match,match,match,match,match,match
clackmannanshire 2019 by-election ward 3 central.csv,AVG,Jane MCTAGGART (UNKNOWN),match,match,match,match,match,match,match,match,match,match,match,match,match,match,match,match
Glasgow by-election 2021 Ward 23 Partick East-Kelvindale.csv,OM,Abdul BOSTANI (UNKNOWN),match,no_match,no_match,no_match,no_match,no_match,no_match,no_match,no_match,no_match,no_match,no_match,no_match,no_match,no_match,no_match
Glasgow by-election 2021 Ward 23 Partick East-Kelvindale.csv,PM,Jill BROWN (UNKNOWN),no_match,match,match,match,match,match,match,match,match,match,match,match,match,match,match,match
Glasgow by-election 2021 Ward 23 Partick East-Kelvindale.csv,AVG,Jill BROWN (UNKNOWN),no_match,match,match,match,match,match,match,match,match,match,match,match,match,match,match,match
Ward1-Strathmartine_Dundee 2024 by-election Starthmartine.csv,OM,Jimmy BLACK (SNP),match,match,match,match,no_match,no_match,match,match,match,match,match,match,match,no_match,no_match,match
Ward1-Strathmartine_Dundee 2024 by-election Starthmartine.csv,PM,Jimmy BLACK (SNP),match,match,match,match,no_match,no_match,match,match,match,match,match,match,match,no_match,no_match,match
Ward1-Strathmartine_Dundee 2024 by-election Starthmartine.csv,AVG,Jimmy BLACK (SNP),match,match,match,match,no_match,no_match,match,match,match,match,match,match,match,no_match,no_match,match
Aberdeen City Torry-Ferryhill Ward by election 2019.csv,OM,Audrey NICOLL (UNKNOWN),match,match,match,match,match,match,match,match,match,match,match,match,match,match,match,match
Aberdeen City Torry-Ferryhill Ward by election 2019.csv,PM,Audrey NICOLL (UNKNOWN),match,match,match,match,match,match,match,match,match,match,match,match,match,match,match,match
Aberdeen City Torry-Ferryhill Ward by election 2019.csv,AVG,Audrey NICOLL (UNKNOWN),match,match,match,match,match,match,match,match,match,match,match,match,match,match,match,match
North Lanarkshire 2023 by-election Motherweel South East and Ravenscraig.csv,OM,Kaye HARMON (Lab) and Co-Operative Party,match,match,match,match,match,match,match,match,match,match,match,match,match,match,match,match
North Lanarkshire 2023 by-election Motherweel South East and Ravenscraig.csv,PM,Kaye HARMON (Lab) and Co-Operative Party,match,match,match,match,match,match,match,match,match,match,match,match,match,match,match,match
North Lanarkshire 2023 by-election Motherweel South East and Ravenscraig.csv,AVG,Kaye HARMON (Lab) and Co-Operative Party,match,match,match,match,match,match,match,match,match,match,match,match,match,match,match,match
West Lothian 2021 by-election Ward_5.csv,OM,Thomas George ULLATHORNE (UNKNOWN),match,match,match,match,match,match,match,match,match,match,match,match,match,match,match,match
West Lothian 2021 by-election Ward_5.csv,PM,Thomas George ULLATHORNE (UNKNOWN),match,match,match,match,match,match,match,match,match,match,match,match,match,match,match,match
West Lothian 2021 by-election Ward_5.csv,AVG,Thomas George ULLATHORNE (UNKNOWN),match,match,match,match,match,match,match,match,match,match,match,match,match,match,match,match
Ward7-Strathallan_Perth and Kinross 2024 by-election Ward 7.csv,OM,Alan James WATT (LD),no_match,match,match,match,match,match,match,match,match,match,match,match,match,match,match,match
Ward7-Strathallan_Perth and Kinross 2024 by-election Ward 7.csv,PM,Alan James WATT (LD),no_match,match,match,match,match,match,match,match,match,match,match,match,match,match,match,match
Ward7-Strathallan_Perth and Kinross 2024 by-election Ward 7.csv,AVG,Alan James WATT (LD),no_match,match,match,match,match,match,match,match,match,match,match,match,match,match,match,match
Ward11Hillhead_Glasgow 2023 by-election Hillhead.csv,OM,Seonad HOY (Grn),no_match,match,match,no_match,match,match,match,match,match,match,match,match,match,match,no_match,match
Ward11Hillhead_Glasgow 2023 by-election Hillhead.csv,PM,Seonad HOY (Grn),no_match,match,match,no_match,match,match,match,match,match,match,match,match,match,match,no_match,match
Ward11Hillhead_Glasgow 2023 by-election Hillhead.csv,AVG,Seonad HOY (Grn),no_match,match,match,no_match,match,match,match,match,match,match,match,match,match,match,no_match,match
Ward7-FalkirkSouth_Falkirk 2024 Ward 7 by-election.csv,OM,Claire AITKEN (Lab),no_match,match,match,match,match,match,match,match,match,match,match,match,match,match,match,match
Ward7-FalkirkSouth_Falkirk 2024 Ward 7 by-election.csv,PM,Claire AITKEN (Lab),no_match,match,match,match,match,match,match,match,match,match,match,match,match,match,match,match
Ward7-FalkirkSouth_Falkirk 2024 Ward 7 by-election.csv,AVG,Claire AITKEN (Lab),no_match,match,match,match,match,match,match,match,match,match,match,match,match,match,match,match
Ward14-InvernessCentral_Highland 2024 by-election Ward 14.csv,OM,Michael GREGSON (Lab),no_match,match,match,match,match,match,no_match,match,match,match,match,match,match,match,match,match
Ward14-InvernessCentral_Highland 2024 by-election Ward 14.csv,PM,Michael GREGSON (Lab),no_match,match,match,match,match,match,no_match,match,match,match,match,match,match,match,match,match
Ward14-InvernessCentral_Highland 2024 by-election Ward 14.csv,AVG,Michael GREGSON (Lab),no_match,match,match,match,match,match,no_match,match,match,match,match,match,match,match,match,match
Ward10-PerthCitySouth_Perth Kinross by-election 2020 South.csv,OM,Liz BARRETT (UNKNOWN),no_match,match,match,match,match,match,match,match,match,match,match,match,match,match,match,match
Ward10-PerthCitySouth_Perth Kinross by-election 2020 South.csv,PM,Liz BARRETT (UNKNOWN),no_match,match,match,match,match,match,match,match,match,match,match,match,match,match,match,match
Ward10-PerthCitySouth_Perth Kinross by-election 2020 South.csv,AVG,Liz BARRETT (UNKNOWN),no_match,match,match,match,match,match,match,match,match,match,match,match,match,match,match,match
aberdeenshire by-election 2016 inverurie and district.csv,OM,Colin Clark (UNKNOWN),match,match,match,match,match,match,match,match,match,match,match,match,match,no_match,match,match
aberdeenshire by-election 2016 inverurie and district.csv,PM,Colin Clark (UNKNOWN),match,match,match,match,match,match,match,match,match,match,match,match,match,no_match,match,match
aberdeenshire by-election 2016 inverurie and district.csv,AVG,Colin Clark (UNKNOWN),match,match,match,match,match,match,match,match,match,match,match,match,match,no_match,match,match
Ward2-Lochee_Dundee 2024 by-election Lochee.csv,OM,Lee MILLS (SNP),match,match,match,no_match,no_match,no_match,match,match,match,match,match,match,match,no_match,no_match,match
Ward2-Lochee_Dundee 2024 by-election Lochee.csv,PM,Lee MILLS (SNP),match,match,match,no_match,no_match,no_match,match,match,match,match,match,match,match,no_match,no_match,match
Ward2-Lochee_Dundee 2024 by-election Lochee.csv,AVG,Lee MILLS (SNP),match,match,match,no_match,no_match,no_match,match,match,match,match,match,match,match,no_match,no_match,match
Ward19-Mearns_aberdeenshire 2024 by-election ward 19.csv,OM,Tracey SMITH (Con),match,match,match,match,no_match,match,match,match,match,match,match,match,match,match,match,match
Ward19-Mearns_aberdeenshire 2024 by-election ward 19.csv,PM,Tracey SMITH (Con),match,match,match,match,no_match,match,match,match,match,match,match,match,match,match,match,match
Ward19-Mearns_aberdeenshire 2024 by-election ward 19.csv,AVG,Tracey SMITH (Con),match,match,match,match,no_match,match,match,match,match,match,match,match,match,match,match,match
Ward9-DoonValley_East Ayrshire by-election 2024 Ward 9.csv,OM,Jim KYLE (Lab),match,match,match,match,match,match,match,match,match,match,match,match,match,match,match,match
Ward9-DoonValley_East Ayrshire by-election 2024 Ward 9.csv,PM,Jim KYLE (Lab),match,match,match,match,match,match,match,match,match,match,match,match,match,match,match,match
Ward9-DoonValley_East Ayrshire by-election 2024 Ward 9.csv,AVG,Jim KYLE (Lab),match,match,match,match,match,match,match,match,match,match,match,match,match,match,match,match
Ward8-IsleofBute_Argyll Bute by-election Isle of Bute 2021.csv,OM,Liz MCCABE (UNKNOWN),no_match,match,match,no_match,match,match,no_match,match,match,match,match,match,match,no_match,no_match,match
Ward8-IsleofBute_Argyll Bute by-election Isle of Bute 2021.csv,PM,Liz MCCABE (UNKNOWN),no_match,match,match,no_match,match,match,no_match,match,match,match,match,match,match,no_match,no_match,match
Ward8-IsleofBute_Argyll Bute by-election Isle of Bute 2021.csv,AVG,Liz MCCABE (UNKNOWN),no_match,match,match,no_match,match,match,no_match,match,match,match,match,match,match,no_match,no_match,match
Ward12-PerthCityCentre_Perth Kinross 2015 by-election Ward 12.csv,OM,Andrew John PARROTT (UNKNOWN),match,match,match,match,match,match,match,match,match,match,match,match,match,match,match,match
Ward12-PerthCityCentre_Perth Kinross 2015 by-election Ward 12.csv,PM,Andrew John PARROTT (UNKNOWN),match,match,match,match,match,match,match,match,match,match,match,match,match,match,match,match
Ward12-PerthCityCentre_Perth Kinross 2015 by-election Ward 12.csv,AVG,Andrew John PARROTT (UNKNOWN),match,match,match,match,match,match,match,match,match,match,match,match,match,match,match,match
Ward1Linn_Glasgow 2022 Linn Ward.csv,OM,John CARSON Glasgow (Lab),match,match,match,match,match,match,match,match,match,match,match,match,match,match,match,match
Ward1Linn_Glasgow 2022 Linn Ward.csv,PM,John CARSON Glasgow (Lab),match,match,match,match,match,match,match,match,match,match,match,match,match,match,match,match
Ward1Linn_Glasgow 2022 Linn Ward.csv,AVG,John CARSON Glasgow (Lab),match,match,match,match,match,match,match,match,match,match,match,match,match,match,match,match
Stirling 2024 August by-election ward 3.csv,OM,David WILSON (Lab),no_match,match,match,match,match,match,match,match,match,match,match,match,match,match,match,match
Stirling 2024 August by-election ward 3.csv,PM,David WILSON (Lab),no_match,match,match,match,match,match,match,match,match,match,match,match,match,match,match,match
Stirling 2024 August by-election ward 3.csv,AVG,David WILSON (Lab),no_match,match,match,match,match,match,match,match,match,match,match,match,match,match,match,match
Aberdeen_2023_by_election_Dyce_Bucksburn_Danestone.csv,OM,Graeme LAWRENCE (Lab),no_match,match,match,match,match,match,match,match,match,match,match,match,match,match,match,match
Aberdeen_2023_by_election_Dyce_Bucksburn_Danestone.csv,PM,Graeme LAWRENCE (Lab),no_match,match,match,match,match,match,match,match,match,match,match,match,match,match,match,match
Aberdeen_2023_by_election_Dyce_Bucksburn_Danestone.csv,AVG,Graeme LAWRENCE (Lab),no_match,match,match,match,match,match,match,match,match,match,match,match,match,match,match,match
Ward7-TainandEasterRoss_Highland 2023 by-election Ward 7.csv,OM,Maureen ROSS (Ind),match,match,match,match,match,match,match,match,match,match,match,match,match,match,match,match
Ward7-TainandEasterRoss_Highland 2023 by-election Ward 7.csv,PM,Maureen ROSS (Ind),match,match,match,match,match,match,match,match,match,match,match,match,match,match,match,match
Ward7-TainandEasterRoss_Highland 2023 by-election Ward 7.csv,AVG,Maureen ROSS (Ind),match,match,match,match,match,match,match,match,match,match,match,match,match,match,match,match
Ward9-AlmondandEarn_Perth Kinross 2016 by-election ward 9.csv,OM,Kathleen BAIRD (UNKNOWN),match,match,match,match,match,match,match,match,match,match,match,match,match,match,match,match
Ward9-AlmondandEarn_Perth Kinross 2016 by-election ward 9.csv,PM,Kathleen BAIRD (UNKNOWN),match,match,match,match,match,match,match,match,match,match,match,match,match,match,match,match
Ward9-AlmondandEarn_Perth Kinross 2016 by-election ward 9.csv,AVG,Kathleen BAIRD (UNKNOWN),match,match,match,match,match,match,match,match,match,match,match,match,match,match,match,match
Ward5-InverclydeWest_Inverclyde 2024 by-election ward 5.csv,OM,Ian HELLYER (Lab),match,match,match,match,match,match,match,match,match,match,match,match,match,match,match,match
Ward5-InverclydeWest_Inverclyde 2024 by-election ward 5.csv,PM,Ian HELLYER (Lab),match,match,match,match,match,match,match,match,match,match,match,match,match,match,match,match
Ward5-InverclydeWest_Inverclyde 2024 by-election ward 5.csv,AVG,Ian HELLYER (Lab),match,match,match,match,match,match,match,match,match,match,match,match,match,match,match,match
Ward7-TainandEasterRoss_Highland 2024 by-election Ward 7.csv,OM,Laura DUNDAS (Ind),match,match,match,match,match,match,match,match,match,match,match,match,match,match,match,match
Ward7-TainandEasterRoss_Highland 2024 by-election Ward 7.csv,PM,Laura DUNDAS (Ind),match,match,match,match,match,match,match,match,match,match,match,match,match,match,match,match
Ward7-TainandEasterRoss_Highland 2024 by-election Ward 7.csv,AVG,Laura DUNDAS (Ind),match,match,match,match,match,match,match,match,match,match,match,match,match,match,match,match
Ward2-KintyreandtheIslands_Argyll and Bute 2024 by-election Ward 2.csv,OM,Anne HORN (SNP),match,match,match,match,match,match,match,match,match,match,match,match,match,match,match,match
Ward2-KintyreandtheIslands_Argyll and Bute 2024 by-election Ward 2.csv,PM,Anne HORN (SNP),match,match,match,match,match,match,match,match,match,match,match,match,match,match,match,match
Ward2-KintyreandtheIslands_Argyll and Bute 2024 by-election Ward 2.csv,AVG,Anne HORN (SNP),match,match,match,match,match,match,match,match,match,match,match,match,match,match,match,match
North Lanarkshire 2024 by-election Ward 16.csv,OM,Helena GRAY (Lab),match,match,match,match,match,match,match,match,match,match,match,match,match,match,match,match
North Lanarkshire 2024 by-election Ward 16.csv,PM,Helena GRAY (Lab),match,match,match,match,match,match,match,match,match,match,match,match,match,match,match,match
North Lanarkshire 2024 by-election Ward 16.csv,AVG,Helena GRAY (Lab),match,match,match,match,match,match,match,match,match,match,match,match,match,match,match,match
Ward10-PerthCitySouth_Perth Kinross 2017 by-election Ward 10.csv,OM,Liz BARRETT (UNKNOWN),no_match,no_match,no_match,match,match,match,match,match,match,match,match,match,match,match,match,match
Ward10-PerthCitySouth_Perth Kinross 2017 by-election Ward 10.csv,PM,Liz BARRETT (UNKNOWN),no_match,no_match,no_match,match,match,match,match,match,match,match,match,match,match,match,match,match
Ward10-PerthCitySouth_Perth Kinross 2017 by-election Ward 10.csv,AVG,Liz BARRETT (UNKNOWN),no_match,no_match,no_match,match,match,match,match,match,match,match,match,match,match,match,match,match
Ward2-Preston-Seton-Gosford_East Lothian 2022 by-election ward 2.csv,OM,Colin YORKSTON (Lab),match,match,match,match,match,match,match,match,match,match,match,match,match,match,match,match
Ward2-Preston-Seton-Gosford_East Lothian 2022 by-election ward 2.csv,PM,Colin YORKSTON (Lab),match,match,match,match,match,match,match,match,match,match,match,match,match,match,match,match
Ward2-Preston-Seton-Gosford_East Lothian 2022 by-election ward 2.csv,AVG,Colin YORKSTON (Lab),match,match,match,match,match,match,match,match,match,match,match,match,match,match,match,match
Ward9LomondNorth_Argyll Bute by-election 2021 Lomond North.csv,OM,Paul Collins (Con),match,match,match,match,no_match,no_match,no_match,match,match,match,match,match,match,no_match,no_match,match
Ward9LomondNorth_Argyll Bute by-election 2021 Lomond North.csv,PM,Paul Collins (Con),match,match,match,match,no_match,no_match,no_match,match,match,match,match,match,match,no_match,no_match,match
Ward9LomondNorth_Argyll Bute by-election 2021 Lomond North.csv,AVG,Paul Collins (Con),match,match,match,match,no_match,no_match,no_match,match,match,match,match,match,match,no_match,no_match,match
Aberdeenshire 2020 by-election Ellon and District.csv,OM,Louise MCALLISTER (UNKNOWN),match,match,match,match,match,match,match,match,match,match,match,match,match,match,no_match,match
Aberdeenshire 2020 by-election Ellon and District.csv,PM,Louise MCALLISTER (UNKNOWN),match,match,match,match,match,match,match,match,match,match,match,match,match,match,no_match,match
Aberdeenshire 2020 by-election Ellon and District.csv,AVG,Louise MCALLISTER (UNKNOWN),match,match,match,match,match,match,match,match,match,match,match,match,match,match,no_match,match
Ward5-LeaderdaleandMelrose_Scottish Borders 2021 by-elction Ward 5.csv,OM,Jenny LINEHAN (UNKNOWN),match,match,match,match,no_match,match,match,match,match,match,match,match,match,match,match,match
Ward5-LeaderdaleandMelrose_Scottish Borders 2021 by-elction Ward 5.csv,PM,Jenny LINEHAN (UNKNOWN),match,match,match,match,no_match,match,match,match,match,match,match,match,match,match,match,match
Ward5-LeaderdaleandMelrose_Scottish Borders 2021 by-elction Ward 5.csv,AVG,Jenny LINEHAN (UNKNOWN),match,match,match,match,no_match,match,match,match,match,match,match,match,match,match,match,match
East Ayrshire by-election 2024 Ward 3.csv,OM,Jayne SANGSTER (Lab),match,match,match,match,match,match,match,match,match,match,match,match,match,match,match,match
East Ayrshire by-election 2024 Ward 3.csv,PM,Jayne SANGSTER (Lab),match,match,match,match,match,match,match,match,match,match,match,match,match,match,match,match
East Ayrshire by-election 2024 Ward 3.csv,AVG,Jayne SANGSTER (Lab),match,match,match,match,match,match,match,match,match,match,match,match,match,match,match,match
Ward12-EastGarioch_Aberdeenshire 2021 by-election East Garioch.csv,OM,David KEATING (UNKNOWN),match,match,match,match,match,match,match,match,match,match,match,match,match,match,match,match
Ward12-EastGarioch_Aberdeenshire 2021 by-election East Garioch.csv,PM,David KEATING (UNKNOWN),match,match,match,match,match,match,match,match,match,match,match,match,match,match,match,match
Ward12-EastGarioch_Aberdeenshire 2021 by-election East Garioch.csv,AVG,David KEATING (UNKNOWN),match,match,match,match,match,match,match,match,match,match,match,match,match,match,match,match
Ward12-LeithWalk_edinburgh 2019 by-election Leith Walk.csv,OM,Rob MUNN (UNKNOWN),match,match,match,no_match,no_match,no_match,match,match,match,match,match,match,match,no_match,no_match,match
Ward12-LeithWalk_edinburgh 2019 by-election Leith Walk.csv,PM,Rob MUNN (UNKNOWN),match,match,match,no_match,no_match,no_match,match,match,match,match,match,match,match,no_match,no_match,match
Ward12-LeithWalk_edinburgh 2019 by-election Leith Walk.csv,AVG,Rob MUNN (UNKNOWN),match,match,match,no_match,no_match,no_match,match,match,match,match,match,match,match,no_match,no_match,match
aberdeenshire by-election 2017 inverurie.csv,OM,Lesley BERRY (UNKNOWN),match,match,match,match,match,match,match,match,match,match,match,match,match,match,match,match
aberdeenshire by-election 2017 inverurie.csv,PM,Lesley BERRY (UNKNOWN),match,match,match,match,match,match,match,match,match,match,match,match,match,match,match,match
aberdeenshire by-election 2017 inverurie.csv,AVG,Lesley BERRY (UNKNOWN),match,match,match,match,match,match,match,match,match,match,match,match,match,match,match,match
Highland 2021 by-election Fort William.csv,OM,Sarah FANET (SNP),match,match,match,match,match,match,match,match,match,match,match,match,match,match,match,match
Highland 2021 by-election Fort William.csv,PM,Sarah FANET (SNP),match,match,match,match,match,match,match,match,match,match,match,match,match,match,match,match
Highland 2021 by-election Fort William.csv,AVG,Sarah FANET (SNP),match,match,match,match,match,match,match,match,match,match,match,match,match,match,match,match
Ward13-InvernessWest_highland 2021 by-election Inverness West.csv,OM,Colin AITKEN (UNKNOWN),no_match,match,match,match,match,match,match,match,match,match,match,match,match,match,match,match
Ward13-InvernessWest_highland 2021 by-election Inverness West.csv,PM,Colin AITKEN (UNKNOWN),no_match,match,match,match,match,match,match,match,match,match,match,match,match,match,match,match
Ward13-InvernessWest_highland 2021 by-election Inverness West.csv,AVG,Colin AITKEN (UNKNOWN),no_match,match,match,match,match,match,match,match,match,match,match,match,match,match,match,match
South Lanarkshire 2019 by-election East Kilbride.csv,OM,Grant FERGUSON (UNKNOWN),match,match,match,match,match,match,match,match,match,match,match,match,match,match,match,match
South Lanarkshire 2019 by-election East Kilbride.csv,PM,Grant FERGUSON (UNKNOWN),match,match,match,match,match,match,match,match,match,match,match,match,match,match,match,match
South Lanarkshire 2019 by-election East Kilbride.csv,AVG,Grant FERGUSON (UNKNOWN),match,match,match,match,match,match,match,match,match,match,match,match,match,match,match,match
Ward11-PerthCityNorth_Perth and Kinross 2024 by-election Ward 11.csv,OM,Carol MAIR (SNP),match,match,match,match,match,match,match,match,match,match,match,match,match,match,match,match
Ward11-PerthCityNorth_Perth and Kinross 2024 by-election Ward 11.csv,PM,Carol MAIR (SNP),match,match,match,match,match,match,match,match,match,match,match,match,match,match,match,match
Ward11-PerthCityNorth_Perth and Kinross 2024 by-election Ward 11.csv,AVG,Carol MAIR (SNP),match,match,match,match,match,match,match,match,match,match,match,match,match,match,match,match
Ward12-AirdandLochNess_Highland 2021 by-election Aird Ward 3.csv,OM,David FRASER (UNKNOWN),match,match,match,match,match,match,match,match,match,match,match,match,match,match,match,match
Ward12-AirdandLochNess_Highland 2021 by-election Aird Ward 3.csv,PM,David FRASER (UNKNOWN),match,match,match,match,match,match,match,match,match,match,match,match,match,match,match,match
Ward12-AirdandLochNess_Highland 2021 by-election Aird Ward 3.csv,AVG,David FRASER (UNKNOWN),match,match,match,match,match,match,match,match,match,match,match,match,match,match,match,match
aberdeenshire by-election 2016 Banff and District.csv,OM,Iain Taylor (UNKNOWN),match,match,match,match,match,match,match,match,match,match,match,match,match,match,match,match
aberdeenshire by-election 2016 Banff and District.csv,PM,Iain Taylor (UNKNOWN),match,match,match,match,match,match,match,match,match,match,match,match,match,match,match,match
aberdeenshire by-election 2016 Banff and District.csv,AVG,Iain Taylor (UNKNOWN),match,match,match,match,match,match,match,match,match,match,match,match,match,match,match,match
Ward4-CentralBuchan_aberdeenshire 2024 by-election ward 4.csv,OM,Peter CHAPMAN (Con),match,match,match,match,match,match,match,match,match,match,match,match,match,match,match,match
Ward4-CentralBuchan_aberdeenshire 2024 by-election ward 4.csv,PM,Peter CHAPMAN (Con),match,match,match,match,match,match,match,match,match,match,match,match,match,match,match,match
Ward4-CentralBuchan_aberdeenshire 2024 by-election ward 4.csv,AVG,Peter CHAPMAN (Con),match,match,match,match,match,match,match,match,match,match,match,match,match,match,match,match
Ward5-BonnybridgeandLarbert_Falkirk 2018 by-election bonnybridge.csv,OM,Niall COLEMAN (UNKNOWN),match,match,match,match,match,match,match,match,match,match,match,match,match,no_match,no_match,match
Ward5-BonnybridgeandLarbert_Falkirk 2018 by-election bonnybridge.csv,PM,Niall COLEMAN (UNKNOWN),match,match,match,match,match,match,match,match,match,match,match,match,match,no_match,no_match,match
Ward5-BonnybridgeandLarbert_Falkirk 2018 by-election bonnybridge.csv,AVG,Niall COLEMAN (UNKNOWN),match,match,match,match,match,match,match,match,match,match,match,match,match,no_match,no_match,match
Ward3-WickandEastCaithness_Highland 2021 by-election Wick.csv,OM,Jill TILT (UNKNOWN),match,match,match,match,match,match,match,match,match,match,match,match,match,match,match,match
Ward3-WickandEastCaithness_Highland 2021 by-election Wick.csv,PM,Jill TILT (UNKNOWN),match,match,match,match,match,match,match,match,match,match,match,match,match,match,match,match
Ward3-WickandEastCaithness_Highland 2021 by-election Wick.csv,AVG,Jill TILT (UNKNOWN),match,match,match,match,match,match,match,match,match,match,match,match,match,match,match,match
Ward13‐Fortissat_North Lanarkshire 2024 by-election Ward 13.csv,OM,Clare Margaret QUIGLEY (Lab),match,match,match,match,match,match,match,match,match,match,match,match,match,match,match,match
Ward13‐Fortissat_North Lanarkshire 2024 by-election Ward 13.csv,PM,Clare Margaret QUIGLEY (Lab),match,match,match,match,match,match,match,match,match,match,match,match,match,match,match,match
Ward13‐Fortissat_North Lanarkshire 2024 by-election Ward 13.csv,AVG,Clare Margaret QUIGLEY (Lab),match,match,match,match,match,match,match,match,match,match,match,match,match,match,match,match
Ward4-Highland_Perth Kinross 2018 by-election Ward 4.csv,OM,John Cameron DUFF (UNKNOWN),match,match,match,match,match,match,match,match,match,match,match,match,match,match,match,match
Ward4-Highland_Perth Kinross 2018 by-election Ward 4.csv,PM,John Cameron DUFF (UNKNOWN),match,match,match,match,match,match,match,match,match,match,match,match,match,match,match,match
Ward4-Highland_Perth Kinross 2018 by-election Ward 4.csv,AVG,John Cameron DUFF (UNKNOWN),match,match,match,match,match,match,match,match,match,match,match,match,match,match,match,match
Ward19-InvernessSouth_Highland 2024 by-election Ward 19.csv,OM,Duncan Cameron MCDONALD (Ind),match,match,match,match,no_match,no_match,match,match,match,match,match,match,match,no_match,match,match
Ward19-InvernessSouth_Highland 2024 by-election Ward 19.csv,PM,Duncan Cameron MCDONALD (Ind),match,match,match,match,no_match,no_match,match,match,match,match,match,match,match,no_match,match,match
Ward19-InvernessSouth_Highland 2024 by-election Ward 19.csv,AVG,Duncan Cameron MCDONALD (Ind),match,match,match,match,no_match,no_match,match,match,match,match,match,match,match,no_match,match,match
BrechinandEdzell_angus12-02.csv,OM,(SNP) Mairi EVANS,match,match,match,match,match,match,match,match,match,match,match,match,match,match,match,match
BrechinandEdzell_angus12-02.csv,PM,(SNP) Mairi EVANS,match,match,match,match,match,match,match,match,match,match,match,match,match,match,match,match
BrechinandEdzell_angus12-02.csv,AVG,(SNP) Mairi EVANS,match,match,match,match,match,match,match,match,match,match,match,match,match,match,match,match
MonifiethandSidlaw_angus12-04.csv,OM,(SNP) Rob MURRAY,no_match,match,no_match,match,match,match,match,match,match,match,match,match,match,match,match,match
MonifiethandSidlaw_angus12-04.csv,PM,(SNP) Rob MURRAY,no_match,match,no_match,match,match,match,match,match,match,match,match,match,match,match,match,match
MonifiethandSidlaw_angus12-04.csv,AVG,(SNP) Rob MURRAY,no_match,match,no_match,match,match,match,match,match,match,match,match,match,match,match,match,match
KirriemuirandDean_angus12-01.csv,OM,(SNP) IAIN GAUL,no_match,match,match,match,match,match,match,match,match,match,match,match,match,match,no_match,match
KirriemuirandDean_angus12-01.csv,PM,(SNP) IAIN GAUL,no_match,match,match,match,match,match,match,match,match,match,match,match,match,match,no_match,match
KirriemuirandDean_angus12-01.csv,AVG,(SNP) IAIN GAUL,no_match,match,match,match,match,match,match,match,match,match,match,match,match,match,no_match,match
ArbroathEastandLunan_angus12-07.csv,OM,(SNP) Sheena WELSH,no_match,match,match,no_match,match,no_match,match,match,match,match,match,match,match,no_match,no_match,match
ArbroathEastandLunan_angus12-07.csv,PM,(SNP) Sheena WELSH,no_match,match,match,no_match,match,no_match,match,match,match,match,match,match,match,no_match,no_match,match
ArbroathEastandLunan_angus12-07.csv,AVG,(SNP) Sheena WELSH,no_match,match,match,no_match,match,no_match,match,match,match,match,match,match,match,no_match,no_match,match
CarnoustieandDistrict_angus12-05.csv,OM,(Ind) Brian BOYD,match,match,match,match,match,match,match,match,match,match,match,match,match,match,match,match
CarnoustieandDistrict_angus12-05.csv,PM,(Ind) Brian BOYD,match,match,match,match,match,match,match,match,match,match,match,match,match,match,match,match
CarnoustieandDistrict_angus12-05.csv,AVG,(Ind) Brian BOYD,match,match,match,match,match,match,match,match,match,match,match,match,match,match,match,match
MontroseandDistrict_angus12-08.csv,OM,(SNP) Bill DUFF,no_match,no_match,no_match,no_match,no_match,no_match,no_match,no_match,no_match,no_match,no_match,no_match,no_match,no_match,no_match,no_match
MontroseandDistrict_angus12-08.csv,PM,(Ind) Mark SALMOND,match,match,match,match,match,match,match,match,match,match,match,match,match,match,match,match
MontroseandDistrict_angus12-08.csv,AVG,(Ind) Mark SALMOND,match,match,match,match,match,match,match,match,match,match,match,match,match,match,match,match
ArbroathWestandLetham_angus12-06.csv,OM,(SNP) Alex KING,match,match,match,match,match,match,match,match,match,match,match,match,match,no_match,no_match,match
ArbroathWestandLetham_angus12-06.csv,PM,(SNP) Alex KING,match,match,match,match,match,match,match,match,match,match,match,match,match,no_match,no_match,match
ArbroathWestandLetham_angus12-06.csv,AVG,(SNP) Alex KING,match,match,match,match,match,match,match,match,match,match,match,match,match,no_match,no_match,match
ForfarandDistrict_angus12-03.csv,OM,(SNP) Lynne DEVINE,match,match,match,no_match,no_match,no_match,no_match,no_winner,match,no_match,match,match,match,no_match,no_match,match
ForfarandDistrict_angus12-03.csv,PM,(SNP) Glennis MIDDLETON,no_match,no_match,no_match,match,no_match,no_match,match,no_winner,no_match,no_match,no_match,no_match,no_match,no_match,no_match,match
ForfarandDistrict_angus12-03.csv,AVG,(SNP) Lynne DEVINE,match,match,match,no_match,no_match,no_match,no_match,no_winner,match,no_match,match,match,match,no_match,no_match,match
Buckie_moray17-03.csv,OM,Gordon MCDONALD (SNP),no_match,match,no_match,no_match,match,match,match,match,match,match,match,match,match,no_match,match,match
Buckie_moray17-03.csv,PM,Gordon MCDONALD (SNP),no_match,match,no_match,no_match,match,match,match,match,match,match,match,match,match,no_match,match,match
Buckie_moray17-03.csv,AVG,Gordon MCDONALD (SNP),no_match,match,no_match,no_match,match,match,match,match,match,match,match,match,match,no_match,match,match
SpeysideGlenlivet_moray17-01.csv,OM,Derek ROSS (Ind),no_match,no_match,match,match,match,match,match,match,match,match,match,match,match,match,match,match
SpeysideGlenlivet_moray17-01.csv,PM,Derek ROSS (Ind),no_match,no_match,match,match,match,match,match,match,match,match,match,match,match,match,match,match
SpeysideGlenlivet_moray17-01.csv,AVG,Derek ROSS (Ind),no_match,no_match,match,match,match,match,match,match,match,match,match,match,match,match,match,match
HeldonandLaich_moray17-05.csv,OM,James ALLAN (Con),match,match,match,match,match,match,match,match,match,match,match,match,match,match,match,match
HeldonandLaich_moray17-05.csv,PM,James ALLAN (Con),match,match,match,match,match,match,match,match,match,match,match,match,match,match,match,match
HeldonandLaich_moray17-05.csv,AVG,James ALLAN (Con),match,match,match,match,match,match,match,match,match,match,match,match,match,match,match,match
ElginCitySouth_moray17-07.csv,OM,John DIVERS (Lab),no_match,no_match,no_match,match,match,match,match,match,match,match,match,match,match,match,match,match
ElginCitySouth_moray17-07.csv,PM,John DIVERS (Lab),no_match,no_match,no_match,match,match,match,match,match,match,match,match,match,match,match,match,match
ElginCitySouth_moray17-07.csv,AVG,John DIVERS (Lab),no_match,no_match,no_match,match,match,match,match,match,match,match,match,match,match,match,match,match
FochabersLhanbryde_moray17-04.csv,OM,Marc MACRAE (Con),match,match,match,match,match,match,match,match,match,match,match,match,match,match,match,match
FochabersLhanbryde_moray17-04.csv,PM,Marc MACRAE (Con),match,match,match,match,match,match,match,match,match,match,match,match,match,match,match,match
FochabersLhanbryde_moray17-04.csv,AVG,Marc MACRAE (Con),match,match,match,match,match,match,match,match,match,match,match,match,match,match,match,match
KeithandCullen_moray17-02.csv,OM,Donald GATT (Con),match,match,match,match,no_match,match,match,match,match,match,match,match,match,no_match,no_match,match
KeithandCullen_moray17-02.csv,PM,Donald GATT (Con),match,match,match,match,no_match,match,match,match,match,match,match,match,match,no_match,no_match,match
KeithandCullen_moray17-02.csv,AVG,Donald GATT (Con),match,match,match,match,no_match,match,match,match,match,match,match,match,match,no_match,no_match,match
Forres_moray17-08.csv,OM,Claire FEAVER (Con),match,match,match,match,no_match,no_match,match,match,match,match,match,match,match,no_match,no_match,match
Forres_moray17-08.csv,PM,Claire FEAVER (Con),match,match,match,match,no_match,no_match,match,match,match,match,match,match,match,no_match,no_match,match
Forres_moray17-08.csv,AVG,Claire FEAVER (Con),match,match,match,match,no_match,no_match,match,match,match,match,match,match,match,no_match,no_match,match
ElginCityNorth_moray17-06.csv,OM,Paula COY (SNP),no_match,no_match,no_match,no_match,no_match,no_match,no_match,no_match,no_match,no_match,no_match,no_match,no_match,no_match,no_match,no_match
ElginCityNorth_moray17-06.csv,PM,Frank BROWN (Con),match,match,match,match,match,match,match,match,match,match,match,match,match,match,match,match
ElginCityNorth_moray17-06.csv,AVG,Frank BROWN (Con),match,match,match,match,match,match,match,match,match,match,match,match,match,match,match,match
NorthIslesWard_orkney17-06.csv,OM,Graham SINCLAIR (Ind),match,match,match,no_match,no_match,no_match,match,match,match,match,match,match,match,no_match,no_match,match
NorthIslesWard_orkney17-06.csv,PM,Graham SINCLAIR (Ind),match,match,match,no_match,no_match,no_match,match,match,match,match,match,match,match,no_match,no_match,match
NorthIslesWard_orkney17-06.csv,AVG,Graham SINCLAIR (Ind),match,match,match,no_match,no_match,no_match,match,match,match,match,match,match,match,no_match,no_match,match
KirkwallEastWard_orkney17-01.csv,OM,TIED,no_match,no_match,no_match,no_match,no_match,no_match,no_match,no_match,no_match,no_match,no_match,no_match,no_match,no_match,no_match,no_match
KirkwallEastWard_orkney17-01.csv,PM,Steven HEDDLE (Ind),match,match,match,no_match,no_match,no_match,match,match,match,match,match,match,match,no_match,no_match,match
KirkwallEastWard_orkney17-01.csv,AVG,Steven HEDDLE (Ind),match,match,match,no_match,no_match,no_match,match,match,match,match,match,match,match,no_match,no_match,match
KirkwallWestandOrphirWard_orkney17-02.csv,OM,Leslie MANSON (Ind),match,match,match,match,match,match,match,match,match,match,match,match,match,match,match,match
KirkwallWestandOrphirWard_orkney17-02.csv,PM,Leslie MANSON (Ind),match,match,match,match,match,match,match,match,match,match,match,match,match,match,match,match
KirkwallWestandOrphirWard_orkney17-02.csv,AVG,Leslie MANSON (Ind),match,match,match,match,match,match,match,match,match,match,match,match,match,match,match,match
WestMainlandWard_orkney17-04.csv,OM,Harvey JOHNSTON (Ind),no_match,match,match,match,match,match,match,match,match,match,match,match,match,match,match,match
WestMainlandWard_orkney17-04.csv,PM,Harvey JOHNSTON (Ind),no_match,match,match,match,match,match,match,match,match,match,match,match,match,match,match,match
WestMainlandWard_orkney17-04.csv,AVG,Harvey JOHNSTON (Ind),no_match,match,match,match,match,match,match,match,match,match,match,match,match,match,match,match
"EastMainland,SouthRonaldsayandBurrayWard_orkney17-05.csv",OM,Andrew DREVER (Ind),match,match,match,match,match,match,match,match,match,match,match,match,match,match,match,match
"EastMainland,SouthRonaldsayandBurrayWard_orkney17-05.csv",PM,Andrew DREVER (Ind),match,match,match,match,match,match,match,match,match,match,match,match,match,match,match,match
"EastMainland,SouthRonaldsayandBurrayWard_orkney17-05.csv",AVG,Andrew DREVER (Ind),match,match,match,match,match,match,match,match,match,match,match,match,match,match,match,match
Ward2-InverclydeEastCentral_PreferenceProfile_Ward-2.csv,OM,Jim MACLEOD (SNP),no_match,no_match,no_match,no_match,match,no_match,no_match,no_match,no_match,no_match,no_match,no_match,no_match,no_match,no_match,no_match
Ward2-InverclydeEastCentral_PreferenceProfile_Ward-2.csv,PM,Robert MORAN (Lab),match,match,match,match,no_match,match,match,match,match,match,match,match,match,match,match,match
Ward2-InverclydeEastCentral_PreferenceProfile_Ward-2.csv,AVG,Robert MORAN (Lab),match,match,match,match,no_match,match,match,match,match,match,match,match,match,match,match,match
Ward6-InverclydeSouthWest_PreferenceProfile_Ward-6.csv,OM,James DAISLEY (SNP),match,match,match,match,match,match,match,match,match,match,match,match,match,no_match,no_match,match
Ward6-InverclydeSouthWest_PreferenceProfile_Ward-6.csv,PM,James DAISLEY (SNP),match,match,match,match,match,match,match,match,match,match,match,match,match,no_match,no_match,match
Ward6-InverclydeSouthWest_PreferenceProfile_Ward-6.csv,AVG,James DAISLEY (SNP),match,match,match,match,match,match,match,match,match,match,match,match,match,no_match,no_match,match
Ward7-InverclydeSouth_PreferenceProfile_Ward-7.csv,OM,John CROWTHER (SNP),match,match,match,match,match,match,match,match,match,match,match,match,match,no_match,no_match,match
Ward7-InverclydeSouth_PreferenceProfile_Ward-7.csv,PM,John CROWTHER (SNP),match,match,match,match,match,match,match,match,match,match,match,match,match,no_match,no_match,match
Ward7-InverclydeSouth_PreferenceProfile_Ward-7.csv,AVG,John CROWTHER (SNP),match,match,match,match,match,match,match,match,match,match,match,match,match,no_match,no_match,match
Ward4-InverclydeNorth_PreferenceProfile_Ward-4.csv,OM,Francesca BRENNAN (Lab),match,match,match,match,match,match,match,match,match,match,match,match,match,match,match,match
Ward4-InverclydeNorth_PreferenceProfile_Ward-4.csv,PM,Francesca BRENNAN (Lab),match,match,match,match,match,match,match,match,match,match,match,match,match,match,match,match
Ward4-InverclydeNorth_PreferenceProfile_Ward-4.csv,AVG,Francesca BRENNAN (Lab),match,match,match,match,match,match,match,match,match,match,match,match,match,match,match,match
Ward3-InverclydeCentral_PreferenceProfile_Ward-3.csv,OM,Michael MCCORMICK (Lab),no_match,match,match,match,no_match,match,no_match,match,match,match,match,match,match,match,match,match
Ward3-InverclydeCentral_PreferenceProfile_Ward-3.csv,PM,Michael MCCORMICK (Lab),no_match,match,match,match,no_match,match,no_match,match,match,match,match,match,match,match,match,match
Ward3-InverclydeCentral_PreferenceProfile_Ward-3.csv,AVG,Michael MCCORMICK (Lab),no_match,match,match,match,no_match,match,no_match,match,match,match,match,match,match,match,match,match
Ward5-InverclydeWest_PreferenceProfile_Ward-5.csv,OM,Lynne QUINN (Ind),match,match,match,match,match,match,match,match,match,match,match,match,match,match,match,match
Ward5-InverclydeWest_PreferenceProfile_Ward-5.csv,PM,Lynne QUINN (Ind),match,match,match,match,match,match,match,match,match,match,match,match,match,match,match,match
Ward5-InverclydeWest_PreferenceProfile_Ward-5.csv,AVG,Lynne QUINN (Ind),match,match,match,match,match,match,match,match,match,match,match,match,match,match,match,match
Ward2-InverclydeEastCentral_inverclyde12-02.csv,OM,Michael MCCORMICK (Lab),match,match,match,match,match,match,match,match,match,match,match,match,match,match,match,match
Ward2-InverclydeEastCentral_inverclyde12-02.csv,PM,Michael MCCORMICK (Lab),match,match,match,match,match,match,match,match,match,match,match,match,match,match,match,match
Ward2-InverclydeEastCentral_inverclyde12-02.csv,AVG,Michael MCCORMICK (Lab),match,match,match,match,match,match,match,match,match,match,match,match,match,match,match,match
Ward6-InverclydeSouthWest_inverclyde12-06.csv,OM,Gerry DORRIAN (Lab),match,match,match,match,match,match,match,match,match,match,match,match,match,no_match,no_match,match
Ward6-InverclydeSouthWest_inverclyde12-06.csv,PM,Gerry DORRIAN (Lab),match,match,match,match,match,match,match,match,match,match,match,match,match,no_match,no_match,match
Ward6-InverclydeSouthWest_inverclyde12-06.csv,AVG,Gerry DORRIAN (Lab),match,match,match,match,match,match,match,match,match,match,match,match,match,no_match,no_match,match
Ward4-InverclydeSouth_inverclyde12-04.csv,OM,Joe MCILWEE (Lab),match,match,match,match,match,match,match,match,match,match,match,match,match,match,match,match
Ward4-InverclydeSouth_inverclyde12-04.csv,PM,Joe MCILWEE (Lab),match,match,match,match,match,match,match,match,match,match,match,match,match,match,match,match
Ward4-InverclydeSouth_inverclyde12-04.csv,AVG,Joe MCILWEE (Lab),match,match,match,match,match,match,match,match,match,match,match,match,match,match,match,match
Ward5-InverclydeWest_inverclyde12-05.csv,OM,Ronald AHLFELD (Ind),match,match,match,match,match,match,match,match,match,match,match,match,match,match,match,match
Ward5-InverclydeWest_inverclyde12-05.csv,PM,Ronald AHLFELD (Ind),match,match,match,match,match,match,match,match,match,match,match,match,match,match,match,match
Ward5-InverclydeWest_inverclyde12-05.csv,AVG,Ronald AHLFELD (Ind),match,match,match,match,match,match,match,match,match,match,match,match,match,match,match,match
Ward1-InverclydeEast_inverclyde12-01.csv,OM,Stephen MCCABE (Lab),match,match,match,match,match,match,match,match,match,match,match,match,match,match,match,match
Ward1-InverclydeEast_inverclyde12-01.csv,PM,Stephen MCCABE (Lab),match,match,match,match,match,match,match,match,match,match,match,match,match,match,match,match
Ward1-InverclydeEast_inverclyde12-01.csv,AVG,Stephen MCCABE (Lab),match,match,match,match,match,match,match,match,match,match,match,match,match,match,match,match
Ward3-InverclydeNorth_inverclyde12-03.csv,OM,Martin BRENNAN (Lab),match,match,match,match,match,match,match,match,match,match,match,match,match,match,match,match
Ward3-InverclydeNorth_inverclyde12-03.csv,PM,Martin BRENNAN (Lab),match,match,match,match,match,match,match,match,match,match,match,match,match,match,match,match
Ward3-InverclydeNorth_inverclyde12-03.csv,AVG,Martin BRENNAN (Lab),match,match,match,match,match,match,match,match,match,match,match,match,match,match,match,match
Ward11-InverurieandDistrict_aberdeenshire17-11.csv,OM,Colin CLARK (Con),match,match,match,match,match,match,match,match,match,match,match,match,match,match,match,match
Ward11-InverurieandDistrict_aberdeenshire17-11.csv,PM,Colin CLARK (Con),match,match,match,match,match,match,match,match,match,match,match,match,match,match,match,match
Ward11-InverurieandDistrict_aberdeenshire17-11.csv,AVG,Colin CLARK (Con),match,match,match,match,match,match,match,match,match,match,match,match,match,match,match,match
Ward17-NorthKincardine_aberdeenshire17-17.csv,OM,Ian James MOLLISON (LD),no_match,match,match,match,match,match,match,match,match,match,match,match,match,match,match,match
Ward17-NorthKincardine_aberdeenshire17-17.csv,PM,Ian James MOLLISON (LD),no_match,match,match,match,match,match,match,match,match,match,match,match,match,match,match,match
Ward17-NorthKincardine_aberdeenshire17-17.csv,AVG,Ian James MOLLISON (LD),no_match,match,match,match,match,match,match,match,match,match,match,match,match,match,match,match
Ward7-TurriffandDistrict_aberdeenshire17-07.csv,OM,Iain TAYLOR (Con),match,match,match,match,no_match,match,match,match,match,match,match,match,match,match,match,match
Ward7-TurriffandDistrict_aberdeenshire17-07.csv,PM,Iain TAYLOR (Con),match,match,match,match,no_match,match,match,match,match,match,match,match,match,match,match,match
Ward7-TurriffandDistrict_aberdeenshire17-07.csv,AVG,Iain TAYLOR (Con),match,match,match,match,no_match,match,match,match,match,match,match,match,match,match,match,match
Ward12-EastGarioch_aberdeenshire17-12.csv,OM,Fergus HOOD (LD),no_match,no_match,no_match,match,match,match,no_match,match,match,match,match,match,match,match,match,match
Ward12-EastGarioch_aberdeenshire17-12.csv,PM,Fergus HOOD (LD),no_match,no_match,no_match,match,match,match,no_match,match,match,match,match,match,match,match,match,match
Ward12-EastGarioch_aberdeenshire17-12.csv,AVG,Fergus HOOD (LD),no_match,no_match,no_match,match,match,match,no_match,match,match,match,match,match,match,match,match,match
Ward4-CentralBuchan_aberdeenshire17-04.csv,OM,Marion Anne BUCHAN (Con),match,match,match,match,no_match,match,match,match,match,match,match,match,match,no_match,match,match
Ward4-CentralBuchan_aberdeenshire17-04.csv,PM,Marion Anne BUCHAN (Con),match,match,match,match,no_match,match,match,match,match,match,match,match,match,no_match,match,match
Ward4-CentralBuchan_aberdeenshire17-04.csv,AVG,Marion Anne BUCHAN (Con),match,match,match,match,no_match,match,match,match,match,match,match,match,match,no_match,match,match
"Ward15-Aboyne,UpperDeesideandDonside_aberdeenshire17-15.csv",OM,Paul GIBB (Con),match,match,match,match,match,match,match,match,match,match,match,match,match,match,match,match
"Ward15-Aboyne,UpperDeesideandDonside_aberdeenshire17-15.csv",PM,Paul GIBB (Con),match,match,match,match,match,match,match,match,match,match,match,match,match,match,match,match
"Ward15-Aboyne,UpperDeesideandDonside_aberdeenshire17-15.csv",AVG,Paul GIBB (Con),match,match,match,match,match,match,match,match,match,match,match,match,match,match,match,match
Ward16-BanchoryandMidDeeside_aberdeenshire17-16.csv,OM,Ann ROSS (Con),match,match,match,match,match,match,match,match,match,match,match,match,match,match,match,match
Ward16-BanchoryandMidDeeside_aberdeenshire17-16.csv,PM,Ann ROSS (Con),match,match,match,match,match,match,match,match,match,match,match,match,match,match,match,match
Ward16-BanchoryandMidDeeside_aberdeenshire17-16.csv,AVG,Ann ROSS (Con),match,match,match,match,match,match,match,match,match,match,match,match,match,match,match,match
Ward8-MidFormartine_aberdeenshire17-08.csv,OM,Jim GIFFORD (Con),match,match,match,match,no_match,match,match,match,match,match,match,match,match,match,match,match
Ward8-MidFormartine_aberdeenshire17-08.csv,PM,Jim GIFFORD (Con),match,match,match,match,no_match,match,match,match,match,match,match,match,match,match,match,match
Ward8-MidFormartine_aberdeenshire17-08.csv,AVG,Jim GIFFORD (Con),match,match,match,match,no_match,match,match,match,match,match,match,match,match,match,match,match
Ward1-BanffandDistrict_aberdeenshire17-01.csv,OM,Mike ROY (Con),match,match,match,match,no_match,no_match,no_match,match,match,match,match,match,match,no_match,match,match
Ward1-BanffandDistrict_aberdeenshire17-01.csv,PM,Mike ROY (Con),match,match,match,match,no_match,no_match,no_match,match,match,match,match,match,match,no_match,match,match
Ward1-BanffandDistrict_aberdeenshire17-01.csv,AVG,Mike ROY (Con),match,match,match,match,no_match,no_match,no_match,match,match,match,match,match,match,no_match,match,match
Ward6-PeterheadSouthandCruden_aberdeenshire17-06.csv,OM,Stephen William SMITH (SNP),no_match,no_match,no_match,no_match,no_match,no_match,no_match,no_match,no_match,no_match,no_match,no_match,no_match,no_match,no_match,no_match
Ward6-PeterheadSouthandCruden_aberdeenshire17-06.csv,PM,Alan FAKLEY (Con),match,match,match,match,match,match,match,match,match,match,match,match,match,match,match,match
Ward6-PeterheadSouthandCruden_aberdeenshire17-06.csv,AVG,Alan FAKLEY (Con),match,match,match,match,match,match,match,match,match,match,match,match,match,match,match,match
"Ward14-Huntly,StrathbogieandHoweofAlford_aberdeenshire17-14.csv",OM,Moira INGLEBY (Con),match,match,match,match,match,match,match,match,match,match,match,match,match,match,match,match
"Ward14-Huntly,StrathbogieandHoweofAlford_aberdeenshire17-14.csv",PM,Moira INGLEBY (Con),match,match,match,match,match,match,match,match,match,match,match,match,match,match,match,match
"Ward14-Huntly,StrathbogieandHoweofAlford_aberdeenshire17-14.csv",AVG,Moira INGLEBY (Con),match,match,match,match,match,match,match,match,match,match,match,match,match,match,match,match
Ward3-FraserburghandDistrict_aberdeenshire17-03.csv,OM,Doreen MAIR (Ind),no_match,no_match,match,match,match,match,no_match,match,match,match,match,match,match,match,match,match
Ward3-FraserburghandDistrict_aberdeenshire17-03.csv,PM,Doreen MAIR (Ind),no_match,no_match,match,match,match,match,no_match,match,match,match,match,match,match,match,match,match
Ward3-FraserburghandDistrict_aberdeenshire17-03.csv,AVG,Doreen MAIR (Ind),no_match,no_match,match,match,match,match,no_match,match,match,match,match,match,match,match,match,match
Ward2-Troup_aberdeenshire17-02.csv,OM,Mark FINDLATER (Con),match,match,match,match,match,match,match,match,match,match,match,match,match,match,match,match
Ward2-Troup_aberdeenshire17-02.csv,PM,Mark FINDLATER (Con),match,match,match,match,match,match,match,match,match,match,match,match,match,match,match,match
Ward2-Troup_aberdeenshire17-02.csv,AVG,Mark FINDLATER (Con),match,match,match,match,match,match,match,match,match,match,match,match,match,match,match,match
Ward9-EllonandDistrict_aberdeenshire17-09.csv,OM,Gillian OWEN (Con),match,match,match,match,no_match,match,match,match,match,match,match,match,match,match,match,match
Ward9-EllonandDistrict_aberdeenshire17-09.csv,PM,Gillian OWEN (Con),match,match,match,match,no_match,match,match,match,match,match,match,match,match,match,match,match
Ward9-EllonandDistrict_aberdeenshire17-09.csv,AVG,Gillian OWEN (Con),match,match,match,match,no_match,match,match,match,match,match,match,match,match,match,match,match
Ward13-WesthillandDistrict_aberdeenshire17-13.csv,OM,Ron MCKAIL (Con),match,match,match,match,match,match,match,match,match,match,match,match,match,match,match,match
Ward13-WesthillandDistrict_aberdeenshire17-13.csv,PM,Ron MCKAIL (Con),match,match,match,match,match,match,match,match,match,match,match,match,match,match,match,match
Ward13-WesthillandDistrict_aberdeenshire17-13.csv,AVG,Ron MCKAIL (Con),match,match,match,match,match,match,match,match,match,match,match,match,match,match,match,match
Ward10-WestGarioch_aberdeenshire17-10.csv,OM,Sebastian LESLIE (Con),match,match,match,match,no_match,match,match,match,match,match,match,match,match,match,match,match
Ward10-WestGarioch_aberdeenshire17-10.csv,PM,Sebastian LESLIE (Con),match,match,match,match,no_match,match,match,match,match,match,match,match,match,match,match,match
Ward10-WestGarioch_aberdeenshire17-10.csv,AVG,Sebastian LESLIE (Con),match,match,match,match,no_match,match,match,match,match,match,match,match,match,match,match,match
Ward19-Mearns_aberdeenshire17-19.csv,OM,George CARR (Con),match,match,match,match,match,match,match,match,match,match,match,match,match,match,match,match
Ward19-Mearns_aberdeenshire17-19.csv,PM,George CARR (Con),match,match,match,match,match,match,match,match,match,match,match,match,match,match,match,match
Ward19-Mearns_aberdeenshire17-19.csv,AVG,George CARR (Con),match,match,match,match,match,match,match,match,match,match,match,match,match,match,match,match
Ward18-StonehavenandLowerDeeside_aberdeenshire17-18.csv,OM,Wendy AGNEW (Con),match,match,match,match,match,match,match,match,match,match,match,match,match,match,match,match
Ward18-StonehavenandLowerDeeside_aberdeenshire17-18.csv,PM,Wendy AGNEW (Con),match,match,match,match,match,match,match,match,match,match,match,match,match,match,match,match
Ward18-StonehavenandLowerDeeside_aberdeenshire17-18.csv,AVG,Wendy AGNEW (Con),match,match,match,match,match,match,match,match,match,match,match,match,match,match,match,match
Ward5-PeterheadNorthandRattray_aberdeenshire17-05.csv,OM,Dianne BEAGRIE (Con),match,match,match,match,match,match,match,match,match,match,match,match,match,match,match,match
Ward5-PeterheadNorthandRattray_aberdeenshire17-05.csv,PM,Dianne BEAGRIE (Con),match,match,match,match,match,match,match,match,match,match,match,match,match,match,match,match
Ward5-PeterheadNorthandRattray_aberdeenshire17-05.csv,AVG,Dianne BEAGRIE (Con),match,match,match,match,match,match,match,match,match,match,match,match,match,match,match,match
Ward5-Hilton-Stockethill_aberdeen12-05.csv,OM,(Lab) George ADAM,match,match,match,match,match,match,match,match,match,match,match,match,match,match,match,match
Ward5-Hilton-Stockethill_aberdeen12-05.csv,PM,(Lab) George ADAM,match,match,match,match,match,match,match,match,match,match,match,match,match,match,match,match
Ward5-Hilton-Stockethill_aberdeen12-05.csv,AVG,(Lab) George ADAM,match,match,match,match,match,match,match,match,match,match,match,match,match,match,match,match
Ward3-Kingswells-Sheddocksley_aberdeen12-03.csv,OM,(SNP) David John CAMERON,match,match,match,match,match,match,match,match,match,match,match,match,match,match,match,match
Ward3-Kingswells-Sheddocksley_aberdeen12-03.csv,PM,(SNP) David John CAMERON,match,match,match,match,match,match,match,match,match,match,match,match,match,match,match,match
Ward3-Kingswells-Sheddocksley_aberdeen12-03.csv,AVG,(SNP) David John CAMERON,match,match,match,match,match,match,match,match,match,match,match,match,match,match,match,match
Ward8-GeorgeStreet-Harbour_aberdeen12-08.csv,OM,(Lab) JEAN MORRISON,no_match,no_match,no_match,no_match,no_match,no_match,no_match,no_match,no_match,no_match,no_match,no_match,no_match,no_match,no_match,no_match
Ward8-GeorgeStreet-Harbour_aberdeen12-08.csv,PM,(SNP) Andrew MAY,match,match,match,match,match,match,match,match,match,match,match,match,match,no_match,no_match,match
Ward8-GeorgeStreet-Harbour_aberdeen12-08.csv,AVG,(SNP) Andrew MAY,match,match,match,match,match,match,match,match,match,match,match,match,match,no_match,no_match,match
Ward2-BridgeofDon_aberdeen12-02.csv,OM,(Ind) John REYNOLDS,match,match,match,no_match,no_match,no_match,match,match,match,match,match,match,match,no_match,no_match,match
Ward2-BridgeofDon_aberdeen12-02.csv,PM,(Ind) John REYNOLDS,match,match,match,no_match,no_match,no_match,match,match,match,match,match,match,match,no_match,no_match,match
Ward2-BridgeofDon_aberdeen12-02.csv,AVG,(Ind) John REYNOLDS,match,match,match,no_match,no_match,no_match,match,match,match,match,match,match,match,no_match,no_match,match
Ward1-Dyce-Bucksburn-Danestone_aberdeen12-01.csv,OM,(SNP) Neil MACGREGOR,no_match,match,match,match,match,match,match,match,match,match,match,match,match,match,match,match
Ward1-Dyce-Bucksburn-Danestone_aberdeen12-01.csv,PM,(SNP) Neil MACGREGOR,no_match,match,match,match,match,match,match,match,match,match,match,match,match,match,match,match
Ward1-Dyce-Bucksburn-Danestone_aberdeen12-01.csv,AVG,(SNP) Neil MACGREGOR,no_match,match,match,match,match,match,match,match,match,match,match,match,match,match,match,match
Ward12-Torry-Ferryhill_aberdeen12-12.csv,OM,(Lab) Yvonne ALLAN,match,match,match,match,match,match,match,match,match,match,match,match,match,match,match,match
Ward12-Torry-Ferryhill_aberdeen12-12.csv,PM,(Lab) Yvonne ALLAN,match,match,match,match,match,match,match,match,match,match,match,match,match,match,match,match
Ward12-Torry-Ferryhill_aberdeen12-12.csv,AVG,(Lab) Yvonne ALLAN,match,match,match,match,match,match,match,match,match,match,match,match,match,match,match,match
Ward11-Airyhall-Broomhill-Garthdee_aberdeen12-11.csv,OM,(LD) Ian YUILL,match,match,match,match,match,match,match,match,match,match,match,match,match,match,match,match
Ward11-Airyhall-Broomhill-Garthdee_aberdeen12-11.csv,PM,(LD) Ian YUILL,match,match,match,match,match,match,match,match,match,match,match,match,match,match,match,match
Ward11-Airyhall-Broomhill-Garthdee_aberdeen12-11.csv,AVG,(LD) Ian YUILL,match,match,match,match,match,match,match,match,match,match,match,match,match,match,match,match
Ward9-LowerDeeside_aberdeen12-09.csv,OM,(Ind) Marie BOULTON,match,match,match,match,match,match,match,match,match,match,match,match,match,match,match,match
Ward9-LowerDeeside_aberdeen12-09.csv,PM,(Ind) Marie BOULTON,match,match,match,match,match,match,match,match,match,match,match,match,match,match,match,match
Ward9-LowerDeeside_aberdeen12-09.csv,AVG,(Ind) Marie BOULTON,match,match,match,match,match,match,match,match,match,match,match,match,match,match,match,match
Ward7-Midstocket-Rosemount_aberdeen12-07.csv,OM,(SNP) Bill CORMIE,no_match,match,match,match,match,match,match,match,match,match,match,match,match,match,match,match
Ward7-Midstocket-Rosemount_aberdeen12-07.csv,PM,(SNP) Bill CORMIE,no_match,match,match,match,match,match,match,match,match,match,match,match,match,match,match,match
Ward7-Midstocket-Rosemount_aberdeen12-07.csv,AVG,(SNP) Bill CORMIE,no_match,match,match,match,match,match,match,match,match,match,match,match,match,match,match,match
Ward10-Hazlehead-Ashley-QueensCross_aberdeen12-10.csv,OM,(LD) Jennifer STEWART,match,match,match,match,match,match,match,match,match,match,match,match,match,match,match,match
Ward10-Hazlehead-Ashley-QueensCross_aberdeen12-10.csv,PM,(LD) Jennifer STEWART,match,match,match,match,match,match,match,match,match,match,match,match,match,match,match,match
Ward10-Hazlehead-Ashley-QueensCross_aberdeen12-10.csv,AVG,(LD) Jennifer STEWART,match,match,match,match,match,match,match,match,match,match,match,match,match,match,match,match
Ward4-Northfield_aberdeen12-04.csv,OM,(Lab) Scott CARLE,no_match,no_match,no_match,no_match,no_match,no_match,no_match,no_match,no_match,no_match,no_match,no_match,no_match,no_match,no_match,no_match
Ward4-Northfield_aberdeen12-04.csv,PM,(SNP) Jackie DUNBAR,match,match,match,match,match,match,match,match,match,match,match,match,match,match,match,match
Ward4-Northfield_aberdeen12-04.csv,AVG,(SNP) Jackie DUNBAR,match,match,match,match,match,match,match,match,match,match,match,match,match,match,match,match
Ward13-Kincorth-Loirston_aberdeen12-13.csv,OM,(Lab) Neil COONEY,no_match,match,match,match,match,match,match,match,match,match,match,match,match,match,match,match
Ward13-Kincorth-Loirston_aberdeen12-13.csv,PM,(Lab) Neil COONEY,no_match,match,match,match,match,match,match,match,match,match,match,match,match,match,match,match
Ward13-Kincorth-Loirston_aberdeen12-13.csv,AVG,(Lab) Neil COONEY,no_match,match,match,match,match,match,match,match,match,match,match,match,match,match,match,match
Ward6-Tillydrone-Seaton-OldAberdeen_aberdeen12-06.csv,OM,(Lab) Ross GRANT,match,match,match,match,match,match,match,match,match,match,match,match,match,match,match,match
Ward6-Tillydrone-Seaton-OldAberdeen_aberdeen12-06.csv,PM,(Lab) Ross GRANT,match,match,match,match,match,match,match,match,match,match,match,match,match,match,match,match
Ward6-Tillydrone-Seaton-OldAberdeen_aberdeen12-06.csv,AVG,(Lab) Ross GRANT,match,match,match,match,match,match,match,match,match,match,match,match,match,match,match,match
Ward4-DunfermlineSouth_fife17-04.csv,OM,Brian John GOODALL (SNP),no_match,no_match,no_match,no_match,no_match,no_match,match,no_match,no_match,no_match,no_match,no_match,no_match,no_match,no_match,no_match
Ward4-DunfermlineSouth_fife17-04.csv,PM,James CALDER (LD),no_match,no_match,no_match,match,no_match,no_match,no_match,match,match,match,match,match,match,no_match,match,match
Ward4-DunfermlineSouth_fife17-04.csv,AVG,James CALDER (LD),no_match,no_match,no_match,match,no_match,no_match,no_match,match,match,match,match,match,match,no_match,match,match
Ward3-DunfermlineCentral_fife17-03.csv,OM,Jim LEISHMAN (Lab),no_match,match,no_match,match,match,match,match,match,match,match,match,match,match,match,match,match
Ward3-DunfermlineCentral_fife17-03.csv,PM,Jim LEISHMAN (Lab),no_match,match,no_match,match,match,match,match,match,match,match,match,match,match,match,match,match
Ward3-DunfermlineCentral_fife17-03.csv,AVG,Jim LEISHMAN (Lab),no_match,match,no_match,match,match,match,match,match,match,match,match,match,match,match,match,match
Ward15-GlenrothesCentral&Thornton_fife17-15.csv,OM,Ross VETTRAINO (SNP),match,match,match,match,match,match,match,match,match,match,match,match,match,match,match,match
Ward15-GlenrothesCentral&Thornton_fife17-15.csv,PM,Ross VETTRAINO (SNP),match,match,match,match,match,match,match,match,match,match,match,match,match,match,match,match
Ward15-GlenrothesCentral&Thornton_fife17-15.csv,AVG,Ross VETTRAINO (SNP),match,match,match,match,match,match,match,match,match,match,match,match,match,match,match,match
Ward19-EastNeuk&Landward_fife17-19.csv,OM,Bill PORTEOUS (LD),no_match,match,match,match,match,match,match,match,match,match,match,match,match,match,match,match
Ward19-EastNeuk&Landward_fife17-19.csv,PM,Bill PORTEOUS (LD),no_match,match,match,match,match,match,match,match,match,match,match,match,match,match,match,match
Ward19-EastNeuk&Landward_fife17-19.csv,AVG,Bill PORTEOUS (LD),no_match,match,match,match,match,match,match,match,match,match,match,match,match,match,match,match
Ward1-WestFife&CoastalVillages_fife17-01.csv,OM,Bobby CLELLAND (Lab),match,match,match,match,match,match,match,match,match,match,match,match,match,match,match,match
Ward1-WestFife&CoastalVillages_fife17-01.csv,PM,Bobby CLELLAND (Lab),match,match,match,match,match,match,match,match,match,match,match,match,match,match,match,match
Ward1-WestFife&CoastalVillages_fife17-01.csv,AVG,Bobby CLELLAND (Lab),match,match,match,match,match,match,match,match,match,match,match,match,match,match,match,match
Ward16-HoweOfFife&TayCoast_fife17-16.csv,OM,Donald LOTHIAN (LD),match,match,match,match,match,match,match,match,match,match,match,match,match,match,match,match
Ward16-HoweOfFife&TayCoast_fife17-16.csv,PM,Donald LOTHIAN (LD),match,match,match,match,match,match,match,match,match,match,match,match,match,match,match,match
Ward16-HoweOfFife&TayCoast_fife17-16.csv,AVG,Donald LOTHIAN (LD),match,match,match,match,match,match,match,match,match,match,match,match,match,match,match,match
"Ward8-Lochgelly,Cardenden&Benarty_fife17-08.csv",OM,Mary BAIN LOCKHART (Lab),match,match,match,match,match,match,match,match,match,match,match,match,match,match,match,match
"Ward8-Lochgelly,Cardenden&Benarty_fife17-08.csv",PM,Mary BAIN LOCKHART (Lab),match,match,match,match,match,match,match,match,match,match,match,match,match,match,match,match
"Ward8-Lochgelly,Cardenden&Benarty_fife17-08.csv",AVG,Mary BAIN LOCKHART (Lab),match,match,match,match,match,match,match,match,match,match,match,match,match,match,match,match
Ward20-Cupar_fife17-20.csv,OM,Margaret KENNEDY (LD),match,match,match,match,match,match,match,match,match,match,match,match,match,match,match,match
Ward20-Cupar_fife17-20.csv,PM,Margaret KENNEDY (LD),match,match,match,match,match,match,match,match,match,match,match,match,match,match,match,match
Ward20-Cupar_fife17-20.csv,AVG,Margaret KENNEDY (LD),match,match,match,match,match,match,match,match,match,match,match,match,match,match,match,match
Ward10-KirkcaldyNorth_fife17-10.csv,OM,Neil CROOKS (Lab),match,match,match,match,match,match,match,match,match,match,match,match,match,match,match,match
Ward10-KirkcaldyNorth_fife17-10.csv,PM,Neil CROOKS (Lab),match,match,match,match,match,match,match,match,match,match,match,match,match,match,match,match
Ward10-KirkcaldyNorth_fife17-10.csv,AVG,Neil CROOKS (Lab),match,match,match,match,match,match,match,match,match,match,match,match,match,match,match,match
Ward17-TayBridgehead_fife17-17.csv,OM,Tim BRETT (LD),match,match,match,match,match,match,match,match,match,match,match,match,match,match,match,match
Ward17-TayBridgehead_fife17-17.csv,PM,Tim BRETT (LD),match,match,match,match,match,match,match,match,match,match,match,match,match,match,match,match
Ward17-TayBridgehead_fife17-17.csv,AVG,Tim BRETT (LD),match,match,match,match,match,match,match,match,match,match,match,match,match,match,match,match
Ward12-KirkcaldyEast_fife17-12.csv,OM,Rod CAVANAGH (SNP),no_match,match,match,no_match,match,match,match,match,match,match,match,match,match,no_match,no_match,match
Ward12-KirkcaldyEast_fife17-12.csv,PM,Rod CAVANAGH (SNP),no_match,match,match,no_match,match,match,match,match,match,match,match,match,match,no_match,no_match,match
Ward12-KirkcaldyEast_fife17-12.csv,AVG,Rod CAVANAGH (SNP),no_match,match,match,no_match,match,match,match,match,match,match,match,match,match,no_match,no_match,match
"Ward22-Buckhaven,Methil&WemyssVillages_fife17-22.csv",OM,Ken CALDWELL (SNP),no_match,no_match,no_match,no_match,match,no_match,no_match,no_match,no_match,no_match,no_match,no_match,no_match,no_match,no_match,no_match
"Ward22-Buckhaven,Methil&WemyssVillages_fife17-22.csv",PM,David GRAHAM (Lab),match,match,match,match,no_match,match,match,match,match,match,match,match,match,match,match,match
"Ward22-Buckhaven,Methil&WemyssVillages_fife17-22.csv",AVG,David GRAHAM (Lab),match,match,match,match,no_match,match,match,match,match,match,match,match,match,match,match,match
Ward5-Rosyth_fife17-05.csv,OM,Samantha STEELE (SNP),no_match,match,match,match,match,match,match,match,match,match,match,match,match,match,match,match
Ward5-Rosyth_fife17-05.csv,PM,Samantha STEELE (SNP),no_match,match,match,match,match,match,match,match,match,match,match,match,match,match,match,match
Ward5-Rosyth_fife17-05.csv,AVG,Samantha STEELE (SNP),no_match,match,match,match,match,match,match,match,match,match,match,match,match,match,match,match
"Ward9-Burntisland,Kinghorn&WesternKirkcaldy_fife17-09.csv",OM,Lesley BACKHOUSE (SNP),no_match,match,match,no_match,match,match,no_match,match,match,match,match,match,match,no_match,no_match,match
"Ward9-Burntisland,Kinghorn&WesternKirkcaldy_fife17-09.csv",PM,Lesley BACKHOUSE (SNP),no_match,match,match,no_match,match,match,no_match,match,match,match,match,match,match,no_match,no_match,match
"Ward9-Burntisland,Kinghorn&WesternKirkcaldy_fife17-09.csv",AVG,Lesley BACKHOUSE (SNP),no_match,match,match,no_match,match,match,no_match,match,match,match,match,match,match,no_match,no_match,match
Ward2-DunfermlineNorth_fife17-02.csv,OM,Helen LAW (Lab),no_match,match,no_match,match,no_match,match,no_match,match,match,match,match,match,match,match,match,match
Ward2-DunfermlineNorth_fife17-02.csv,PM,Helen LAW (Lab),no_match,match,no_match,match,no_match,match,no_match,match,match,match,match,match,match,match,match,match
Ward2-DunfermlineNorth_fife17-02.csv,AVG,Helen LAW (Lab),no_match,match,no_match,match,no_match,match,no_match,match,match,match,match,match,match,match,match,match
Ward11-KirkcaldyCentral_fife17-11.csv,OM,Alistair CAMERON (Lab),no_match,match,match,no_match,no_match,no_match,no_match,match,match,match,match,match,match,no_match,no_match,match
Ward11-KirkcaldyCentral_fife17-11.csv,PM,Judy HAMILTON (Lab),no_match,no_match,no_match,match,match,match,match,no_match,no_match,no_match,no_match,no_match,no_match,match,match,no_match
Ward11-KirkcaldyCentral_fife17-11.csv,AVG,Alistair CAMERON (Lab),no_match,match,match,no_match,no_match,no_match,no_match,match,match,match,match,match,match,no_match,no_match,match
"Ward14-GlenrothesNorth,Leslie&Markinch_fife17-14.csv",OM,Fiona GRANT (SNP),match,match,match,match,match,match,match,match,match,match,match,match,match,match,match,match
"Ward14-GlenrothesNorth,Leslie&Markinch_fife17-14.csv",PM,Fiona GRANT (SNP),match,match,match,match,match,match,match,match,match,match,match,match,match,match,match,match
"Ward14-GlenrothesNorth,Leslie&Markinch_fife17-14.csv",AVG,Fiona GRANT (SNP),match,match,match,match,match,match,match,match,match,match,match,match,match,match,match,match
Ward6-Inverkeithing&DalgetyBay_fife17-06.csv,OM,Dave DEMPSEY (Con),match,match,match,match,match,match,match,match,match,match,match,match,match,match,match,match
Ward6-Inverkeithing&DalgetyBay_fife17-06.csv,PM,Dave DEMPSEY (Con),match,match,match,match,match,match,match,match,match,match,match,match,match,match,match,match
Ward6-Inverkeithing&DalgetyBay_fife17-06.csv,AVG,Dave DEMPSEY (Con),match,match,match,match,match,match,match,match,match,match,match,match,match,match,match,match
Ward7-Cowdenbeath_fife17-07.csv,OM,Alex CAMPBELL (Lab),match,match,match,match,match,match,match,match,match,match,match,match,match,match,match,match
Ward7-Cowdenbeath_fife17-07.csv,PM,Alex CAMPBELL (Lab),match,match,match,match,match,match,match,match,match,match,match,match,match,match,match,match
Ward7-Cowdenbeath_fife17-07.csv,AVG,Alex CAMPBELL (Lab),match,match,match,match,match,match,match,match,match,match,match,match,match,match,match,match
Ward13-GlenrothesWest&Kinglassie_fife17-13.csv,OM,Julie FORD (SNP),match,match,match,match,match,match,match,match,match,match,match,match,match,match,match,match
Ward13-GlenrothesWest&Kinglassie_fife17-13.csv,PM,Julie FORD (SNP),match,match,match,match,match,match,match,match,match,match,match,match,match,match,match,match
Ward13-GlenrothesWest&Kinglassie_fife17-13.csv,AVG,Julie FORD (SNP),match,match,match,match,match,match,match,match,match,match,match,match,match,match,match,match
"Ward21-Leven,Kennoway&Largo_fife17-21.csv",OM,David ALEXANDER (SNP),match,match,match,match,match,match,match,match,match,match,match,match,match,no_match,no_match,match
"Ward21-Leven,Kennoway&Largo_fife17-21.csv",PM,David ALEXANDER (SNP),match,match,match,match,match,match,match,match,match,match,match,match,match,no_match,no_match,match
"Ward21-Leven,Kennoway&Largo_fife17-21.csv",AVG,David ALEXANDER (SNP),match,match,match,match,match,match,match,match,match,match,match,match,match,no_match,no_match,match
Ward18-StAndrews_fife17-18.csv,OM,Jane Ann LISTON (LD),match,match,match,match,match,match,match,match,match,match,match,match,match,match,match,match
Ward18-StAndrews_fife17-18.csv,PM,Jane Ann LISTON (LD),match,match,match,match,match,match,match,match,match,match,match,match,match,match,match,match
Ward18-StAndrews_fife17-18.csv,AVG,Jane Ann LISTON (LD),match,match,match,match,match,match,match,match,match,match,match,match,match,match,match,match
BusbyClarkstonandEagleshamWard_e-renfs12-06.csv,OM,Alan LAFFERTY (Lab),match,match,match,match,match,match,match,match,match,match,match,match,match,match,match,match
BusbyClarkstonandEagleshamWard_e-renfs12-06.csv,PM,Alan LAFFERTY (Lab),match,match,match,match,match,match,match,match,match,match,match,match,match,match,match,match
BusbyClarkstonandEagleshamWard_e-renfs12-06.csv,AVG,Alan LAFFERTY (Lab),match,match,match,match,match,match,match,match,match,match,match,match,match,match,match,match
NewtonMearnsSouthWard_e-renfs12-05.csv,OM,Jim SWIFT (Con),match,match,match,match,match,match,match,match,match,match,match,match,match,match,match,match
NewtonMearnsSouthWard_e-renfs12-05.csv,PM,Jim SWIFT (Con),match,match,match,match,match,match,match,match,match,match,match,match,match,match,match,match
NewtonMearnsSouthWard_e-renfs12-05.csv,AVG,Jim SWIFT (Con),match,match,match,match,match,match,match,match,match,match,match,match,match,match,match,match
BarrheadWard_e-renfs12-02.csv,OM,Danny DEVLIN (Ind),match,match,match,match,match,match,match,match,match,match,match,match,match,match,match,match
BarrheadWard_e-renfs12-02.csv,PM,Danny DEVLIN (Ind),match,match,match,match,match,match,match,match,match,match,match,match,match,match,match,match
BarrheadWard_e-renfs12-02.csv,AVG,Danny DEVLIN (Ind),match,match,match,match,match,match,match,match,match,match,match,match,match,match,match,match
NeilstonUplawmoorandNewtonMearnsNorthWard_e-renfs12-01.csv,OM,Elaine GREEN (Lab),no_match,match,match,match,match,match,no_match,match,match,match,match,match,match,match,match,match
NeilstonUplawmoorandNewtonMearnsNorthWard_e-renfs12-01.csv,PM,Elaine GREEN (Lab),no_match,match,match,match,match,match,no_match,match,match,match,match,match,match,match,match,match
NeilstonUplawmoorandNewtonMearnsNorthWard_e-renfs12-01.csv,AVG,Elaine GREEN (Lab),no_match,match,match,match,match,match,no_match,match,match,match,match,match,match,match,match,match
NetherleeStamperlandandWilliamwoodWard_e-renfs12-04.csv,OM,Ralph ROBERTSON (Ind),no_match,match,match,match,match,match,match,match,match,match,match,match,match,match,match,match
NetherleeStamperlandandWilliamwoodWard_e-renfs12-04.csv,PM,Ralph ROBERTSON (Ind),no_match,match,match,match,match,match,match,match,match,match,match,match,match,match,match,match
NetherleeStamperlandandWilliamwoodWard_e-renfs12-04.csv,AVG,Ralph ROBERTSON (Ind),no_match,match,match,match,match,match,match,match,match,match,match,match,match,match,match,match
GiffnockandThornliebankWard_e-renfs12-03.csv,OM,Jim FLETCHER (Lab),match,match,match,match,match,match,match,match,match,match,match,match,match,match,match,match
GiffnockandThornliebankWard_e-renfs12-03.csv,PM,Jim FLETCHER (Lab),match,match,match,match,match,match,match,match,match,match,match,match,match,match,match,match
GiffnockandThornliebankWard_e-renfs12-03.csv,AVG,Jim FLETCHER (Lab),match,match,match,match,match,match,match,match,match,match,match,match,match,match,match,match
DunbarandEastLinton_e-lothian17-06.csv,OM,Norman HAMPSHIRE (Lab),no_match,no_match,match,match,match,match,match,match,match,match,match,match,match,match,match,match
DunbarandEastLinton_e-lothian17-06.csv,PM,Norman HAMPSHIRE (Lab),no_match,no_match,match,match,match,match,match,match,match,match,match,match,match,match,match,match
DunbarandEastLinton_e-lothian17-06.csv,AVG,Norman HAMPSHIRE (Lab),no_match,no_match,match,match,match,match,match,match,match,match,match,match,match,match,match,match
NorthBerwickCoastal_e-lothian17-04.csv,OM,Jeremy FINDLAY (Con),match,match,match,match,match,match,match,match,match,match,match,match,match,match,match,match
NorthBerwickCoastal_e-lothian17-04.csv,PM,Jeremy FINDLAY (Con),match,match,match,match,match,match,match,match,match,match,match,match,match,match,match,match
NorthBerwickCoastal_e-lothian17-04.csv,AVG,Jeremy FINDLAY (Con),match,match,match,match,match,match,match,match,match,match,match,match,match,match,match,match
"Preston,SetonandGosford_e-lothian17-02.csv",OM,Willie INNES (Lab),match,match,match,match,match,match,match,match,match,match,match,match,match,match,match,match
"Preston,SetonandGosford_e-lothian17-02.csv",PM,Willie INNES (Lab),match,match,match,match,match,match,match,match,match,match,match,match,match,match,match,match
"Preston,SetonandGosford_e-lothian17-02.csv",AVG,Willie INNES (Lab),match,match,match,match,match,match,match,match,match,match,match,match,match,match,match,match
"Tranent,WallyfordandMacmerry_e-lothian17-03.csv",OM,Fiona DUGDALE (Lab),no_match,match,match,match,match,match,match,match,match,match,match,match,match,match,match,match
"Tranent,WallyfordandMacmerry_e-lothian17-03.csv",PM,Fiona DUGDALE (Lab),no_match,match,match,match,match,match,match,match,match,match,match,match,match,match,match,match
"Tranent,WallyfordandMacmerry_e-lothian17-03.csv",AVG,Fiona DUGDALE (Lab),no_match,match,match,match,match,match,match,match,match,match,match,match,match,match,match,match
Musselburgh_e-lothian17-01.csv,OM,Stuart McDonald CURRIE (SNP),match,match,match,match,match,match,match,match,match,match,match,match,match,no_match,no_match,match
Musselburgh_e-lothian17-01.csv,PM,Stuart McDonald CURRIE (SNP),match,match,match,match,match,match,match,match,match,match,match,match,match,no_match,no_match,match
Musselburgh_e-lothian17-01.csv,AVG,Stuart McDonald CURRIE (SNP),match,match,match,match,match,match,match,match,match,match,match,match,match,no_match,no_match,match
HaddingtonandLammermuir_e-lothian17-05.csv,OM,John MCMILLAN (Lab),no_match,match,match,match,match,match,match,match,match,match,match,match,match,match,match,match
HaddingtonandLammermuir_e-lothian17-05.csv,PM,John MCMILLAN (Lab),no_match,match,match,match,match,match,match,match,match,match,match,match,match,match,match,match
HaddingtonandLammermuir_e-lothian17-05.csv,AVG,John MCMILLAN (Lab),no_match,match,match,match,match,match,match,match,match,match,match,match,match,match,match,match
"Ward2-Leven_west dunbartonshire,2022,ward 2.csv",OM,Michelle Marie MCGINTY (Lab),no_match,no_match,no_match,no_match,no_match,no_match,no_match,no_winner,no_match,no_match,no_match,no_match,no_match,no_match,no_match,match
"Ward2-Leven_west dunbartonshire,2022,ward 2.csv",PM,John Kelly MILLAR (Lab),no_match,match,match,match,no_match,no_match,no_match,no_winner,match,no_match,match,match,match,match,match,match
"Ward2-Leven_west dunbartonshire,2022,ward 2.csv",AVG,John Kelly MILLAR (Lab),no_match,match,match,match,no_match,no_match,no_match,no_winner,match,no_match,match,match,match,match,match,match
"Ward5-ClydebankCentral_west dunbartonshire,2022,ward 5.csv",OM,Diane DOCHERTY (SNP),match,match,match,match,match,match,match,match,match,match,match,match,match,match,no_match,match
"Ward5-ClydebankCentral_west dunbartonshire,2022,ward 5.csv",PM,Diane DOCHERTY (SNP),match,match,match,match,match,match,match,match,match,match,match,match,match,match,no_match,match
"Ward5-ClydebankCentral_west dunbartonshire,2022,ward 5.csv",AVG,Diane DOCHERTY (SNP),match,match,match,match,match,match,match,match,match,match,match,match,match,match,no_match,match
"Ward6-ClydebankWaterfront_west dunbartonshire,2022,ward 6.csv",OM,James MCELHILL (SNP),match,match,match,match,match,match,match,match,match,match,match,match,match,match,match,match
"Ward6-ClydebankWaterfront_west dunbartonshire,2022,ward 6.csv",PM,James MCELHILL (SNP),match,match,match,match,match,match,match,match,match,match,match,match,match,match,match,match
"Ward6-ClydebankWaterfront_west dunbartonshire,2022,ward 6.csv",AVG,James MCELHILL (SNP),match,match,match,match,match,match,match,match,match,match,match,match,match,match,match,match
"Ward1-Lomond_west dunbartonshire,2022,ward 1.csv",OM,Martin ROONEY (Lab),no_match,match,match,match,match,match,match,match,match,match,match,match,match,no_match,no_match,match
"Ward1-Lomond_west dunbartonshire,2022,ward 1.csv",PM,Martin ROONEY (Lab),no_match,match,match,match,match,match,match,match,match,match,match,match,match,no_match,no_match,match
"Ward1-Lomond_west dunbartonshire,2022,ward 1.csv",AVG,Martin ROONEY (Lab),no_match,match,match,match,match,match,match,match,match,match,match,match,match,no_match,no_match,match
"Ward3-Dumbarton_west dunbartonshire,2022,ward 3.csv",OM,David MCBRIDE (Lab),no_match,match,match,match,match,match,match,match,match,match,match,match,match,match,match,match
"Ward3-Dumbarton_west dunbartonshire,2022,ward 3.csv",PM,David MCBRIDE (Lab),no_match,match,match,match,match,match,match,match,match,match,match,match,match,match,match,match
"Ward3-Dumbarton_west dunbartonshire,2022,ward 3.csv",AVG,David MCBRIDE (Lab),no_match,match,match,match,match,match,match,match,match,match,match,match,match,match,match,match
"Ward4-Kilpatrick_west dunbartonshire,2022,ward 4.csv",OM,Douglas MCALLISTER (Lab),match,match,match,match,match,match,match,match,match,match,match,match,match,match,match,match
"Ward4-Kilpatrick_west dunbartonshire,2022,ward 4.csv",PM,Douglas MCALLISTER (Lab),match,match,match,match,match,match,match,match,match,match,match,match,match,match,match,match
"Ward4-Kilpatrick_west dunbartonshire,2022,ward 4.csv",AVG,Douglas MCALLISTER (Lab),match,match,match,match,match,match,match,match,match,match,match,match,match,match,match,match
Ward2‐NewtonMearnsNorthandNeilston_ward2_copy.csv,OM,Owen O'DONNELL (Lab),no_match,no_match,no_match,match,match,match,match,match,match,match,match,match,match,match,match,match
Ward2‐NewtonMearnsNorthandNeilston_ward2_copy.csv,PM,Owen O'DONNELL (Lab),no_match,no_match,no_match,match,match,match,match,match,match,match,match,match,match,match,match,match
Ward2‐NewtonMearnsNorthandNeilston_ward2_copy.csv,AVG,Owen O'DONNELL (Lab),no_match,no_match,no_match,match,match,match,match,match,match,match,match,match,match,match,match,match
Ward5‐NewtonMearnsSouthandEaglesham_ward5_copy.csv,OM,Paul EDLIN (Con),no_match,match,match,no_match,match,no_match,match,match,match,match,match,match,match,no_match,no_match,match
Ward5‐NewtonMearnsSouthandEaglesham_ward5_copy.csv,PM,Paul EDLIN (Con),no_match,match,match,no_match,match,no_match,match,match,match,match,match,match,match,no_match,no_match,match
Ward5‐NewtonMearnsSouthandEaglesham_ward5_copy.csv,AVG,Paul EDLIN (Con),no_match,match,match,no_match,match,no_match,match,match,match,match,match,match,match,no_match,no_match,match
Ward4‐ClarkstonNetherleeandWilliamwood_ward4_copy.csv,OM,Annette IRELAND (SNP),match,match,match,match,match,match,match,match,match,match,match,match,match,no_match,no_match,match
Ward4‐ClarkstonNetherleeandWilliamwood_ward4_copy.csv,PM,Annette IRELAND (SNP),match,match,match,match,match,match,match,match,match,match,match,match,match,no_match,no_match,match
Ward4‐ClarkstonNetherleeandWilliamwood_ward4_copy.csv,AVG,Annette IRELAND (SNP),match,match,match,match,match,match,match,match,match,match,match,match,match,no_match,no_match,match
Ward3‐GiffnockandThornliebank_ward3_copy.csv,OM,Mary MONTAGUE (Lab),no_match,no_match,no_match,match,match,match,match,match,match,match,match,match,match,match,match,match
Ward3‐GiffnockandThornliebank_ward3_copy.csv,PM,Mary MONTAGUE (Lab),no_match,no_match,no_match,match,match,match,match,match,match,match,match,match,match,match,match,match
Ward3‐GiffnockandThornliebank_ward3_copy.csv,AVG,Mary MONTAGUE (Lab),no_match,no_match,no_match,match,match,match,match,match,match,match,match,match,match,match,match,match
Ward1‐BarrheadLibosideandUplawmoor_ward1_copy.csv,OM,Danny DEVLIN (Ind),match,match,match,match,match,match,match,match,match,match,match,match,match,match,match,match
Ward1‐BarrheadLibosideandUplawmoor_ward1_copy.csv,PM,Danny DEVLIN (Ind),match,match,match,match,match,match,match,match,match,match,match,match,match,match,match,match
Ward1‐BarrheadLibosideandUplawmoor_ward1_copy.csv,AVG,Danny DEVLIN (Ind),match,match,match,match,match,match,match,match,match,match,match,match,match,match,match,match
Leven_w-duns17-02.csv,OM,Ian DICKSON (SNP),match,match,match,no_match,match,match,match,match,match,match,match,match,match,no_match,no_match,match
Leven_w-duns17-02.csv,PM,Ian DICKSON (SNP),match,match,match,no_match,match,match,match,match,match,match,match,match,match,no_match,no_match,match
Leven_w-duns17-02.csv,AVG,Ian DICKSON (SNP),match,match,match,no_match,match,match,match,match,match,match,match,match,match,no_match,no_match,match
Kilpatrick_w-duns17-04.csv,OM,Douglas James MCALLISTER (Lab),match,match,match,match,match,match,match,match,match,match,match,match,match,match,match,match
Kilpatrick_w-duns17-04.csv,PM,Douglas James MCALLISTER (Lab),match,match,match,match,match,match,match,match,match,match,match,match,match,match,match,match
Kilpatrick_w-duns17-04.csv,AVG,Douglas James MCALLISTER (Lab),match,match,match,match,match,match,match,match,match,match,match,match,match,match,match,match
Lomond_w-duns17-01.csv,OM,Jonathan MCCOLL (SNP),match,no_match,no_match,no_match,match,no_match,match,no_match,no_match,no_match,no_match,no_match,no_match,no_match,no_match,no_match
Lomond_w-duns17-01.csv,PM,Martin ROONEY (Lab),no_match,match,match,match,no_match,match,no_match,match,match,match,match,match,match,match,match,match
Lomond_w-duns17-01.csv,AVG,Martin ROONEY (Lab),no_match,match,match,match,no_match,match,no_match,match,match,match,match,match,match,match,match,match
Dumbarton_w-duns17-03.csv,OM,David MCBRIDE (Lab),match,match,match,match,match,match,match,match,match,match,match,match,match,match,match,match
Dumbarton_w-duns17-03.csv,PM,David MCBRIDE (Lab),match,match,match,match,match,match,match,match,match,match,match,match,match,match,match,match
Dumbarton_w-duns17-03.csv,AVG,David MCBRIDE (Lab),match,match,match,match,match,match,match,match,match,match,match,match,match,match,match,match
ClydebankWaterfront_w-duns17-06.csv,OM,William HENDRIE (SNP),match,match,match,match,match,match,match,match,match,match,match,match,match,match,match,match
ClydebankWaterfront_w-duns17-06.csv,PM,William HENDRIE (SNP),match,match,match,match,match,match,match,match,match,match,match,match,match,match,match,match
ClydebankWaterfront_w-duns17-06.csv,AVG,William HENDRIE (SNP),match,match,match,match,match,match,match,match,match,match,match,match,match,match,match,match
ClydebankCentral_w-duns17-05.csv,OM,Jim BROWN (SNP),match,match,match,match,match,match,match,match,match,match,match,match,match,match,match,match
ClydebankCentral_w-duns17-05.csv,PM,Jim BROWN (SNP),match,match,match,match,match,match,match,match,match,match,match,match,match,match,match,match
ClydebankCentral_w-duns17-05.csv,AVG,Jim BROWN (SNP),match,match,match,match,match,match,match,match,match,match,match,match,match,match,match,match
Hazlehead-QueensCross-CountesswellsWard_Ward10.csv,OM,Martin GREIG (LD),match,match,match,match,match,match,match,match,match,match,match,match,match,match,match,match
Hazlehead-QueensCross-CountesswellsWard_Ward10.csv,PM,Martin GREIG (LD),match,match,match,match,match,match,match,match,match,match,match,match,match,match,match,match
Hazlehead-QueensCross-CountesswellsWard_Ward10.csv,AVG,Martin GREIG (LD),match,match,match,match,match,match,match,match,match,match,match,match,match,match,match,match
Kincorth-Nigg-CoveWard_Ward13.csv,OM,Alex NICOLL (SNP),match,match,match,match,match,match,match,match,match,match,match,match,match,match,match,match
Kincorth-Nigg-CoveWard_Ward13.csv,PM,Alex NICOLL (SNP),match,match,match,match,match,match,match,match,match,match,match,match,match,match,match,match
Kincorth-Nigg-CoveWard_Ward13.csv,AVG,Alex NICOLL (SNP),match,match,match,match,match,match,match,match,match,match,match,match,match,match,match,match
BridgeofDonWard_Ward2.csv,OM,Alison ALPHONSE (SNP),match,match,match,match,match,match,match,match,match,match,match,match,match,match,match,match
BridgeofDonWard_Ward2.csv,PM,Alison ALPHONSE (SNP),match,match,match,match,match,match,match,match,match,match,match,match,match,match,match,match
BridgeofDonWard_Ward2.csv,AVG,Alison ALPHONSE (SNP),match,match,match,match,match,match,match,match,match,match,match,match,match,match,match,match
Midstocket-RosemountWard_Ward7.csv,OM,Bill CORMIE (SNP),match,match,match,match,match,match,match,match,match,match,match,match,match,match,no_match,match
Midstocket-RosemountWard_Ward7.csv,PM,Bill CORMIE (SNP),match,match,match,match,match,match,match,match,match,match,match,match,match,match,no_match,match
Midstocket-RosemountWard_Ward7.csv,AVG,Bill CORMIE (SNP),match,match,match,match,match,match,match,match,match,match,match,match,match,match,no_match,match
Torry-FerryhillWard_Ward12.csv,OM,Christian ALLARD (SNP),match,match,match,match,match,match,match,match,match,match,match,match,match,match,match,match
Torry-FerryhillWard_Ward12.csv,PM,Christian ALLARD (SNP),match,match,match,match,match,match,match,match,match,match,match,match,match,match,match,match
Torry-FerryhillWard_Ward12.csv,AVG,Christian ALLARD (SNP),match,match,match,match,match,match,match,match,match,match,match,match,match,match,match,match
Tillydrone-Seaton-OldAberdeenWard_Ward6.csv,OM,Alexander MCLELLAN (SNP),match,match,match,match,match,match,match,match,match,match,match,match,match,match,match,match
Tillydrone-Seaton-OldAberdeenWard_Ward6.csv,PM,Alexander MCLELLAN (SNP),match,match,match,match,match,match,match,match,match,match,match,match,match,match,match,match
Tillydrone-Seaton-OldAberdeenWard_Ward6.csv,AVG,Alexander MCLELLAN (SNP),match,match,match,match,match,match,match,match,match,match,match,match,match,match,match,match
GeorgeSt-HarbourWard_Ward8.csv,OM,Michael HUTCHISON (SNP),match,match,match,match,match,match,match,match,match,match,match,match,match,match,match,match
GeorgeSt-HarbourWard_Ward8.csv,PM,Michael HUTCHISON (SNP),match,match,match,match,match,match,match,match,match,match,match,match,match,match,match,match
GeorgeSt-HarbourWard_Ward8.csv,AVG,Michael HUTCHISON (SNP),match,match,match,match,match,match,match,match,match,match,match,match,match,match,match,match
Airyhall-Broomhill-GarthdeeWard_Ward11.csv,OM,Ian YUILL (LD),match,match,match,match,match,match,match,match,match,match,match,match,match,match,match,match
Airyhall-Broomhill-GarthdeeWard_Ward11.csv,PM,Ian YUILL (LD),match,match,match,match,match,match,match,match,match,match,match,match,match,match,match,match
Airyhall-Broomhill-GarthdeeWard_Ward11.csv,AVG,Ian YUILL (LD),match,match,match,match,match,match,match,match,match,match,match,match,match,match,match,match
Northfield-MastrickNorthWard_Ward4.csv,OM,Donna CLARK (SNP),match,match,match,match,match,match,match,match,match,match,match,match,match,match,match,match
Northfield-MastrickNorthWard_Ward4.csv,PM,Donna CLARK (SNP),match,match,match,match,match,match,match,match,match,match,match,match,match,match,match,match
Northfield-MastrickNorthWard_Ward4.csv,AVG,Donna CLARK (SNP),match,match,match,match,match,match,match,match,match,match,match,match,match,match,match,match
Dyce-Bucksburn-DanestoneWard_Ward1.csv,OM,Gill AL-SAMARAI (SNP),match,match,match,match,match,match,match,match,match,match,match,match,match,no_match,match,match
Dyce-Bucksburn-DanestoneWard_Ward1.csv,PM,Gill AL-SAMARAI (SNP),match,match,match,match,match,match,match,match,match,match,match,match,match,no_match,match,match
Dyce-Bucksburn-DanestoneWard_Ward1.csv,AVG,Gill AL-SAMARAI (SNP),match,match,match,match,match,match,match,match,match,match,match,match,match,no_match,match,match
LowerDeesideWard_Ward9.csv,OM,Marie Louise BOULTON (Ind),no_match,no_match,match,no_match,no_match,no_match,no_match,match,match,match,match,match,match,no_match,no_match,match
LowerDeesideWard_Ward9.csv,PM,Marie Louise BOULTON (Ind),no_match,no_match,match,no_match,no_match,no_match,no_match,match,match,match,match,match,match,no_match,no_match,match
LowerDeesideWard_Ward9.csv,AVG,Marie Louise BOULTON (Ind),no_match,no_match,match,no_match,no_match,no_match,no_match,match,match,match,match,match,match,no_match,no_match,match
Kingswells-Sheddocksley-SummerhillWard_Ward3.csv,OM,Steve DELANEY (LD),match,match,match,match,match,match,match,match,match,match,match,match,match,match,match,match
Kingswells-Sheddocksley-SummerhillWard_Ward3.csv,PM,Steve DELANEY (LD),match,match,match,match,match,match,match,match,match,match,match,match,match,match,match,match
Kingswells-Sheddocksley-SummerhillWard_Ward3.csv,AVG,Steve DELANEY (LD),match,match,match,match,match,match,match,match,match,match,match,match,match,match,match,match
Hilton-Woodside-StockethillWard_Ward5.csv,OM,Hazel CAMERON (SNP),match,match,match,match,match,match,match,match,match,match,match,match,match,match,match,match
Hilton-Woodside-StockethillWard_Ward5.csv,PM,Hazel CAMERON (SNP),match,match,match,match,match,match,match,match,match,match,match,match,match,match,match,match
Hilton-Woodside-StockethillWard_Ward5.csv,AVG,Hazel CAMERON (SNP),match,match,match,match,match,match,match,match,match,match,match,match,match,match,match,match
StirlingEast_stirling17-06.csv,OM,Alison LAURIE (SNP),match,match,match,match,match,match,match,match,match,match,match,match,match,no_match,no_match,match
StirlingEast_stirling17-06.csv,PM,Alison LAURIE (SNP),match,match,match,match,match,match,match,match,match,match,match,match,match,no_match,no_match,match
StirlingEast_stirling17-06.csv,AVG,Alison LAURIE (SNP),match,match,match,match,match,match,match,match,match,match,match,match,match,no_match,no_match,match
ForthandEndrick_stirling17-02.csv,OM,Alistair BERRILL (Con),match,match,match,match,match,match,match,match,match,match,match,match,match,match,no_match,match
ForthandEndrick_stirling17-02.csv,PM,Alistair BERRILL (Con),match,match,match,match,match,match,match,match,match,match,match,match,match,match,no_match,match
ForthandEndrick_stirling17-02.csv,AVG,Alistair BERRILL (Con),match,match,match,match,match,match,match,match,match,match,match,match,match,match,no_match,match
StirlingNorth_stirling17-04.csv,OM,Susan MCGILL (SNP),no_match,match,match,match,match,match,match,match,match,match,match,match,match,match,no_match,match
StirlingNorth_stirling17-04.csv,PM,Susan MCGILL (SNP),no_match,match,match,match,match,match,match,match,match,match,match,match,match,match,no_match,match
StirlingNorth_stirling17-04.csv,AVG,Susan MCGILL (SNP),no_match,match,match,match,match,match,match,match,match,match,match,match,match,match,no_match,match
Bannockburn_stirling17-07.csv,OM,Alasdair MACPHERSON (SNP),match,match,match,match,match,match,match,match,match,match,match,match,match,match,no_match,match
Bannockburn_stirling17-07.csv,PM,Alasdair MACPHERSON (SNP),match,match,match,match,match,match,match,match,match,match,match,match,match,match,no_match,match
Bannockburn_stirling17-07.csv,AVG,Alasdair MACPHERSON (SNP),match,match,match,match,match,match,match,match,match,match,match,match,match,match,no_match,match
StirlingWest_stirling17-05.csv,OM,Neil BENNY (Con),match,match,match,match,no_match,match,match,match,match,match,match,match,match,no_match,match,match
StirlingWest_stirling17-05.csv,PM,Neil BENNY (Con),match,match,match,match,no_match,match,match,match,match,match,match,match,match,no_match,match,match
StirlingWest_stirling17-05.csv,AVG,Neil BENNY (Con),match,match,match,match,no_match,match,match,match,match,match,match,match,match,no_match,match,match
DunblaneandBridgeofAllan_stirling17-03.csv,OM,Alastair MAJURY (Con),match,match,match,no_match,match,no_match,no_match,match,match,match,match,match,match,no_match,no_match,match
DunblaneandBridgeofAllan_stirling17-03.csv,PM,Alastair MAJURY (Con),match,match,match,no_match,match,no_match,no_match,match,match,match,match,match,match,no_match,no_match,match
DunblaneandBridgeofAllan_stirling17-03.csv,AVG,Alastair MAJURY (Con),match,match,match,no_match,match,no_match,no_match,match,match,match,match,match,match,no_match,no_match,match
TrossachsandTeith_stirling17-01.csv,OM,Martin EARL (Con),match,match,match,match,match,match,match,match,match,match,match,match,match,match,match,match
TrossachsandTeith_stirling17-01.csv,PM,Martin EARL (Con),match,match,match,match,match,match,match,match,match,match,match,match,match,match,match,match
TrossachsandTeith_stirling17-01.csv,AVG,Martin EARL (Con),match,match,match,match,match,match,match,match,match,match,match,match,match,match,match,match
LocharWard_dumgal12-09.csv,OM,(Lab) Jeff LEAVER,no_match,match,match,match,match,match,match,match,match,match,match,match,match,match,match,match
LocharWard_dumgal12-09.csv,PM,(Lab) Jeff LEAVER,no_match,match,match,match,match,match,match,match,match,match,match,match,match,match,match,match
LocharWard_dumgal12-09.csv,AVG,(Lab) Jeff LEAVER,no_match,match,match,match,match,match,match,match,match,match,match,match,match,match,match,match
StranraerandNorthRhinsWard_dumgal12-01.csv,OM,(Ind) Willie SCOBIE,match,match,match,match,match,match,match,match,match,match,match,match,match,match,match,match
StranraerandNorthRhinsWard_dumgal12-01.csv,PM,(Ind) Willie SCOBIE,match,match,match,match,match,match,match,match,match,match,match,match,match,match,match,match
StranraerandNorthRhinsWard_dumgal12-01.csv,AVG,(Ind) Willie SCOBIE,match,match,match,match,match,match,match,match,match,match,match,match,match,match,match,match
WigtownWestWard_dumgal12-02.csv,OM,(Ind) Grahame FORSTER,match,match,match,match,match,match,match,match,match,match,match,match,match,match,match,match
WigtownWestWard_dumgal12-02.csv,PM,(Ind) Grahame FORSTER,match,match,match,match,match,match,match,match,match,match,match,match,match,match,match,match
WigtownWestWard_dumgal12-02.csv,AVG,(Ind) Grahame FORSTER,match,match,match,match,match,match,match,match,match,match,match,match,match,match,match,match
AnnandaleSouthWard_dumgal12-11.csv,OM,(Lab) Sean MARSHALL,no_match,match,match,match,match,match,match,match,match,match,match,match,match,match,match,match
AnnandaleSouthWard_dumgal12-11.csv,PM,(Lab) Sean MARSHALL,no_match,match,match,match,match,match,match,match,match,match,match,match,match,match,match,match
AnnandaleSouthWard_dumgal12-11.csv,AVG,(Lab) Sean MARSHALL,no_match,match,match,match,match,match,match,match,match,match,match,match,match,match,match,match
MidGallowayWard_dumgal12-03.csv,OM,(Ind) Jim MCCOLM,no_match,match,match,match,match,match,match,match,match,match,match,match,match,match,match,match
MidGallowayWard_dumgal12-03.csv,PM,(Ind) Jim MCCOLM,no_match,match,match,match,match,match,match,match,match,match,match,match,match,match,match,match
MidGallowayWard_dumgal12-03.csv,AVG,(Ind) Jim MCCOLM,no_match,match,match,match,match,match,match,match,match,match,match,match,match,match,match,match
CastleDouglasandGlenkensWard_dumgal12-05.csv,OM,(Ind) George N PRENTICE,no_match,no_match,match,match,match,match,no_match,match,match,match,match,match,match,match,match,match
CastleDouglasandGlenkensWard_dumgal12-05.csv,PM,(Ind) George N PRENTICE,no_match,no_match,match,match,match,match,no_match,match,match,match,match,match,match,match,match,match
CastleDouglasandGlenkensWard_dumgal12-05.csv,AVG,(Ind) George N PRENTICE,no_match,no_match,match,match,match,match,no_match,match,match,match,match,match,match,match,match,match
DeeWard_dumgal12-04.csv,OM,(Ind) Colin WYPER,match,match,match,match,match,match,match,match,match,match,match,match,match,match,match,match
DeeWard_dumgal12-04.csv,PM,(Ind) Colin WYPER,match,match,match,match,match,match,match,match,match,match,match,match,match,match,match,match
DeeWard_dumgal12-04.csv,AVG,(Ind) Colin WYPER,match,match,match,match,match,match,match,match,match,match,match,match,match,match,match,match
MidandUpperNithsdaleWard_dumgal12-08.csv,OM,(Lab) Jim DEMPSTER,match,match,match,match,match,match,match,match,match,match,match,match,match,match,match,match
MidandUpperNithsdaleWard_dumgal12-08.csv,PM,(Lab) Jim DEMPSTER,match,match,match,match,match,match,match,match,match,match,match,match,match,match,match,match
MidandUpperNithsdaleWard_dumgal12-08.csv,AVG,(Lab) Jim DEMPSTER,match,match,match,match,match,match,match,match,match,match,match,match,match,match,match,match
NithWard_dumgal12-10.csv,OM,(Lab) John MARTIN,match,match,match,match,match,match,match,match,match,match,match,match,match,match,match,match
NithWard_dumgal12-10.csv,PM,(Lab) John MARTIN,match,match,match,match,match,match,match,match,match,match,match,match,match,match,match,match
NithWard_dumgal12-10.csv,AVG,(Lab) John MARTIN,match,match,match,match,match,match,match,match,match,match,match,match,match,match,match,match
AnnandaleEastandEskdaleWard_dumgal12-13.csv,OM,(Con) Denis MALE,no_match,match,match,match,match,match,no_match,match,match,match,match,match,match,match,match,match
AnnandaleEastandEskdaleWard_dumgal12-13.csv,PM,(Con) Denis MALE,no_match,match,match,match,match,match,no_match,match,match,match,match,match,match,match,match,match
AnnandaleEastandEskdaleWard_dumgal12-13.csv,AVG,(Con) Denis MALE,no_match,match,match,match,match,match,no_match,match,match,match,match,match,match,match,match,match
NorthWestDumfriesWard_dumgal12-07.csv,OM,(Lab) David MCKIE,no_match,match,no_match,no_match,no_match,no_match,no_match,match,match,match,match,match,match,match,match,match
NorthWestDumfriesWard_dumgal12-07.csv,PM,(Lab) David MCKIE,no_match,match,no_match,no_match,no_match,no_match,no_match,match,match,match,match,match,match,match,match,match
NorthWestDumfriesWard_dumgal12-07.csv,AVG,(Lab) David MCKIE,no_match,match,no_match,no_match,no_match,no_match,no_match,match,match,match,match,match,match,match,match,match
AnnandaleNorthWard_dumgal12-12.csv,OM,(Con) Peter DIGGLE,no_match,no_match,no_match,no_match,no_match,no_match,no_match,no_winner,no_match,match,no_match,no_match,no_match,no_match,no_match,match
AnnandaleNorthWard_dumgal12-12.csv,PM,(Con) Roger GRANT,no_match,no_match,no_match,no_match,match,no_match,match,no_winner,match,no_match,no_match,match,match,no_match,no_match,match
AnnandaleNorthWard_dumgal12-12.csv,AVG,(Con) Peter DIGGLE,no_match,no_match,no_match,no_match,no_match,no_match,no_match,no_winner,no_match,match,no_match,no_match,no_match,no_match,no_match,match
AbbeyWard_dumgal12-06.csv,OM,(Lab) Davie STITT,no_match,no_match,no_match,match,match,match,match,match,match,match,match,match,match,match,match,match
AbbeyWard_dumgal12-06.csv,PM,(Lab) Davie STITT,no_match,no_match,no_match,match,match,match,match,match,match,match,match,match,match,match,match,match
AbbeyWard_dumgal12-06.csv,AVG,(Lab) Davie STITT,no_match,no_match,no_match,match,match,match,match,match,match,match,match,match,match,match,match,match
LivingstonNorth_w-lothian12-03.csv,OM,Robert DE BOLD (SNP),match,match,match,match,match,match,match,match,match,match,match,match,match,match,match,match
LivingstonNorth_w-lothian12-03.csv,PM,Robert DE BOLD (SNP),match,match,match,match,match,match,match,match,match,match,match,match,match,match,match,match
LivingstonNorth_w-lothian12-03.csv,AVG,Robert DE BOLD (SNP),match,match,match,match,match,match,match,match,match,match,match,match,match,match,match,match
LivingstonSouth_w-lothian12-04.csv,OM,Peter JOHNSTON (SNP),no_match,no_match,no_match,no_match,no_match,no_match,no_match,no_match,no_match,no_match,no_match,no_match,no_match,no_match,no_match,no_match
LivingstonSouth_w-lothian12-04.csv,PM,Lawrence FITZPATRICK (Lab),match,match,match,match,match,match,match,match,match,match,match,match,match,match,match,match
LivingstonSouth_w-lothian12-04.csv,AVG,Lawrence FITZPATRICK (Lab),match,match,match,match,match,match,match,match,match,match,match,match,match,match,match,match
Bathgate_w-lothian12-08.csv,OM,John MCGINTY (Lab),match,no_match,no_match,no_match,no_match,no_match,match,no_match,no_match,no_match,no_match,no_match,no_match,no_match,no_match,no_match
Bathgate_w-lothian12-08.csv,PM,Jim WALKER (SNP),no_match,match,match,match,match,match,no_match,match,match,match,match,match,match,match,match,match
Bathgate_w-lothian12-08.csv,AVG,Jim WALKER (SNP),no_match,match,match,match,match,match,no_match,match,match,match,match,match,match,match,match,match
FauldhouseandtheBriechValley_w-lothian12-06.csv,OM,David DODDS (Lab),match,match,match,match,match,match,match,match,match,match,match,match,match,match,match,match
FauldhouseandtheBriechValley_w-lothian12-06.csv,PM,David DODDS (Lab),match,match,match,match,match,match,match,match,match,match,match,match,match,match,match,match
FauldhouseandtheBriechValley_w-lothian12-06.csv,AVG,David DODDS (Lab),match,match,match,match,match,match,match,match,match,match,match,match,match,match,match,match
WhitburnandBlackburn_w-lothian12-07.csv,OM,George PAUL (Lab),match,match,match,match,match,match,match,match,match,match,match,match,match,match,match,match
WhitburnandBlackburn_w-lothian12-07.csv,PM,George PAUL (Lab),match,match,match,match,match,match,match,match,match,match,match,match,match,match,match,match
WhitburnandBlackburn_w-lothian12-07.csv,AVG,George PAUL (Lab),match,match,match,match,match,match,match,match,match,match,match,match,match,match,match,match
EastLivingstonandEastCalder_w-lothian12-05.csv,OM,Frank ANDERSON (SNP),no_match,no_match,no_match,no_match,no_match,no_match,no_match,no_match,no_match,no_match,no_match,no_match,no_match,no_match,no_match,no_match
EastLivingstonandEastCalder_w-lothian12-05.csv,PM,Dave KING (Lab),match,match,match,match,match,match,match,match,match,match,match,match,match,match,match,match
EastLivingstonandEastCalder_w-lothian12-05.csv,AVG,Dave KING (Lab),match,match,match,match,match,match,match,match,match,match,match,match,match,match,match,match
"Broxburn,UphallandWinchburgh_w-lothian12-02.csv",OM,Alex DAVIDSON (Lab),no_match,no_match,no_match,no_match,no_match,no_match,no_match,no_match,no_match,no_match,no_match,no_match,no_match,match,match,no_match
"Broxburn,UphallandWinchburgh_w-lothian12-02.csv",PM,Diane CALDER (SNP),match,match,match,match,match,match,match,match,match,match,match,match,match,no_match,no_match,match
"Broxburn,UphallandWinchburgh_w-lothian12-02.csv",AVG,Diane CALDER (SNP),match,match,match,match,match,match,match,match,match,match,match,match,match,no_match,no_match,match
Linlithgow_w-lothian12-01.csv,OM,Martyn DAY (SNP),no_match,match,match,match,match,match,match,match,match,match,match,match,match,match,match,match
Linlithgow_w-lothian12-01.csv,PM,Martyn DAY (SNP),no_match,match,match,match,match,match,match,match,match,match,match,match,match,match,match,match
Linlithgow_w-lothian12-01.csv,AVG,Martyn DAY (SNP),no_match,match,match,match,match,match,match,match,match,match,match,match,match,match,match,match
ArmadaleandBlackridge_w-lothian12-09.csv,OM,Stuart BORROWMAN (Ind),match,match,match,match,match,match,match,match,match,match,match,match,match,match,match,match
ArmadaleandBlackridge_w-lothian12-09.csv,PM,Stuart BORROWMAN (Ind),match,match,match,match,match,match,match,match,match,match,match,match,match,match,match,match
ArmadaleandBlackridge_w-lothian12-09.csv,AVG,Stuart BORROWMAN (Ind),match,match,match,match,match,match,match,match,match,match,match,match,match,match,match,match
Ward6-IrvineValley_Ward6.csv,OM,Beverley Michele CLARK (SNP),match,match,match,match,match,match,match,match,match,match,match,match,match,no_match,no_match,match
Ward6-IrvineValley_Ward6.csv,PM,Beverley Michele CLARK (SNP),match,match,match,match,match,match,match,match,match,match,match,match,match,no_match,no_match,match
Ward6-IrvineValley_Ward6.csv,AVG,Beverley Michele CLARK (SNP),match,match,match,match,match,match,match,match,match,match,match,match,match,no_match,no_match,match
Ward3-KilmarnockWestandCrosshouse_Ward3.csv,OM,Iain LINTON (SNP),no_match,no_match,no_match,no_match,match,no_match,no_match,no_match,no_match,no_match,no_match,no_match,no_match,no_match,no_match,no_match
Ward3-KilmarnockWestandCrosshouse_Ward3.csv,PM,Lillian JONES (Lab),match,match,match,match,no_match,match,match,match,match,match,match,match,match,match,match,match
Ward3-KilmarnockWestandCrosshouse_Ward3.csv,AVG,Lillian JONES (Lab),match,match,match,match,no_match,match,match,match,match,match,match,match,match,match,match,match
Ward4-KilmarnockEastandHurlford_Ward4.csv,OM,Barry DOUGLAS (Lab),match,match,match,match,match,match,match,match,match,match,match,match,match,match,match,match
Ward4-KilmarnockEastandHurlford_Ward4.csv,PM,Barry DOUGLAS (Lab),match,match,match,match,match,match,match,match,match,match,match,match,match,match,match,match
Ward4-KilmarnockEastandHurlford_Ward4.csv,AVG,Barry DOUGLAS (Lab),match,match,match,match,match,match,match,match,match,match,match,match,match,match,match,match
Ward7-Ballochmyle_Ward7.csv,OM,Linda HOLLAND (Lab),no_match,match,match,match,match,match,no_match,match,match,match,match,match,match,match,match,match
Ward7-Ballochmyle_Ward7.csv,PM,Linda HOLLAND (Lab),no_match,match,match,match,match,match,no_match,match,match,match,match,match,match,match,match,match
Ward7-Ballochmyle_Ward7.csv,AVG,Linda HOLLAND (Lab),no_match,match,match,match,match,match,no_match,match,match,match,match,match,match,match,match,match
Ward8-CumnockandNewCumnock_Ward8.csv,OM,Billy CRAWFORD (Lab),match,match,match,match,match,match,match,match,match,match,match,match,match,match,match,match
Ward8-CumnockandNewCumnock_Ward8.csv,PM,Billy CRAWFORD (Lab),match,match,match,match,match,match,match,match,match,match,match,match,match,match,match,match
Ward8-CumnockandNewCumnock_Ward8.csv,AVG,Billy CRAWFORD (Lab),match,match,match,match,match,match,match,match,match,match,match,match,match,match,match,match
Ward9-DoonValley_Ward9.csv,OM,Drew FILSON (Ind),match,match,match,match,match,match,match,match,match,match,match,match,match,match,match,match
Ward9-DoonValley_Ward9.csv,PM,Drew FILSON (Ind),match,match,match,match,match,match,match,match,match,match,match,match,match,match,match,match
Ward9-DoonValley_Ward9.csv,AVG,Drew FILSON (Ind),match,match,match,match,match,match,match,match,match,match,match,match,match,match,match,match
Ward2-KilmarnockNorth_Ward2.csv,OM,Elaine COWAN (SNP),match,match,match,match,match,match,match,match,match,match,match,match,match,match,no_match,match
Ward2-KilmarnockNorth_Ward2.csv,PM,Elaine COWAN (SNP),match,match,match,match,match,match,match,match,match,match,match,match,match,match,no_match,match
Ward2-KilmarnockNorth_Ward2.csv,AVG,Elaine COWAN (SNP),match,match,match,match,match,match,match,match,match,match,match,match,match,match,no_match,match
Ward1-Annick_Ward1.csv,OM,Wendy HANNAH (SNP),no_match,no_match,no_match,no_match,no_match,no_match,no_match,no_match,no_match,no_match,no_match,no_match,no_match,no_match,no_match,no_match
Ward1-Annick_Ward1.csv,PM,John MCGHEE (Lab),no_match,no_match,match,match,no_match,match,match,match,match,match,match,match,match,no_match,match,match
Ward1-Annick_Ward1.csv,AVG,John MCGHEE (Lab),no_match,no_match,match,match,no_match,match,match,match,match,match,match,match,match,no_match,match,match
Ward5-KilmarnockSouth_Ward5.csv,OM,Jim TODD (SNP),match,match,match,match,match,match,match,match,match,match,match,match,match,match,match,match
Ward5-KilmarnockSouth_Ward5.csv,PM,Jim TODD (SNP),match,match,match,match,match,match,match,match,match,match,match,match,match,match,match,match
Ward5-KilmarnockSouth_Ward5.csv,AVG,Jim TODD (SNP),match,match,match,match,match,match,match,match,match,match,match,match,match,match,match,match
