file,threshold,winner,plurality_match,IRV_match,top-two_match,borda-pm_match,borda-om_match,borda-avg_match,top-3-truncation_match,condorcet_match,minimax_match,smith_plurality_match,smith_irv_match,smith-minimax_match,ranked-pairs_match,bucklin_match,approval_match,smith_match
Eastpointe_11022021_CityCouncil.csv,OM,Cardi DeMonaco Jr.,match,match,match,match,match,match,match,match,match,match,match,match,match,match,match,match
Eastpointe_11022021_CityCouncil.csv,PM,Cardi DeMonaco Jr.,match,match,match,match,match,match,match,match,match,match,match,match,match,match,match,match
Eastpointe_11022021_CityCouncil.csv,AVG,Cardi DeMonaco Jr.,match,match,match,match,match,match,match,match,match,match,match,match,match,match,match,match
Eastpointe_11052019_CityCouncil.csv,OM,Sarah A. Lucido,match,match,match,match,match,match,match,match,match,match,match,match,match,match,match,match
Eastpointe_11052019_CityCouncil.csv,PM,Sarah A. Lucido,match,match,match,match,match,match,match,match,match,match,match,match,match,match,match,match
Eastpointe_11052019_CityCouncil.csv,AVG,Sarah A. Lucido,match,match,match,match,match,match,match,match,match,match,match,match,match,match,match,match
StLouisPark_11022021_CityCouncilWard3.csv,OM,Sue Budd,match,match,match,match,match,match,match,match,match,match,match,match,match,match,no_match,match
StLouisPark_11022021_CityCouncilWard3.csv,PM,Sue Budd,match,match,match,match,match,match,match,match,match,match,match,match,match,match,no_match,match
StLouisPark_11022021_CityCouncilWard3.csv,AVG,Sue Budd,match,match,match,match,match,match,match,match,match,match,match,match,match,match,no_match,match
StLouisPark_11022021_CityCouncilWard2.csv,OM,Lynette Lungay Dumalag,match,match,match,match,match,match,match,match,match,match,match,match,match,match,match,match
StLouisPark_11022021_CityCouncilWard2.csv,PM,Lynette Lungay Dumalag,match,match,match,match,match,match,match,match,match,match,match,match,match,match,match,match
StLouisPark_11022021_CityCouncilWard2.csv,AVG,Lynette Lungay Dumalag,match,match,match,match,match,match,match,match,match,match,match,match,match,match,match,match
StLouisPark_11022021_CityCouncilWard1.csv,OM,Margaret Rog,match,match,match,match,match,match,match,match,match,match,match,match,match,match,match,match
StLouisPark_11022021_CityCouncilWard1.csv,PM,Margaret Rog,match,match,match,match,match,match,match,match,match,match,match,match,match,match,match,match
StLouisPark_11022021_CityCouncilWard1.csv,AVG,Margaret Rog,match,match,match,match,match,match,match,match,match,match,match,match,match,match,match,match
StLouisPark_11022021_CityCouncilWard4.csv,OM,Tim Brausen,match,match,match,match,match,match,match,match,match,match,match,match,match,match,match,match
StLouisPark_11022021_CityCouncilWard4.csv,PM,Tim Brausen,match,match,match,match,match,match,match,match,match,match,match,match,match,match,match,match
StLouisPark_11022021_CityCouncilWard4.csv,AVG,Tim Brausen,match,match,match,match,match,match,match,match,match,match,match,match,match,match,match,match
Alaska_11082022_HouseDistrict23.csv,OM,"Allard, Jamie",match,match,match,match,match,match,match,match,match,match,match,match,match,match,match,match
Alaska_11082022_HouseDistrict23.csv,PM,"Allard, Jamie",match,match,match,match,match,match,match,match,match,match,match,match,match,match,match,match
Alaska_11082022_HouseDistrict23.csv,AVG,"Allard, Jamie",match,match,match,match,match,match,match,match,match,match,match,match,match,match,match,match
Alaska_11082022_HouseDistrict37.csv,OM,"Edgmon, Bryce",match,match,match,match,match,match,match,match,match,match,match,match,match,match,match,match
Alaska_11082022_HouseDistrict37.csv,PM,"Edgmon, Bryce",match,match,match,match,match,match,match,match,match,match,match,match,match,match,match,match
Alaska_11082022_HouseDistrict37.csv,AVG,"Edgmon, Bryce",match,match,match,match,match,match,match,match,match,match,match,match,match,match,match,match
Alaska_11082022_HouseDistrict36.csv,OM,"Cronk, Mike",match,match,match,match,match,match,match,match,match,match,match,match,match,match,match,match
Alaska_11082022_HouseDistrict36.csv,PM,"Cronk, Mike",match,match,match,match,match,match,match,match,match,match,match,match,match,match,match,match
Alaska_11082022_HouseDistrict36.csv,AVG,"Cronk, Mike",match,match,match,match,match,match,match,match,match,match,match,match,match,match,match,match
Alaska_11082022_HouseDistrict22.csv,OM,"Wright, Stanley A.",match,match,match,match,match,match,match,match,match,match,match,match,match,match,match,match
Alaska_11082022_HouseDistrict22.csv,PM,"Wright, Stanley A.",match,match,match,match,match,match,match,match,match,match,match,match,match,match,match,match
Alaska_11082022_HouseDistrict22.csv,AVG,"Wright, Stanley A.",match,match,match,match,match,match,match,match,match,match,match,match,match,match,match,match
Alaska_08162022_HouseofRepresentativesSpecial.csv,OM,"Begich, Nick",no_match,no_match,no_match,match,match,match,match,match,match,match,match,match,match,match,match,match
Alaska_08162022_HouseofRepresentativesSpecial.csv,PM,"Begich, Nick",no_match,no_match,no_match,match,match,match,match,match,match,match,match,match,match,match,match,match
Alaska_08162022_HouseofRepresentativesSpecial.csv,AVG,"Begich, Nick",no_match,no_match,no_match,match,match,match,match,match,match,match,match,match,match,match,match,match
Alaska_11082022_HouseDistrict34.csv,OM,"Tomaszewski, Frank J.",match,match,match,match,match,match,match,match,match,match,match,match,match,match,match,match
Alaska_11082022_HouseDistrict34.csv,PM,"Tomaszewski, Frank J.",match,match,match,match,match,match,match,match,match,match,match,match,match,match,match,match
Alaska_11082022_HouseDistrict34.csv,AVG,"Tomaszewski, Frank J.",match,match,match,match,match,match,match,match,match,match,match,match,match,match,match,match
Alaska_11082022_HouseDistrict20.csv,OM,"Gray, Andrew T.",match,match,match,match,match,match,match,match,match,match,match,match,match,match,match,match
Alaska_11082022_HouseDistrict20.csv,PM,"Gray, Andrew T.",match,match,match,match,match,match,match,match,match,match,match,match,match,match,match,match
Alaska_11082022_HouseDistrict20.csv,AVG,"Gray, Andrew T.",match,match,match,match,match,match,match,match,match,match,match,match,match,match,match,match
Alaska_11082022_HouseDistrict21.csv,OM,"Mears, Donna C.",match,match,match,match,match,match,match,match,match,match,match,match,match,match,no_match,match
Alaska_11082022_HouseDistrict21.csv,PM,"Mears, Donna C.",match,match,match,match,match,match,match,match,match,match,match,match,match,match,no_match,match
Alaska_11082022_HouseDistrict21.csv,AVG,"Mears, Donna C.",match,match,match,match,match,match,match,match,match,match,match,match,match,match,no_match,match
Alaska_11082022_HouseDistrict35.csv,OM,"Carrick, Ashley E.",match,match,match,match,match,match,match,match,match,match,match,match,match,match,match,match
Alaska_11082022_HouseDistrict35.csv,PM,"Carrick, Ashley E.",match,match,match,match,match,match,match,match,match,match,match,match,match,match,match,match
Alaska_11082022_HouseDistrict35.csv,AVG,"Carrick, Ashley E.",match,match,match,match,match,match,match,match,match,match,match,match,match,match,match,match
Alaska_11082022_HouseDistrict19.csv,OM,"Mina, Genevieve G.",match,match,match,match,match,match,match,match,match,match,match,match,match,match,match,match
Alaska_11082022_HouseDistrict19.csv,PM,"Mina, Genevieve G.",match,match,match,match,match,match,match,match,match,match,match,match,match,match,match,match
Alaska_11082022_HouseDistrict19.csv,AVG,"Mina, Genevieve G.",match,match,match,match,match,match,match,match,match,match,match,match,match,match,match,match
Alaska_11082022_HouseDistrict31.csv,OM,"Dibert, Maxine L.",match,match,match,match,match,match,match,match,match,match,match,match,match,match,no_match,match
Alaska_11082022_HouseDistrict31.csv,PM,"Dibert, Maxine L.",match,match,match,match,match,match,match,match,match,match,match,match,match,match,no_match,match
Alaska_11082022_HouseDistrict31.csv,AVG,"Dibert, Maxine L.",match,match,match,match,match,match,match,match,match,match,match,match,match,match,no_match,match
Alaska_11082022_HouseDistrict25.csv,OM,"Johnson, DeLena M.",match,match,match,match,match,match,match,match,match,match,match,match,match,match,match,match
Alaska_11082022_HouseDistrict25.csv,PM,"Johnson, DeLena M.",match,match,match,match,match,match,match,match,match,match,match,match,match,match,match,match
Alaska_11082022_HouseDistrict25.csv,AVG,"Johnson, DeLena M.",match,match,match,match,match,match,match,match,match,match,match,match,match,match,match,match
Alaska_11082022_HouseDistrict24.csv,OM,"Saddler, Dan",match,match,match,match,match,match,match,match,match,match,match,match,match,match,match,match
Alaska_11082022_HouseDistrict24.csv,PM,"Saddler, Dan",match,match,match,match,match,match,match,match,match,match,match,match,match,match,match,match
Alaska_11082022_HouseDistrict24.csv,AVG,"Saddler, Dan",match,match,match,match,match,match,match,match,match,match,match,match,match,match,match,match
Alaska_11082022_HouseDistrict30.csv,OM,"McCabe, Kevin J.",match,match,match,match,match,match,match,match,match,match,match,match,match,match,match,match
Alaska_11082022_HouseDistrict30.csv,PM,"McCabe, Kevin J.",match,match,match,match,match,match,match,match,match,match,match,match,match,match,match,match
Alaska_11082022_HouseDistrict30.csv,AVG,"McCabe, Kevin J.",match,match,match,match,match,match,match,match,match,match,match,match,match,match,match,match
Alaska_11082022_HouseDistrict18.csv,OM,"Groh, Cliff",no_match,match,match,no_match,match,match,match,match,match,match,match,match,match,match,no_match,match
Alaska_11082022_HouseDistrict18.csv,PM,"Groh, Cliff",no_match,match,match,no_match,match,match,match,match,match,match,match,match,match,match,no_match,match
Alaska_11082022_HouseDistrict18.csv,AVG,"Groh, Cliff",no_match,match,match,no_match,match,match,match,match,match,match,match,match,match,match,no_match,match
Alaska_11082022_HouseDistrict26.csv,OM,"Tilton, Cathy L.",match,match,match,match,match,match,match,match,match,match,match,match,match,match,match,match
Alaska_11082022_HouseDistrict26.csv,PM,"Tilton, Cathy L.",match,match,match,match,match,match,match,match,match,match,match,match,match,match,match,match
Alaska_11082022_HouseDistrict26.csv,AVG,"Tilton, Cathy L.",match,match,match,match,match,match,match,match,match,match,match,match,match,match,match,match
Alaska_11082022_HouseDistrict32.csv,OM,"Stapp, Will B.",match,match,match,match,match,match,match,match,match,match,match,match,match,match,match,match
Alaska_11082022_HouseDistrict32.csv,PM,"Stapp, Will B.",match,match,match,match,match,match,match,match,match,match,match,match,match,match,match,match
Alaska_11082022_HouseDistrict32.csv,AVG,"Stapp, Will B.",match,match,match,match,match,match,match,match,match,match,match,match,match,match,match,match
Alaska_11052024_StateHouseD40.csv,OM,"Burke, Robyn ""Niayuq""",match,match,match,match,match,match,match,match,match,match,match,match,match,match,match,match
Alaska_11052024_StateHouseD40.csv,PM,"Burke, Robyn ""Niayuq""",match,match,match,match,match,match,match,match,match,match,match,match,match,match,match,match
Alaska_11052024_StateHouseD40.csv,AVG,"Burke, Robyn ""Niayuq""",match,match,match,match,match,match,match,match,match,match,match,match,match,match,match,match
Alaska_11082022_HouseDistrict33.csv,OM,"Prax, Glenn M. ""Mike""",match,match,match,match,match,match,match,match,match,match,match,match,match,match,match,match
Alaska_11082022_HouseDistrict33.csv,PM,"Prax, Glenn M. ""Mike""",match,match,match,match,match,match,match,match,match,match,match,match,match,match,match,match
Alaska_11082022_HouseDistrict33.csv,AVG,"Prax, Glenn M. ""Mike""",match,match,match,match,match,match,match,match,match,match,match,match,match,match,match,match
Alaska_11082022_HouseDistrict27.csv,OM,"Eastman, David",match,match,match,match,match,match,match,match,match,match,match,match,match,match,match,match
Alaska_11082022_HouseDistrict27.csv,PM,"Eastman, David",match,match,match,match,match,match,match,match,match,match,match,match,match,match,match,match
Alaska_11082022_HouseDistrict27.csv,AVG,"Eastman, David",match,match,match,match,match,match,match,match,match,match,match,match,match,match,match,match
Alaska_11082022_HouseDistrict40.csv,OM,"Patkotak, Josiah B. ""Aullaqsruaq""",match,match,match,match,match,match,match,match,match,match,match,match,match,match,match,match
Alaska_11082022_HouseDistrict40.csv,PM,"Patkotak, Josiah B. ""Aullaqsruaq""",match,match,match,match,match,match,match,match,match,match,match,match,match,match,match,match
Alaska_11082022_HouseDistrict40.csv,AVG,"Patkotak, Josiah B. ""Aullaqsruaq""",match,match,match,match,match,match,match,match,match,match,match,match,match,match,match,match
Alaska_11052024_StateHouseD33.csv,OM,"Prax, Glenn ""Mike""",match,match,match,match,match,match,match,match,match,match,match,match,match,match,match,match
Alaska_11052024_StateHouseD33.csv,PM,"Prax, Glenn ""Mike""",match,match,match,match,match,match,match,match,match,match,match,match,match,match,match,match
Alaska_11052024_StateHouseD33.csv,AVG,"Prax, Glenn ""Mike""",match,match,match,match,match,match,match,match,match,match,match,match,match,match,match,match
Alaska_11052024_StateHouseD27.csv,OM,"Underwood, Jubilee L.",match,match,match,match,match,match,match,match,match,match,match,match,match,match,match,match
Alaska_11052024_StateHouseD27.csv,PM,"Underwood, Jubilee L.",match,match,match,match,match,match,match,match,match,match,match,match,match,match,match,match
Alaska_11052024_StateHouseD27.csv,AVG,"Underwood, Jubilee L.",match,match,match,match,match,match,match,match,match,match,match,match,match,match,match,match
Alaska_11082022_HouseDistrict1.csv,OM,"Ortiz, Daniel H. ""Dan""",match,match,match,match,match,match,match,match,match,match,match,match,match,match,match,match
Alaska_11082022_HouseDistrict1.csv,PM,"Ortiz, Daniel H. ""Dan""",match,match,match,match,match,match,match,match,match,match,match,match,match,match,match,match
Alaska_11082022_HouseDistrict1.csv,AVG,"Ortiz, Daniel H. ""Dan""",match,match,match,match,match,match,match,match,match,match,match,match,match,match,match,match
Alaska_11052024_StateHouseD26.csv,OM,"Tilton, Cathy",match,match,match,match,match,match,match,match,match,match,match,match,match,match,match,match
Alaska_11052024_StateHouseD26.csv,PM,"Tilton, Cathy",match,match,match,match,match,match,match,match,match,match,match,match,match,match,match,match
Alaska_11052024_StateHouseD26.csv,AVG,"Tilton, Cathy",match,match,match,match,match,match,match,match,match,match,match,match,match,match,match,match
Alaska_11052024_StateHouseD32.csv,OM,"Stapp, Will",match,match,match,match,match,match,match,match,match,match,match,match,match,match,match,match
Alaska_11052024_StateHouseD32.csv,PM,"Stapp, Will",match,match,match,match,match,match,match,match,match,match,match,match,match,match,match,match
Alaska_11052024_StateHouseD32.csv,AVG,"Stapp, Will",match,match,match,match,match,match,match,match,match,match,match,match,match,match,match,match
Alaska_11052024_StateHouseD1.csv,OM,"Bynum, Jeremy T.",match,match,match,match,match,match,match,match,match,match,match,match,match,match,match,match
Alaska_11052024_StateHouseD1.csv,PM,"Bynum, Jeremy T.",match,match,match,match,match,match,match,match,match,match,match,match,match,match,match,match
Alaska_11052024_StateHouseD1.csv,AVG,"Bynum, Jeremy T.",match,match,match,match,match,match,match,match,match,match,match,match,match,match,match,match
Alaska_11082022_SenateDistrictA.csv,OM,"Stedman, Bert K.",match,match,match,match,match,match,match,match,match,match,match,match,match,match,match,match
Alaska_11082022_SenateDistrictA.csv,PM,"Stedman, Bert K.",match,match,match,match,match,match,match,match,match,match,match,match,match,match,match,match
Alaska_11082022_SenateDistrictA.csv,AVG,"Stedman, Bert K.",match,match,match,match,match,match,match,match,match,match,match,match,match,match,match,match
Alaska_11052024_StateSenateJ.csv,OM,"Dunbar, Forrest",match,match,match,match,match,match,match,match,match,match,match,match,match,match,match,match
Alaska_11052024_StateSenateJ.csv,PM,"Dunbar, Forrest",match,match,match,match,match,match,match,match,match,match,match,match,match,match,match,match
Alaska_11052024_StateSenateJ.csv,AVG,"Dunbar, Forrest",match,match,match,match,match,match,match,match,match,match,match,match,match,match,match,match
Alaska_11052024_StateSenateH.csv,OM,"Claman, Matt",match,match,match,match,match,match,match,match,match,match,match,match,match,match,match,match
Alaska_11052024_StateSenateH.csv,PM,"Claman, Matt",match,match,match,match,match,match,match,match,match,match,match,match,match,match,match,match
Alaska_11052024_StateSenateH.csv,AVG,"Claman, Matt",match,match,match,match,match,match,match,match,match,match,match,match,match,match,match,match
Alaska_11082022_SenateDistrictC.csv,OM,"Stevens, Gary",match,match,match,match,match,match,match,match,match,match,match,match,match,match,match,match
Alaska_11082022_SenateDistrictC.csv,PM,"Stevens, Gary",match,match,match,match,match,match,match,match,match,match,match,match,match,match,match,match
Alaska_11082022_SenateDistrictC.csv,AVG,"Stevens, Gary",match,match,match,match,match,match,match,match,match,match,match,match,match,match,match,match
Alaska_11052024_StateHouseD3.csv,OM,"Story, Andrea ""Andi""",match,match,match,match,match,match,match,match,match,match,match,match,match,match,match,match
Alaska_11052024_StateHouseD3.csv,PM,"Story, Andrea ""Andi""",match,match,match,match,match,match,match,match,match,match,match,match,match,match,match,match
Alaska_11052024_StateHouseD3.csv,AVG,"Story, Andrea ""Andi""",match,match,match,match,match,match,match,match,match,match,match,match,match,match,match,match
Alaska_11052024_StateHouseD24.csv,OM,"Saddler, Dan",match,match,match,match,match,match,match,match,match,match,match,match,match,match,match,match
Alaska_11052024_StateHouseD24.csv,PM,"Saddler, Dan",match,match,match,match,match,match,match,match,match,match,match,match,match,match,match,match
Alaska_11052024_StateHouseD24.csv,AVG,"Saddler, Dan",match,match,match,match,match,match,match,match,match,match,match,match,match,match,match,match
Alaska_11052024_StateHouseD30.csv,OM,"McCabe, Kevin J.",match,match,match,match,match,match,match,match,match,match,match,match,match,match,match,match
Alaska_11052024_StateHouseD30.csv,PM,"McCabe, Kevin J.",match,match,match,match,match,match,match,match,match,match,match,match,match,match,match,match
Alaska_11052024_StateHouseD30.csv,AVG,"McCabe, Kevin J.",match,match,match,match,match,match,match,match,match,match,match,match,match,match,match,match
Alaska_11052024_StateHouseD18.csv,OM,"Nelson, David",match,match,match,match,match,match,match,match,match,match,match,match,match,match,match,match
Alaska_11052024_StateHouseD18.csv,PM,"Nelson, David",match,match,match,match,match,match,match,match,match,match,match,match,match,match,match,match
Alaska_11052024_StateHouseD18.csv,AVG,"Nelson, David",match,match,match,match,match,match,match,match,match,match,match,match,match,match,match,match
Alaska_11082022_HouseDistrict2.csv,OM,"Himschoot, Rebecca",match,match,match,match,match,match,match,match,match,match,match,match,match,match,match,match
Alaska_11082022_HouseDistrict2.csv,PM,"Himschoot, Rebecca",match,match,match,match,match,match,match,match,match,match,match,match,match,match,match,match
Alaska_11082022_HouseDistrict2.csv,AVG,"Himschoot, Rebecca",match,match,match,match,match,match,match,match,match,match,match,match,match,match,match,match
Alaska_11082022_HouseDistrict3.csv,OM,"Story, Andrea ""Andi""",match,match,match,match,match,match,match,match,match,match,match,match,match,match,match,match
Alaska_11082022_HouseDistrict3.csv,PM,"Story, Andrea ""Andi""",match,match,match,match,match,match,match,match,match,match,match,match,match,match,match,match
Alaska_11082022_HouseDistrict3.csv,AVG,"Story, Andrea ""Andi""",match,match,match,match,match,match,match,match,match,match,match,match,match,match,match,match
Alaska_11052024_StateHouseD19.csv,OM,"Mina, Genevieve G.",match,match,match,match,match,match,match,match,match,match,match,match,match,match,match,match
Alaska_11052024_StateHouseD19.csv,PM,"Mina, Genevieve G.",match,match,match,match,match,match,match,match,match,match,match,match,match,match,match,match
Alaska_11052024_StateHouseD19.csv,AVG,"Mina, Genevieve G.",match,match,match,match,match,match,match,match,match,match,match,match,match,match,match,match
Alaska_11052024_StateHouseD31.csv,OM,"Dibert, Maxine L.",match,match,match,match,match,match,match,match,match,match,match,match,match,match,match,match
Alaska_11052024_StateHouseD31.csv,PM,"Dibert, Maxine L.",match,match,match,match,match,match,match,match,match,match,match,match,match,match,match,match
Alaska_11052024_StateHouseD31.csv,AVG,"Dibert, Maxine L.",match,match,match,match,match,match,match,match,match,match,match,match,match,match,match,match
Alaska_11052024_StateHouseD25.csv,OM,"Johnson, DeLena M.",match,match,match,match,match,match,match,match,match,match,match,match,match,match,match,match
Alaska_11052024_StateHouseD25.csv,PM,"Johnson, DeLena M.",match,match,match,match,match,match,match,match,match,match,match,match,match,match,match,match
Alaska_11052024_StateHouseD25.csv,AVG,"Johnson, DeLena M.",match,match,match,match,match,match,match,match,match,match,match,match,match,match,match,match
Alaska_11052024_StateHouseD2.csv,OM,"Himschoot, Rebecca",match,match,match,match,match,match,match,match,match,match,match,match,match,match,match,match
Alaska_11052024_StateHouseD2.csv,PM,"Himschoot, Rebecca",match,match,match,match,match,match,match,match,match,match,match,match,match,match,match,match
Alaska_11052024_StateHouseD2.csv,AVG,"Himschoot, Rebecca",match,match,match,match,match,match,match,match,match,match,match,match,match,match,match,match
Alaska_11082022_SenateDistrictB.csv,OM,"Kiehl, Jesse",match,match,match,match,match,match,match,match,match,match,match,match,match,match,match,match
Alaska_11082022_SenateDistrictB.csv,PM,"Kiehl, Jesse",match,match,match,match,match,match,match,match,match,match,match,match,match,match,match,match
Alaska_11082022_SenateDistrictB.csv,AVG,"Kiehl, Jesse",match,match,match,match,match,match,match,match,match,match,match,match,match,match,match,match
Alaska_11082022_GovernorLieutenantGovernor.csv,OM,Dunleavy/Dahlstrom,match,match,match,match,match,match,match,match,match,match,match,match,match,match,match,match
Alaska_11082022_GovernorLieutenantGovernor.csv,PM,Dunleavy/Dahlstrom,match,match,match,match,match,match,match,match,match,match,match,match,match,match,match,match
Alaska_11082022_GovernorLieutenantGovernor.csv,AVG,Dunleavy/Dahlstrom,match,match,match,match,match,match,match,match,match,match,match,match,match,match,match,match
Alaska_11082022_SenateDistrictQ.csv,OM,"Myers, Robert H. Jr.",match,match,match,match,match,match,match,match,match,match,match,match,match,match,match,match
Alaska_11082022_SenateDistrictQ.csv,PM,"Myers, Robert H. Jr.",match,match,match,match,match,match,match,match,match,match,match,match,match,match,match,match
Alaska_11082022_SenateDistrictQ.csv,AVG,"Myers, Robert H. Jr.",match,match,match,match,match,match,match,match,match,match,match,match,match,match,match,match
Alaska_11082022_SenateDistrictF.csv,OM,"Kaufman, James D.",match,match,match,match,match,match,match,match,match,match,match,match,match,match,match,match
Alaska_11082022_SenateDistrictF.csv,PM,"Kaufman, James D.",match,match,match,match,match,match,match,match,match,match,match,match,match,match,match,match
Alaska_11082022_SenateDistrictF.csv,AVG,"Kaufman, James D.",match,match,match,match,match,match,match,match,match,match,match,match,match,match,match,match
Alaska_11052024_StateHouseD6.csv,OM,"Vance, Sarah L.",match,match,match,match,no_match,match,match,match,match,match,match,match,match,match,match,match
Alaska_11052024_StateHouseD6.csv,PM,"Vance, Sarah L.",match,match,match,match,no_match,match,match,match,match,match,match,match,match,match,match,match
Alaska_11052024_StateHouseD6.csv,AVG,"Vance, Sarah L.",match,match,match,match,no_match,match,match,match,match,match,match,match,match,match,match,match
Alaska_11052024_StateHouseD21.csv,OM,"Mears, Donna C.",match,match,match,match,match,match,match,match,match,match,match,match,match,match,match,match
Alaska_11052024_StateHouseD21.csv,PM,"Mears, Donna C.",match,match,match,match,match,match,match,match,match,match,match,match,match,match,match,match
Alaska_11052024_StateHouseD21.csv,AVG,"Mears, Donna C.",match,match,match,match,match,match,match,match,match,match,match,match,match,match,match,match
Alaska_11052024_StateHouseD35.csv,OM,"Carrick, Ashley E.",match,match,match,match,match,match,match,match,match,match,match,match,match,match,match,match
Alaska_11052024_StateHouseD35.csv,PM,"Carrick, Ashley E.",match,match,match,match,match,match,match,match,match,match,match,match,match,match,match,match
Alaska_11052024_StateHouseD35.csv,AVG,"Carrick, Ashley E.",match,match,match,match,match,match,match,match,match,match,match,match,match,match,match,match
Alaska_11082022_HouseDistrict7.csv,OM,"Ruffridge, Justin",match,match,match,match,match,match,match,match,match,match,match,match,match,match,match,match
Alaska_11082022_HouseDistrict7.csv,PM,"Ruffridge, Justin",match,match,match,match,match,match,match,match,match,match,match,match,match,match,match,match
Alaska_11082022_HouseDistrict7.csv,AVG,"Ruffridge, Justin",match,match,match,match,match,match,match,match,match,match,match,match,match,match,match,match
Alaska_11082022_HouseDistrict6.csv,OM,"Vance, Sarah L.",match,match,match,match,no_match,match,match,match,match,match,match,match,match,match,match,match
Alaska_11082022_HouseDistrict6.csv,PM,"Vance, Sarah L.",match,match,match,match,no_match,match,match,match,match,match,match,match,match,match,match,match
Alaska_11082022_HouseDistrict6.csv,AVG,"Vance, Sarah L.",match,match,match,match,no_match,match,match,match,match,match,match,match,match,match,match,match
Alaska_11052024_StateHouseD34.csv,OM,"Tomaszewski, Frank",match,match,match,match,match,match,match,match,match,match,match,match,match,match,match,match
Alaska_11052024_StateHouseD34.csv,PM,"Tomaszewski, Frank",match,match,match,match,match,match,match,match,match,match,match,match,match,match,match,match
Alaska_11052024_StateHouseD34.csv,AVG,"Tomaszewski, Frank",match,match,match,match,match,match,match,match,match,match,match,match,match,match,match,match
Alaska_11052024_StateHouseD20.csv,OM,"Gray, Andrew T.",match,match,match,match,match,match,match,match,match,match,match,match,match,match,match,match
Alaska_11052024_StateHouseD20.csv,PM,"Gray, Andrew T.",match,match,match,match,match,match,match,match,match,match,match,match,match,match,match,match
Alaska_11052024_StateHouseD20.csv,AVG,"Gray, Andrew T.",match,match,match,match,match,match,match,match,match,match,match,match,match,match,match,match
Alaska_11052024_StateHouseD7.csv,OM,"Ruffridge, Justin M.",match,match,match,match,match,match,match,match,match,match,match,match,match,match,match,match
Alaska_11052024_StateHouseD7.csv,PM,"Ruffridge, Justin M.",match,match,match,match,match,match,match,match,match,match,match,match,match,match,match,match
Alaska_11052024_StateHouseD7.csv,AVG,"Ruffridge, Justin M.",match,match,match,match,match,match,match,match,match,match,match,match,match,match,match,match
Alaska_11082022_SenateDistrictG.csv,OM,"Gray-Jackson, Elvi",match,match,match,match,match,match,match,match,match,match,match,match,match,match,match,match
Alaska_11082022_SenateDistrictG.csv,PM,"Gray-Jackson, Elvi",match,match,match,match,match,match,match,match,match,match,match,match,match,match,match,match
Alaska_11082022_SenateDistrictG.csv,AVG,"Gray-Jackson, Elvi",match,match,match,match,match,match,match,match,match,match,match,match,match,match,match,match
Alaska_11082022_SenateDistrictP.csv,OM,"Kawasaki, Scott",match,match,match,match,no_match,match,match,match,match,match,match,match,match,match,no_match,match
Alaska_11082022_SenateDistrictP.csv,PM,"Kawasaki, Scott",match,match,match,match,no_match,match,match,match,match,match,match,match,match,match,no_match,match
Alaska_11082022_SenateDistrictP.csv,AVG,"Kawasaki, Scott",match,match,match,match,no_match,match,match,match,match,match,match,match,match,match,no_match,match
Alaska_11052024_StateSenateL.csv,OM,"Merrick, Kelly R.",match,match,match,match,match,match,match,match,match,match,match,match,match,match,match,match
Alaska_11052024_StateSenateL.csv,PM,"Merrick, Kelly R.",match,match,match,match,match,match,match,match,match,match,match,match,match,match,match,match
Alaska_11052024_StateSenateL.csv,AVG,"Merrick, Kelly R.",match,match,match,match,match,match,match,match,match,match,match,match,match,match,match,match
Alaska_11052024_StateSenateN.csv,OM,"Yundt, Robert",match,match,match,match,match,match,match,match,match,match,match,match,match,match,match,match
Alaska_11052024_StateSenateN.csv,PM,"Yundt, Robert",match,match,match,match,match,match,match,match,match,match,match,match,match,match,match,match
Alaska_11052024_StateSenateN.csv,AVG,"Yundt, Robert",match,match,match,match,match,match,match,match,match,match,match,match,match,match,match,match
Alaska_11082022_SenateDistrictR.csv,OM,"Bishop, Click",match,match,match,match,match,match,match,match,match,match,match,match,match,match,match,match
Alaska_11082022_SenateDistrictR.csv,PM,"Bishop, Click",match,match,match,match,match,match,match,match,match,match,match,match,match,match,match,match
Alaska_11082022_SenateDistrictR.csv,AVG,"Bishop, Click",match,match,match,match,match,match,match,match,match,match,match,match,match,match,match,match
Alaska_11082022_SenateDistrictE.csv,OM,"Giessel, Cathy",match,match,match,match,match,match,match,match,match,match,match,match,match,match,match,match
Alaska_11082022_SenateDistrictE.csv,PM,"Giessel, Cathy",match,match,match,match,match,match,match,match,match,match,match,match,match,match,match,match
Alaska_11082022_SenateDistrictE.csv,AVG,"Giessel, Cathy",match,match,match,match,match,match,match,match,match,match,match,match,match,match,match,match
Alaska_11052024_StateHouseD5.csv,OM,"Stutes, Louise B.",match,match,match,match,match,match,match,match,match,match,match,match,match,match,match,match
Alaska_11052024_StateHouseD5.csv,PM,"Stutes, Louise B.",match,match,match,match,match,match,match,match,match,match,match,match,match,match,match,match
Alaska_11052024_StateHouseD5.csv,AVG,"Stutes, Louise B.",match,match,match,match,match,match,match,match,match,match,match,match,match,match,match,match
Alaska_11052024_StateHouseD36.csv,OM,"Schwanke, Rebecca A.",match,match,match,match,match,match,match,match,match,match,match,match,match,match,match,match
Alaska_11052024_StateHouseD36.csv,PM,"Schwanke, Rebecca A.",match,match,match,match,match,match,match,match,match,match,match,match,match,match,match,match
Alaska_11052024_StateHouseD36.csv,AVG,"Schwanke, Rebecca A.",match,match,match,match,match,match,match,match,match,match,match,match,match,match,match,match
Alaska_11052024_StateHouseD22.csv,OM,"Eischeid, Ted J.",match,match,match,match,match,match,match,match,match,match,match,match,match,match,match,match
Alaska_11052024_StateHouseD22.csv,PM,"Eischeid, Ted J.",match,match,match,match,match,match,match,match,match,match,match,match,match,match,match,match
Alaska_11052024_StateHouseD22.csv,AVG,"Eischeid, Ted J.",match,match,match,match,match,match,match,match,match,match,match,match,match,match,match,match
Alaska_11082022_HouseDistrict4.csv,OM,"Hannan, Sara",match,match,match,match,match,match,match,match,match,match,match,match,match,match,match,match
Alaska_11082022_HouseDistrict4.csv,PM,"Hannan, Sara",match,match,match,match,match,match,match,match,match,match,match,match,match,match,match,match
Alaska_11082022_HouseDistrict4.csv,AVG,"Hannan, Sara",match,match,match,match,match,match,match,match,match,match,match,match,match,match,match,match
Alaska_11082022_HouseDistrict5.csv,OM,"Stutes, Louise B.",match,match,match,match,match,match,match,match,match,match,match,match,match,match,match,match
Alaska_11082022_HouseDistrict5.csv,PM,"Stutes, Louise B.",match,match,match,match,match,match,match,match,match,match,match,match,match,match,match,match
Alaska_11082022_HouseDistrict5.csv,AVG,"Stutes, Louise B.",match,match,match,match,match,match,match,match,match,match,match,match,match,match,match,match
Alaska_11052024_StateHouseD23.csv,OM,"Allard, Jamie",match,match,match,match,match,match,match,match,match,match,match,match,match,match,match,match
Alaska_11052024_StateHouseD23.csv,PM,"Allard, Jamie",match,match,match,match,match,match,match,match,match,match,match,match,match,match,match,match
Alaska_11052024_StateHouseD23.csv,AVG,"Allard, Jamie",match,match,match,match,match,match,match,match,match,match,match,match,match,match,match,match
Alaska_11052024_StateHouseD37.csv,OM,"Edgmon, Bryce",match,match,match,match,match,match,match,match,match,match,match,match,match,match,match,match
Alaska_11052024_StateHouseD37.csv,PM,"Edgmon, Bryce",match,match,match,match,match,match,match,match,match,match,match,match,match,match,match,match
Alaska_11052024_StateHouseD37.csv,AVG,"Edgmon, Bryce",match,match,match,match,match,match,match,match,match,match,match,match,match,match,match,match
Alaska_11052024_StateHouseD4.csv,OM,"Hannan, Sara",match,match,match,match,match,match,match,match,match,match,match,match,match,match,match,match
Alaska_11052024_StateHouseD4.csv,PM,"Hannan, Sara",match,match,match,match,match,match,match,match,match,match,match,match,match,match,match,match
Alaska_11052024_StateHouseD4.csv,AVG,"Hannan, Sara",match,match,match,match,match,match,match,match,match,match,match,match,match,match,match,match
Alaska_11082022_SenateDistrictD.csv,OM,"Bjorkman, Jesse J.",match,match,match,match,match,match,match,match,match,match,match,match,match,match,match,match
Alaska_11082022_SenateDistrictD.csv,PM,"Bjorkman, Jesse J.",match,match,match,match,match,match,match,match,match,match,match,match,match,match,match,match
Alaska_11082022_SenateDistrictD.csv,AVG,"Bjorkman, Jesse J.",match,match,match,match,match,match,match,match,match,match,match,match,match,match,match,match
Alaska_11082022_SenateDistrictS.csv,OM,"Hoffman, Lyman F.",match,match,match,match,match,match,match,match,match,match,match,match,match,match,match,match
Alaska_11082022_SenateDistrictS.csv,PM,"Hoffman, Lyman F.",match,match,match,match,match,match,match,match,match,match,match,match,match,match,match,match
Alaska_11082022_SenateDistrictS.csv,AVG,"Hoffman, Lyman F.",match,match,match,match,match,match,match,match,match,match,match,match,match,match,match,match
Alaska_11052024_StateSenateB.csv,OM,"Kiehl, Jesse",match,match,match,match,match,match,match,match,match,match,match,match,match,match,match,match
Alaska_11052024_StateSenateB.csv,PM,"Kiehl, Jesse",match,match,match,match,match,match,match,match,match,match,match,match,match,match,match,match
Alaska_11052024_StateSenateB.csv,AVG,"Kiehl, Jesse",match,match,match,match,match,match,match,match,match,match,match,match,match,match,match,match
Alaska_11082022_SenateDistrictI.csv,OM,"Tobin, Löki G.",match,match,match,match,match,match,match,match,match,match,match,match,match,match,match,match
Alaska_11082022_SenateDistrictI.csv,PM,"Tobin, Löki G.",match,match,match,match,match,match,match,match,match,match,match,match,match,match,match,match
Alaska_11082022_SenateDistrictI.csv,AVG,"Tobin, Löki G.",match,match,match,match,match,match,match,match,match,match,match,match,match,match,match,match
Alaska_11052024_StateHouseD9.csv,OM,"Holland, Ky",match,match,match,match,match,match,match,match,match,match,match,match,match,match,match,match
Alaska_11052024_StateHouseD9.csv,PM,"Holland, Ky",match,match,match,match,match,match,match,match,match,match,match,match,match,match,match,match
Alaska_11052024_StateHouseD9.csv,AVG,"Holland, Ky",match,match,match,match,match,match,match,match,match,match,match,match,match,match,match,match
Alaska_11052024_StateHouseD12.csv,OM,"Schrage, Calvin R.",match,match,match,match,match,match,match,match,match,match,match,match,match,match,match,match
Alaska_11052024_StateHouseD12.csv,PM,"Schrage, Calvin R.",match,match,match,match,match,match,match,match,match,match,match,match,match,match,match,match
Alaska_11052024_StateHouseD12.csv,AVG,"Schrage, Calvin R.",match,match,match,match,match,match,match,match,match,match,match,match,match,match,match,match
Alaska_11082022_HouseDistrict8.csv,OM,"Carpenter, Ben",match,match,match,match,match,match,match,match,match,match,match,match,match,match,match,match
Alaska_11082022_HouseDistrict8.csv,PM,"Carpenter, Ben",match,match,match,match,match,match,match,match,match,match,match,match,match,match,match,match
Alaska_11082022_HouseDistrict8.csv,AVG,"Carpenter, Ben",match,match,match,match,match,match,match,match,match,match,match,match,match,match,match,match
Alaska_11082022_HouseDistrict9.csv,OM,"Shaw, Laddie H.",match,match,match,match,match,match,match,match,match,match,match,match,match,match,match,match
Alaska_11082022_HouseDistrict9.csv,PM,"Shaw, Laddie H.",match,match,match,match,match,match,match,match,match,match,match,match,match,match,match,match
Alaska_11082022_HouseDistrict9.csv,AVG,"Shaw, Laddie H.",match,match,match,match,match,match,match,match,match,match,match,match,match,match,match,match
Alaska_11052024_StateHouseD13.csv,OM,"Josephson, Andrew L. ""Andy""",match,match,match,match,match,match,match,match,match,match,match,match,match,match,match,match
Alaska_11052024_StateHouseD13.csv,PM,"Josephson, Andrew L. ""Andy""",match,match,match,match,match,match,match,match,match,match,match,match,match,match,match,match
Alaska_11052024_StateHouseD13.csv,AVG,"Josephson, Andrew L. ""Andy""",match,match,match,match,match,match,match,match,match,match,match,match,match,match,match,match
Alaska_11052024_StateHouseD8.csv,OM,"Elam, Bill",match,match,match,match,match,match,match,match,match,match,match,match,match,match,match,match
Alaska_11052024_StateHouseD8.csv,PM,"Elam, Bill",match,match,match,match,match,match,match,match,match,match,match,match,match,match,match,match
Alaska_11052024_StateHouseD8.csv,AVG,"Elam, Bill",match,match,match,match,match,match,match,match,match,match,match,match,match,match,match,match
Alaska_11082022_SenateDistrictH.csv,OM,"Claman, Matt",match,match,match,match,match,match,match,match,match,match,match,match,match,match,no_match,match
Alaska_11082022_SenateDistrictH.csv,PM,"Claman, Matt",match,match,match,match,match,match,match,match,match,match,match,match,match,match,no_match,match
Alaska_11082022_SenateDistrictH.csv,AVG,"Claman, Matt",match,match,match,match,match,match,match,match,match,match,match,match,match,match,no_match,match
Alaska_11082022_USRepresentative.csv,OM,"Peltola, Mary S.",match,match,match,match,match,match,match,match,match,match,match,match,match,no_match,no_match,match
Alaska_11082022_USRepresentative.csv,PM,"Peltola, Mary S.",match,match,match,match,match,match,match,match,match,match,match,match,match,no_match,no_match,match
Alaska_11082022_USRepresentative.csv,AVG,"Peltola, Mary S.",match,match,match,match,match,match,match,match,match,match,match,match,match,no_match,no_match,match
Alaska_11052024_StateSenateT.csv,OM,"Olson, Donald C. ""Donny""",match,match,match,match,match,match,match,match,match,match,match,match,match,match,match,match
Alaska_11052024_StateSenateT.csv,PM,"Olson, Donald C. ""Donny""",match,match,match,match,match,match,match,match,match,match,match,match,match,match,match,match
Alaska_11052024_StateSenateT.csv,AVG,"Olson, Donald C. ""Donny""",match,match,match,match,match,match,match,match,match,match,match,match,match,match,match,match
Alaska_11082022_SenateDistrictJ.csv,OM,"Dunbar, Forrest",match,match,match,match,match,match,match,match,match,match,match,match,match,match,match,match
Alaska_11082022_SenateDistrictJ.csv,PM,"Dunbar, Forrest",match,match,match,match,match,match,match,match,match,match,match,match,match,match,match,match
Alaska_11082022_SenateDistrictJ.csv,AVG,"Dunbar, Forrest",match,match,match,match,match,match,match,match,match,match,match,match,match,match,match,match
Alaska_11052024_StateHouseD11.csv,OM,"Coulombe, Julie",match,match,match,match,match,match,match,match,match,match,match,match,match,match,match,match
Alaska_11052024_StateHouseD11.csv,PM,"Coulombe, Julie",match,match,match,match,match,match,match,match,match,match,match,match,match,match,match,match
Alaska_11052024_StateHouseD11.csv,AVG,"Coulombe, Julie",match,match,match,match,match,match,match,match,match,match,match,match,match,match,match,match
Alaska_11052024_StateHouseD39.csv,OM,"Foster, Neal W.",match,match,match,match,match,match,match,match,match,match,match,match,match,match,match,match
Alaska_11052024_StateHouseD39.csv,PM,"Foster, Neal W.",match,match,match,match,match,match,match,match,match,match,match,match,match,match,match,match
Alaska_11052024_StateHouseD39.csv,AVG,"Foster, Neal W.",match,match,match,match,match,match,match,match,match,match,match,match,match,match,match,match
Alaska_11052024_StateHouseD38.csv,OM,"Jimmie, Nellie D. ""Unangik""",match,match,match,match,match,match,match,match,match,match,match,match,match,match,match,match
Alaska_11052024_StateHouseD38.csv,PM,"Jimmie, Nellie D. ""Unangik""",match,match,match,match,match,match,match,match,match,match,match,match,match,match,match,match
Alaska_11052024_StateHouseD38.csv,AVG,"Jimmie, Nellie D. ""Unangik""",match,match,match,match,match,match,match,match,match,match,match,match,match,match,match,match
Alaska_11052024_StateHouseD10.csv,OM,"Kopp, Charles M. ""Chuck""",match,match,match,match,match,match,match,match,match,match,match,match,match,match,match,match
Alaska_11052024_StateHouseD10.csv,PM,"Kopp, Charles M. ""Chuck""",match,match,match,match,match,match,match,match,match,match,match,match,match,match,match,match
Alaska_11052024_StateHouseD10.csv,AVG,"Kopp, Charles M. ""Chuck""",match,match,match,match,match,match,match,match,match,match,match,match,match,match,match,match
Alaska_11082022_SenateDistrictK.csv,OM,"Wielechowski, Bill",match,match,match,match,match,match,match,match,match,match,match,match,match,match,match,match
Alaska_11082022_SenateDistrictK.csv,PM,"Wielechowski, Bill",match,match,match,match,match,match,match,match,match,match,match,match,match,match,match,match
Alaska_11082022_SenateDistrictK.csv,AVG,"Wielechowski, Bill",match,match,match,match,match,match,match,match,match,match,match,match,match,match,match,match
Alaska_11052024_StateSenateD.csv,OM,"Bjorkman, Jesse J.",match,match,match,match,match,match,match,match,match,match,match,match,match,match,match,match
Alaska_11052024_StateSenateD.csv,PM,"Bjorkman, Jesse J.",match,match,match,match,match,match,match,match,match,match,match,match,match,match,match,match
Alaska_11052024_StateSenateD.csv,AVG,"Bjorkman, Jesse J.",match,match,match,match,match,match,match,match,match,match,match,match,match,match,match,match
Alaska_11082022_SenateDistrictO.csv,OM,"Shower, Michael K.",match,match,match,match,match,match,match,match,match,match,match,match,match,match,match,match
Alaska_11082022_SenateDistrictO.csv,PM,"Shower, Michael K.",match,match,match,match,match,match,match,match,match,match,match,match,match,match,match,match
Alaska_11082022_SenateDistrictO.csv,AVG,"Shower, Michael K.",match,match,match,match,match,match,match,match,match,match,match,match,match,match,match,match
Alaska_11052024_StateHouseD28.csv,OM,"Moore, Elexie",match,match,match,match,match,match,match,match,match,match,match,match,match,match,match,match
Alaska_11052024_StateHouseD28.csv,PM,"Moore, Elexie",match,match,match,match,match,match,match,match,match,match,match,match,match,match,match,match
Alaska_11052024_StateHouseD28.csv,AVG,"Moore, Elexie",match,match,match,match,match,match,match,match,match,match,match,match,match,match,match,match
Alaska_11052024_StateHouseD14.csv,OM,"Galvin, Alyse S.",match,match,match,match,match,match,match,match,match,match,match,match,match,match,match,match
Alaska_11052024_StateHouseD14.csv,PM,"Galvin, Alyse S.",match,match,match,match,match,match,match,match,match,match,match,match,match,match,match,match
Alaska_11052024_StateHouseD14.csv,AVG,"Galvin, Alyse S.",match,match,match,match,match,match,match,match,match,match,match,match,match,match,match,match
Alaska_11052024_StateHouseD15.csv,OM,"Costello, Mia",match,match,match,match,no_match,match,match,match,match,match,match,match,match,match,match,match
Alaska_11052024_StateHouseD15.csv,PM,"Costello, Mia",match,match,match,match,no_match,match,match,match,match,match,match,match,match,match,match,match
Alaska_11052024_StateHouseD15.csv,AVG,"Costello, Mia",match,match,match,match,no_match,match,match,match,match,match,match,match,match,match,match,match
Alaska_11052024_StateHouseD29.csv,OM,"Rauscher, George",match,match,match,match,match,match,match,match,match,match,match,match,match,match,match,match
Alaska_11052024_StateHouseD29.csv,PM,"Rauscher, George",match,match,match,match,match,match,match,match,match,match,match,match,match,match,match,match
Alaska_11052024_StateHouseD29.csv,AVG,"Rauscher, George",match,match,match,match,match,match,match,match,match,match,match,match,match,match,match,match
Alaska_11082022_SenateDistrictN.csv,OM,"Wilson, David S.",match,match,match,match,match,match,match,match,match,match,match,match,match,match,match,match
Alaska_11082022_SenateDistrictN.csv,PM,"Wilson, David S.",match,match,match,match,match,match,match,match,match,match,match,match,match,match,match,match
Alaska_11082022_SenateDistrictN.csv,AVG,"Wilson, David S.",match,match,match,match,match,match,match,match,match,match,match,match,match,match,match,match
Alaska_11052024_StateSenateR.csv,OM,"Cronk, Mike",match,match,match,match,match,match,match,match,match,match,match,match,match,match,match,match
Alaska_11052024_StateSenateR.csv,PM,"Cronk, Mike",match,match,match,match,match,match,match,match,match,match,match,match,match,match,match,match
Alaska_11052024_StateSenateR.csv,AVG,"Cronk, Mike",match,match,match,match,match,match,match,match,match,match,match,match,match,match,match,match
Alaska_11052024_StateSenateP.csv,OM,"Kawasaki, Scott",match,match,match,match,match,match,match,match,match,match,match,match,match,match,no_match,match
Alaska_11052024_StateSenateP.csv,PM,"Kawasaki, Scott",match,match,match,match,match,match,match,match,match,match,match,match,match,match,no_match,match
Alaska_11052024_StateSenateP.csv,AVG,"Kawasaki, Scott",match,match,match,match,match,match,match,match,match,match,match,match,match,match,no_match,match
Alaska_11082022_SenateDistrictL.csv,OM,"Merrick, Kelly R.",match,match,match,match,match,match,match,match,match,match,match,match,match,match,match,match
Alaska_11082022_SenateDistrictL.csv,PM,"Merrick, Kelly R.",match,match,match,match,match,match,match,match,match,match,match,match,match,match,match,match
Alaska_11082022_SenateDistrictL.csv,AVG,"Merrick, Kelly R.",match,match,match,match,match,match,match,match,match,match,match,match,match,match,match,match
Alaska_11082022_USSenator.csv,OM,"Murkowski, Lisa",match,match,match,match,match,match,match,match,match,match,match,match,match,match,match,match
Alaska_11082022_USSenator.csv,PM,"Murkowski, Lisa",match,match,match,match,match,match,match,match,match,match,match,match,match,match,match,match
Alaska_11082022_USSenator.csv,AVG,"Murkowski, Lisa",match,match,match,match,match,match,match,match,match,match,match,match,match,match,match,match
Alaska_11052024_StateHouseD17.csv,OM,"Fields, William Z. ""Zack""",match,match,match,match,match,match,match,match,match,match,match,match,match,match,match,match
Alaska_11052024_StateHouseD17.csv,PM,"Fields, William Z. ""Zack""",match,match,match,match,match,match,match,match,match,match,match,match,match,match,match,match
Alaska_11052024_StateHouseD17.csv,AVG,"Fields, William Z. ""Zack""",match,match,match,match,match,match,match,match,match,match,match,match,match,match,match,match
Alaska_11052024_StateHouseD16.csv,OM,"Hall, Carolyn",match,match,match,match,match,match,match,match,match,match,match,match,match,match,match,match
Alaska_11052024_StateHouseD16.csv,PM,"Hall, Carolyn",match,match,match,match,match,match,match,match,match,match,match,match,match,match,match,match
Alaska_11052024_StateHouseD16.csv,AVG,"Hall, Carolyn",match,match,match,match,match,match,match,match,match,match,match,match,match,match,match,match
Alaska_11082022_SenateDistrictM.csv,OM,"Hughes, Shelley",match,match,match,match,match,match,match,match,match,match,match,match,match,match,match,match
Alaska_11082022_SenateDistrictM.csv,PM,"Hughes, Shelley",match,match,match,match,match,match,match,match,match,match,match,match,match,match,match,match
Alaska_11082022_SenateDistrictM.csv,AVG,"Hughes, Shelley",match,match,match,match,match,match,match,match,match,match,match,match,match,match,match,match
Alaska_11052024_StateSenateF.csv,OM,"Kaufman, James D.",match,match,match,match,match,match,match,match,match,match,match,match,match,match,match,match
Alaska_11052024_StateSenateF.csv,PM,"Kaufman, James D.",match,match,match,match,match,match,match,match,match,match,match,match,match,match,match,match
Alaska_11052024_StateSenateF.csv,AVG,"Kaufman, James D.",match,match,match,match,match,match,match,match,match,match,match,match,match,match,match,match
Alaska_11052024_President.csv,OM,Trump/Vance,match,match,match,match,match,match,match,match,match,match,match,match,match,match,match,match
Alaska_11052024_President.csv,PM,Trump/Vance,match,match,match,match,match,match,match,match,match,match,match,match,match,match,match,match
Alaska_11052024_President.csv,AVG,Trump/Vance,match,match,match,match,match,match,match,match,match,match,match,match,match,match,match,match
Alaska_11082022_HouseDistrict16.csv,OM,"Armstrong, Jennifer ""Jennie""",match,match,match,match,match,match,match,match,match,match,match,match,match,match,match,match
Alaska_11082022_HouseDistrict16.csv,PM,"Armstrong, Jennifer ""Jennie""",match,match,match,match,match,match,match,match,match,match,match,match,match,match,match,match
Alaska_11082022_HouseDistrict16.csv,AVG,"Armstrong, Jennifer ""Jennie""",match,match,match,match,match,match,match,match,match,match,match,match,match,match,match,match
Alaska_11082022_HouseDistrict17.csv,OM,"Fields, William Z. ""Zack""",match,match,match,match,match,match,match,match,match,match,match,match,match,match,match,match
Alaska_11082022_HouseDistrict17.csv,PM,"Fields, William Z. ""Zack""",match,match,match,match,match,match,match,match,match,match,match,match,match,match,match,match
Alaska_11082022_HouseDistrict17.csv,AVG,"Fields, William Z. ""Zack""",match,match,match,match,match,match,match,match,match,match,match,match,match,match,match,match
Alaska_11082022_HouseDistrict15.csv,OM,"McKay, Thomas W. ""Tom""",no_match,match,match,no_match,match,match,match,match,match,match,match,match,match,match,match,match
Alaska_11082022_HouseDistrict15.csv,PM,"McKay, Thomas W. ""Tom""",no_match,match,match,no_match,match,match,match,match,match,match,match,match,match,match,match,match
Alaska_11082022_HouseDistrict15.csv,AVG,"McKay, Thomas W. ""Tom""",no_match,match,match,no_match,match,match,match,match,match,match,match,match,match,match,match,match
Alaska_11082022_HouseDistrict29.csv,OM,"Rauscher, George",match,match,match,match,match,match,match,match,match,match,match,match,match,match,match,match
Alaska_11082022_HouseDistrict29.csv,PM,"Rauscher, George",match,match,match,match,match,match,match,match,match,match,match,match,match,match,match,match
Alaska_11082022_HouseDistrict29.csv,AVG,"Rauscher, George",match,match,match,match,match,match,match,match,match,match,match,match,match,match,match,match
Alaska_11082022_HouseDistrict28.csv,OM,"Sumner, Jesse M.",match,match,match,match,match,match,match,match,match,match,match,match,match,match,match,match
Alaska_11082022_HouseDistrict28.csv,PM,"Sumner, Jesse M.",match,match,match,match,match,match,match,match,match,match,match,match,match,match,match,match
Alaska_11082022_HouseDistrict28.csv,AVG,"Sumner, Jesse M.",match,match,match,match,match,match,match,match,match,match,match,match,match,match,match,match
Alaska_11082022_HouseDistrict14.csv,OM,"Galvin, Alyse S.",match,match,match,match,match,match,match,match,match,match,match,match,match,match,match,match
Alaska_11082022_HouseDistrict14.csv,PM,"Galvin, Alyse S.",match,match,match,match,match,match,match,match,match,match,match,match,match,match,match,match
Alaska_11082022_HouseDistrict14.csv,AVG,"Galvin, Alyse S.",match,match,match,match,match,match,match,match,match,match,match,match,match,match,match,match
Alaska_11082022_HouseDistrict38.csv,OM,"McCormick, Conrad J. ""C.J.""",match,match,match,match,match,match,match,match,match,match,match,match,match,match,match,match
Alaska_11082022_HouseDistrict38.csv,PM,"McCormick, Conrad J. ""C.J.""",match,match,match,match,match,match,match,match,match,match,match,match,match,match,match,match
Alaska_11082022_HouseDistrict38.csv,AVG,"McCormick, Conrad J. ""C.J.""",match,match,match,match,match,match,match,match,match,match,match,match,match,match,match,match
Alaska_11082022_HouseDistrict10.csv,OM,"Johnson, Craig W.",match,match,match,match,match,match,match,match,match,match,match,match,match,match,match,match
Alaska_11082022_HouseDistrict10.csv,PM,"Johnson, Craig W.",match,match,match,match,match,match,match,match,match,match,match,match,match,match,match,match
Alaska_11082022_HouseDistrict10.csv,AVG,"Johnson, Craig W.",match,match,match,match,match,match,match,match,match,match,match,match,match,match,match,match
Alaska_11082022_HouseDistrict11.csv,OM,"Coulombe, Julie",no_match,match,match,match,match,match,match,match,match,match,match,match,match,match,match,match
Alaska_11082022_HouseDistrict11.csv,PM,"Coulombe, Julie",no_match,match,match,match,match,match,match,match,match,match,match,match,match,match,match,match
Alaska_11082022_HouseDistrict11.csv,AVG,"Coulombe, Julie",no_match,match,match,match,match,match,match,match,match,match,match,match,match,match,match,match
Alaska_11082022_HouseDistrict39.csv,OM,"Foster, Neal W.",match,match,match,match,match,match,match,match,match,match,match,match,match,match,match,match
Alaska_11082022_HouseDistrict39.csv,PM,"Foster, Neal W.",match,match,match,match,match,match,match,match,match,match,match,match,match,match,match,match
Alaska_11082022_HouseDistrict39.csv,AVG,"Foster, Neal W.",match,match,match,match,match,match,match,match,match,match,match,match,match,match,match,match
Alaska_11052024_US_House.csv,OM,"Begich, Nick",match,match,match,match,no_match,match,match,match,match,match,match,match,match,match,match,match
Alaska_11052024_US_House.csv,PM,"Begich, Nick",match,match,match,match,no_match,match,match,match,match,match,match,match,match,match,match,match
Alaska_11052024_US_House.csv,AVG,"Begich, Nick",match,match,match,match,no_match,match,match,match,match,match,match,match,match,match,match,match
Alaska_11082022_HouseDistrict13.csv,OM,"Josephson, Andy",match,match,match,match,match,match,match,match,match,match,match,match,match,match,match,match
Alaska_11082022_HouseDistrict13.csv,PM,"Josephson, Andy",match,match,match,match,match,match,match,match,match,match,match,match,match,match,match,match
Alaska_11082022_HouseDistrict13.csv,AVG,"Josephson, Andy",match,match,match,match,match,match,match,match,match,match,match,match,match,match,match,match
Alaska_11082022_HouseDistrict12.csv,OM,"Schrage, Calvin R.",match,match,match,match,match,match,match,match,match,match,match,match,match,match,match,match
Alaska_11082022_HouseDistrict12.csv,PM,"Schrage, Calvin R.",match,match,match,match,match,match,match,match,match,match,match,match,match,match,match,match
Alaska_11082022_HouseDistrict12.csv,AVG,"Schrage, Calvin R.",match,match,match,match,match,match,match,match,match,match,match,match,match,match,match,match
Minneapolis_11072023_CityCouncilWard12.csv,OM,Aurin Chowdhury,match,match,match,match,match,match,match,match,match,match,match,match,match,match,match,match
Minneapolis_11072023_CityCouncilWard12.csv,PM,Aurin Chowdhury,match,match,match,match,match,match,match,match,match,match,match,match,match,match,match,match
Minneapolis_11072023_CityCouncilWard12.csv,AVG,Aurin Chowdhury,match,match,match,match,match,match,match,match,match,match,match,match,match,match,match,match
Minneapolis_11072017_BoardofEstimateandTaxation.csv,OM,Carol Becker,match,match,match,match,match,match,match,match,match,match,match,match,match,match,match,match
Minneapolis_11072017_BoardofEstimateandTaxation.csv,PM,Carol Becker,match,match,match,match,match,match,match,match,match,match,match,match,match,match,match,match
Minneapolis_11072017_BoardofEstimateandTaxation.csv,AVG,Carol Becker,match,match,match,match,match,match,match,match,match,match,match,match,match,match,match,match
Minneapolis_11072017_ParkBoardAtLarge.csv,OM,Latrisha Vetaw,no_match,match,match,no_match,match,match,no_match,match,match,match,match,match,match,no_match,no_match,match
Minneapolis_11072017_ParkBoardAtLarge.csv,PM,Latrisha Vetaw,no_match,match,match,no_match,match,match,no_match,match,match,match,match,match,match,no_match,no_match,match
Minneapolis_11072017_ParkBoardAtLarge.csv,AVG,Latrisha Vetaw,no_match,match,match,no_match,match,match,no_match,match,match,match,match,match,match,no_match,no_match,match
Minneapolis_11072017_Ward6CityCouncil.csv,OM,Abdi Warsame,match,match,match,match,match,match,match,match,match,match,match,match,match,match,match,match
Minneapolis_11072017_Ward6CityCouncil.csv,PM,Abdi Warsame,match,match,match,match,match,match,match,match,match,match,match,match,match,match,match,match
Minneapolis_11072017_Ward6CityCouncil.csv,AVG,Abdi Warsame,match,match,match,match,match,match,match,match,match,match,match,match,match,match,match,match
Minneapolis_11072017_Mayor.csv,OM,Jacob Frey,match,match,match,match,match,match,match,match,match,match,match,match,match,match,match,match
Minneapolis_11072017_Mayor.csv,PM,Jacob Frey,match,match,match,match,match,match,match,match,match,match,match,match,match,match,match,match
Minneapolis_11072017_Mayor.csv,AVG,Jacob Frey,match,match,match,match,match,match,match,match,match,match,match,match,match,match,match,match
Minneapolis_11062009_PRBoardDistrict6.csv,OM,Brad Bourn,match,match,match,match,match,match,match,match,match,match,match,match,match,match,match,match
Minneapolis_11062009_PRBoardDistrict6.csv,PM,Brad Bourn,match,match,match,match,match,match,match,match,match,match,match,match,match,match,match,match
Minneapolis_11062009_PRBoardDistrict6.csv,AVG,Brad Bourn,match,match,match,match,match,match,match,match,match,match,match,match,match,match,match,match
Minneapolis_11062009_Ward10CityCouncil.csv,OM,Meg Tuthill,match,match,match,match,match,match,match,match,match,match,match,match,match,match,match,match
Minneapolis_11062009_Ward10CityCouncil.csv,PM,Meg Tuthill,match,match,match,match,match,match,match,match,match,match,match,match,match,match,match,match
Minneapolis_11062009_Ward10CityCouncil.csv,AVG,Meg Tuthill,match,match,match,match,match,match,match,match,match,match,match,match,match,match,match,match
Minneapolis_11072023_CityCouncilWard13.csv,OM,Linea Palmisano,match,match,match,match,match,match,match,match,match,match,match,match,match,match,match,match
Minneapolis_11072023_CityCouncilWard13.csv,PM,Linea Palmisano,match,match,match,match,match,match,match,match,match,match,match,match,match,match,match,match
Minneapolis_11072023_CityCouncilWard13.csv,AVG,Linea Palmisano,match,match,match,match,match,match,match,match,match,match,match,match,match,match,match,match
Minneapolis_11022021_BoardofEstimateandTaxationAtLarge.csv,OM,Steve Brandt,match,match,match,match,match,match,match,match,match,match,match,match,match,match,match,match
Minneapolis_11022021_BoardofEstimateandTaxationAtLarge.csv,PM,Steve Brandt,match,match,match,match,match,match,match,match,match,match,match,match,match,match,match,match
Minneapolis_11022021_BoardofEstimateandTaxationAtLarge.csv,AVG,Steve Brandt,match,match,match,match,match,match,match,match,match,match,match,match,match,match,match,match
Minneapolis_11072017_Ward1CityCouncil.csv,OM,Kevin Reich,match,match,match,match,match,match,match,match,match,match,match,match,match,match,match,match
Minneapolis_11072017_Ward1CityCouncil.csv,PM,Kevin Reich,match,match,match,match,match,match,match,match,match,match,match,match,match,match,match,match
Minneapolis_11072017_Ward1CityCouncil.csv,AVG,Kevin Reich,match,match,match,match,match,match,match,match,match,match,match,match,match,match,match,match
Minneapolis_11062009_PRBoardDistrict5.csv,OM,Carol Kummer,match,match,match,match,match,match,match,match,match,match,match,match,match,match,match,match
Minneapolis_11062009_PRBoardDistrict5.csv,PM,Carol Kummer,match,match,match,match,match,match,match,match,match,match,match,match,match,match,match,match
Minneapolis_11062009_PRBoardDistrict5.csv,AVG,Carol Kummer,match,match,match,match,match,match,match,match,match,match,match,match,match,match,match,match
Minneapolis_11062009_PRBoardDistrict4.csv,OM,Anita Tabb,match,match,match,match,match,match,match,match,match,match,match,match,match,match,match,match
Minneapolis_11062009_PRBoardDistrict4.csv,PM,Anita Tabb,match,match,match,match,match,match,match,match,match,match,match,match,match,match,match,match
Minneapolis_11062009_PRBoardDistrict4.csv,AVG,Anita Tabb,match,match,match,match,match,match,match,match,match,match,match,match,match,match,match,match
Minneapolis_11072017_Ward9CityCouncil.csv,OM,Alondra Cano,match,match,match,match,match,match,match,match,match,match,match,match,match,match,match,match
Minneapolis_11072017_Ward9CityCouncil.csv,PM,Alondra Cano,match,match,match,match,match,match,match,match,match,match,match,match,match,match,match,match
Minneapolis_11072017_Ward9CityCouncil.csv,AVG,Alondra Cano,match,match,match,match,match,match,match,match,match,match,match,match,match,match,match,match
Minneapolis_11072023_CityCouncilWard10.csv,OM,Aisha Chughtai,match,match,match,match,match,match,match,match,match,match,match,match,match,match,match,match
Minneapolis_11072023_CityCouncilWard10.csv,PM,Aisha Chughtai,match,match,match,match,match,match,match,match,match,match,match,match,match,match,match,match
Minneapolis_11072023_CityCouncilWard10.csv,AVG,Aisha Chughtai,match,match,match,match,match,match,match,match,match,match,match,match,match,match,match,match
Minneapolis_11062009_BoardofEstimateandTaxation.csv,OM,Carol Becker,match,match,match,match,match,match,match,match,match,match,match,match,match,match,match,match
Minneapolis_11062009_BoardofEstimateandTaxation.csv,PM,Carol Becker,match,match,match,match,match,match,match,match,match,match,match,match,match,match,match,match
Minneapolis_11062009_BoardofEstimateandTaxation.csv,AVG,Carol Becker,match,match,match,match,match,match,match,match,match,match,match,match,match,match,match,match
Minneapolis_11072017_Ward8CityCouncil.csv,OM,Andrea Jenkins,match,match,match,match,match,match,match,match,match,match,match,match,match,match,match,match
Minneapolis_11072017_Ward8CityCouncil.csv,PM,Andrea Jenkins,match,match,match,match,match,match,match,match,match,match,match,match,match,match,match,match
Minneapolis_11072017_Ward8CityCouncil.csv,AVG,Andrea Jenkins,match,match,match,match,match,match,match,match,match,match,match,match,match,match,match,match
Minneapolis_11022021_Mayor.csv,OM,Jacob Frey,match,match,match,match,match,match,match,match,match,match,match,match,match,match,match,match
Minneapolis_11022021_Mayor.csv,PM,Jacob Frey,match,match,match,match,match,match,match,match,match,match,match,match,match,match,match,match
Minneapolis_11022021_Mayor.csv,AVG,Jacob Frey,match,match,match,match,match,match,match,match,match,match,match,match,match,match,match,match
Minneapolis_11062009_PRBoardDistrict1.csv,OM,Liz Wielinski,match,match,match,match,match,match,match,match,match,match,match,match,match,match,match,match
Minneapolis_11062009_PRBoardDistrict1.csv,PM,Liz Wielinski,match,match,match,match,match,match,match,match,match,match,match,match,match,match,match,match
Minneapolis_11062009_PRBoardDistrict1.csv,AVG,Liz Wielinski,match,match,match,match,match,match,match,match,match,match,match,match,match,match,match,match
Minneapolis_11022021_ParkBoardAtLarge.csv,OM,Meg Forney,match,match,match,match,match,match,match,match,match,match,match,match,match,match,match,match
Minneapolis_11022021_ParkBoardAtLarge.csv,PM,Meg Forney,match,match,match,match,match,match,match,match,match,match,match,match,match,match,match,match
Minneapolis_11022021_ParkBoardAtLarge.csv,AVG,Meg Forney,match,match,match,match,match,match,match,match,match,match,match,match,match,match,match,match
Minneapolis_11062009_Ward11CityCouncil.csv,OM,John Quincy,match,match,match,match,match,match,match,match,match,match,match,match,match,match,match,match
Minneapolis_11062009_Ward11CityCouncil.csv,PM,John Quincy,match,match,match,match,match,match,match,match,match,match,match,match,match,match,match,match
Minneapolis_11062009_Ward11CityCouncil.csv,AVG,John Quincy,match,match,match,match,match,match,match,match,match,match,match,match,match,match,match,match
Minneapolis_11052013_PRBoardDistrict6.csv,OM,BRAD BOURN,match,match,match,match,match,match,match,match,match,match,match,match,match,match,match,match
Minneapolis_11052013_PRBoardDistrict6.csv,PM,BRAD BOURN,match,match,match,match,match,match,match,match,match,match,match,match,match,match,match,match
Minneapolis_11052013_PRBoardDistrict6.csv,AVG,BRAD BOURN,match,match,match,match,match,match,match,match,match,match,match,match,match,match,match,match
Minneapolis_11062009_PRBoardDistrict3.csv,OM,Scott Vreeland,match,match,match,match,match,match,match,match,match,match,match,match,match,match,match,match
Minneapolis_11062009_PRBoardDistrict3.csv,PM,Scott Vreeland,match,match,match,match,match,match,match,match,match,match,match,match,match,match,match,match
Minneapolis_11062009_PRBoardDistrict3.csv,AVG,Scott Vreeland,match,match,match,match,match,match,match,match,match,match,match,match,match,match,match,match
Minneapolis_11062009_PRBoardDistrict2.csv,OM,Jon Olson,match,match,match,match,match,match,match,match,match,match,match,match,match,match,match,match
Minneapolis_11062009_PRBoardDistrict2.csv,PM,Jon Olson,match,match,match,match,match,match,match,match,match,match,match,match,match,match,match,match
Minneapolis_11062009_PRBoardDistrict2.csv,AVG,Jon Olson,match,match,match,match,match,match,match,match,match,match,match,match,match,match,match,match
Minneapolis_11072017_Ward7CityCouncil.csv,OM,Lisa Goodman,match,match,match,match,match,match,match,match,match,match,match,match,match,match,match,match
Minneapolis_11072017_Ward7CityCouncil.csv,PM,Lisa Goodman,match,match,match,match,match,match,match,match,match,match,match,match,match,match,match,match
Minneapolis_11072017_Ward7CityCouncil.csv,AVG,Lisa Goodman,match,match,match,match,match,match,match,match,match,match,match,match,match,match,match,match
Minneapolis_11022021_CityCouncilWard4.csv,OM,LaTrisha Vetaw,match,match,match,match,match,match,match,match,match,match,match,match,match,match,match,match
Minneapolis_11022021_CityCouncilWard4.csv,PM,LaTrisha Vetaw,match,match,match,match,match,match,match,match,match,match,match,match,match,match,match,match
Minneapolis_11022021_CityCouncilWard4.csv,AVG,LaTrisha Vetaw,match,match,match,match,match,match,match,match,match,match,match,match,match,match,match,match
Minneapolis_11062009_Ward13CityCouncil.csv,OM,Betsy Hodges,match,match,match,match,match,match,match,match,match,match,match,match,match,match,match,match
Minneapolis_11062009_Ward13CityCouncil.csv,PM,Betsy Hodges,match,match,match,match,match,match,match,match,match,match,match,match,match,match,match,match
Minneapolis_11062009_Ward13CityCouncil.csv,AVG,Betsy Hodges,match,match,match,match,match,match,match,match,match,match,match,match,match,match,match,match
Minneapolis_11072017_Ward5CityCouncil.csv,OM,Jeremiah Ellison,match,match,match,match,match,match,match,match,match,match,match,match,match,match,match,match
Minneapolis_11072017_Ward5CityCouncil.csv,PM,Jeremiah Ellison,match,match,match,match,match,match,match,match,match,match,match,match,match,match,match,match
Minneapolis_11072017_Ward5CityCouncil.csv,AVG,Jeremiah Ellison,match,match,match,match,match,match,match,match,match,match,match,match,match,match,match,match
Minneapolis_11022021_CityCouncilWard10.csv,OM,Aisha Chughtai,match,match,match,match,match,match,match,match,match,match,match,match,match,match,match,match
Minneapolis_11022021_CityCouncilWard10.csv,PM,Aisha Chughtai,match,match,match,match,match,match,match,match,match,match,match,match,match,match,match,match
Minneapolis_11022021_CityCouncilWard10.csv,AVG,Aisha Chughtai,match,match,match,match,match,match,match,match,match,match,match,match,match,match,match,match
Minneapolis_11022021_CityCouncilWard12.csv,OM,Andrew Johnson,match,match,match,match,match,match,match,match,match,match,match,match,match,match,match,match
Minneapolis_11022021_CityCouncilWard12.csv,PM,Andrew Johnson,match,match,match,match,match,match,match,match,match,match,match,match,match,match,match,match
Minneapolis_11022021_CityCouncilWard12.csv,AVG,Andrew Johnson,match,match,match,match,match,match,match,match,match,match,match,match,match,match,match,match
Minneapolis_11022021_CityCouncilWard7.csv,OM,Lisa Goodman,match,match,match,match,match,match,match,match,match,match,match,match,match,match,match,match
Minneapolis_11022021_CityCouncilWard7.csv,PM,Lisa Goodman,match,match,match,match,match,match,match,match,match,match,match,match,match,match,match,match
Minneapolis_11022021_CityCouncilWard7.csv,AVG,Lisa Goodman,match,match,match,match,match,match,match,match,match,match,match,match,match,match,match,match
Minneapolis_11022021_CityCouncilWard6.csv,OM,Jamal Osman,match,match,match,match,match,match,match,match,match,match,match,match,match,match,match,match
Minneapolis_11022021_CityCouncilWard6.csv,PM,Jamal Osman,match,match,match,match,match,match,match,match,match,match,match,match,match,match,match,match
Minneapolis_11022021_CityCouncilWard6.csv,AVG,Jamal Osman,match,match,match,match,match,match,match,match,match,match,match,match,match,match,match,match
Minneapolis_11072017_Ward2CityCouncil.csv,OM,Cam Gordon,match,match,match,match,match,match,match,match,match,match,match,match,match,match,match,match
Minneapolis_11072017_Ward2CityCouncil.csv,PM,Cam Gordon,match,match,match,match,match,match,match,match,match,match,match,match,match,match,match,match
Minneapolis_11072017_Ward2CityCouncil.csv,AVG,Cam Gordon,match,match,match,match,match,match,match,match,match,match,match,match,match,match,match,match
Minneapolis_11022021_CityCouncilWard13.csv,OM,Linea Palmisano,match,match,match,match,match,match,match,match,match,match,match,match,match,match,match,match
Minneapolis_11022021_CityCouncilWard13.csv,PM,Linea Palmisano,match,match,match,match,match,match,match,match,match,match,match,match,match,match,match,match
Minneapolis_11022021_CityCouncilWard13.csv,AVG,Linea Palmisano,match,match,match,match,match,match,match,match,match,match,match,match,match,match,match,match
Minneapolis_11072017_Ward3CityCouncil.csv,OM,Steve Fletcher,no_match,match,match,match,match,match,match,match,match,match,match,match,match,match,match,match
Minneapolis_11072017_Ward3CityCouncil.csv,PM,Steve Fletcher,no_match,match,match,match,match,match,match,match,match,match,match,match,match,match,match,match
Minneapolis_11072017_Ward3CityCouncil.csv,AVG,Steve Fletcher,no_match,match,match,match,match,match,match,match,match,match,match,match,match,match,match,match
Minneapolis_11022021_CityCouncilWard2.csv,OM,Cam Gordon,no_match,no_match,no_match,no_match,no_match,no_match,no_match,no_winner,no_match,no_match,no_match,no_match,no_match,no_match,no_match,match
Minneapolis_11022021_CityCouncilWard2.csv,PM,Yusra Arab,no_match,no_match,no_match,match,match,match,match,no_winner,match,match,no_match,match,match,match,match,match
Minneapolis_11022021_CityCouncilWard2.csv,AVG,Robin Wonsley Worlobah,match,match,match,no_match,no_match,no_match,no_match,no_winner,no_match,no_match,match,no_match,no_match,no_match,no_match,match
Minneapolis_11022021_CityCouncilWard3.csv,OM,Michael Rainville,match,match,match,match,match,match,match,match,match,match,match,match,match,match,match,match
Minneapolis_11022021_CityCouncilWard3.csv,PM,Michael Rainville,match,match,match,match,match,match,match,match,match,match,match,match,match,match,match,match
Minneapolis_11022021_CityCouncilWard3.csv,AVG,Michael Rainville,match,match,match,match,match,match,match,match,match,match,match,match,match,match,match,match
Minneapolis_11072017_Ward4CityCouncil.csv,OM,Phillipe M. Cunningham,no_match,match,match,match,match,match,match,match,match,match,match,match,match,match,match,match
Minneapolis_11072017_Ward4CityCouncil.csv,PM,Phillipe M. Cunningham,no_match,match,match,match,match,match,match,match,match,match,match,match,match,match,match,match
Minneapolis_11072017_Ward4CityCouncil.csv,AVG,Phillipe M. Cunningham,no_match,match,match,match,match,match,match,match,match,match,match,match,match,match,match,match
Minneapolis_11022021_CityCouncilWard1.csv,OM,Elliott Payne,match,match,match,match,match,match,match,match,match,match,match,match,match,match,match,match
Minneapolis_11022021_CityCouncilWard1.csv,PM,Elliott Payne,match,match,match,match,match,match,match,match,match,match,match,match,match,match,match,match
Minneapolis_11022021_CityCouncilWard1.csv,AVG,Elliott Payne,match,match,match,match,match,match,match,match,match,match,match,match,match,match,match,match
Minneapolis_11052013_Mayor.csv,OM,BETSY HODGES,match,match,match,match,match,match,match,match,match,match,match,match,match,match,match,match
Minneapolis_11052013_Mayor.csv,PM,BETSY HODGES,match,match,match,match,match,match,match,match,match,match,match,match,match,match,match,match
Minneapolis_11052013_Mayor.csv,AVG,BETSY HODGES,match,match,match,match,match,match,match,match,match,match,match,match,match,match,match,match
Minneapolis_11072023_CityCouncilWard8.csv,OM,Andrea Jenkins,no_match,match,match,match,match,match,match,match,match,match,match,match,match,match,match,match
Minneapolis_11072023_CityCouncilWard8.csv,PM,Andrea Jenkins,no_match,match,match,match,match,match,match,match,match,match,match,match,match,match,match,match
Minneapolis_11072023_CityCouncilWard8.csv,AVG,Andrea Jenkins,no_match,match,match,match,match,match,match,match,match,match,match,match,match,match,match,match
Minneapolis_11062009_Ward12CityCouncil.csv,OM,Sandy Colvin Roy,match,match,match,match,match,match,match,match,match,match,match,match,match,match,match,match
Minneapolis_11062009_Ward12CityCouncil.csv,PM,Sandy Colvin Roy,match,match,match,match,match,match,match,match,match,match,match,match,match,match,match,match
Minneapolis_11062009_Ward12CityCouncil.csv,AVG,Sandy Colvin Roy,match,match,match,match,match,match,match,match,match,match,match,match,match,match,match,match
Minneapolis_11072023_CityCouncilWard5.csv,OM,Jeremiah Bey Ellison,match,match,match,match,match,match,match,match,match,match,match,match,match,match,match,match
Minneapolis_11072023_CityCouncilWard5.csv,PM,Jeremiah Bey Ellison,match,match,match,match,match,match,match,match,match,match,match,match,match,match,match,match
Minneapolis_11072023_CityCouncilWard5.csv,AVG,Jeremiah Bey Ellison,match,match,match,match,match,match,match,match,match,match,match,match,match,match,match,match
Minneapolis_11072017_PRBoardDistrict3.csv,OM,AK Hassan,match,match,match,match,match,match,match,match,match,match,match,match,match,match,match,match
Minneapolis_11072017_PRBoardDistrict3.csv,PM,AK Hassan,match,match,match,match,match,match,match,match,match,match,match,match,match,match,match,match
Minneapolis_11072017_PRBoardDistrict3.csv,AVG,AK Hassan,match,match,match,match,match,match,match,match,match,match,match,match,match,match,match,match
Minneapolis_11072017_PRBoardDistrict2.csv,OM,Kale Severson,match,match,match,match,match,match,match,match,match,match,match,match,match,match,match,match
Minneapolis_11072017_PRBoardDistrict2.csv,PM,Kale Severson,match,match,match,match,match,match,match,match,match,match,match,match,match,match,match,match
Minneapolis_11072017_PRBoardDistrict2.csv,AVG,Kale Severson,match,match,match,match,match,match,match,match,match,match,match,match,match,match,match,match
Minneapolis_08112020_Ward6CityCouncilSpecialElection.csv,OM,Jamal Osman,match,match,match,match,match,match,match,match,match,match,match,match,match,match,match,match
Minneapolis_08112020_Ward6CityCouncilSpecialElection.csv,PM,Jamal Osman,match,match,match,match,match,match,match,match,match,match,match,match,match,match,match,match
Minneapolis_08112020_Ward6CityCouncilSpecialElection.csv,AVG,Jamal Osman,match,match,match,match,match,match,match,match,match,match,match,match,match,match,match,match
Minneapolis_11072023_CityCouncilWard4.csv,OM,LaTrisha M. Vetaw,match,match,match,match,match,match,match,match,match,match,match,match,match,match,match,match
Minneapolis_11072023_CityCouncilWard4.csv,PM,LaTrisha M. Vetaw,match,match,match,match,match,match,match,match,match,match,match,match,match,match,match,match
Minneapolis_11072023_CityCouncilWard4.csv,AVG,LaTrisha M. Vetaw,match,match,match,match,match,match,match,match,match,match,match,match,match,match,match,match
Minneapolis_11062009_Ward7CityCouncil.csv,OM,Lisa Goodman,match,match,match,match,match,match,match,match,match,match,match,match,match,match,match,match
Minneapolis_11062009_Ward7CityCouncil.csv,PM,Lisa Goodman,match,match,match,match,match,match,match,match,match,match,match,match,match,match,match,match
Minneapolis_11062009_Ward7CityCouncil.csv,AVG,Lisa Goodman,match,match,match,match,match,match,match,match,match,match,match,match,match,match,match,match
Minneapolis_11052013_ParkRecBoardAtLarge.csv,OM,JOHN ERWIN,match,match,match,match,match,match,match,match,match,match,match,match,match,match,match,match
Minneapolis_11052013_ParkRecBoardAtLarge.csv,PM,JOHN ERWIN,match,match,match,match,match,match,match,match,match,match,match,match,match,match,match,match
Minneapolis_11052013_ParkRecBoardAtLarge.csv,AVG,JOHN ERWIN,match,match,match,match,match,match,match,match,match,match,match,match,match,match,match,match
Minneapolis_11072023_CityCouncilWard6.csv,OM,Jamal Osman,match,match,match,match,match,match,match,match,match,match,match,match,match,match,match,match
Minneapolis_11072023_CityCouncilWard6.csv,PM,Jamal Osman,match,match,match,match,match,match,match,match,match,match,match,match,match,match,match,match
Minneapolis_11072023_CityCouncilWard6.csv,AVG,Jamal Osman,match,match,match,match,match,match,match,match,match,match,match,match,match,match,match,match
Minneapolis_11062009_Ward8CityCouncil.csv,OM,Elizabeth Glidden,match,match,match,match,match,match,match,match,match,match,match,match,match,match,match,match
Minneapolis_11062009_Ward8CityCouncil.csv,PM,Elizabeth Glidden,match,match,match,match,match,match,match,match,match,match,match,match,match,match,match,match
Minneapolis_11062009_Ward8CityCouncil.csv,AVG,Elizabeth Glidden,match,match,match,match,match,match,match,match,match,match,match,match,match,match,match,match
Minneapolis_11062009_Mayor.csv,OM,R.T. Rybak,match,match,match,match,match,match,match,match,match,match,match,match,match,match,match,match
Minneapolis_11062009_Mayor.csv,PM,R.T. Rybak,match,match,match,match,match,match,match,match,match,match,match,match,match,match,match,match
Minneapolis_11062009_Mayor.csv,AVG,R.T. Rybak,match,match,match,match,match,match,match,match,match,match,match,match,match,match,match,match
Minneapolis_11072017_Ward12CityCouncil.csv,OM,Andrew Johnson,match,match,match,match,match,match,match,match,match,match,match,match,match,match,match,match
Minneapolis_11072017_Ward12CityCouncil.csv,PM,Andrew Johnson,match,match,match,match,match,match,match,match,match,match,match,match,match,match,match,match
Minneapolis_11072017_Ward12CityCouncil.csv,AVG,Andrew Johnson,match,match,match,match,match,match,match,match,match,match,match,match,match,match,match,match
Minneapolis_11052013_Ward9CityCouncil.csv,OM,ALONDRA CANO,match,match,match,match,match,match,match,match,match,match,match,match,match,match,match,match
Minneapolis_11052013_Ward9CityCouncil.csv,PM,ALONDRA CANO,match,match,match,match,match,match,match,match,match,match,match,match,match,match,match,match
Minneapolis_11052013_Ward9CityCouncil.csv,AVG,ALONDRA CANO,match,match,match,match,match,match,match,match,match,match,match,match,match,match,match,match
Minneapolis_11072017_PRBoardDistrict1.csv,OM,Chris Meyer,match,match,match,match,match,match,match,match,match,match,match,match,match,match,match,match
Minneapolis_11072017_PRBoardDistrict1.csv,PM,Chris Meyer,match,match,match,match,match,match,match,match,match,match,match,match,match,match,match,match
Minneapolis_11072017_PRBoardDistrict1.csv,AVG,Chris Meyer,match,match,match,match,match,match,match,match,match,match,match,match,match,match,match,match
Minneapolis_11072023_CityCouncilWard7.csv,OM,Katie Cashman,match,match,match,match,match,match,match,match,match,match,match,match,match,match,no_match,match
Minneapolis_11072023_CityCouncilWard7.csv,PM,Katie Cashman,match,match,match,match,match,match,match,match,match,match,match,match,match,match,no_match,match
Minneapolis_11072023_CityCouncilWard7.csv,AVG,Katie Cashman,match,match,match,match,match,match,match,match,match,match,match,match,match,match,no_match,match
Minneapolis_11072017_PRBoardDistrict5.csv,OM,Steffanie Musich,match,match,match,match,match,match,match,match,match,match,match,match,match,match,match,match
Minneapolis_11072017_PRBoardDistrict5.csv,PM,Steffanie Musich,match,match,match,match,match,match,match,match,match,match,match,match,match,match,match,match
Minneapolis_11072017_PRBoardDistrict5.csv,AVG,Steffanie Musich,match,match,match,match,match,match,match,match,match,match,match,match,match,match,match,match
Minneapolis_11062009_Ward1CityCouncil.csv,OM,Kevin Reich,match,match,match,match,match,match,match,match,match,match,match,match,match,match,match,match
Minneapolis_11062009_Ward1CityCouncil.csv,PM,Kevin Reich,match,match,match,match,match,match,match,match,match,match,match,match,match,match,match,match
Minneapolis_11062009_Ward1CityCouncil.csv,AVG,Kevin Reich,match,match,match,match,match,match,match,match,match,match,match,match,match,match,match,match
Minneapolis_11062009_Ward9CityCouncil.csv,OM,Gary Schiff,match,match,match,match,match,match,match,match,match,match,match,match,match,match,match,match
Minneapolis_11062009_Ward9CityCouncil.csv,PM,Gary Schiff,match,match,match,match,match,match,match,match,match,match,match,match,match,match,match,match
Minneapolis_11062009_Ward9CityCouncil.csv,AVG,Gary Schiff,match,match,match,match,match,match,match,match,match,match,match,match,match,match,match,match
Minneapolis_11072017_PRBoardDistrict4.csv,OM,Jono Cowgill,match,match,match,no_match,match,match,match,match,match,match,match,match,match,match,no_match,match
Minneapolis_11072017_PRBoardDistrict4.csv,PM,Jono Cowgill,match,match,match,no_match,match,match,match,match,match,match,match,match,match,match,no_match,match
Minneapolis_11072017_PRBoardDistrict4.csv,AVG,Jono Cowgill,match,match,match,no_match,match,match,match,match,match,match,match,match,match,match,no_match,match
Minneapolis_11062009_MinneapolisParkRecBoard.csv,OM,Annie Young,no_match,match,match,match,match,match,match,match,match,match,match,match,match,match,match,match
Minneapolis_11062009_MinneapolisParkRecBoard.csv,PM,Annie Young,no_match,match,match,match,match,match,match,match,match,match,match,match,match,match,match,match
Minneapolis_11062009_MinneapolisParkRecBoard.csv,AVG,Annie Young,no_match,match,match,match,match,match,match,match,match,match,match,match,match,match,match,match
Minneapolis_11072017_Ward13CityCouncil.csv,OM,Linea Palmisano,match,match,match,match,match,match,match,match,match,match,match,match,match,match,match,match
Minneapolis_11072017_Ward13CityCouncil.csv,PM,Linea Palmisano,match,match,match,match,match,match,match,match,match,match,match,match,match,match,match,match
Minneapolis_11072017_Ward13CityCouncil.csv,AVG,Linea Palmisano,match,match,match,match,match,match,match,match,match,match,match,match,match,match,match,match
Minneapolis_11022021_CityCouncilWard8.csv,OM,Andrea Jenkins,match,match,match,match,match,match,match,match,match,match,match,match,match,match,match,match
Minneapolis_11022021_CityCouncilWard8.csv,PM,Andrea Jenkins,match,match,match,match,match,match,match,match,match,match,match,match,match,match,match,match
Minneapolis_11022021_CityCouncilWard8.csv,AVG,Andrea Jenkins,match,match,match,match,match,match,match,match,match,match,match,match,match,match,match,match
Minneapolis_11062009_Ward6CityCouncil.csv,OM,Robert Lilligren,match,match,match,match,match,match,match,match,match,match,match,match,match,match,match,match
Minneapolis_11062009_Ward6CityCouncil.csv,PM,Robert Lilligren,match,match,match,match,match,match,match,match,match,match,match,match,match,match,match,match
Minneapolis_11062009_Ward6CityCouncil.csv,AVG,Robert Lilligren,match,match,match,match,match,match,match,match,match,match,match,match,match,match,match,match
Minneapolis_11072017_PRBoardDistrict6.csv,OM,Brad Bourn,match,match,match,no_match,no_match,no_match,no_match,match,match,match,match,match,match,no_match,no_match,match
Minneapolis_11072017_PRBoardDistrict6.csv,PM,Brad Bourn,match,match,match,no_match,no_match,no_match,no_match,match,match,match,match,match,match,no_match,no_match,match
Minneapolis_11072017_PRBoardDistrict6.csv,AVG,Brad Bourn,match,match,match,no_match,no_match,no_match,no_match,match,match,match,match,match,match,no_match,no_match,match
Minneapolis_11022021_CityCouncilWard9.csv,OM,Jason Chavez,match,match,match,match,match,match,match,match,match,match,match,match,match,match,match,match
Minneapolis_11022021_CityCouncilWard9.csv,PM,Jason Chavez,match,match,match,match,match,match,match,match,match,match,match,match,match,match,match,match
Minneapolis_11022021_CityCouncilWard9.csv,AVG,Jason Chavez,match,match,match,match,match,match,match,match,match,match,match,match,match,match,match,match
Minneapolis_11052013_Ward13CityCouncil.csv,OM,LINEA PALMISANO,match,match,match,no_match,match,match,match,match,match,match,match,match,match,match,no_match,match
Minneapolis_11052013_Ward13CityCouncil.csv,PM,LINEA PALMISANO,match,match,match,no_match,match,match,match,match,match,match,match,match,match,match,no_match,match
Minneapolis_11052013_Ward13CityCouncil.csv,AVG,LINEA PALMISANO,match,match,match,no_match,match,match,match,match,match,match,match,match,match,match,no_match,match
Minneapolis_11062009_Ward4CityCouncil.csv,OM,Barbara A. Johnson,match,match,match,match,match,match,match,match,match,match,match,match,match,match,match,match
Minneapolis_11062009_Ward4CityCouncil.csv,PM,Barbara A. Johnson,match,match,match,match,match,match,match,match,match,match,match,match,match,match,match,match
Minneapolis_11062009_Ward4CityCouncil.csv,AVG,Barbara A. Johnson,match,match,match,match,match,match,match,match,match,match,match,match,match,match,match,match
Minneapolis_11052013_Ward5CityCouncil.csv,OM,BLONG YANG,match,match,match,match,match,match,match,match,match,match,match,match,match,match,match,match
Minneapolis_11052013_Ward5CityCouncil.csv,PM,BLONG YANG,match,match,match,match,match,match,match,match,match,match,match,match,match,match,match,match
Minneapolis_11052013_Ward5CityCouncil.csv,AVG,BLONG YANG,match,match,match,match,match,match,match,match,match,match,match,match,match,match,match,match
Minneapolis_11022021_ParkBoardDistrict3.csv,OM,Becky Alper,match,match,match,match,match,match,match,match,match,match,match,match,match,match,match,match
Minneapolis_11022021_ParkBoardDistrict3.csv,PM,Becky Alper,match,match,match,match,match,match,match,match,match,match,match,match,match,match,match,match
Minneapolis_11022021_ParkBoardDistrict3.csv,AVG,Becky Alper,match,match,match,match,match,match,match,match,match,match,match,match,match,match,match,match
Minneapolis_11062009_Ward3CityCouncil.csv,OM,Diane Hofstede,match,match,match,match,match,match,match,match,match,match,match,match,match,match,match,match
Minneapolis_11062009_Ward3CityCouncil.csv,PM,Diane Hofstede,match,match,match,match,match,match,match,match,match,match,match,match,match,match,match,match
Minneapolis_11062009_Ward3CityCouncil.csv,AVG,Diane Hofstede,match,match,match,match,match,match,match,match,match,match,match,match,match,match,match,match
Minneapolis_11022021_ParkBoardDistrict1.csv,OM,Billy Menz,match,match,match,match,match,match,match,match,match,match,match,match,match,match,match,match
Minneapolis_11022021_ParkBoardDistrict1.csv,PM,Billy Menz,match,match,match,match,match,match,match,match,match,match,match,match,match,match,match,match
Minneapolis_11022021_ParkBoardDistrict1.csv,AVG,Billy Menz,match,match,match,match,match,match,match,match,match,match,match,match,match,match,match,match
Minneapolis 2013-board of estimation and taxation cvr.csv,OM,CAROL J. BECKER,match,match,match,match,match,match,match,match,match,match,match,match,match,match,match,match
Minneapolis 2013-board of estimation and taxation cvr.csv,PM,CAROL J. BECKER,match,match,match,match,match,match,match,match,match,match,match,match,match,match,match,match
Minneapolis 2013-board of estimation and taxation cvr.csv,AVG,CAROL J. BECKER,match,match,match,match,match,match,match,match,match,match,match,match,match,match,match,match
Minneapolis_11072017_Ward11CityCouncil.csv,OM,Jeremy Schroeder,match,match,match,match,match,match,match,match,match,match,match,match,match,match,match,match
Minneapolis_11072017_Ward11CityCouncil.csv,PM,Jeremy Schroeder,match,match,match,match,match,match,match,match,match,match,match,match,match,match,match,match
Minneapolis_11072017_Ward11CityCouncil.csv,AVG,Jeremy Schroeder,match,match,match,match,match,match,match,match,match,match,match,match,match,match,match,match
Minneapolis_11072017_Ward10CityCouncil.csv,OM,Lisa Bender,match,match,match,match,match,match,match,match,match,match,match,match,match,match,match,match
Minneapolis_11072017_Ward10CityCouncil.csv,PM,Lisa Bender,match,match,match,match,match,match,match,match,match,match,match,match,match,match,match,match
Minneapolis_11072017_Ward10CityCouncil.csv,AVG,Lisa Bender,match,match,match,match,match,match,match,match,match,match,match,match,match,match,match,match
Minneapolis_11022021_ParkBoardDistrict4.csv,OM,Elizabeth Shaffer,match,match,match,match,match,match,match,match,match,match,match,match,match,match,match,match
Minneapolis_11022021_ParkBoardDistrict4.csv,PM,Elizabeth Shaffer,match,match,match,match,match,match,match,match,match,match,match,match,match,match,match,match
Minneapolis_11022021_ParkBoardDistrict4.csv,AVG,Elizabeth Shaffer,match,match,match,match,match,match,match,match,match,match,match,match,match,match,match,match
Minneapolis_11062009_Ward2CityCouncil.csv,OM,Cam Gordon,match,match,match,match,match,match,match,match,match,match,match,match,match,match,match,match
Minneapolis_11062009_Ward2CityCouncil.csv,PM,Cam Gordon,match,match,match,match,match,match,match,match,match,match,match,match,match,match,match,match
Minneapolis_11062009_Ward2CityCouncil.csv,AVG,Cam Gordon,match,match,match,match,match,match,match,match,match,match,match,match,match,match,match,match
Minneapolis_11022021_ParkBoardDistrict5.csv,OM,Steffanie Musich,match,match,match,match,match,match,match,match,match,match,match,match,match,match,match,match
Minneapolis_11022021_ParkBoardDistrict5.csv,PM,Steffanie Musich,match,match,match,match,match,match,match,match,match,match,match,match,match,match,match,match
Minneapolis_11022021_ParkBoardDistrict5.csv,AVG,Steffanie Musich,match,match,match,match,match,match,match,match,match,match,match,match,match,match,match,match
Minneapolis_11062009_Ward5CityCouncil.csv,OM,Don Samuels,match,match,match,match,match,match,match,match,match,match,match,match,match,match,match,match
Minneapolis_11062009_Ward5CityCouncil.csv,PM,Don Samuels,match,match,match,match,match,match,match,match,match,match,match,match,match,match,match,match
Minneapolis_11062009_Ward5CityCouncil.csv,AVG,Don Samuels,match,match,match,match,match,match,match,match,match,match,match,match,match,match,match,match
Minneapolis_11022021_ParkBoardDistrict6.csv,OM,Cathy Abene,no_match,match,match,match,match,match,match,match,match,match,match,match,match,match,match,match
Minneapolis_11022021_ParkBoardDistrict6.csv,PM,Cathy Abene,no_match,match,match,match,match,match,match,match,match,match,match,match,match,match,match,match
Minneapolis_11022021_ParkBoardDistrict6.csv,AVG,Cathy Abene,no_match,match,match,match,match,match,match,match,match,match,match,match,match,match,match,match
PierceCounty_11042008_CountyExecutiveMember.csv,OM,Pat McCarthy,no_match,match,match,match,match,match,match,match,match,match,match,match,match,match,match,match
PierceCounty_11042008_CountyExecutiveMember.csv,PM,Pat McCarthy,no_match,match,match,match,match,match,match,match,match,match,match,match,match,match,match,match
PierceCounty_11042008_CountyExecutiveMember.csv,AVG,Pat McCarthy,no_match,match,match,match,match,match,match,match,match,match,match,match,match,match,match,match
PierceCounty_11032009_CountyAuditor.csv,OM,Julie Anderson,match,match,match,match,match,match,match,match,match,match,match,match,match,match,match,match
PierceCounty_11032009_CountyAuditor.csv,PM,Julie Anderson,match,match,match,match,match,match,match,match,match,match,match,match,match,match,match,match
PierceCounty_11032009_CountyAuditor.csv,AVG,Julie Anderson,match,match,match,match,match,match,match,match,match,match,match,match,match,match,match,match
PierceCounty_11042008_CountyAssessorTreasurer.csv,OM,Dale Washam,match,match,match,no_match,match,no_match,match,match,match,match,match,match,match,no_match,no_match,match
PierceCounty_11042008_CountyAssessorTreasurer.csv,PM,Dale Washam,match,match,match,no_match,match,no_match,match,match,match,match,match,match,match,no_match,no_match,match
PierceCounty_11042008_CountyAssessorTreasurer.csv,AVG,Dale Washam,match,match,match,no_match,match,no_match,match,match,match,match,match,match,match,no_match,no_match,match
PierceCounty_11042008_CountyCouncilDistrict2.csv,OM,Joyce McDonald,match,match,match,match,match,match,match,match,match,match,match,match,match,match,match,match
PierceCounty_11042008_CountyCouncilDistrict2.csv,PM,Joyce McDonald,match,match,match,match,match,match,match,match,match,match,match,match,match,match,match,match
PierceCounty_11042008_CountyCouncilDistrict2.csv,AVG,Joyce McDonald,match,match,match,match,match,match,match,match,match,match,match,match,match,match,match,match
Portland_D1_2024.csv,OM,Candace Avalos,match,match,match,match,match,match,match,match,match,match,match,match,match,match,match,match
Portland_D1_2024.csv,PM,Candace Avalos,match,match,match,match,match,match,match,match,match,match,match,match,match,match,match,match
Portland_D1_2024.csv,AVG,Candace Avalos,match,match,match,match,match,match,match,match,match,match,match,match,match,match,match,match
Portland_D2_2024.csv,OM,Elana Pirtle-Guiney,no_winner,no_winner,no_winner,no_winner,no_winner,no_winner,no_winner,no_winner,no_winner,no_winner,no_winner,no_winner,no_winner,no_winner,no_winner,no_winner
PortlandOR_110524_Mayor.csv,OM,Keith Wilson,no_winner,no_winner,no_winner,no_winner,no_winner,no_winner,no_winner,no_winner,no_winner,no_winner,no_winner,no_winner,no_winner,no_winner,no_winner,no_winner
Portland_06142022_SchoolboardAL-1.csv,OM,"Lentz, Sarah M.",match,match,match,match,match,match,match,match,match,match,match,match,match,no_match,no_match,match
Portland_06142022_SchoolboardAL-1.csv,PM,"Lentz, Sarah M.",match,match,match,match,match,match,match,match,match,match,match,match,match,no_match,no_match,match
Portland_06142022_SchoolboardAL-1.csv,AVG,"Lentz, Sarah M.",match,match,match,match,match,match,match,match,match,match,match,match,match,no_match,no_match,match
Portland_06142022_Schoolboarddistrict5-1.csv,OM,"Brydon, Sarah M.",match,match,match,match,match,match,match,match,match,match,match,match,match,match,match,match
Portland_06142022_Schoolboarddistrict5-1.csv,PM,"Brydon, Sarah M.",match,match,match,match,match,match,match,match,match,match,match,match,match,match,match,match
Portland_06142022_Schoolboarddistrict5-1.csv,AVG,"Brydon, Sarah M.",match,match,match,match,match,match,match,match,match,match,match,match,match,match,match,match
Portland_06082021_charter_commission_at_large.csv,OM,"Chann, Marpheen S.",no_match,match,no_match,no_match,no_match,no_match,no_match,match,match,match,match,match,match,no_match,match,match
Portland_06082021_charter_commission_at_large.csv,PM,"Chann, Marpheen S.",no_match,match,no_match,no_match,no_match,no_match,no_match,match,match,match,match,match,match,no_match,match,match
Portland_06082021_charter_commission_at_large.csv,AVG,"Chann, Marpheen S.",no_match,match,no_match,no_match,no_match,no_match,no_match,match,match,match,match,match,match,no_match,match,match
Maine_07142020_DemocraticCandidateforMaineStateHouseDistrict90.csv,OM,"Crafts, Lydia V.",match,match,match,match,match,match,match,match,match,match,match,match,match,match,no_match,match
Maine_07142020_DemocraticCandidateforMaineStateHouseDistrict90.csv,PM,"Crafts, Lydia V.",match,match,match,match,match,match,match,match,match,match,match,match,match,match,no_match,match
Maine_07142020_DemocraticCandidateforMaineStateHouseDistrict90.csv,AVG,"Crafts, Lydia V.",match,match,match,match,match,match,match,match,match,match,match,match,match,match,no_match,match
Maine_07142020_DemocraticCandidateforMaineStateHouseDistrict47.csv,OM,"Bell, Arthur L.",match,match,match,match,match,match,match,match,match,match,match,match,match,match,match,match
Maine_07142020_DemocraticCandidateforMaineStateHouseDistrict47.csv,PM,"Bell, Arthur L.",match,match,match,match,match,match,match,match,match,match,match,match,match,match,match,match
Maine_07142020_DemocraticCandidateforMaineStateHouseDistrict47.csv,AVG,"Bell, Arthur L.",match,match,match,match,match,match,match,match,match,match,match,match,match,match,match,match
Maine_11082022_CongressionalDistrict2.csv,OM,"Golden, Jared Forrest",match,match,match,match,match,match,match,match,match,match,match,match,match,match,match,match
Maine_11082022_CongressionalDistrict2.csv,PM,"Golden, Jared Forrest",match,match,match,match,match,match,match,match,match,match,match,match,match,match,match,match
Maine_11082022_CongressionalDistrict2.csv,AVG,"Golden, Jared Forrest",match,match,match,match,match,match,match,match,match,match,match,match,match,match,match,match
Maine_11062018_CongressionalDistrict2.csv,OM,"DEM Golden, Jared F.",no_match,match,match,match,match,match,match,match,match,match,match,match,match,match,no_match,match
Maine_11062018_CongressionalDistrict2.csv,PM,"DEM Golden, Jared F.",no_match,match,match,match,match,match,match,match,match,match,match,match,match,match,no_match,match
Maine_11062018_CongressionalDistrict2.csv,AVG,"DEM Golden, Jared F.",no_match,match,match,match,match,match,match,match,match,match,match,match,match,match,no_match,match
Maine_06122018_DemocraticPrimaryforCD2.csv,OM,"Golden, Jared F.",match,match,match,match,match,match,match,match,match,match,match,match,match,match,match,match
Maine_06122018_DemocraticPrimaryforCD2.csv,PM,"Golden, Jared F.",match,match,match,match,match,match,match,match,match,match,match,match,match,match,match,match
Maine_06122018_DemocraticPrimaryforCD2.csv,AVG,"Golden, Jared F.",match,match,match,match,match,match,match,match,match,match,match,match,match,match,match,match
Maine_07142020_DemocraticCandidateforMaineStateHouseDistrict41.csv,OM,"Zager, Samuel Lewis",match,match,match,match,match,match,match,match,match,match,match,match,match,match,match,match
Maine_07142020_DemocraticCandidateforMaineStateHouseDistrict41.csv,PM,"Zager, Samuel Lewis",match,match,match,match,match,match,match,match,match,match,match,match,match,match,match,match
Maine_07142020_DemocraticCandidateforMaineStateHouseDistrict41.csv,AVG,"Zager, Samuel Lewis",match,match,match,match,match,match,match,match,match,match,match,match,match,match,match,match
Maine_07142020_RepublicanCandidateforUSHouseofRepresentativesDistrict2.csv,OM,"Crafts, Dale John",match,match,match,match,match,match,match,match,match,match,match,match,match,match,match,match
Maine_07142020_RepublicanCandidateforUSHouseofRepresentativesDistrict2.csv,PM,"Crafts, Dale John",match,match,match,match,match,match,match,match,match,match,match,match,match,match,match,match
Maine_07142020_RepublicanCandidateforUSHouseofRepresentativesDistrict2.csv,AVG,"Crafts, Dale John",match,match,match,match,match,match,match,match,match,match,match,match,match,match,match,match
Maine_07142020_DemocraticCandidateforMaineStateSenateDistrict11.csv,OM,"Curry, Glenn Chip",match,match,match,match,match,match,match,match,match,match,match,match,match,match,match,match
Maine_07142020_DemocraticCandidateforMaineStateSenateDistrict11.csv,PM,"Curry, Glenn Chip",match,match,match,match,match,match,match,match,match,match,match,match,match,match,match,match
Maine_07142020_DemocraticCandidateforMaineStateSenateDistrict11.csv,AVG,"Curry, Glenn Chip",match,match,match,match,match,match,match,match,match,match,match,match,match,match,match,match
Maine_06122018_DemocraticPrimaryforGovernor.csv,OM,"Mills, Janet T.",match,match,match,match,match,match,match,match,match,match,match,match,match,match,match,match
Maine_06122018_DemocraticPrimaryforGovernor.csv,PM,"Mills, Janet T.",match,match,match,match,match,match,match,match,match,match,match,match,match,match,match,match
Maine_06122018_DemocraticPrimaryforGovernor.csv,AVG,"Mills, Janet T.",match,match,match,match,match,match,match,match,match,match,match,match,match,match,match,match
Maine_07142020_DemocraticCandidateforMaineStateHouseDistrict49.csv,OM,"Arford, Poppy",match,match,match,match,match,match,match,match,match,match,match,match,match,match,match,match
Maine_07142020_DemocraticCandidateforMaineStateHouseDistrict49.csv,PM,"Arford, Poppy",match,match,match,match,match,match,match,match,match,match,match,match,match,match,match,match
Maine_07142020_DemocraticCandidateforMaineStateHouseDistrict49.csv,AVG,"Arford, Poppy",match,match,match,match,match,match,match,match,match,match,match,match,match,match,match,match
TakomaPark_11082022_Mayor.csv,OM,Talisha Searcy,match,match,match,match,match,match,match,match,match,match,match,match,match,match,match,match
TakomaPark_11082022_Mayor.csv,PM,Talisha Searcy,match,match,match,match,match,match,match,match,match,match,match,match,match,match,match,match
TakomaPark_11082022_Mayor.csv,AVG,Talisha Searcy,match,match,match,match,match,match,match,match,match,match,match,match,match,match,match,match
TakomaPark_11082022_CityCouncilWard4.csv,OM,Terry Seamens,match,match,match,match,match,match,match,match,match,match,match,match,match,match,match,match
TakomaPark_11082022_CityCouncilWard4.csv,PM,Terry Seamens,match,match,match,match,match,match,match,match,match,match,match,match,match,match,match,match
TakomaPark_11082022_CityCouncilWard4.csv,AVG,Terry Seamens,match,match,match,match,match,match,match,match,match,match,match,match,match,match,match,match
TakomaPark_11082022_CityCouncilWard5.csv,OM,Cara Honzak,match,match,match,match,match,match,match,match,match,match,match,match,match,match,match,match
TakomaPark_11082022_CityCouncilWard5.csv,PM,Cara Honzak,match,match,match,match,match,match,match,match,match,match,match,match,match,match,match,match
TakomaPark_11082022_CityCouncilWard5.csv,AVG,Cara Honzak,match,match,match,match,match,match,match,match,match,match,match,match,match,match,match,match
TakomaPark_11082022_CityCouncilWard6.csv,OM,Jason Small,match,match,match,match,match,match,match,match,match,match,match,match,match,match,match,match
TakomaPark_11082022_CityCouncilWard6.csv,PM,Jason Small,match,match,match,match,match,match,match,match,match,match,match,match,match,match,match,match
TakomaPark_11082022_CityCouncilWard6.csv,AVG,Jason Small,match,match,match,match,match,match,match,match,match,match,match,match,match,match,match,match
TakomaPark_11082022_CityCouncilWard2.csv,OM,Cindy Dyballa,match,match,match,match,match,match,match,match,match,match,match,match,match,match,match,match
TakomaPark_11082022_CityCouncilWard2.csv,PM,Cindy Dyballa,match,match,match,match,match,match,match,match,match,match,match,match,match,match,match,match
TakomaPark_11082022_CityCouncilWard2.csv,AVG,Cindy Dyballa,match,match,match,match,match,match,match,match,match,match,match,match,match,match,match,match
TakomaPark_11082022_CityCouncilWard3.csv,OM,Randy Gibson,match,match,match,match,match,match,match,match,match,match,match,match,match,match,match,match
TakomaPark_11082022_CityCouncilWard3.csv,PM,Randy Gibson,match,match,match,match,match,match,match,match,match,match,match,match,match,match,match,match
TakomaPark_11082022_CityCouncilWard3.csv,AVG,Randy Gibson,match,match,match,match,match,match,match,match,match,match,match,match,match,match,match,match
TakomaPark_11082022_CityCouncilWard1.csv,OM,Shana Fulcher,match,match,match,match,match,match,match,match,match,match,match,match,match,match,match,match
TakomaPark_11082022_CityCouncilWard1.csv,PM,Shana Fulcher,match,match,match,match,match,match,match,match,match,match,match,match,match,match,match,match
TakomaPark_11082022_CityCouncilWard1.csv,AVG,Shana Fulcher,match,match,match,match,match,match,match,match,match,match,match,match,match,match,match,match
Bloomington_11072023_SpecialCityCouncilAtLarge.csv,OM,Chao Moua,match,match,match,match,match,match,match,match,match,match,match,match,match,match,match,match
Bloomington_11072023_SpecialCityCouncilAtLarge.csv,PM,Chao Moua,match,match,match,match,match,match,match,match,match,match,match,match,match,match,match,match
Bloomington_11072023_SpecialCityCouncilAtLarge.csv,AVG,Chao Moua,match,match,match,match,match,match,match,match,match,match,match,match,match,match,match,match
Bloomington_11072023_CityCouncilDistrict4.csv,OM,Victor Rivas,match,match,match,match,match,match,match,match,match,match,match,match,match,match,match,match
Bloomington_11072023_CityCouncilDistrict4.csv,PM,Victor Rivas,match,match,match,match,match,match,match,match,match,match,match,match,match,match,match,match
Bloomington_11072023_CityCouncilDistrict4.csv,AVG,Victor Rivas,match,match,match,match,match,match,match,match,match,match,match,match,match,match,match,match
Springville_11022021_Mayor.csv,OM,MATT PACKARD,match,match,match,match,match,match,match,match,match,match,match,match,match,match,match,match
Springville_11022021_Mayor.csv,PM,MATT PACKARD,match,match,match,match,match,match,match,match,match,match,match,match,match,match,match,match
Springville_11022021_Mayor.csv,AVG,MATT PACKARD,match,match,match,match,match,match,match,match,match,match,match,match,match,match,match,match
WoodlandHills_11022021_CityCouncil.csv,OM,JANET LUNT,match,match,match,match,match,match,match,match,match,match,match,match,match,match,match,match
WoodlandHills_11022021_CityCouncil.csv,PM,JANET LUNT,match,match,match,match,match,match,match,match,match,match,match,match,match,match,match,match
WoodlandHills_11022021_CityCouncil.csv,AVG,JANET LUNT,match,match,match,match,match,match,match,match,match,match,match,match,match,match,match,match
Springville_11022021_CityCouncil4yr.csv,OM,MICHAEL SNELSON,match,match,match,match,match,match,match,match,match,match,match,match,match,match,match,match
Springville_11022021_CityCouncil4yr.csv,PM,MICHAEL SNELSON,match,match,match,match,match,match,match,match,match,match,match,match,match,match,match,match
Springville_11022021_CityCouncil4yr.csv,AVG,MICHAEL SNELSON,match,match,match,match,match,match,match,match,match,match,match,match,match,match,match,match
WoodlandHills_11022021_Mayor.csv,OM,BRENT WINDER,match,match,match,match,match,match,match,match,match,match,match,match,match,match,match,match
WoodlandHills_11022021_Mayor.csv,PM,BRENT WINDER,match,match,match,match,match,match,match,match,match,match,match,match,match,match,match,match
WoodlandHills_11022021_Mayor.csv,AVG,BRENT WINDER,match,match,match,match,match,match,match,match,match,match,match,match,match,match,match,match
Vineyard_11022021_CityCouncil.csv,OM,MARDI SIFUENTES,match,match,match,match,match,match,match,match,match,match,match,match,match,match,match,match
Vineyard_11022021_CityCouncil.csv,PM,MARDI SIFUENTES,match,match,match,match,match,match,match,match,match,match,match,match,match,match,match,match
Vineyard_11022021_CityCouncil.csv,AVG,MARDI SIFUENTES,match,match,match,match,match,match,match,match,match,match,match,match,match,match,match,match
Genola_11022021_CityCouncil.csv,OM,HALE ROBISON,match,match,match,match,match,match,match,match,match,match,match,match,match,match,match,match
Genola_11022021_CityCouncil.csv,PM,HALE ROBISON,match,match,match,match,match,match,match,match,match,match,match,match,match,match,match,match
Genola_11022021_CityCouncil.csv,AVG,HALE ROBISON,match,match,match,match,match,match,match,match,match,match,match,match,match,match,match,match
Vineyard_11052019_CityCouncil.csv,OM,CRISTY WELSH,match,match,match,match,match,match,match,match,match,match,match,match,match,match,match,match
Vineyard_11052019_CityCouncil.csv,PM,CRISTY WELSH,match,match,match,match,match,match,match,match,match,match,match,match,match,match,match,match
Vineyard_11052019_CityCouncil.csv,AVG,CRISTY WELSH,match,match,match,match,match,match,match,match,match,match,match,match,match,match,match,match
Moab_11022021_CityCouncil.csv,OM,LUKE WOJCIECHOWSKI,no_match,no_match,no_match,no_match,match,match,no_match,match,match,match,match,match,match,match,no_match,match
Moab_11022021_CityCouncil.csv,PM,LUKE WOJCIECHOWSKI,no_match,no_match,no_match,no_match,match,match,no_match,match,match,match,match,match,match,match,no_match,match
Moab_11022021_CityCouncil.csv,AVG,LUKE WOJCIECHOWSKI,no_match,no_match,no_match,no_match,match,match,no_match,match,match,match,match,match,match,match,no_match,match
Payson_11052019_CityCouncil.csv,OM,DOUG WELTON,match,match,match,match,match,match,match,match,match,match,match,match,match,match,match,match
Payson_11052019_CityCouncil.csv,PM,DOUG WELTON,match,match,match,match,match,match,match,match,match,match,match,match,match,match,match,match
Payson_11052019_CityCouncil.csv,AVG,DOUG WELTON,match,match,match,match,match,match,match,match,match,match,match,match,match,match,match,match
ElkRidge_11022021_Mayor.csv,OM,ROBERT HADDOCK,match,match,match,match,match,match,match,match,match,match,match,match,match,match,match,match
ElkRidge_11022021_Mayor.csv,PM,ROBERT HADDOCK,match,match,match,match,match,match,match,match,match,match,match,match,match,match,match,match
ElkRidge_11022021_Mayor.csv,AVG,ROBERT HADDOCK,match,match,match,match,match,match,match,match,match,match,match,match,match,match,match,match
Lehi_11022021_CityCouncil.csv,OM,CHRIS CONDIE,match,match,match,match,match,match,match,match,match,match,match,match,match,match,match,match
Lehi_11022021_CityCouncil.csv,PM,CHRIS CONDIE,match,match,match,match,match,match,match,match,match,match,match,match,match,match,match,match
Lehi_11022021_CityCouncil.csv,AVG,CHRIS CONDIE,match,match,match,match,match,match,match,match,match,match,match,match,match,match,match,match
Vineyard_11022021_Mayor.csv,OM,JULIE FULLMER,match,match,match,match,match,match,match,match,match,match,match,match,match,match,match,match
Vineyard_11022021_Mayor.csv,PM,JULIE FULLMER,match,match,match,match,match,match,match,match,match,match,match,match,match,match,match,match
Vineyard_11022021_Mayor.csv,AVG,JULIE FULLMER,match,match,match,match,match,match,match,match,match,match,match,match,match,match,match,match
Minnetonka_11022021_CityCouncilAtLargeSeatA.csv,OM,Deb Calvert,match,match,match,match,match,match,match,match,match,match,match,match,match,match,match,match
Minnetonka_11022021_CityCouncilAtLargeSeatA.csv,PM,Deb Calvert,match,match,match,match,match,match,match,match,match,match,match,match,match,match,match,match
Minnetonka_11022021_CityCouncilAtLargeSeatA.csv,AVG,Deb Calvert,match,match,match,match,match,match,match,match,match,match,match,match,match,match,match,match
Minnetonka_11022021_CityCouncilAtLargeSeatB.csv,OM,Kimberly Wilburn,match,match,match,match,match,match,match,match,match,match,match,match,match,match,match,match
Minnetonka_11022021_CityCouncilAtLargeSeatB.csv,PM,Kimberly Wilburn,match,match,match,match,match,match,match,match,match,match,match,match,match,match,match,match
Minnetonka_11022021_CityCouncilAtLargeSeatB.csv,AVG,Kimberly Wilburn,match,match,match,match,match,match,match,match,match,match,match,match,match,match,match,match
Minnetonka_11072023_CityCouncilWard4.csv,OM,Kissy C. Coakley,match,match,match,match,match,match,match,match,match,match,match,match,match,no_match,no_match,match
Minnetonka_11072023_CityCouncilWard4.csv,PM,Kissy C. Coakley,match,match,match,match,match,match,match,match,match,match,match,match,match,no_match,no_match,match
Minnetonka_11072023_CityCouncilWard4.csv,AVG,Kissy C. Coakley,match,match,match,match,match,match,match,match,match,match,match,match,match,no_match,no_match,match
Minnetonka_11072023_CityCouncilWard1.csv,OM,Patsy Foster-Bolton,match,match,match,match,match,match,match,match,match,match,match,match,match,match,match,match
Minnetonka_11072023_CityCouncilWard1.csv,PM,Patsy Foster-Bolton,match,match,match,match,match,match,match,match,match,match,match,match,match,match,match,match
Minnetonka_11072023_CityCouncilWard1.csv,AVG,Patsy Foster-Bolton,match,match,match,match,match,match,match,match,match,match,match,match,match,match,match,match
Minnetonka_11072023_CityCouncilWard3.csv,OM,Paula Ramaley,match,match,match,no_match,no_match,no_match,no_match,match,match,match,match,match,match,no_match,no_match,match
Minnetonka_11072023_CityCouncilWard3.csv,PM,Paula Ramaley,match,match,match,no_match,no_match,no_match,no_match,match,match,match,match,match,match,no_match,no_match,match
Minnetonka_11072023_CityCouncilWard3.csv,AVG,Paula Ramaley,match,match,match,no_match,no_match,no_match,no_match,match,match,match,match,match,match,no_match,no_match,match
Minnetonka_11022021_Mayor.csv,OM,Brad Wiersum,match,match,match,match,match,match,match,match,match,match,match,match,match,match,match,match
Minnetonka_11022021_Mayor.csv,PM,Brad Wiersum,match,match,match,match,match,match,match,match,match,match,match,match,match,match,match,match
Minnetonka_11022021_Mayor.csv,AVG,Brad Wiersum,match,match,match,match,match,match,match,match,match,match,match,match,match,match,match,match
Burlington_03072023_CityCouncilEastDistrict.csv,OM,"TIMOTHY C. DOHERTY,JR",match,match,match,match,match,match,match,match,match,match,match,match,match,match,match,match
Burlington_03072023_CityCouncilEastDistrict.csv,PM,"TIMOTHY C. DOHERTY,JR",match,match,match,match,match,match,match,match,match,match,match,match,match,match,match,match
Burlington_03072023_CityCouncilEastDistrict.csv,AVG,"TIMOTHY C. DOHERTY,JR",match,match,match,match,match,match,match,match,match,match,match,match,match,match,match,match
Burlington_03052024_Mayor.csv,OM,EMMA MULVANEY-STANAK,match,match,match,match,match,match,match,match,match,match,match,match,match,match,match,match
Burlington_03052024_Mayor.csv,PM,EMMA MULVANEY-STANAK,match,match,match,match,match,match,match,match,match,match,match,match,match,match,match,match
Burlington_03052024_Mayor.csv,AVG,EMMA MULVANEY-STANAK,match,match,match,match,match,match,match,match,match,match,match,match,match,match,match,match
Burlington_03072006_Mayor.csv,OM,Bob Kiss,match,match,match,match,match,match,match,match,match,match,match,match,match,match,match,match
Burlington_03072006_Mayor.csv,PM,Bob Kiss,match,match,match,match,match,match,match,match,match,match,match,match,match,match,match,match
Burlington_03072006_Mayor.csv,AVG,Bob Kiss,match,match,match,match,match,match,match,match,match,match,match,match,match,match,match,match
Burlington_03072023_CityCouncilSouthDistrict.csv,OM,JOAN SHANNON,match,match,match,match,match,match,match,match,match,match,match,match,match,match,match,match
Burlington_03072023_CityCouncilSouthDistrict.csv,PM,JOAN SHANNON,match,match,match,match,match,match,match,match,match,match,match,match,match,match,match,match
Burlington_03072023_CityCouncilSouthDistrict.csv,AVG,JOAN SHANNON,match,match,match,match,match,match,match,match,match,match,match,match,match,match,match,match
Burlington_03072023_CityCouncilCentralDistrict.csv,OM,MELO GRANT,match,match,match,match,match,match,match,match,match,match,match,match,match,match,match,match
Burlington_03072023_CityCouncilCentralDistrict.csv,PM,MELO GRANT,match,match,match,match,match,match,match,match,match,match,match,match,match,match,match,match
Burlington_03072023_CityCouncilCentralDistrict.csv,AVG,MELO GRANT,match,match,match,match,match,match,match,match,match,match,match,match,match,match,match,match
Burlington_03072023_CityCouncilNorthDistrict.csv,OM,MARK BARLOW,match,match,match,match,match,match,match,match,match,match,match,match,match,match,match,match
Burlington_03072023_CityCouncilNorthDistrict.csv,PM,MARK BARLOW,match,match,match,match,match,match,match,match,match,match,match,match,match,match,match,match
Burlington_03072023_CityCouncilNorthDistrict.csv,AVG,MARK BARLOW,match,match,match,match,match,match,match,match,match,match,match,match,match,match,match,match
Burlington_03032009_Mayor.csv,OM,Andy Montroll,no_match,no_match,no_match,match,match,match,match,match,match,match,match,match,match,match,match,match
Burlington_03032009_Mayor.csv,PM,Andy Montroll,no_match,no_match,no_match,match,match,match,match,match,match,match,match,match,match,match,match,match
Burlington_03032009_Mayor.csv,AVG,Andy Montroll,no_match,no_match,no_match,match,match,match,match,match,match,match,match,match,match,match,match,match
APA 2002.csv,OM,Cand 4,match,match,match,match,match,match,match,match,match,match,match,match,match,match,match,match
APA 2002.csv,PM,Cand 4,match,match,match,match,match,match,match,match,match,match,match,match,match,match,match,match
APA 2002.csv,AVG,Cand 4,match,match,match,match,match,match,match,match,match,match,match,match,match,match,match,match
APA 2003.csv,OM,Cand 3,match,match,match,match,match,match,match,match,match,match,match,match,match,match,match,match
APA 2003.csv,PM,Cand 3,match,match,match,match,match,match,match,match,match,match,match,match,match,match,match,match
APA 2003.csv,AVG,Cand 3,match,match,match,match,match,match,match,match,match,match,match,match,match,match,match,match
APA 2001.csv,OM,Cand 4,match,match,match,match,match,match,match,match,match,match,match,match,match,match,match,match
APA 2001.csv,PM,Cand 4,match,match,match,match,match,match,match,match,match,match,match,match,match,match,match,match
APA 2001.csv,AVG,Cand 4,match,match,match,match,match,match,match,match,match,match,match,match,match,match,match,match
APA 2000.csv,OM,Cand 4,match,match,match,match,match,match,match,match,match,match,match,match,match,match,match,match
APA 2000.csv,PM,Cand 4,match,match,match,match,match,match,match,match,match,match,match,match,match,match,match,match
APA 2000.csv,AVG,Cand 4,match,match,match,match,match,match,match,match,match,match,match,match,match,match,match,match
APA 2004.csv,OM,Cand 3,match,match,match,match,match,match,match,match,match,match,match,match,match,match,match,match
APA 2004.csv,PM,Cand 3,match,match,match,match,match,match,match,match,match,match,match,match,match,match,match,match
APA 2004.csv,AVG,Cand 3,match,match,match,match,match,match,match,match,match,match,match,match,match,match,match,match
APA 2018 President.csv,OM,Sandra L. Shullman PhD,match,match,match,match,match,match,match,match,match,match,match,match,match,match,match,match
APA 2018 President.csv,PM,Sandra L. Shullman PhD,match,match,match,match,match,match,match,match,match,match,match,match,match,match,match,match
APA 2018 President.csv,AVG,Sandra L. Shullman PhD,match,match,match,match,match,match,match,match,match,match,match,match,match,match,match,match
APA 2005.csv,OM,Cand 1,no_match,match,match,match,match,match,match,match,match,match,match,match,match,match,match,match
APA 2005.csv,PM,Cand 1,no_match,match,match,match,match,match,match,match,match,match,match,match,match,match,match,match
APA 2005.csv,AVG,Cand 1,no_match,match,match,match,match,match,match,match,match,match,match,match,match,match,match,match
APA 2021 President.csv,OM,Thema S. Bryant-Davis PhD,match,match,match,match,match,match,match,match,match,match,match,match,match,match,match,match
APA 2021 President.csv,PM,Thema S. Bryant-Davis PhD,match,match,match,match,match,match,match,match,match,match,match,match,match,match,match,match
APA 2021 President.csv,AVG,Thema S. Bryant-Davis PhD,match,match,match,match,match,match,match,match,match,match,match,match,match,match,match,match
APA 2007.csv,OM,Cand 1,match,match,match,match,match,match,match,match,match,match,match,match,match,no_match,no_match,match
APA 2007.csv,PM,Cand 1,match,match,match,match,match,match,match,match,match,match,match,match,match,no_match,no_match,match
APA 2007.csv,AVG,Cand 1,match,match,match,match,match,match,match,match,match,match,match,match,match,no_match,no_match,match
APA 2006.csv,OM,Cand 2,match,match,match,match,match,match,match,match,match,match,match,match,match,match,match,match
APA 2006.csv,PM,Cand 2,match,match,match,match,match,match,match,match,match,match,match,match,match,match,match,match
APA 2006.csv,AVG,Cand 2,match,match,match,match,match,match,match,match,match,match,match,match,match,match,match,match
APA 1999.csv,OM,Cand 3,match,match,match,match,match,match,match,match,match,match,match,match,match,match,match,match
APA 1999.csv,PM,Cand 3,match,match,match,match,match,match,match,match,match,match,match,match,match,match,match,match
APA 1999.csv,AVG,Cand 3,match,match,match,match,match,match,match,match,match,match,match,match,match,match,match,match
APA 1998.csv,OM,Cand 2,match,match,match,match,match,match,match,match,match,match,match,match,match,match,match,match
APA 1998.csv,PM,Cand 2,match,match,match,match,match,match,match,match,match,match,match,match,match,match,match,match
APA 1998.csv,AVG,Cand 2,match,match,match,match,match,match,match,match,match,match,match,match,match,match,match,match
APA 2021 BOD race1.csv,OM,Debra M. Kawahara PhD,match,match,match,match,match,match,match,match,match,match,match,match,match,match,match,match
APA 2021 BOD race1.csv,PM,Debra M. Kawahara PhD,match,match,match,match,match,match,match,match,match,match,match,match,match,match,match,match
APA 2021 BOD race1.csv,AVG,Debra M. Kawahara PhD,match,match,match,match,match,match,match,match,match,match,match,match,match,match,match,match
APA 2018 BOD race1.csv,OM,Pamela E. Scott-Johnson PhD,match,match,match,match,match,match,match,match,match,match,match,match,match,match,match,match
APA 2018 BOD race1.csv,PM,Pamela E. Scott-Johnson PhD,match,match,match,match,match,match,match,match,match,match,match,match,match,match,match,match
APA 2018 BOD race1.csv,AVG,Pamela E. Scott-Johnson PhD,match,match,match,match,match,match,match,match,match,match,match,match,match,match,match,match
APA 2021 BOD race2.csv,OM,Tamara S. Lyn PhD,match,match,match,match,match,match,match,match,match,match,match,match,match,match,match,match
APA 2021 BOD race2.csv,PM,Tamara S. Lyn PhD,match,match,match,match,match,match,match,match,match,match,match,match,match,match,match,match
APA 2021 BOD race2.csv,AVG,Tamara S. Lyn PhD,match,match,match,match,match,match,match,match,match,match,match,match,match,match,match,match
APA 2018 BOD race2.csv,OM,Shannon L. Wiltsey Stirman PhD,match,match,match,match,no_match,match,match,match,match,match,match,match,match,no_match,match,match
APA 2018 BOD race2.csv,PM,Shannon L. Wiltsey Stirman PhD,match,match,match,match,no_match,match,match,match,match,match,match,match,match,no_match,match,match
APA 2018 BOD race2.csv,AVG,Shannon L. Wiltsey Stirman PhD,match,match,match,match,no_match,match,match,match,match,match,match,match,match,no_match,match,match
APA 2019 BOD race1.csv,OM,Anthony L. Chambers PhD ABPP,match,match,match,match,match,match,match,match,match,match,match,match,match,match,match,match
APA 2019 BOD race1.csv,PM,Anthony L. Chambers PhD ABPP,match,match,match,match,match,match,match,match,match,match,match,match,match,match,match,match
APA 2019 BOD race1.csv,AVG,Anthony L. Chambers PhD ABPP,match,match,match,match,match,match,match,match,match,match,match,match,match,match,match,match
APA 2020 BOD race1.csv,OM,Candice Hargons PhD,match,match,match,match,match,match,match,match,match,match,match,match,match,match,match,match
APA 2020 BOD race1.csv,PM,Candice Hargons PhD,match,match,match,match,match,match,match,match,match,match,match,match,match,match,match,match
APA 2020 BOD race1.csv,AVG,Candice Hargons PhD,match,match,match,match,match,match,match,match,match,match,match,match,match,match,match,match
APA 2019 BOD race2.csv,OM,Susan D. Clayton PhD,match,match,match,match,match,match,match,match,match,match,match,match,match,match,match,match
APA 2019 BOD race2.csv,PM,Susan D. Clayton PhD,match,match,match,match,match,match,match,match,match,match,match,match,match,match,match,match
APA 2019 BOD race2.csv,AVG,Susan D. Clayton PhD,match,match,match,match,match,match,match,match,match,match,match,match,match,match,match,match
APA 2020 BOD race2.csv,OM,M. Lynne Cooper PhD,no_match,match,match,match,match,match,match,match,match,match,match,match,match,match,no_match,match
APA 2020 BOD race2.csv,PM,M. Lynne Cooper PhD,no_match,match,match,match,match,match,match,match,match,match,match,match,match,match,no_match,match
APA 2020 BOD race2.csv,AVG,M. Lynne Cooper PhD,no_match,match,match,match,match,match,match,match,match,match,match,match,match,match,no_match,match
APA 2017 President.csv,OM,Rosie Phillips Bingham PhD,match,match,match,match,match,match,match,match,match,match,match,match,match,match,match,match
APA 2017 President.csv,PM,Rosie Phillips Bingham PhD,match,match,match,match,match,match,match,match,match,match,match,match,match,match,match,match
APA 2017 President.csv,AVG,Rosie Phillips Bingham PhD,match,match,match,match,match,match,match,match,match,match,match,match,match,match,match,match
APA 2020 President.csv,OM,Frank C. Worrell PhD,match,match,match,match,match,match,match,match,match,match,match,match,match,match,match,match
APA 2020 President.csv,PM,Frank C. Worrell PhD,match,match,match,match,match,match,match,match,match,match,match,match,match,match,match,match
APA 2020 President.csv,AVG,Frank C. Worrell PhD,match,match,match,match,match,match,match,match,match,match,match,match,match,match,match,match
APA 2019 President.csv,OM,Jennifer F. Kelly PhD ABPP,match,match,match,match,match,match,match,match,match,match,match,match,match,match,match,match
APA 2019 President.csv,PM,Jennifer F. Kelly PhD ABPP,match,match,match,match,match,match,match,match,match,match,match,match,match,match,match,match
APA 2019 President.csv,AVG,Jennifer F. Kelly PhD ABPP,match,match,match,match,match,match,match,match,match,match,match,match,match,match,match,match
APA 2008.csv,OM,Cand 1,match,match,match,match,match,match,match,match,match,match,match,match,match,match,no_match,match
APA 2008.csv,PM,Cand 1,match,match,match,match,match,match,match,match,match,match,match,match,match,match,no_match,match
APA 2008.csv,AVG,Cand 1,match,match,match,match,match,match,match,match,match,match,match,match,match,match,no_match,match
APA 2009.csv,OM,Cand 4,match,match,match,match,no_match,no_match,match,match,match,match,match,match,match,no_match,match,match
APA 2009.csv,PM,Cand 4,match,match,match,match,no_match,no_match,match,match,match,match,match,match,match,no_match,match,match
APA 2009.csv,AVG,Cand 4,match,match,match,match,no_match,no_match,match,match,match,match,match,match,match,no_match,match,match
APA 2017 BOD race2.csv,OM,Mitchell J. Prinstein PhD,match,match,match,match,match,match,match,match,match,match,match,match,match,match,match,match
APA 2017 BOD race2.csv,PM,Mitchell J. Prinstein PhD,match,match,match,match,match,match,match,match,match,match,match,match,match,match,match,match
APA 2017 BOD race2.csv,AVG,Mitchell J. Prinstein PhD,match,match,match,match,match,match,match,match,match,match,match,match,match,match,match,match
APA 2017 BOD race1.csv,OM,Le Ondra Clark Harvey PhD,match,match,match,match,match,match,match,match,match,match,match,match,match,match,match,match
APA 2017 BOD race1.csv,PM,Le Ondra Clark Harvey PhD,match,match,match,match,match,match,match,match,match,match,match,match,match,match,match,match
APA 2017 BOD race1.csv,AVG,Le Ondra Clark Harvey PhD,match,match,match,match,match,match,match,match,match,match,match,match,match,match,match,match
Easthampton_11022021_Mayor.csv,OM,TIED,no_match,no_match,no_match,no_match,no_match,no_match,no_match,no_match,no_match,no_match,no_match,no_match,no_match,no_match,no_match,no_match
Easthampton_11022021_Mayor.csv,PM,TIED,no_match,no_match,no_match,no_match,no_match,no_match,no_match,no_match,no_match,no_match,no_match,no_match,no_match,no_match,no_match,no_match
Easthampton_11022021_Mayor.csv,AVG,TIED,no_match,no_match,no_match,no_match,no_match,no_match,no_match,no_match,no_match,no_match,no_match,no_match,no_match,no_match,no_match,no_match
Oakland_11042014_SchoolDirectorDistrict2.csv,OM,AIMEE ENG,match,match,match,match,match,match,match,match,match,match,match,match,match,match,match,match
Oakland_11042014_SchoolDirectorDistrict2.csv,PM,AIMEE ENG,match,match,match,match,match,match,match,match,match,match,match,match,match,match,match,match
Oakland_11042014_SchoolDirectorDistrict2.csv,AVG,AIMEE ENG,match,match,match,match,match,match,match,match,match,match,match,match,match,match,match,match
Berkeley_11032020_MemberCityCouncilDist2BerkeleyRCV.csv,OM,TERRY TAPLIN,match,match,match,match,match,match,match,match,match,match,match,match,match,match,match,match
Berkeley_11032020_MemberCityCouncilDist2BerkeleyRCV.csv,PM,TERRY TAPLIN,match,match,match,match,match,match,match,match,match,match,match,match,match,match,match,match
Berkeley_11032020_MemberCityCouncilDist2BerkeleyRCV.csv,AVG,TERRY TAPLIN,match,match,match,match,match,match,match,match,match,match,match,match,match,match,match,match
Berkeley_11042014_CityAuditor.csv,OM,ANN-MARIE HOGAN,match,match,match,match,match,match,match,match,match,match,match,match,match,match,match,match
Berkeley_11042014_CityAuditor.csv,PM,ANN-MARIE HOGAN,match,match,match,match,match,match,match,match,match,match,match,match,match,match,match,match
Berkeley_11042014_CityAuditor.csv,AVG,ANN-MARIE HOGAN,match,match,match,match,match,match,match,match,match,match,match,match,match,match,match,match
Berkeley_11042014_CityCouncilDistrict8.csv,OM,LORI DROSTE,match,match,match,match,match,match,match,match,match,match,match,match,match,match,match,match
Berkeley_11042014_CityCouncilDistrict8.csv,PM,LORI DROSTE,match,match,match,match,match,match,match,match,match,match,match,match,match,match,match,match
Berkeley_11042014_CityCouncilDistrict8.csv,AVG,LORI DROSTE,match,match,match,match,match,match,match,match,match,match,match,match,match,match,match,match
Oakland_11082016_CouncilAtLrg.csv,OM,REBECCA KAPLAN,match,match,match,match,match,match,match,match,match,match,match,match,match,match,match,match
Oakland_11082016_CouncilAtLrg.csv,PM,REBECCA KAPLAN,match,match,match,match,match,match,match,match,match,match,match,match,match,match,match,match
Oakland_11082016_CouncilAtLrg.csv,AVG,REBECCA KAPLAN,match,match,match,match,match,match,match,match,match,match,match,match,match,match,match,match
Berkeley_11062018_CityCouncilDistrict1.csv,OM,RASHI KESARWANI,match,match,match,match,match,match,match,match,match,match,match,match,match,match,no_match,match
Berkeley_11062018_CityCouncilDistrict1.csv,PM,RASHI KESARWANI,match,match,match,match,match,match,match,match,match,match,match,match,match,match,no_match,match
Berkeley_11062018_CityCouncilDistrict1.csv,AVG,RASHI KESARWANI,match,match,match,match,match,match,match,match,match,match,match,match,match,match,no_match,match
Oakland_11062012_CityAttorney.csv,OM,BARBARA PARKER,match,match,match,match,match,match,match,match,match,match,match,match,match,match,match,match
Oakland_11062012_CityAttorney.csv,PM,BARBARA PARKER,match,match,match,match,match,match,match,match,match,match,match,match,match,match,match,match
Oakland_11062012_CityAttorney.csv,AVG,BARBARA PARKER,match,match,match,match,match,match,match,match,match,match,match,match,match,match,match,match
Berkeley_11082016_Mayor.csv,OM,JESSE ARREGUÍN,match,match,match,match,match,match,match,match,match,match,match,match,match,match,match,match
Berkeley_11082016_Mayor.csv,PM,JESSE ARREGUÍN,match,match,match,match,match,match,match,match,match,match,match,match,match,match,match,match
Berkeley_11082016_Mayor.csv,AVG,JESSE ARREGUÍN,match,match,match,match,match,match,match,match,match,match,match,match,match,match,match,match
SanLeandro_11062018_Mayor.csv,OM,PAULINE RUSSO CUTTER,match,match,match,match,match,match,match,match,match,match,match,match,match,match,match,match
SanLeandro_11062018_Mayor.csv,PM,PAULINE RUSSO CUTTER,match,match,match,match,match,match,match,match,match,match,match,match,match,match,match,match
SanLeandro_11062018_Mayor.csv,AVG,PAULINE RUSSO CUTTER,match,match,match,match,match,match,match,match,match,match,match,match,match,match,match,match
Oakland_11022010_SchoolDirectorDistrict6.csv,OM,CHRISTOPHER DOBBINS,match,match,match,match,match,match,match,match,match,match,match,match,match,match,match,match
Oakland_11022010_SchoolDirectorDistrict6.csv,PM,CHRISTOPHER DOBBINS,match,match,match,match,match,match,match,match,match,match,match,match,match,match,match,match
Oakland_11022010_SchoolDirectorDistrict6.csv,AVG,CHRISTOPHER DOBBINS,match,match,match,match,match,match,match,match,match,match,match,match,match,match,match,match
Oakland_11022010_SchoolDirectorDistrict4.csv,OM,GARY D. YEE,match,match,match,match,match,match,match,match,match,match,match,match,match,match,match,match
Oakland_11022010_SchoolDirectorDistrict4.csv,PM,GARY D. YEE,match,match,match,match,match,match,match,match,match,match,match,match,match,match,match,match
Oakland_11022010_SchoolDirectorDistrict4.csv,AVG,GARY D. YEE,match,match,match,match,match,match,match,match,match,match,match,match,match,match,match,match
Berkeley_11032020_MemberCityCouncilDist5BerkeleyRCV.csv,OM,SOPHIE HAHN,match,match,match,match,match,match,match,match,match,match,match,match,match,match,match,match
Berkeley_11032020_MemberCityCouncilDist5BerkeleyRCV.csv,PM,SOPHIE HAHN,match,match,match,match,match,match,match,match,match,match,match,match,match,match,match,match
Berkeley_11032020_MemberCityCouncilDist5BerkeleyRCV.csv,AVG,SOPHIE HAHN,match,match,match,match,match,match,match,match,match,match,match,match,match,match,match,match
Oakland_11042014_SchoolDirectorDistrict4.csv,OM,NINA SENN,match,match,match,match,match,match,match,match,match,match,match,match,match,match,match,match
Oakland_11042014_SchoolDirectorDistrict4.csv,PM,NINA SENN,match,match,match,match,match,match,match,match,match,match,match,match,match,match,match,match
Oakland_11042014_SchoolDirectorDistrict4.csv,AVG,NINA SENN,match,match,match,match,match,match,match,match,match,match,match,match,match,match,match,match
Oakland_11082022_CityAuditor.csv,OM,COURTNEY RUBY,match,match,match,match,match,match,match,match,match,match,match,match,match,match,match,match
Oakland_11082022_CityAuditor.csv,PM,COURTNEY RUBY,match,match,match,match,match,match,match,match,match,match,match,match,match,match,match,match
Oakland_11082022_CityAuditor.csv,AVG,COURTNEY RUBY,match,match,match,match,match,match,match,match,match,match,match,match,match,match,match,match
Berkeley_11062018_CityCouncilDistrict7.csv,OM,RIGEL ROBINSON,match,match,match,match,match,match,match,match,match,match,match,match,match,match,match,match
Berkeley_11062018_CityCouncilDistrict7.csv,PM,RIGEL ROBINSON,match,match,match,match,match,match,match,match,match,match,match,match,match,match,match,match
Berkeley_11062018_CityCouncilDistrict7.csv,AVG,RIGEL ROBINSON,match,match,match,match,match,match,match,match,match,match,match,match,match,match,match,match
Oakland_11022010_Mayor.csv,OM,JEAN QUAN,no_match,match,match,match,match,match,match,match,match,match,match,match,match,match,match,match
Oakland_11022010_Mayor.csv,PM,JEAN QUAN,no_match,match,match,match,match,match,match,match,match,match,match,match,match,match,match,match
Oakland_11022010_Mayor.csv,AVG,JEAN QUAN,no_match,match,match,match,match,match,match,match,match,match,match,match,match,match,match,match
Berkeley_11052024_Mayor.csv,OM,ADENA ISHII,match,match,match,match,match,match,match,match,match,match,match,match,match,match,match,match
Berkeley_11052024_Mayor.csv,PM,ADENA ISHII,match,match,match,match,match,match,match,match,match,match,match,match,match,match,match,match
Berkeley_11052024_Mayor.csv,AVG,ADENA ISHII,match,match,match,match,match,match,match,match,match,match,match,match,match,match,match,match
Oakland_11022010_SchoolDirectorDistrict2.csv,OM,DAVID KAKISHIBA,match,match,match,match,match,match,match,match,match,match,match,match,match,match,match,match
Oakland_11022010_SchoolDirectorDistrict2.csv,PM,DAVID KAKISHIBA,match,match,match,match,match,match,match,match,match,match,match,match,match,match,match,match
Oakland_11022010_SchoolDirectorDistrict2.csv,AVG,DAVID KAKISHIBA,match,match,match,match,match,match,match,match,match,match,match,match,match,match,match,match
Oakland_11032020_MemberCityCouncilDist5OaklandRCV.csv,OM,NOEL GALLO,match,match,match,match,match,match,match,match,match,match,match,match,match,match,match,match
Oakland_11032020_MemberCityCouncilDist5OaklandRCV.csv,PM,NOEL GALLO,match,match,match,match,match,match,match,match,match,match,match,match,match,match,match,match
Oakland_11032020_MemberCityCouncilDist5OaklandRCV.csv,AVG,NOEL GALLO,match,match,match,match,match,match,match,match,match,match,match,match,match,match,match,match
Oakland_11082022_Mayor.csv,OM,SHENG THAO,no_match,match,match,match,match,match,match,match,match,match,match,match,match,match,match,match
Oakland_11082022_Mayor.csv,PM,SHENG THAO,no_match,match,match,match,match,match,match,match,match,match,match,match,match,match,match,match
Oakland_11082022_Mayor.csv,AVG,SHENG THAO,no_match,match,match,match,match,match,match,match,match,match,match,match,match,match,match,match
Berkeley_11062018_CityCouncilDistrict4.csv,OM,KATE HARRISON,match,match,match,match,match,match,match,match,match,match,match,match,match,match,match,match
Berkeley_11062018_CityCouncilDistrict4.csv,PM,KATE HARRISON,match,match,match,match,match,match,match,match,match,match,match,match,match,match,match,match
Berkeley_11062018_CityCouncilDistrict4.csv,AVG,KATE HARRISON,match,match,match,match,match,match,match,match,match,match,match,match,match,match,match,match
Oakland_11052024_CityAttorney.csv,OM,RYAN RICHARDSON,match,match,match,match,match,match,match,match,match,match,match,match,match,match,match,match
Oakland_11052024_CityAttorney.csv,PM,RYAN RICHARDSON,match,match,match,match,match,match,match,match,match,match,match,match,match,match,match,match
Oakland_11052024_CityAttorney.csv,AVG,RYAN RICHARDSON,match,match,match,match,match,match,match,match,match,match,match,match,match,match,match,match
Berkeley_03072017_CityCouncilDistrict4.csv,OM,KATE HARRISON,match,match,match,match,match,match,match,match,match,match,match,match,match,match,match,match
Berkeley_03072017_CityCouncilDistrict4.csv,PM,KATE HARRISON,match,match,match,match,match,match,match,match,match,match,match,match,match,match,match,match
Berkeley_03072017_CityCouncilDistrict4.csv,AVG,KATE HARRISON,match,match,match,match,match,match,match,match,match,match,match,match,match,match,match,match
Berkeley_11032020_MemberCityCouncilDist3BerkeleyRCV.csv,OM,BEN BARTLETT,match,match,match,match,match,match,match,match,match,match,match,match,match,match,match,match
Berkeley_11032020_MemberCityCouncilDist3BerkeleyRCV.csv,PM,BEN BARTLETT,match,match,match,match,match,match,match,match,match,match,match,match,match,match,match,match
Berkeley_11032020_MemberCityCouncilDist3BerkeleyRCV.csv,AVG,BEN BARTLETT,match,match,match,match,match,match,match,match,match,match,match,match,match,match,match,match
Oakland_11032020_MemberCityCouncilDist1OaklandRCV.csv,OM,DAN KALB,match,match,match,match,match,match,match,match,match,match,match,match,match,match,match,match
Oakland_11032020_MemberCityCouncilDist1OaklandRCV.csv,PM,DAN KALB,match,match,match,match,match,match,match,match,match,match,match,match,match,match,match,match
Oakland_11032020_MemberCityCouncilDist1OaklandRCV.csv,AVG,DAN KALB,match,match,match,match,match,match,match,match,match,match,match,match,match,match,match,match
Oakland_11042014_SchoolDirectorDistrict6.csv,OM,SHANTHI GONZALES,match,match,match,match,match,match,match,match,match,match,match,match,match,match,match,match
Oakland_11042014_SchoolDirectorDistrict6.csv,PM,SHANTHI GONZALES,match,match,match,match,match,match,match,match,match,match,match,match,match,match,match,match
Oakland_11042014_SchoolDirectorDistrict6.csv,AVG,SHANTHI GONZALES,match,match,match,match,match,match,match,match,match,match,match,match,match,match,match,match
Oakland_11082016_SchoolDirectorDistrict3.csv,OM,JUMOKE HINTON HODGE,match,match,match,match,match,match,match,match,match,match,match,match,match,match,match,match
Oakland_11082016_SchoolDirectorDistrict3.csv,PM,JUMOKE HINTON HODGE,match,match,match,match,match,match,match,match,match,match,match,match,match,match,match,match
Oakland_11082016_SchoolDirectorDistrict3.csv,AVG,JUMOKE HINTON HODGE,match,match,match,match,match,match,match,match,match,match,match,match,match,match,match,match
Oakland_11032020_SchoolDirectorDist3OaklandRCV.csv,OM,VANCEDRIC WILLIAMS,match,match,match,match,match,match,match,match,match,match,match,match,match,match,match,match
Oakland_11032020_SchoolDirectorDist3OaklandRCV.csv,PM,VANCEDRIC WILLIAMS,match,match,match,match,match,match,match,match,match,match,match,match,match,match,match,match
Oakland_11032020_SchoolDirectorDist3OaklandRCV.csv,AVG,VANCEDRIC WILLIAMS,match,match,match,match,match,match,match,match,match,match,match,match,match,match,match,match
Berkeley_11052024_CityCouncilD6.csv,OM,BRENT BLACKABY,match,match,match,match,match,match,match,match,match,match,match,match,match,match,match,match
Berkeley_11052024_CityCouncilD6.csv,PM,BRENT BLACKABY,match,match,match,match,match,match,match,match,match,match,match,match,match,match,match,match
Berkeley_11052024_CityCouncilD6.csv,AVG,BRENT BLACKABY,match,match,match,match,match,match,match,match,match,match,match,match,match,match,match,match
Oakland_11032020_SchoolDirectorDist7OaklandRCV.csv,OM,CLIFFORD THOMPSON,match,match,match,match,match,match,match,match,match,match,match,match,match,match,match,match
Oakland_11032020_SchoolDirectorDist7OaklandRCV.csv,PM,CLIFFORD THOMPSON,match,match,match,match,match,match,match,match,match,match,match,match,match,match,match,match
Oakland_11032020_SchoolDirectorDist7OaklandRCV.csv,AVG,CLIFFORD THOMPSON,match,match,match,match,match,match,match,match,match,match,match,match,match,match,match,match
Oakland_11062012_SchoolDirectorDistrict1.csv,OM,JODY LONDON,match,match,match,match,match,match,match,match,match,match,match,match,match,match,match,match
Oakland_11062012_SchoolDirectorDistrict1.csv,PM,JODY LONDON,match,match,match,match,match,match,match,match,match,match,match,match,match,match,match,match
Oakland_11062012_SchoolDirectorDistrict1.csv,AVG,JODY LONDON,match,match,match,match,match,match,match,match,match,match,match,match,match,match,match,match
Oakland_11062018_SchoolDirectorDistrict6.csv,OM,SHANTHI GONZALES,match,match,match,match,match,match,match,match,match,match,match,match,match,match,match,match
Oakland_11062018_SchoolDirectorDistrict6.csv,PM,SHANTHI GONZALES,match,match,match,match,match,match,match,match,match,match,match,match,match,match,match,match
Oakland_11062018_SchoolDirectorDistrict6.csv,AVG,SHANTHI GONZALES,match,match,match,match,match,match,match,match,match,match,match,match,match,match,match,match
Oakland_11062018_CityCouncilDistrict2.csv,OM,NIKKI FORTUNATO BAS,match,match,match,match,match,match,match,match,match,match,match,match,match,match,match,match
Oakland_11062018_CityCouncilDistrict2.csv,PM,NIKKI FORTUNATO BAS,match,match,match,match,match,match,match,match,match,match,match,match,match,match,match,match
Oakland_11062018_CityCouncilDistrict2.csv,AVG,NIKKI FORTUNATO BAS,match,match,match,match,match,match,match,match,match,match,match,match,match,match,match,match
SanLeandro_11042014_CountyCouncilDistrict5.csv,OM,CORINA LOPEZ,match,match,match,match,match,match,match,match,match,match,match,match,match,match,match,match
SanLeandro_11042014_CountyCouncilDistrict5.csv,PM,CORINA LOPEZ,match,match,match,match,match,match,match,match,match,match,match,match,match,match,match,match
SanLeandro_11042014_CountyCouncilDistrict5.csv,AVG,CORINA LOPEZ,match,match,match,match,match,match,match,match,match,match,match,match,match,match,match,match
Berkeley_11052024_CityCouncilD5.csv,OM,SHOSHANA O'KEEFE,match,match,match,match,match,match,match,match,match,match,match,match,match,match,match,match
Berkeley_11052024_CityCouncilD5.csv,PM,SHOSHANA O'KEEFE,match,match,match,match,match,match,match,match,match,match,match,match,match,match,match,match
Berkeley_11052024_CityCouncilD5.csv,AVG,SHOSHANA O'KEEFE,match,match,match,match,match,match,match,match,match,match,match,match,match,match,match,match
Oakland_11062018_SchoolDirectorDistrict4.csv,OM,GARY D. YEE,match,match,match,match,match,match,match,match,match,match,match,match,match,match,match,match
Oakland_11062018_SchoolDirectorDistrict4.csv,PM,GARY D. YEE,match,match,match,match,match,match,match,match,match,match,match,match,match,match,match,match
Oakland_11062018_SchoolDirectorDistrict4.csv,AVG,GARY D. YEE,match,match,match,match,match,match,match,match,match,match,match,match,match,match,match,match
Oakland_11062012_SchoolDirectorDistrict3.csv,OM,JUMOKE HINTON HODGE,match,match,match,match,match,match,match,match,match,match,match,match,match,match,match,match
Oakland_11062012_SchoolDirectorDistrict3.csv,PM,JUMOKE HINTON HODGE,match,match,match,match,match,match,match,match,match,match,match,match,match,match,match,match
Oakland_11062012_SchoolDirectorDistrict3.csv,AVG,JUMOKE HINTON HODGE,match,match,match,match,match,match,match,match,match,match,match,match,match,match,match,match
SanLeandro_11032020_MemberCityCouncilDist4SanLeandroRCV.csv,OM,FRED SIMON,match,match,match,match,match,match,match,match,match,match,match,match,match,match,match,match
SanLeandro_11032020_MemberCityCouncilDist4SanLeandroRCV.csv,PM,FRED SIMON,match,match,match,match,match,match,match,match,match,match,match,match,match,match,match,match
SanLeandro_11032020_MemberCityCouncilDist4SanLeandroRCV.csv,AVG,FRED SIMON,match,match,match,match,match,match,match,match,match,match,match,match,match,match,match,match
Berkeley_11032020_MemberCityCouncilDist6BerkeleyRCV.csv,OM,SUSAN WENGRAF,match,match,match,match,match,match,match,match,match,match,match,match,match,match,match,match
Berkeley_11032020_MemberCityCouncilDist6BerkeleyRCV.csv,PM,SUSAN WENGRAF,match,match,match,match,match,match,match,match,match,match,match,match,match,match,match,match
Berkeley_11032020_MemberCityCouncilDist6BerkeleyRCV.csv,AVG,SUSAN WENGRAF,match,match,match,match,match,match,match,match,match,match,match,match,match,match,match,match
Oakland_11082016_SchoolDirectorDistrict1.csv,OM,JODY LONDON,match,match,match,match,match,match,match,match,match,match,match,match,match,match,match,match
Oakland_11082016_SchoolDirectorDistrict1.csv,PM,JODY LONDON,match,match,match,match,match,match,match,match,match,match,match,match,match,match,match,match
Oakland_11082016_SchoolDirectorDistrict1.csv,AVG,JODY LONDON,match,match,match,match,match,match,match,match,match,match,match,match,match,match,match,match
Oakland_11042014_Mayor.csv,OM,LIBBY SCHAAF,match,match,match,match,match,match,match,match,match,match,match,match,match,match,match,match
Oakland_11042014_Mayor.csv,PM,LIBBY SCHAAF,match,match,match,match,match,match,match,match,match,match,match,match,match,match,match,match
Oakland_11042014_Mayor.csv,AVG,LIBBY SCHAAF,match,match,match,match,match,match,match,match,match,match,match,match,match,match,match,match
Berkeley_11022010_CityCouncilDistrict8.csv,OM,GORDON WOZNIAK,match,match,match,match,match,match,match,match,match,match,match,match,match,match,match,match
Berkeley_11022010_CityCouncilDistrict8.csv,PM,GORDON WOZNIAK,match,match,match,match,match,match,match,match,match,match,match,match,match,match,match,match
Berkeley_11022010_CityCouncilDistrict8.csv,AVG,GORDON WOZNIAK,match,match,match,match,match,match,match,match,match,match,match,match,match,match,match,match
Oakland_11082016_SchoolDirectorDistrict5.csv,OM,ROSIE TORRES,no_match,match,match,match,no_match,match,match,match,match,match,match,match,match,match,match,match
Oakland_11082016_SchoolDirectorDistrict5.csv,PM,ROSIE TORRES,no_match,match,match,match,no_match,match,match,match,match,match,match,match,match,match,match,match
Oakland_11082016_SchoolDirectorDistrict5.csv,AVG,ROSIE TORRES,no_match,match,match,match,no_match,match,match,match,match,match,match,match,match,match,match,match
Oakland_11062012_SchoolDirectorDistrict7.csv,OM,JAMES HARRIS,match,match,match,match,match,match,match,match,match,match,match,match,match,match,match,match
Oakland_11062012_SchoolDirectorDistrict7.csv,PM,JAMES HARRIS,match,match,match,match,match,match,match,match,match,match,match,match,match,match,match,match
Oakland_11062012_SchoolDirectorDistrict7.csv,AVG,JAMES HARRIS,match,match,match,match,match,match,match,match,match,match,match,match,match,match,match,match
SanLeandro_11042014_CountyCouncilDistrict1.csv,OM,DEBORAH COX,match,match,match,match,match,match,match,match,match,match,match,match,match,match,match,match
SanLeandro_11042014_CountyCouncilDistrict1.csv,PM,DEBORAH COX,match,match,match,match,match,match,match,match,match,match,match,match,match,match,match,match
SanLeandro_11042014_CountyCouncilDistrict1.csv,AVG,DEBORAH COX,match,match,match,match,match,match,match,match,match,match,match,match,match,match,match,match
Oakland_11032020_CityAttorneyOaklandRCV.csv,OM,BARBARA PARKER,match,match,match,match,match,match,match,match,match,match,match,match,match,match,match,match
Oakland_11032020_CityAttorneyOaklandRCV.csv,PM,BARBARA PARKER,match,match,match,match,match,match,match,match,match,match,match,match,match,match,match,match
Oakland_11032020_CityAttorneyOaklandRCV.csv,AVG,BARBARA PARKER,match,match,match,match,match,match,match,match,match,match,match,match,match,match,match,match
Oakland_11062018_CityCouncilDistrict4.csv,OM,SHENG THAO,match,match,match,match,match,match,match,match,match,match,match,match,match,match,no_match,match
Oakland_11062018_CityCouncilDistrict4.csv,PM,SHENG THAO,match,match,match,match,match,match,match,match,match,match,match,match,match,match,no_match,match
Oakland_11062018_CityCouncilDistrict4.csv,AVG,SHENG THAO,match,match,match,match,match,match,match,match,match,match,match,match,match,match,no_match,match
Oakland_11062018_CityCouncilDistrict6.csv,OM,LOREN TAYLOR,match,match,match,match,match,match,match,match,match,match,match,match,match,match,match,match
Oakland_11062018_CityCouncilDistrict6.csv,PM,LOREN TAYLOR,match,match,match,match,match,match,match,match,match,match,match,match,match,match,match,match
Oakland_11062018_CityCouncilDistrict6.csv,AVG,LOREN TAYLOR,match,match,match,match,match,match,match,match,match,match,match,match,match,match,match,match
SanLeandro_11042014_CountyCouncilDistrict3.csv,OM,LEE THOMAS,match,match,match,match,match,match,match,match,match,match,match,match,match,match,match,match
SanLeandro_11042014_CountyCouncilDistrict3.csv,PM,LEE THOMAS,match,match,match,match,match,match,match,match,match,match,match,match,match,match,match,match
SanLeandro_11042014_CountyCouncilDistrict3.csv,AVG,LEE THOMAS,match,match,match,match,match,match,match,match,match,match,match,match,match,match,match,match
Oakland_11022010_CityAuditor.csv,OM,COURTNEY RUBY,match,match,match,match,match,match,match,match,match,match,match,match,match,match,match,match
Oakland_11022010_CityAuditor.csv,PM,COURTNEY RUBY,match,match,match,match,match,match,match,match,match,match,match,match,match,match,match,match
Oakland_11022010_CityAuditor.csv,AVG,COURTNEY RUBY,match,match,match,match,match,match,match,match,match,match,match,match,match,match,match,match
Oakland_11062018_SchoolDirectorDistrict2.csv,OM,AIMEE ENG,match,match,match,match,match,match,match,match,match,match,match,match,match,match,match,match
Oakland_11062018_SchoolDirectorDistrict2.csv,PM,AIMEE ENG,match,match,match,match,match,match,match,match,match,match,match,match,match,match,match,match
Oakland_11062018_SchoolDirectorDistrict2.csv,AVG,AIMEE ENG,match,match,match,match,match,match,match,match,match,match,match,match,match,match,match,match
Berkeley_11052024_CityCouncilD3.csv,OM,BEN BARTLETT,match,match,match,match,match,match,match,match,match,match,match,match,match,match,match,match
Berkeley_11052024_CityCouncilD3.csv,PM,BEN BARTLETT,match,match,match,match,match,match,match,match,match,match,match,match,match,match,match,match
Berkeley_11052024_CityCouncilD3.csv,AVG,BEN BARTLETT,match,match,match,match,match,match,match,match,match,match,match,match,match,match,match,match
Oakland_11062012_SchoolDirectorDistrict5.csv,OM,ROSIE TORRES,match,match,match,match,match,match,match,match,match,match,match,match,match,match,match,match
Oakland_11062012_SchoolDirectorDistrict5.csv,PM,ROSIE TORRES,match,match,match,match,match,match,match,match,match,match,match,match,match,match,match,match
Oakland_11062012_SchoolDirectorDistrict5.csv,AVG,ROSIE TORRES,match,match,match,match,match,match,match,match,match,match,match,match,match,match,match,match
Berkeley_11052024_CityCouncilD2.csv,OM,TERRY TAPLIN,match,match,match,match,match,match,match,match,match,match,match,match,match,match,match,match
Berkeley_11052024_CityCouncilD2.csv,PM,TERRY TAPLIN,match,match,match,match,match,match,match,match,match,match,match,match,match,match,match,match
Berkeley_11052024_CityCouncilD2.csv,AVG,TERRY TAPLIN,match,match,match,match,match,match,match,match,match,match,match,match,match,match,match,match
Oakland_11082016_CityAttorney.csv,OM,BARBARA J. PARKER,match,match,match,match,match,match,match,match,match,match,match,match,match,match,match,match
Oakland_11082016_CityAttorney.csv,PM,BARBARA J. PARKER,match,match,match,match,match,match,match,match,match,match,match,match,match,match,match,match
Oakland_11082016_CityAttorney.csv,AVG,BARBARA J. PARKER,match,match,match,match,match,match,match,match,match,match,match,match,match,match,match,match
Oakland_11062018_CityAuditor.csv,OM,COURTNEY RUBY,match,match,match,match,match,match,match,match,match,match,match,match,match,match,match,match
Oakland_11062018_CityAuditor.csv,PM,COURTNEY RUBY,match,match,match,match,match,match,match,match,match,match,match,match,match,match,match,match
Oakland_11062018_CityAuditor.csv,AVG,COURTNEY RUBY,match,match,match,match,match,match,match,match,match,match,match,match,match,match,match,match
Oakland_11082016_SchoolDirectorDistrict7.csv,OM,JAMES HARRIS,match,match,match,match,match,match,match,match,match,match,match,match,match,match,match,match
Oakland_11082016_SchoolDirectorDistrict7.csv,PM,JAMES HARRIS,match,match,match,match,match,match,match,match,match,match,match,match,match,match,match,match
Oakland_11082016_SchoolDirectorDistrict7.csv,AVG,JAMES HARRIS,match,match,match,match,match,match,match,match,match,match,match,match,match,match,match,match
Berkeley_11022010_CityCouncilDistrict7.csv,OM,KRISS WORTHINGTON,match,match,match,match,match,match,match,match,match,match,match,match,match,match,match,match
Berkeley_11022010_CityCouncilDistrict7.csv,PM,KRISS WORTHINGTON,match,match,match,match,match,match,match,match,match,match,match,match,match,match,match,match
Berkeley_11022010_CityCouncilDistrict7.csv,AVG,KRISS WORTHINGTON,match,match,match,match,match,match,match,match,match,match,match,match,match,match,match,match
SanLeandro_11082016_CountyCouncilDistrict4.csv,OM,BENNY LEE,match,match,match,match,match,match,match,match,match,match,match,match,match,match,match,match
SanLeandro_11082016_CountyCouncilDistrict4.csv,PM,BENNY LEE,match,match,match,match,match,match,match,match,match,match,match,match,match,match,match,match
SanLeandro_11082016_CountyCouncilDistrict4.csv,AVG,BENNY LEE,match,match,match,match,match,match,match,match,match,match,match,match,match,match,match,match
SanLeandro_11042014_Mayor.csv,OM,PAULINE RUSSO CUTTER,match,match,match,match,match,match,match,match,match,match,match,match,match,match,match,match
SanLeandro_11042014_Mayor.csv,PM,PAULINE RUSSO CUTTER,match,match,match,match,match,match,match,match,match,match,match,match,match,match,match,match
SanLeandro_11042014_Mayor.csv,AVG,PAULINE RUSSO CUTTER,match,match,match,match,match,match,match,match,match,match,match,match,match,match,match,match
Oakland_11052024_CityCouncilD3.csv,OM,CARROLL FIFE,match,match,match,match,match,match,match,match,match,match,match,match,match,match,match,match
Oakland_11052024_CityCouncilD3.csv,PM,CARROLL FIFE,match,match,match,match,match,match,match,match,match,match,match,match,match,match,match,match
Oakland_11052024_CityCouncilD3.csv,AVG,CARROLL FIFE,match,match,match,match,match,match,match,match,match,match,match,match,match,match,match,match
Oakland_11082016_CityCouncilDistrict3.csv,OM,LYNETTE GIBSON MCELHANEY,match,match,match,match,match,match,match,match,match,match,match,match,match,match,no_match,match
Oakland_11082016_CityCouncilDistrict3.csv,PM,LYNETTE GIBSON MCELHANEY,match,match,match,match,match,match,match,match,match,match,match,match,match,match,no_match,match
Oakland_11082016_CityCouncilDistrict3.csv,AVG,LYNETTE GIBSON MCELHANEY,match,match,match,match,match,match,match,match,match,match,match,match,match,match,no_match,match
Berkeley_11032020_MayorBerkeleyRCV.csv,OM,JESSE ARREGUÍN,match,match,match,match,match,match,match,match,match,match,match,match,match,match,match,match
Berkeley_11032020_MayorBerkeleyRCV.csv,PM,JESSE ARREGUÍN,match,match,match,match,match,match,match,match,match,match,match,match,match,match,match,match
Berkeley_11032020_MayorBerkeleyRCV.csv,AVG,JESSE ARREGUÍN,match,match,match,match,match,match,match,match,match,match,match,match,match,match,match,match
SanLeandro_11062012_CountyCouncilDistrict6.csv,OM,JIM PROLA,match,match,match,match,match,match,match,match,match,match,match,match,match,match,match,match
SanLeandro_11062012_CountyCouncilDistrict6.csv,PM,JIM PROLA,match,match,match,match,match,match,match,match,match,match,match,match,match,match,match,match
SanLeandro_11062012_CountyCouncilDistrict6.csv,AVG,JIM PROLA,match,match,match,match,match,match,match,match,match,match,match,match,match,match,match,match
Oakland_11062012_CityCouncilDistrict3.csv,OM,LYNETTE GIBSON-MCELHANEY,no_match,match,match,match,match,match,match,match,match,match,match,match,match,match,match,match
Oakland_11062012_CityCouncilDistrict3.csv,PM,LYNETTE GIBSON-MCELHANEY,no_match,match,match,match,match,match,match,match,match,match,match,match,match,match,match,match
Oakland_11062012_CityCouncilDistrict3.csv,AVG,LYNETTE GIBSON-MCELHANEY,no_match,match,match,match,match,match,match,match,match,match,match,match,match,match,match,match
Oakland_11082022_Schoolboarddistrict2.csv,OM,JENNIFER BROUHARD,match,match,match,match,match,match,match,match,match,match,match,match,match,match,match,match
Oakland_11082022_Schoolboarddistrict2.csv,PM,JENNIFER BROUHARD,match,match,match,match,match,match,match,match,match,match,match,match,match,match,match,match
Oakland_11082022_Schoolboarddistrict2.csv,AVG,JENNIFER BROUHARD,match,match,match,match,match,match,match,match,match,match,match,match,match,match,match,match
Oakland_11042014_CityCouncilDistrict2.csv,OM,ABEL GUILLEN,match,match,match,match,match,match,match,match,match,match,match,match,match,match,match,match
Oakland_11042014_CityCouncilDistrict2.csv,PM,ABEL GUILLEN,match,match,match,match,match,match,match,match,match,match,match,match,match,match,match,match
Oakland_11042014_CityCouncilDistrict2.csv,AVG,ABEL GUILLEN,match,match,match,match,match,match,match,match,match,match,match,match,match,match,match,match
Berkeley_11022010_CityCouncilDistrict4.csv,OM,JESSE ARREGUIN,match,match,match,match,match,match,match,match,match,match,match,match,match,match,match,match
Berkeley_11022010_CityCouncilDistrict4.csv,PM,JESSE ARREGUIN,match,match,match,match,match,match,match,match,match,match,match,match,match,match,match,match
Berkeley_11022010_CityCouncilDistrict4.csv,AVG,JESSE ARREGUIN,match,match,match,match,match,match,match,match,match,match,match,match,match,match,match,match
Oakland_11062012_CityCouncilDistrict1.csv,OM,DAN KALB,match,match,match,match,match,match,match,match,match,match,match,match,match,match,match,match
Oakland_11062012_CityCouncilDistrict1.csv,PM,DAN KALB,match,match,match,match,match,match,match,match,match,match,match,match,match,match,match,match
Oakland_11062012_CityCouncilDistrict1.csv,AVG,DAN KALB,match,match,match,match,match,match,match,match,match,match,match,match,match,match,match,match
SanLeandro_11062012_CountyCouncilDistrict4.csv,OM,BENNY LEE,match,match,match,match,match,match,match,match,match,match,match,match,match,match,match,match
SanLeandro_11062012_CountyCouncilDistrict4.csv,PM,BENNY LEE,match,match,match,match,match,match,match,match,match,match,match,match,match,match,match,match
SanLeandro_11062012_CountyCouncilDistrict4.csv,AVG,BENNY LEE,match,match,match,match,match,match,match,match,match,match,match,match,match,match,match,match
Berkeley_05282024_Citycouncildistrict4specialelection.csv,OM,IGOR A. TREGUB,match,match,match,match,match,match,match,match,match,match,match,match,match,match,match,match
Berkeley_05282024_Citycouncildistrict4specialelection.csv,PM,IGOR A. TREGUB,match,match,match,match,match,match,match,match,match,match,match,match,match,match,match,match
Berkeley_05282024_Citycouncildistrict4specialelection.csv,AVG,IGOR A. TREGUB,match,match,match,match,match,match,match,match,match,match,match,match,match,match,match,match
Oakland_11032020_SchoolDirectorDist5OaklandRCV.csv,OM,MIKE HUTCHINSON,match,match,match,match,match,match,match,match,match,match,match,match,match,match,match,match
Oakland_11032020_SchoolDirectorDist5OaklandRCV.csv,PM,MIKE HUTCHINSON,match,match,match,match,match,match,match,match,match,match,match,match,match,match,match,match
Oakland_11032020_SchoolDirectorDist5OaklandRCV.csv,AVG,MIKE HUTCHINSON,match,match,match,match,match,match,match,match,match,match,match,match,match,match,match,match
Oakland_11082016_CityCouncilDistrict1.csv,OM,DAN KALB,match,match,match,match,match,match,match,match,match,match,match,match,match,match,match,match
Oakland_11082016_CityCouncilDistrict1.csv,PM,DAN KALB,match,match,match,match,match,match,match,match,match,match,match,match,match,match,match,match
Oakland_11082016_CityCouncilDistrict1.csv,AVG,DAN KALB,match,match,match,match,match,match,match,match,match,match,match,match,match,match,match,match
Oakland_11052024_CityCouncilD1.csv,OM,ZAC UNGER,match,match,match,match,match,match,match,match,match,match,match,match,match,match,match,match
Oakland_11052024_CityCouncilD1.csv,PM,ZAC UNGER,match,match,match,match,match,match,match,match,match,match,match,match,match,match,match,match
Oakland_11052024_CityCouncilD1.csv,AVG,ZAC UNGER,match,match,match,match,match,match,match,match,match,match,match,match,match,match,match,match
SanLeandro_11082016_CountyCouncilDistrict6.csv,OM,PETE BALLEW,match,match,match,match,match,match,match,match,match,match,match,match,match,match,match,match
SanLeandro_11082016_CountyCouncilDistrict6.csv,PM,PETE BALLEW,match,match,match,match,match,match,match,match,match,match,match,match,match,match,match,match
SanLeandro_11082016_CountyCouncilDistrict6.csv,AVG,PETE BALLEW,match,match,match,match,match,match,match,match,match,match,match,match,match,match,match,match
Oakland_11032020_SchoolDirectorDist1OaklandRCV.csv,OM,SAM DAVIS,match,match,match,match,match,match,match,match,match,match,match,match,match,match,match,match
Oakland_11032020_SchoolDirectorDist1OaklandRCV.csv,PM,SAM DAVIS,match,match,match,match,match,match,match,match,match,match,match,match,match,match,match,match
Oakland_11032020_SchoolDirectorDist1OaklandRCV.csv,AVG,SAM DAVIS,match,match,match,match,match,match,match,match,match,match,match,match,match,match,match,match
Berkeley_11022010_CityCouncilDistrict1.csv,OM,LINDA MAIO,match,match,match,match,match,match,match,match,match,match,match,match,match,match,match,match
Berkeley_11022010_CityCouncilDistrict1.csv,PM,LINDA MAIO,match,match,match,match,match,match,match,match,match,match,match,match,match,match,match,match
Berkeley_11022010_CityCouncilDistrict1.csv,AVG,LINDA MAIO,match,match,match,match,match,match,match,match,match,match,match,match,match,match,match,match
SanLeandro_11082016_CountyCouncilDistrict2.csv,OM,ED HERNANDEZ,match,match,match,match,match,match,match,match,match,match,match,match,match,match,match,match
SanLeandro_11082016_CountyCouncilDistrict2.csv,PM,ED HERNANDEZ,match,match,match,match,match,match,match,match,match,match,match,match,match,match,match,match
SanLeandro_11082016_CountyCouncilDistrict2.csv,AVG,ED HERNANDEZ,match,match,match,match,match,match,match,match,match,match,match,match,match,match,match,match
Berkeley_11062018_CityAuditor.csv,OM,JENNY WONG,match,match,match,match,match,match,match,match,match,match,match,match,match,match,match,match
Berkeley_11062018_CityAuditor.csv,PM,JENNY WONG,match,match,match,match,match,match,match,match,match,match,match,match,match,match,match,match
Berkeley_11062018_CityAuditor.csv,AVG,JENNY WONG,match,match,match,match,match,match,match,match,match,match,match,match,match,match,match,match
Oakland_11052024_CityCouncilD5.csv,OM,NOEL GALLO,match,match,match,match,match,match,match,match,match,match,match,match,match,match,match,match
Oakland_11052024_CityCouncilD5.csv,PM,NOEL GALLO,match,match,match,match,match,match,match,match,match,match,match,match,match,match,match,match
Oakland_11052024_CityCouncilD5.csv,AVG,NOEL GALLO,match,match,match,match,match,match,match,match,match,match,match,match,match,match,match,match
Oakland_11082016_CityCouncilDistrict5.csv,OM,NOEL GALLO,match,match,match,match,match,match,match,match,match,match,match,match,match,match,match,match
Oakland_11082016_CityCouncilDistrict5.csv,PM,NOEL GALLO,match,match,match,match,match,match,match,match,match,match,match,match,match,match,match,match
Oakland_11082016_CityCouncilDistrict5.csv,AVG,NOEL GALLO,match,match,match,match,match,match,match,match,match,match,match,match,match,match,match,match
Oakland_11032020_MemberCityCouncilAtLargeOaklandRCV.csv,OM,REBECCA KAPLAN,match,match,match,match,match,match,match,match,match,match,match,match,match,match,match,match
Oakland_11032020_MemberCityCouncilAtLargeOaklandRCV.csv,PM,REBECCA KAPLAN,match,match,match,match,match,match,match,match,match,match,match,match,match,match,match,match
Oakland_11032020_MemberCityCouncilAtLargeOaklandRCV.csv,AVG,REBECCA KAPLAN,match,match,match,match,match,match,match,match,match,match,match,match,match,match,match,match
Berkeley_11022010_CityAuditor.csv,OM,ANN-MARIE HOGAN,match,match,match,match,match,match,match,match,match,match,match,match,match,match,match,match
Berkeley_11022010_CityAuditor.csv,PM,ANN-MARIE HOGAN,match,match,match,match,match,match,match,match,match,match,match,match,match,match,match,match
Berkeley_11022010_CityAuditor.csv,AVG,ANN-MARIE HOGAN,match,match,match,match,match,match,match,match,match,match,match,match,match,match,match,match
Oakland_11062012_CityCouncilDistrict5.csv,OM,NOEL GALLO,match,match,match,match,match,match,match,match,match,match,match,match,match,match,match,match
Oakland_11062012_CityCouncilDistrict5.csv,PM,NOEL GALLO,match,match,match,match,match,match,match,match,match,match,match,match,match,match,match,match
Oakland_11062012_CityCouncilDistrict5.csv,AVG,NOEL GALLO,match,match,match,match,match,match,match,match,match,match,match,match,match,match,match,match
Oakland_11042014_CityCouncilDistrict4.csv,OM,ANNIE CAMPBELL WASHINGTON,match,match,match,match,match,match,match,match,match,match,match,match,match,match,match,match
Oakland_11042014_CityCouncilDistrict4.csv,PM,ANNIE CAMPBELL WASHINGTON,match,match,match,match,match,match,match,match,match,match,match,match,match,match,match,match
Oakland_11042014_CityCouncilDistrict4.csv,AVG,ANNIE CAMPBELL WASHINGTON,match,match,match,match,match,match,match,match,match,match,match,match,match,match,match,match
Oakland_11082022_Schoolboarddistrict4.csv,OM,PECOLIA MANIGO,no_match,no_match,no_match,no_match,no_match,no_match,no_match,no_winner,no_match,no_match,no_match,no_match,no_match,no_match,no_match,match
Oakland_11082022_Schoolboarddistrict4.csv,PM,MIKE HUTCHINSON,no_match,match,no_match,no_match,match,match,match,no_winner,match,no_match,match,match,match,match,match,match
Oakland_11082022_Schoolboarddistrict4.csv,AVG,MIKE HUTCHINSON,no_match,match,no_match,no_match,match,match,match,no_winner,match,no_match,match,match,match,match,match,match
Oakland_11042014_CityCouncilDistrict6.csv,OM,DESLEY BROOKS,match,match,match,match,no_match,match,match,match,match,match,match,match,match,match,no_match,match
Oakland_11042014_CityCouncilDistrict6.csv,PM,DESLEY BROOKS,match,match,match,match,no_match,match,match,match,match,match,match,match,match,match,no_match,match
Oakland_11042014_CityCouncilDistrict6.csv,AVG,DESLEY BROOKS,match,match,match,match,no_match,match,match,match,match,match,match,match,match,match,no_match,match
Oakland_11082022_Schoolboarddistrict6.csv,OM,VALARIE BACHELOR,match,match,match,match,match,match,match,match,match,match,match,match,match,match,match,match
Oakland_11082022_Schoolboarddistrict6.csv,PM,VALARIE BACHELOR,match,match,match,match,match,match,match,match,match,match,match,match,match,match,match,match
Oakland_11082022_Schoolboarddistrict6.csv,AVG,VALARIE BACHELOR,match,match,match,match,match,match,match,match,match,match,match,match,match,match,match,match
Oakland_11062012_CityCouncilDistrict7.csv,OM,LARRY E. REID,match,match,match,match,match,match,match,match,match,match,match,match,match,match,match,match
Oakland_11062012_CityCouncilDistrict7.csv,PM,LARRY E. REID,match,match,match,match,match,match,match,match,match,match,match,match,match,match,match,match
Oakland_11062012_CityCouncilDistrict7.csv,AVG,LARRY E. REID,match,match,match,match,match,match,match,match,match,match,match,match,match,match,match,match
SanLeandro_11062012_CountyCouncilDistrict2.csv,OM,URSULA REED,match,match,match,match,no_match,match,match,match,match,match,match,match,match,no_match,match,match
SanLeandro_11062012_CountyCouncilDistrict2.csv,PM,URSULA REED,match,match,match,match,no_match,match,match,match,match,match,match,match,match,no_match,match,match
SanLeandro_11062012_CountyCouncilDistrict2.csv,AVG,URSULA REED,match,match,match,match,no_match,match,match,match,match,match,match,match,match,no_match,match,match
Oakland_11052024_CityCouncil_AtLarge.csv,OM,ROWENA BROWN,match,match,match,match,match,match,match,match,match,match,match,match,match,no_match,no_match,match
Oakland_11052024_CityCouncil_AtLarge.csv,PM,ROWENA BROWN,match,match,match,match,match,match,match,match,match,match,match,match,match,no_match,no_match,match
Oakland_11052024_CityCouncil_AtLarge.csv,AVG,ROWENA BROWN,match,match,match,match,match,match,match,match,match,match,match,match,match,no_match,no_match,match
Oakland_11082016_CityCouncilDistrict7.csv,OM,LARRY E. REID,match,match,match,match,match,match,match,match,match,match,match,match,match,match,match,match
Oakland_11082016_CityCouncilDistrict7.csv,PM,LARRY E. REID,match,match,match,match,match,match,match,match,match,match,match,match,match,match,match,match
Oakland_11082016_CityCouncilDistrict7.csv,AVG,LARRY E. REID,match,match,match,match,match,match,match,match,match,match,match,match,match,match,match,match
Oakland_11052024_CityCouncilD7.csv,OM,KEN HOUSTON,match,match,match,match,match,match,match,match,match,match,match,match,match,match,match,match
Oakland_11052024_CityCouncilD7.csv,PM,KEN HOUSTON,match,match,match,match,match,match,match,match,match,match,match,match,match,match,match,match
Oakland_11052024_CityCouncilD7.csv,AVG,KEN HOUSTON,match,match,match,match,match,match,match,match,match,match,match,match,match,match,match,match
Berkeley_11042014_CityCouncilDistrict1.csv,OM,LINDA MAIO,match,match,match,match,match,match,match,match,match,match,match,match,match,match,match,match
Berkeley_11042014_CityCouncilDistrict1.csv,PM,LINDA MAIO,match,match,match,match,match,match,match,match,match,match,match,match,match,match,match,match
Berkeley_11042014_CityCouncilDistrict1.csv,AVG,LINDA MAIO,match,match,match,match,match,match,match,match,match,match,match,match,match,match,match,match
SanLeandro_11032020_MemberCityCouncilDist6SanLeandroRCV.csv,OM,PETE BALLEW,match,match,match,match,match,match,match,match,match,match,match,match,match,match,match,match
SanLeandro_11032020_MemberCityCouncilDist6SanLeandroRCV.csv,PM,PETE BALLEW,match,match,match,match,match,match,match,match,match,match,match,match,match,match,match,match
SanLeandro_11032020_MemberCityCouncilDist6SanLeandroRCV.csv,AVG,PETE BALLEW,match,match,match,match,match,match,match,match,match,match,match,match,match,match,match,match
Berkeley_11062018_CityCouncilDistrict8.csv,OM,LORI DROSTE,match,match,match,match,match,match,match,match,match,match,match,match,match,match,match,match
Berkeley_11062018_CityCouncilDistrict8.csv,PM,LORI DROSTE,match,match,match,match,match,match,match,match,match,match,match,match,match,match,match,match
Berkeley_11062018_CityCouncilDistrict8.csv,AVG,LORI DROSTE,match,match,match,match,match,match,match,match,match,match,match,match,match,match,match,match
SanLeandro_11062018_CountyCouncilDistrict5.csv,OM,CORINA N. LOPEZ,match,match,match,match,match,match,match,match,match,match,match,match,match,match,match,match
SanLeandro_11062018_CountyCouncilDistrict5.csv,PM,CORINA N. LOPEZ,match,match,match,match,match,match,match,match,match,match,match,match,match,match,match,match
SanLeandro_11062018_CountyCouncilDistrict5.csv,AVG,CORINA N. LOPEZ,match,match,match,match,match,match,match,match,match,match,match,match,match,match,match,match
SanLeandro_11022010_CountyCouncilDistrict5.csv,OM,PAULINE RUSSO CUTTER,match,match,match,match,match,match,match,match,match,match,match,match,match,match,match,match
SanLeandro_11022010_CountyCouncilDistrict5.csv,PM,PAULINE RUSSO CUTTER,match,match,match,match,match,match,match,match,match,match,match,match,match,match,match,match
SanLeandro_11022010_CountyCouncilDistrict5.csv,AVG,PAULINE RUSSO CUTTER,match,match,match,match,match,match,match,match,match,match,match,match,match,match,match,match
Oakland_11052024_School_Director_D3.csv,OM,VANCEDRIC WILLIAMS,match,match,match,match,match,match,match,match,match,match,match,match,match,match,match,match
Oakland_11052024_School_Director_D3.csv,PM,VANCEDRIC WILLIAMS,match,match,match,match,match,match,match,match,match,match,match,match,match,match,match,match
Oakland_11052024_School_Director_D3.csv,AVG,VANCEDRIC WILLIAMS,match,match,match,match,match,match,match,match,match,match,match,match,match,match,match,match
Oakland_11062012_CityCouncilAtLarge.csv,OM,REBECCA KAPLAN,match,match,match,match,match,match,match,match,match,match,match,match,match,match,match,match
Oakland_11062012_CityCouncilAtLarge.csv,PM,REBECCA KAPLAN,match,match,match,match,match,match,match,match,match,match,match,match,match,match,match,match
Oakland_11062012_CityCouncilAtLarge.csv,AVG,REBECCA KAPLAN,match,match,match,match,match,match,match,match,match,match,match,match,match,match,match,match
Oakland_11022010_CityCouncilDistrict4.csv,OM,LIBBY SCHAAF,match,match,match,match,match,match,match,match,match,match,match,match,match,match,match,match
Oakland_11022010_CityCouncilDistrict4.csv,PM,LIBBY SCHAAF,match,match,match,match,match,match,match,match,match,match,match,match,match,match,match,match
Oakland_11022010_CityCouncilDistrict4.csv,AVG,LIBBY SCHAAF,match,match,match,match,match,match,match,match,match,match,match,match,match,match,match,match
Oakland_11082022_CityCouncilmemberDistrict6.csv,OM,KEVIN JENKINS,match,match,match,match,match,match,match,match,match,match,match,match,match,match,match,match
Oakland_11082022_CityCouncilmemberDistrict6.csv,PM,KEVIN JENKINS,match,match,match,match,match,match,match,match,match,match,match,match,match,match,match,match
Oakland_11082022_CityCouncilmemberDistrict6.csv,AVG,KEVIN JENKINS,match,match,match,match,match,match,match,match,match,match,match,match,match,match,match,match
Oakland_11082022_CityCouncilmemberDistrict4.csv,OM,JANANI RAMACHANDRAN,match,match,match,match,match,match,match,match,match,match,match,match,match,match,match,match
Oakland_11082022_CityCouncilmemberDistrict4.csv,PM,JANANI RAMACHANDRAN,match,match,match,match,match,match,match,match,match,match,match,match,match,match,match,match
Oakland_11082022_CityCouncilmemberDistrict4.csv,AVG,JANANI RAMACHANDRAN,match,match,match,match,match,match,match,match,match,match,match,match,match,match,match,match
Berkeley_11082016_CityCouncilDistrict2.csv,OM,CHERYL DAVILA,no_match,match,match,match,match,match,match,match,match,match,match,match,match,match,match,match
Berkeley_11082016_CityCouncilDistrict2.csv,PM,CHERYL DAVILA,no_match,match,match,match,match,match,match,match,match,match,match,match,match,match,match,match
Berkeley_11082016_CityCouncilDistrict2.csv,AVG,CHERYL DAVILA,no_match,match,match,match,match,match,match,match,match,match,match,match,match,match,match,match
Oakland_11022010_CityCouncilDistrict6.csv,OM,DESLEY BROOKS,match,match,match,match,match,match,match,match,match,match,match,match,match,match,match,match
Oakland_11022010_CityCouncilDistrict6.csv,PM,DESLEY BROOKS,match,match,match,match,match,match,match,match,match,match,match,match,match,match,match,match
Oakland_11022010_CityCouncilDistrict6.csv,AVG,DESLEY BROOKS,match,match,match,match,match,match,match,match,match,match,match,match,match,match,match,match
Berkeley_11062012_CityCouncilDistrict3.csv,OM,MAX ANDERSON,match,match,match,match,match,match,match,match,match,match,match,match,match,match,match,match
Berkeley_11062012_CityCouncilDistrict3.csv,PM,MAX ANDERSON,match,match,match,match,match,match,match,match,match,match,match,match,match,match,match,match
Berkeley_11062012_CityCouncilDistrict3.csv,AVG,MAX ANDERSON,match,match,match,match,match,match,match,match,match,match,match,match,match,match,match,match
Oakland_11052024_School_Director_D1.csv,OM,RACHEL LATTA,match,match,match,match,match,match,match,match,match,match,match,match,match,match,match,match
Oakland_11052024_School_Director_D1.csv,PM,RACHEL LATTA,match,match,match,match,match,match,match,match,match,match,match,match,match,match,match,match
Oakland_11052024_School_Director_D1.csv,AVG,RACHEL LATTA,match,match,match,match,match,match,match,match,match,match,match,match,match,match,match,match
Oakland_11062018_Mayor.csv,OM,LIBBY SCHAAF,match,match,match,match,match,match,match,match,match,match,match,match,match,match,match,match
Oakland_11062018_Mayor.csv,PM,LIBBY SCHAAF,match,match,match,match,match,match,match,match,match,match,match,match,match,match,match,match
Oakland_11062018_Mayor.csv,AVG,LIBBY SCHAAF,match,match,match,match,match,match,match,match,match,match,match,match,match,match,match,match
Berkeley_11062012_Mayor.csv,OM,TOM BATES,match,match,match,match,match,match,match,match,match,match,match,match,match,match,match,match
Berkeley_11062012_Mayor.csv,PM,TOM BATES,match,match,match,match,match,match,match,match,match,match,match,match,match,match,match,match
Berkeley_11062012_Mayor.csv,AVG,TOM BATES,match,match,match,match,match,match,match,match,match,match,match,match,match,match,match,match
Berkeley_11062012_CityCouncilDistrict2.csv,OM,DARRYL MOORE,match,match,match,match,match,match,match,match,match,match,match,match,match,match,match,match
Berkeley_11062012_CityCouncilDistrict2.csv,PM,DARRYL MOORE,match,match,match,match,match,match,match,match,match,match,match,match,match,match,match,match
Berkeley_11062012_CityCouncilDistrict2.csv,AVG,DARRYL MOORE,match,match,match,match,match,match,match,match,match,match,match,match,match,match,match,match
Oakland_11042014_CityAuditor.csv,OM,BRENDA ROBERTS,match,match,match,match,match,match,match,match,match,match,match,match,match,match,match,match
Oakland_11042014_CityAuditor.csv,PM,BRENDA ROBERTS,match,match,match,match,match,match,match,match,match,match,match,match,match,match,match,match
Oakland_11042014_CityAuditor.csv,AVG,BRENDA ROBERTS,match,match,match,match,match,match,match,match,match,match,match,match,match,match,match,match
Berkeley_11082016_CityCouncilDistrict3.csv,OM,BEN BARTLETT,match,match,match,match,match,match,match,match,match,match,match,match,match,match,match,match
Berkeley_11082016_CityCouncilDistrict3.csv,PM,BEN BARTLETT,match,match,match,match,match,match,match,match,match,match,match,match,match,match,match,match
Berkeley_11082016_CityCouncilDistrict3.csv,AVG,BEN BARTLETT,match,match,match,match,match,match,match,match,match,match,match,match,match,match,match,match
Berkeley_11042014_CityCouncilDistrict7.csv,OM,KRISS WORTHINGTON,match,match,match,match,match,match,match,match,match,match,match,match,match,match,match,match
Berkeley_11042014_CityCouncilDistrict7.csv,PM,KRISS WORTHINGTON,match,match,match,match,match,match,match,match,match,match,match,match,match,match,match,match
Berkeley_11042014_CityCouncilDistrict7.csv,AVG,KRISS WORTHINGTON,match,match,match,match,match,match,match,match,match,match,match,match,match,match,match,match
Berkeley_11062012_CityCouncilDistrict6.csv,OM,SUSAN WENGRAF,match,match,match,match,match,match,match,match,match,match,match,match,match,match,match,match
Berkeley_11062012_CityCouncilDistrict6.csv,PM,SUSAN WENGRAF,match,match,match,match,match,match,match,match,match,match,match,match,match,match,match,match
Berkeley_11062012_CityCouncilDistrict6.csv,AVG,SUSAN WENGRAF,match,match,match,match,match,match,match,match,match,match,match,match,match,match,match,match
SanLeandro_11062018_CountyCouncilDistrict3.csv,OM,"VICTOR AGUILAR, JR.",match,match,match,match,match,match,match,match,match,match,match,match,match,match,no_match,match
SanLeandro_11062018_CountyCouncilDistrict3.csv,PM,"VICTOR AGUILAR, JR.",match,match,match,match,match,match,match,match,match,match,match,match,match,match,no_match,match
SanLeandro_11062018_CountyCouncilDistrict3.csv,AVG,"VICTOR AGUILAR, JR.",match,match,match,match,match,match,match,match,match,match,match,match,match,match,no_match,match
Oakland_11032020_MemberCityCouncilDist3OaklandRCV.csv,OM,CARROLL FIFE,match,match,match,match,match,match,match,match,match,match,match,match,match,match,match,match
Oakland_11032020_MemberCityCouncilDist3OaklandRCV.csv,PM,CARROLL FIFE,match,match,match,match,match,match,match,match,match,match,match,match,match,match,match,match
Oakland_11032020_MemberCityCouncilDist3OaklandRCV.csv,AVG,CARROLL FIFE,match,match,match,match,match,match,match,match,match,match,match,match,match,match,match,match
Oakland_11052024_School_Director_D5.csv,OM,PATRICE BERRY,match,match,match,match,match,match,match,match,match,match,match,match,match,match,match,match
Oakland_11052024_School_Director_D5.csv,PM,PATRICE BERRY,match,match,match,match,match,match,match,match,match,match,match,match,match,match,match,match
Oakland_11052024_School_Director_D5.csv,AVG,PATRICE BERRY,match,match,match,match,match,match,match,match,match,match,match,match,match,match,match,match
SanLeandro_11022010_CountyCouncilDistrict3.csv,OM,DIANA M. SOUZA,match,match,match,match,match,match,match,match,match,match,match,match,match,match,match,match
SanLeandro_11022010_CountyCouncilDistrict3.csv,PM,DIANA M. SOUZA,match,match,match,match,match,match,match,match,match,match,match,match,match,match,match,match
SanLeandro_11022010_CountyCouncilDistrict3.csv,AVG,DIANA M. SOUZA,match,match,match,match,match,match,match,match,match,match,match,match,match,match,match,match
Oakland_11022010_CityCouncilDistrict2.csv,OM,PATRICIA KERNIGHAN,match,match,match,match,match,match,match,match,match,match,match,match,match,match,match,match
Oakland_11022010_CityCouncilDistrict2.csv,PM,PATRICIA KERNIGHAN,match,match,match,match,match,match,match,match,match,match,match,match,match,match,match,match
Oakland_11022010_CityCouncilDistrict2.csv,AVG,PATRICIA KERNIGHAN,match,match,match,match,match,match,match,match,match,match,match,match,match,match,match,match
Oakland_11032020_MemberCityCouncilDist7OaklandRCV.csv,OM,TREVA REID,match,match,match,match,match,match,match,match,match,match,match,match,match,match,match,match
Oakland_11032020_MemberCityCouncilDist7OaklandRCV.csv,PM,TREVA REID,match,match,match,match,match,match,match,match,match,match,match,match,match,match,match,match
Oakland_11032020_MemberCityCouncilDist7OaklandRCV.csv,AVG,TREVA REID,match,match,match,match,match,match,match,match,match,match,match,match,match,match,match,match
Berkeley_11082016_CityCouncilDistrict6.csv,OM,SUSAN WENGRAF,match,match,match,match,match,match,match,match,match,match,match,match,match,match,match,match
Berkeley_11082016_CityCouncilDistrict6.csv,PM,SUSAN WENGRAF,match,match,match,match,match,match,match,match,match,match,match,match,match,match,match,match
Berkeley_11082016_CityCouncilDistrict6.csv,AVG,SUSAN WENGRAF,match,match,match,match,match,match,match,match,match,match,match,match,match,match,match,match
SanLeandro_11022010_Mayor.csv,OM,STEPHEN H. CASSIDY,no_match,match,match,match,match,match,match,match,match,match,match,match,match,match,match,match
SanLeandro_11022010_Mayor.csv,PM,STEPHEN H. CASSIDY,no_match,match,match,match,match,match,match,match,match,match,match,match,match,match,match,match
SanLeandro_11022010_Mayor.csv,AVG,STEPHEN H. CASSIDY,no_match,match,match,match,match,match,match,match,match,match,match,match,match,match,match,match
Berkeley_11062012_CityCouncilDistrict5.csv,OM,LAURIE CAPITELLI,match,match,match,match,match,match,match,match,match,match,match,match,match,match,match,match
Berkeley_11062012_CityCouncilDistrict5.csv,PM,LAURIE CAPITELLI,match,match,match,match,match,match,match,match,match,match,match,match,match,match,match,match
Berkeley_11062012_CityCouncilDistrict5.csv,AVG,LAURIE CAPITELLI,match,match,match,match,match,match,match,match,match,match,match,match,match,match,match,match
SanLeandro_11022010_CountyCouncilDistrict1.csv,OM,MICHAEL J. GREGORY,match,match,match,match,match,match,match,match,match,match,match,match,match,match,match,match
SanLeandro_11022010_CountyCouncilDistrict1.csv,PM,MICHAEL J. GREGORY,match,match,match,match,match,match,match,match,match,match,match,match,match,match,match,match
SanLeandro_11022010_CountyCouncilDistrict1.csv,AVG,MICHAEL J. GREGORY,match,match,match,match,match,match,match,match,match,match,match,match,match,match,match,match
Oakland_11052024_School_Director_D7.csv,OM,CLIFFORD THOMPSON,match,match,match,match,match,match,match,match,match,match,match,match,match,match,match,match
Oakland_11052024_School_Director_D7.csv,PM,CLIFFORD THOMPSON,match,match,match,match,match,match,match,match,match,match,match,match,match,match,match,match
Oakland_11052024_School_Director_D7.csv,AVG,CLIFFORD THOMPSON,match,match,match,match,match,match,match,match,match,match,match,match,match,match,match,match
SanLeandro_11062018_CountyCouncilDistrict1.csv,OM,DEBORAH COX,match,match,match,match,match,match,match,match,match,match,match,match,match,match,match,match
SanLeandro_11062018_CountyCouncilDistrict1.csv,PM,DEBORAH COX,match,match,match,match,match,match,match,match,match,match,match,match,match,match,match,match
SanLeandro_11062018_CountyCouncilDistrict1.csv,AVG,DEBORAH COX,match,match,match,match,match,match,match,match,match,match,match,match,match,match,match,match
Berkeley_11082016_CityCouncilDistrict5.csv,OM,SOPHIE HAHN,match,match,match,match,match,match,match,match,match,match,match,match,match,match,match,match
Berkeley_11082016_CityCouncilDistrict5.csv,PM,SOPHIE HAHN,match,match,match,match,match,match,match,match,match,match,match,match,match,match,match,match
Berkeley_11082016_CityCouncilDistrict5.csv,AVG,SOPHIE HAHN,match,match,match,match,match,match,match,match,match,match,match,match,match,match,match,match
SanLeandro_11032020_MemberCityCouncilDist2SanLeandroRCV.csv,OM,BRYAN AZEVEDO,match,match,match,match,match,match,match,match,match,match,match,match,match,match,match,match
SanLeandro_11032020_MemberCityCouncilDist2SanLeandroRCV.csv,PM,BRYAN AZEVEDO,match,match,match,match,match,match,match,match,match,match,match,match,match,match,match,match
SanLeandro_11032020_MemberCityCouncilDist2SanLeandroRCV.csv,AVG,BRYAN AZEVEDO,match,match,match,match,match,match,match,match,match,match,match,match,match,match,match,match
SanFrancisco_11022010_BoardofSupervisorsDistrict6.csv,OM,JANE KIM,match,match,match,match,match,match,match,match,match,match,match,match,match,match,match,match
SanFrancisco_11022010_BoardofSupervisorsDistrict6.csv,PM,JANE KIM,match,match,match,match,match,match,match,match,match,match,match,match,match,match,match,match
SanFrancisco_11022010_BoardofSupervisorsDistrict6.csv,AVG,JANE KIM,match,match,match,match,match,match,match,match,match,match,match,match,match,match,match,match
SanFrancisco_11082016_BoardofSupervisorsDistrict7.csv,OM,NORMAN YEE,match,match,match,match,match,match,match,match,match,match,match,match,match,match,match,match
SanFrancisco_11082016_BoardofSupervisorsDistrict7.csv,PM,NORMAN YEE,match,match,match,match,match,match,match,match,match,match,match,match,match,match,match,match
SanFrancisco_11082016_BoardofSupervisorsDistrict7.csv,AVG,NORMAN YEE,match,match,match,match,match,match,match,match,match,match,match,match,match,match,match,match
SanFrancisco_11052024_BoS_D7.csv,OM,MYRNA MELGAR,match,match,match,match,no_match,match,match,match,match,match,match,match,match,match,match,match
SanFrancisco_11052024_BoS_D7.csv,PM,MYRNA MELGAR,match,match,match,match,no_match,match,match,match,match,match,match,match,match,match,match,match
SanFrancisco_11052024_BoS_D7.csv,AVG,MYRNA MELGAR,match,match,match,match,no_match,match,match,match,match,match,match,match,match,match,match,match
SanFrancisco_06052018_Mayor.csv,OM,LONDON BREED,match,match,match,no_match,no_match,no_match,match,match,match,match,match,match,match,no_match,no_match,match
SanFrancisco_06052018_Mayor.csv,PM,LONDON BREED,match,match,match,no_match,no_match,no_match,match,match,match,match,match,match,match,no_match,no_match,match
SanFrancisco_06052018_Mayor.csv,AVG,LONDON BREED,match,match,match,no_match,no_match,no_match,match,match,match,match,match,match,match,no_match,no_match,match
SanFrancisco_11032020_BOARDOFSUPERVISORSDISTRICT9.csv,OM,HILLARY RONEN,match,match,match,match,match,match,match,match,match,match,match,match,match,match,match,match
SanFrancisco_11032020_BOARDOFSUPERVISORSDISTRICT9.csv,PM,HILLARY RONEN,match,match,match,match,match,match,match,match,match,match,match,match,match,match,match,match
SanFrancisco_11032020_BOARDOFSUPERVISORSDISTRICT9.csv,AVG,HILLARY RONEN,match,match,match,match,match,match,match,match,match,match,match,match,match,match,match,match
SanFrancisco_11052024_BoS_D11.csv,OM,CHYANNE CHEN,no_match,match,match,match,no_match,match,match,match,match,match,match,match,match,match,match,match
SanFrancisco_11052024_BoS_D11.csv,PM,CHYANNE CHEN,no_match,match,match,match,no_match,match,match,match,match,match,match,match,match,match,match,match
SanFrancisco_11052024_BoS_D11.csv,AVG,CHYANNE CHEN,no_match,match,match,match,no_match,match,match,match,match,match,match,match,match,match,match,match
SanFrancisco_11052024_BoS_D5.csv,OM,BILAL MAHMOOD,no_match,match,match,match,match,match,match,match,match,match,match,match,match,match,match,match
SanFrancisco_11052024_BoS_D5.csv,PM,BILAL MAHMOOD,no_match,match,match,match,match,match,match,match,match,match,match,match,match,match,match,match
SanFrancisco_11052024_BoS_D5.csv,AVG,BILAL MAHMOOD,no_match,match,match,match,match,match,match,match,match,match,match,match,match,match,match,match
SanFrancisco_11082016_BoardofSupervisorsDistrict5.csv,OM,LONDON BREED,match,match,match,match,match,match,match,match,match,match,match,match,match,match,match,match
SanFrancisco_11082016_BoardofSupervisorsDistrict5.csv,PM,LONDON BREED,match,match,match,match,match,match,match,match,match,match,match,match,match,match,match,match
SanFrancisco_11082016_BoardofSupervisorsDistrict5.csv,AVG,LONDON BREED,match,match,match,match,match,match,match,match,match,match,match,match,match,match,match,match
SanFrancisco_11062018_BoardofSupervisorsDistrict10.csv,OM,SHAMANN WALTON,match,match,match,match,match,match,match,match,match,match,match,match,match,match,match,match
SanFrancisco_11062018_BoardofSupervisorsDistrict10.csv,PM,SHAMANN WALTON,match,match,match,match,match,match,match,match,match,match,match,match,match,match,match,match
SanFrancisco_11062018_BoardofSupervisorsDistrict10.csv,AVG,SHAMANN WALTON,match,match,match,match,match,match,match,match,match,match,match,match,match,match,match,match
SanFrancisco_11082005_AssessorRecorder.csv,OM,Phil Ting,match,match,match,match,match,match,match,match,match,match,match,match,match,match,match,match
SanFrancisco_11082005_AssessorRecorder.csv,PM,Phil Ting,match,match,match,match,match,match,match,match,match,match,match,match,match,match,match,match
SanFrancisco_11082005_AssessorRecorder.csv,AVG,Phil Ting,match,match,match,match,match,match,match,match,match,match,match,match,match,match,match,match
SanFrancisco_11062018_BoardofSupervisorsDistrict8.csv,OM,RAFAEL MANDELMAN,match,match,match,match,match,match,match,match,match,match,match,match,match,match,match,match
SanFrancisco_11062018_BoardofSupervisorsDistrict8.csv,PM,RAFAEL MANDELMAN,match,match,match,match,match,match,match,match,match,match,match,match,match,match,match,match
SanFrancisco_11062018_BoardofSupervisorsDistrict8.csv,AVG,RAFAEL MANDELMAN,match,match,match,match,match,match,match,match,match,match,match,match,match,match,match,match
SanFrancisco_11082016_BoardofSupervisorsDistrict1.csv,OM,SANDRA LEE FEWER,match,match,match,match,match,match,match,match,match,match,match,match,match,match,match,match
SanFrancisco_11082016_BoardofSupervisorsDistrict1.csv,PM,SANDRA LEE FEWER,match,match,match,match,match,match,match,match,match,match,match,match,match,match,match,match
SanFrancisco_11082016_BoardofSupervisorsDistrict1.csv,AVG,SANDRA LEE FEWER,match,match,match,match,match,match,match,match,match,match,match,match,match,match,match,match
SanFrancisco_11052019_CityAttorney.csv,OM,DENNIS J. HERRERA,match,match,match,match,match,match,match,match,match,match,match,match,match,match,match,match
SanFrancisco_11052019_CityAttorney.csv,PM,DENNIS J. HERRERA,match,match,match,match,match,match,match,match,match,match,match,match,match,match,match,match
SanFrancisco_11052019_CityAttorney.csv,AVG,DENNIS J. HERRERA,match,match,match,match,match,match,match,match,match,match,match,match,match,match,match,match
SanFrancisco_11052024_BoS_D1.csv,OM,CONNIE CHAN,match,match,match,match,no_match,match,match,match,match,match,match,match,match,match,match,match
SanFrancisco_11052024_BoS_D1.csv,PM,CONNIE CHAN,match,match,match,match,no_match,match,match,match,match,match,match,match,match,match,match,match
SanFrancisco_11052024_BoS_D1.csv,AVG,CONNIE CHAN,match,match,match,match,no_match,match,match,match,match,match,match,match,match,match,match,match
SanFrancisco_11052024_Treasurer.csv,OM,JOSÉ CISNEROS,match,match,match,match,match,match,match,match,match,match,match,match,match,match,match,match
SanFrancisco_11052024_Treasurer.csv,PM,JOSÉ CISNEROS,match,match,match,match,match,match,match,match,match,match,match,match,match,match,match,match
SanFrancisco_11052024_Treasurer.csv,AVG,JOSÉ CISNEROS,match,match,match,match,match,match,match,match,match,match,match,match,match,match,match,match
SanFrancisco_11042008_BoardofSupervisorsDistrict9.csv,OM,DAVID CAMPOS,match,match,match,match,match,match,match,match,match,match,match,match,match,match,match,match
SanFrancisco_11042008_BoardofSupervisorsDistrict9.csv,PM,DAVID CAMPOS,match,match,match,match,match,match,match,match,match,match,match,match,match,match,match,match
SanFrancisco_11042008_BoardofSupervisorsDistrict9.csv,AVG,DAVID CAMPOS,match,match,match,match,match,match,match,match,match,match,match,match,match,match,match,match
SanFrancisco_11052024_BoS_D3.csv,OM,DANNY SAUTER,match,match,match,match,match,match,match,match,match,match,match,match,match,match,match,match
SanFrancisco_11052024_BoS_D3.csv,PM,DANNY SAUTER,match,match,match,match,match,match,match,match,match,match,match,match,match,match,match,match
SanFrancisco_11052024_BoS_D3.csv,AVG,DANNY SAUTER,match,match,match,match,match,match,match,match,match,match,match,match,match,match,match,match
SanFrancisco_11082022_PublicDefender.csv,OM,MANO RAJU,match,match,match,match,match,match,match,match,match,match,match,match,match,match,match,match
SanFrancisco_11082022_PublicDefender.csv,PM,MANO RAJU,match,match,match,match,match,match,match,match,match,match,match,match,match,match,match,match
SanFrancisco_11082022_PublicDefender.csv,AVG,MANO RAJU,match,match,match,match,match,match,match,match,match,match,match,match,match,match,match,match
SanFrancisco_11082016_BoardofSupervisorsDistrict3.csv,OM,AARON PESKIN,match,match,match,match,match,match,match,match,match,match,match,match,match,match,match,match
SanFrancisco_11082016_BoardofSupervisorsDistrict3.csv,PM,AARON PESKIN,match,match,match,match,match,match,match,match,match,match,match,match,match,match,match,match
SanFrancisco_11082016_BoardofSupervisorsDistrict3.csv,AVG,AARON PESKIN,match,match,match,match,match,match,match,match,match,match,match,match,match,match,match,match
SanFrancisco_11052019_Treasurer.csv,OM,JOSÉ CISNEROS,match,match,match,match,match,match,match,match,match,match,match,match,match,match,match,match
SanFrancisco_11052019_Treasurer.csv,PM,JOSÉ CISNEROS,match,match,match,match,match,match,match,match,match,match,match,match,match,match,match,match
SanFrancisco_11052019_Treasurer.csv,AVG,JOSÉ CISNEROS,match,match,match,match,match,match,match,match,match,match,match,match,match,match,match,match
SanFrancisco_11022010_BoardofSupervisorsDistrict2.csv,OM,MARK FARRELL,no_match,match,match,match,match,match,match,match,match,match,match,match,match,match,match,match
SanFrancisco_11022010_BoardofSupervisorsDistrict2.csv,PM,MARK FARRELL,no_match,match,match,match,match,match,match,match,match,match,match,match,match,match,match,match
SanFrancisco_11022010_BoardofSupervisorsDistrict2.csv,AVG,MARK FARRELL,no_match,match,match,match,match,match,match,match,match,match,match,match,match,match,match,match
SanFrancisco_11082022_BoardofSupervisorsD8.csv,OM,RAFAEL MANDELMAN,match,match,match,match,match,match,match,match,match,match,match,match,match,match,match,match
SanFrancisco_11082022_BoardofSupervisorsD8.csv,PM,RAFAEL MANDELMAN,match,match,match,match,match,match,match,match,match,match,match,match,match,match,match,match
SanFrancisco_11082022_BoardofSupervisorsD8.csv,AVG,RAFAEL MANDELMAN,match,match,match,match,match,match,match,match,match,match,match,match,match,match,match,match
SanFrancisco_11062012_BoardofSupervisorsDistrict5.csv,OM,LONDON BREED,match,match,match,match,match,match,match,match,match,match,match,match,match,match,match,match
SanFrancisco_11062012_BoardofSupervisorsDistrict5.csv,PM,LONDON BREED,match,match,match,match,match,match,match,match,match,match,match,match,match,match,match,match
SanFrancisco_11062012_BoardofSupervisorsDistrict5.csv,AVG,LONDON BREED,match,match,match,match,match,match,match,match,match,match,match,match,match,match,match,match
SanFrancisco_11052019_DistrictAttorney.csv,OM,CHESA BOUDIN,match,match,match,match,no_match,no_match,match,match,match,match,match,match,match,no_match,no_match,match
SanFrancisco_11052019_DistrictAttorney.csv,PM,CHESA BOUDIN,match,match,match,match,no_match,no_match,match,match,match,match,match,match,match,no_match,no_match,match
SanFrancisco_11052019_DistrictAttorney.csv,AVG,CHESA BOUDIN,match,match,match,match,no_match,no_match,match,match,match,match,match,match,match,no_match,no_match,match
SanFrancisco_11052019_PublicDefender.csv,OM,"MANOHAR ""MANO"" RAJU",match,match,match,match,match,match,match,match,match,match,match,match,match,match,match,match
SanFrancisco_11052019_PublicDefender.csv,PM,"MANOHAR ""MANO"" RAJU",match,match,match,match,match,match,match,match,match,match,match,match,match,match,match,match
SanFrancisco_11052019_PublicDefender.csv,AVG,"MANOHAR ""MANO"" RAJU",match,match,match,match,match,match,match,match,match,match,match,match,match,match,match,match
SanFrancisco_11022004_BoardofSupervisorsDistrict2.csv,OM,Michela Alioto-pier,match,match,match,match,match,match,match,match,match,match,match,match,match,match,match,match
SanFrancisco_11022004_BoardofSupervisorsDistrict2.csv,PM,Michela Alioto-pier,match,match,match,match,match,match,match,match,match,match,match,match,match,match,match,match
SanFrancisco_11022004_BoardofSupervisorsDistrict2.csv,AVG,Michela Alioto-pier,match,match,match,match,match,match,match,match,match,match,match,match,match,match,match,match
SanFrancisco_11022004_BoardofSupervisorsDistrict3.csv,OM,Arron Peskin,match,match,match,match,match,match,match,match,match,match,match,match,match,match,match,match
SanFrancisco_11022004_BoardofSupervisorsDistrict3.csv,PM,Arron Peskin,match,match,match,match,match,match,match,match,match,match,match,match,match,match,match,match
SanFrancisco_11022004_BoardofSupervisorsDistrict3.csv,AVG,Arron Peskin,match,match,match,match,match,match,match,match,match,match,match,match,match,match,match,match
SanFrancisco_11052024_DistrictAttorney.csv,OM,BROOKE JENKINS,match,match,match,match,match,match,match,match,match,match,match,match,match,match,match,match
SanFrancisco_11052024_DistrictAttorney.csv,PM,BROOKE JENKINS,match,match,match,match,match,match,match,match,match,match,match,match,match,match,match,match
SanFrancisco_11052024_DistrictAttorney.csv,AVG,BROOKE JENKINS,match,match,match,match,match,match,match,match,match,match,match,match,match,match,match,match
SanFrancisco_11072006_BoardofSupervisorsDistrict8.csv,OM,Bevan Dufty,match,match,match,match,match,match,match,match,match,match,match,match,match,match,match,match
SanFrancisco_11072006_BoardofSupervisorsDistrict8.csv,PM,Bevan Dufty,match,match,match,match,match,match,match,match,match,match,match,match,match,match,match,match
SanFrancisco_11072006_BoardofSupervisorsDistrict8.csv,AVG,Bevan Dufty,match,match,match,match,match,match,match,match,match,match,match,match,match,match,match,match
SanFrancisco_11062012_BoardofSupervisorsDistrict7.csv,OM,NORMAN YEE,match,match,match,match,match,match,match,match,match,match,match,match,match,match,match,match
SanFrancisco_11062012_BoardofSupervisorsDistrict7.csv,PM,NORMAN YEE,match,match,match,match,match,match,match,match,match,match,match,match,match,match,match,match
SanFrancisco_11062012_BoardofSupervisorsDistrict7.csv,AVG,NORMAN YEE,match,match,match,match,match,match,match,match,match,match,match,match,match,match,match,match
SanFrancisco_11082016_BoardofSupervisorsDistrict11.csv,OM,AHSHA SAFAI,match,match,match,no_match,no_match,no_match,no_match,match,match,match,match,match,match,no_match,no_match,match
SanFrancisco_11082016_BoardofSupervisorsDistrict11.csv,PM,AHSHA SAFAI,match,match,match,no_match,no_match,no_match,no_match,match,match,match,match,match,match,no_match,no_match,match
SanFrancisco_11082016_BoardofSupervisorsDistrict11.csv,AVG,AHSHA SAFAI,match,match,match,no_match,no_match,no_match,no_match,match,match,match,match,match,match,no_match,no_match,match
SanFrancisco_11022004_BoardofSupervisorsDistrict5.csv,OM,Ross Mirkarimi,match,match,match,match,match,match,match,match,match,match,match,match,match,match,match,match
SanFrancisco_11022004_BoardofSupervisorsDistrict5.csv,PM,Ross Mirkarimi,match,match,match,match,match,match,match,match,match,match,match,match,match,match,match,match
SanFrancisco_11022004_BoardofSupervisorsDistrict5.csv,AVG,Ross Mirkarimi,match,match,match,match,match,match,match,match,match,match,match,match,match,match,match,match
SanFrancisco_11082005_Treasurer.csv,OM,Jose Cisneros,match,match,match,match,match,match,match,match,match,match,match,match,match,match,match,match
SanFrancisco_11082005_Treasurer.csv,PM,Jose Cisneros,match,match,match,match,match,match,match,match,match,match,match,match,match,match,match,match
SanFrancisco_11082005_Treasurer.csv,AVG,Jose Cisneros,match,match,match,match,match,match,match,match,match,match,match,match,match,match,match,match
SanFrancisco_11022004_BoardofSupervisorsDistrict7.csv,OM,Sean R. Elsbernd,match,match,match,match,match,match,match,match,match,match,match,match,match,match,match,match
SanFrancisco_11022004_BoardofSupervisorsDistrict7.csv,PM,Sean R. Elsbernd,match,match,match,match,match,match,match,match,match,match,match,match,match,match,match,match
SanFrancisco_11022004_BoardofSupervisorsDistrict7.csv,AVG,Sean R. Elsbernd,match,match,match,match,match,match,match,match,match,match,match,match,match,match,match,match
SanFrancisco_11062007_Mayor.csv,OM,TIED,no_match,no_match,no_match,no_match,no_match,no_match,no_match,no_match,no_match,no_match,no_match,no_match,no_match,no_match,no_match,no_match
SanFrancisco_11062007_Mayor.csv,PM,Gavin Newsom,match,match,match,match,match,match,match,match,match,match,match,match,match,match,match,match
SanFrancisco_11062007_Mayor.csv,AVG,Gavin Newsom,match,match,match,match,match,match,match,match,match,match,match,match,match,match,match,match
SanFrancisco_11072006_BoardofSupervisorsDistrict10.csv,OM,Sophie Maxwell,match,match,match,match,match,match,match,match,match,match,match,match,match,match,match,match
SanFrancisco_11072006_BoardofSupervisorsDistrict10.csv,PM,Sophie Maxwell,match,match,match,match,match,match,match,match,match,match,match,match,match,match,match,match
SanFrancisco_11072006_BoardofSupervisorsDistrict10.csv,AVG,Sophie Maxwell,match,match,match,match,match,match,match,match,match,match,match,match,match,match,match,match
SanFrancisco_11082011_Mayor.csv,OM,TIED,no_match,no_match,no_match,no_match,no_match,no_match,no_match,no_match,no_match,no_match,no_match,no_match,no_match,no_match,no_match,no_match
SanFrancisco_11082011_Mayor.csv,PM,ED LEE,match,match,match,match,match,match,match,match,match,match,match,match,match,match,match,match
SanFrancisco_11082011_Mayor.csv,AVG,ED LEE,match,match,match,match,match,match,match,match,match,match,match,match,match,match,match,match
SanFrancisco_11082011_DistrictAttorney.csv,OM,GEORGE GASCÓN,match,match,match,match,match,match,match,match,match,match,match,match,match,match,match,match
SanFrancisco_11082011_DistrictAttorney.csv,PM,GEORGE GASCÓN,match,match,match,match,match,match,match,match,match,match,match,match,match,match,match,match
SanFrancisco_11082011_DistrictAttorney.csv,AVG,GEORGE GASCÓN,match,match,match,match,match,match,match,match,match,match,match,match,match,match,match,match
SanFrancisco_11052019_Sheriff.csv,OM,PAUL MIYAMOTO,match,match,match,match,match,match,match,match,match,match,match,match,match,match,match,match
SanFrancisco_11052019_Sheriff.csv,PM,PAUL MIYAMOTO,match,match,match,match,match,match,match,match,match,match,match,match,match,match,match,match
SanFrancisco_11052019_Sheriff.csv,AVG,PAUL MIYAMOTO,match,match,match,match,match,match,match,match,match,match,match,match,match,match,match,match
SanFrancisco_11062018_PublicDefender.csv,OM,JEFF ADACHI,match,match,match,match,match,match,match,match,match,match,match,match,match,match,match,match
SanFrancisco_11062018_PublicDefender.csv,PM,JEFF ADACHI,match,match,match,match,match,match,match,match,match,match,match,match,match,match,match,match
SanFrancisco_11062018_PublicDefender.csv,AVG,JEFF ADACHI,match,match,match,match,match,match,match,match,match,match,match,match,match,match,match,match
SanFrancisco_11022004_BoardofSupervisorsDistrict9.csv,OM,Tom Ammiano,match,match,match,match,match,match,match,match,match,match,match,match,match,match,match,match
SanFrancisco_11022004_BoardofSupervisorsDistrict9.csv,PM,Tom Ammiano,match,match,match,match,match,match,match,match,match,match,match,match,match,match,match,match
SanFrancisco_11022004_BoardofSupervisorsDistrict9.csv,AVG,Tom Ammiano,match,match,match,match,match,match,match,match,match,match,match,match,match,match,match,match
SanFrancisco_11052004_BoardofSupervisorsDistrict1.csv,OM,Jake McGoldrick,match,match,match,match,match,match,match,match,match,match,match,match,match,match,match,match
SanFrancisco_11052004_BoardofSupervisorsDistrict1.csv,PM,Jake McGoldrick,match,match,match,match,match,match,match,match,match,match,match,match,match,match,match,match
SanFrancisco_11052004_BoardofSupervisorsDistrict1.csv,AVG,Jake McGoldrick,match,match,match,match,match,match,match,match,match,match,match,match,match,match,match,match
SanFrancisco_11072006_BoardofSupervisorsDistrict2.csv,OM,Michela Alioto-pier,match,match,match,match,match,match,match,match,match,match,match,match,match,match,match,match
SanFrancisco_11072006_BoardofSupervisorsDistrict2.csv,PM,Michela Alioto-pier,match,match,match,match,match,match,match,match,match,match,match,match,match,match,match,match
SanFrancisco_11072006_BoardofSupervisorsDistrict2.csv,AVG,Michela Alioto-pier,match,match,match,match,match,match,match,match,match,match,match,match,match,match,match,match
SanFrancisco_11072006_BoardofSupervisorsDistrict6.csv,OM,Chris Daly,match,match,match,match,match,match,match,match,match,match,match,match,match,match,match,match
SanFrancisco_11072006_BoardofSupervisorsDistrict6.csv,PM,Chris Daly,match,match,match,match,match,match,match,match,match,match,match,match,match,match,match,match
SanFrancisco_11072006_BoardofSupervisorsDistrict6.csv,AVG,Chris Daly,match,match,match,match,match,match,match,match,match,match,match,match,match,match,match,match
SanFrancisco_11032015_BoardofSupervisorsDistrict3.csv,OM,AARON PESKIN,match,match,match,match,match,match,match,match,match,match,match,match,match,match,match,match
SanFrancisco_11032015_BoardofSupervisorsDistrict3.csv,PM,AARON PESKIN,match,match,match,match,match,match,match,match,match,match,match,match,match,match,match,match
SanFrancisco_11032015_BoardofSupervisorsDistrict3.csv,AVG,AARON PESKIN,match,match,match,match,match,match,match,match,match,match,match,match,match,match,match,match
SanFrancisco_11082022_AssessorRecorder.csv,OM,JOAQUÍN TORRES,match,match,match,match,match,match,match,match,match,match,match,match,match,match,match,match
SanFrancisco_11082022_AssessorRecorder.csv,PM,JOAQUÍN TORRES,match,match,match,match,match,match,match,match,match,match,match,match,match,match,match,match
SanFrancisco_11082022_AssessorRecorder.csv,AVG,JOAQUÍN TORRES,match,match,match,match,match,match,match,match,match,match,match,match,match,match,match,match
SanFrancisco_11082022_BoardofSupervisorsD10.csv,OM,SHAMANN WALTON,match,match,match,match,match,match,match,match,match,match,match,match,match,match,match,match
SanFrancisco_11082022_BoardofSupervisorsD10.csv,PM,SHAMANN WALTON,match,match,match,match,match,match,match,match,match,match,match,match,match,match,match,match
SanFrancisco_11082022_BoardofSupervisorsD10.csv,AVG,SHAMANN WALTON,match,match,match,match,match,match,match,match,match,match,match,match,match,match,match,match
SanFrancisco_11032015_Mayor.csv,OM,ED LEE,match,match,match,match,match,match,match,match,match,match,match,match,match,match,match,match
SanFrancisco_11032015_Mayor.csv,PM,ED LEE,match,match,match,match,match,match,match,match,match,match,match,match,match,match,match,match
SanFrancisco_11032015_Mayor.csv,AVG,ED LEE,match,match,match,match,match,match,match,match,match,match,match,match,match,match,match,match
SanFrancisco_11032020_BOARDOFSUPERVISORSDISTRICT11.csv,OM,AHSHA SAFAI,match,match,match,match,match,match,match,match,match,match,match,match,match,match,match,match
SanFrancisco_11032020_BOARDOFSUPERVISORSDISTRICT11.csv,PM,AHSHA SAFAI,match,match,match,match,match,match,match,match,match,match,match,match,match,match,match,match
SanFrancisco_11032020_BOARDOFSUPERVISORSDISTRICT11.csv,AVG,AHSHA SAFAI,match,match,match,match,match,match,match,match,match,match,match,match,match,match,match,match
SanFrancisco_11042008_BoardofSupervisorsDistrict11.csv,OM,JOHN AVALOS,match,match,match,match,match,match,match,match,match,match,match,match,match,match,match,match
SanFrancisco_11042008_BoardofSupervisorsDistrict11.csv,PM,JOHN AVALOS,match,match,match,match,match,match,match,match,match,match,match,match,match,match,match,match
SanFrancisco_11042008_BoardofSupervisorsDistrict11.csv,AVG,JOHN AVALOS,match,match,match,match,match,match,match,match,match,match,match,match,match,match,match,match
SanFrancisco_11072006_BoardofSupervisorsDistrict4.csv,OM,Ed Jew,match,match,match,match,match,match,match,match,match,match,match,match,match,match,match,match
SanFrancisco_11072006_BoardofSupervisorsDistrict4.csv,PM,Ed Jew,match,match,match,match,match,match,match,match,match,match,match,match,match,match,match,match
SanFrancisco_11072006_BoardofSupervisorsDistrict4.csv,AVG,Ed Jew,match,match,match,match,match,match,match,match,match,match,match,match,match,match,match,match
SanFrancisco_11022004_BoardofSupervisorsDistrict11.csv,OM,Gerardo Sandoval,match,match,match,match,match,match,match,match,match,match,match,match,match,match,match,match
SanFrancisco_11022004_BoardofSupervisorsDistrict11.csv,PM,Gerardo Sandoval,match,match,match,match,match,match,match,match,match,match,match,match,match,match,match,match
SanFrancisco_11022004_BoardofSupervisorsDistrict11.csv,AVG,Gerardo Sandoval,match,match,match,match,match,match,match,match,match,match,match,match,match,match,match,match
SanFrancisco_11062018_AssessorRecorder.csv,OM,CARMEN CHU,match,match,match,match,match,match,match,match,match,match,match,match,match,match,match,match
SanFrancisco_11062018_AssessorRecorder.csv,PM,CARMEN CHU,match,match,match,match,match,match,match,match,match,match,match,match,match,match,match,match
SanFrancisco_11062018_AssessorRecorder.csv,AVG,CARMEN CHU,match,match,match,match,match,match,match,match,match,match,match,match,match,match,match,match
SanFrancisco_11042008_BoardofSupervisorsDistrict5.csv,OM,ROSS MIRKARIMI,match,match,match,match,match,match,match,match,match,match,match,match,match,match,match,match
SanFrancisco_11042008_BoardofSupervisorsDistrict5.csv,PM,ROSS MIRKARIMI,match,match,match,match,match,match,match,match,match,match,match,match,match,match,match,match
SanFrancisco_11042008_BoardofSupervisorsDistrict5.csv,AVG,ROSS MIRKARIMI,match,match,match,match,match,match,match,match,match,match,match,match,match,match,match,match
SanFrancisco_11032020_BOARDOFSUPERVISORSDISTRICT1.csv,OM,CONNIE CHAN,match,match,match,no_match,no_match,no_match,no_match,match,match,match,match,match,match,no_match,no_match,match
SanFrancisco_11032020_BOARDOFSUPERVISORSDISTRICT1.csv,PM,CONNIE CHAN,match,match,match,no_match,no_match,no_match,no_match,match,match,match,match,match,match,no_match,no_match,match
SanFrancisco_11032020_BOARDOFSUPERVISORSDISTRICT1.csv,AVG,CONNIE CHAN,match,match,match,no_match,no_match,no_match,no_match,match,match,match,match,match,match,no_match,no_match,match
SanFrancisco_11052024_Sheriff.csv,OM,PAUL MIYAMOTO,match,match,match,match,match,match,match,match,match,match,match,match,match,match,match,match
SanFrancisco_11052024_Sheriff.csv,PM,PAUL MIYAMOTO,match,match,match,match,match,match,match,match,match,match,match,match,match,match,match,match
SanFrancisco_11052024_Sheriff.csv,AVG,PAUL MIYAMOTO,match,match,match,match,match,match,match,match,match,match,match,match,match,match,match,match
SanFrancisco_11082022_DistrictAttorney.csv,OM,BROOKE JENKINS,match,match,match,match,match,match,match,match,match,match,match,match,match,match,match,match
SanFrancisco_11082022_DistrictAttorney.csv,PM,BROOKE JENKINS,match,match,match,match,match,match,match,match,match,match,match,match,match,match,match,match
SanFrancisco_11082022_DistrictAttorney.csv,AVG,BROOKE JENKINS,match,match,match,match,match,match,match,match,match,match,match,match,match,match,match,match
SanFrancisco_11042008_BoardofSupervisorsDistrict4.csv,OM,CARMEN CHU,match,match,match,match,match,match,match,match,match,match,match,match,match,match,match,match
SanFrancisco_11042008_BoardofSupervisorsDistrict4.csv,PM,CARMEN CHU,match,match,match,match,match,match,match,match,match,match,match,match,match,match,match,match
SanFrancisco_11042008_BoardofSupervisorsDistrict4.csv,AVG,CARMEN CHU,match,match,match,match,match,match,match,match,match,match,match,match,match,match,match,match
SanFrancisco_11062018_BoardofSupervisorsDistrict6.csv,OM,MATT HANEY,match,match,match,match,match,match,match,match,match,match,match,match,match,match,match,match
SanFrancisco_11062018_BoardofSupervisorsDistrict6.csv,PM,MATT HANEY,match,match,match,match,match,match,match,match,match,match,match,match,match,match,match,match
SanFrancisco_11062018_BoardofSupervisorsDistrict6.csv,AVG,MATT HANEY,match,match,match,match,match,match,match,match,match,match,match,match,match,match,match,match
SanFrancisco_11052024_Mayor.csv,OM,DANIEL LURIE,no_winner,no_winner,no_winner,no_winner,no_winner,no_winner,no_winner,no_winner,no_winner,no_winner,no_winner,no_winner,no_winner,no_winner,no_winner,no_winner
SanFrancisco_11082022_BoardofSupervisorsD4.csv,OM,JOEL ENGARDIO,match,match,match,match,match,match,match,match,match,match,match,match,match,match,match,match
SanFrancisco_11082022_BoardofSupervisorsD4.csv,PM,JOEL ENGARDIO,match,match,match,match,match,match,match,match,match,match,match,match,match,match,match,match
SanFrancisco_11082022_BoardofSupervisorsD4.csv,AVG,JOEL ENGARDIO,match,match,match,match,match,match,match,match,match,match,match,match,match,match,match,match
SanFrancisco_11082022_BoardofSupervisorsD6.csv,OM,MATT DORSEY,match,match,match,match,match,match,match,match,match,match,match,match,match,match,match,match
SanFrancisco_11082022_BoardofSupervisorsD6.csv,PM,MATT DORSEY,match,match,match,match,match,match,match,match,match,match,match,match,match,match,match,match
SanFrancisco_11082022_BoardofSupervisorsD6.csv,AVG,MATT DORSEY,match,match,match,match,match,match,match,match,match,match,match,match,match,match,match,match
SanFrancisco_11062018_BoardofSupervisorsDistrict4.csv,OM,GORDON MAR,match,match,match,match,match,match,match,match,match,match,match,match,match,match,match,match
SanFrancisco_11062018_BoardofSupervisorsDistrict4.csv,PM,GORDON MAR,match,match,match,match,match,match,match,match,match,match,match,match,match,match,match,match
SanFrancisco_11062018_BoardofSupervisorsDistrict4.csv,AVG,GORDON MAR,match,match,match,match,match,match,match,match,match,match,match,match,match,match,match,match
SanFrancisco_11042014_BoardofSupervisorsDistrict10.csv,OM,MALIA COHEN,match,match,match,match,match,match,match,match,match,match,match,match,match,match,match,match
SanFrancisco_11042014_BoardofSupervisorsDistrict10.csv,PM,MALIA COHEN,match,match,match,match,match,match,match,match,match,match,match,match,match,match,match,match
SanFrancisco_11042014_BoardofSupervisorsDistrict10.csv,AVG,MALIA COHEN,match,match,match,match,match,match,match,match,match,match,match,match,match,match,match,match
SanFrancisco_11032020_BOARDOFSUPERVISORSDISTRICT3.csv,OM,AARON PESKIN,match,match,match,match,no_match,match,match,match,match,match,match,match,match,match,match,match
SanFrancisco_11032020_BOARDOFSUPERVISORSDISTRICT3.csv,PM,AARON PESKIN,match,match,match,match,no_match,match,match,match,match,match,match,match,match,match,match,match
SanFrancisco_11032020_BOARDOFSUPERVISORSDISTRICT3.csv,AVG,AARON PESKIN,match,match,match,match,no_match,match,match,match,match,match,match,match,match,match,match,match
SanFrancisco_11042008_BoardofSupervisorsDistrict7.csv,OM,SEAN R. ELSBERND,match,match,match,match,match,match,match,match,match,match,match,match,match,match,match,match
SanFrancisco_11042008_BoardofSupervisorsDistrict7.csv,PM,SEAN R. ELSBERND,match,match,match,match,match,match,match,match,match,match,match,match,match,match,match,match
SanFrancisco_11042008_BoardofSupervisorsDistrict7.csv,AVG,SEAN R. ELSBERND,match,match,match,match,match,match,match,match,match,match,match,match,match,match,match,match
SanFrancisco_11042008_BoardofSupervisorsDistrict3.csv,OM,DAVID CHIU,match,match,match,match,match,match,match,match,match,match,match,match,match,match,match,match
SanFrancisco_11042008_BoardofSupervisorsDistrict3.csv,PM,DAVID CHIU,match,match,match,match,match,match,match,match,match,match,match,match,match,match,match,match
SanFrancisco_11042008_BoardofSupervisorsDistrict3.csv,AVG,DAVID CHIU,match,match,match,match,match,match,match,match,match,match,match,match,match,match,match,match
SanFrancisco_11032020_BOARDOFSUPERVISORSDISTRICT7.csv,OM,MYRNA MELGAR,no_match,match,no_match,match,match,match,match,match,match,match,match,match,match,match,match,match
SanFrancisco_11032020_BOARDOFSUPERVISORSDISTRICT7.csv,PM,MYRNA MELGAR,no_match,match,no_match,match,match,match,match,match,match,match,match,match,match,match,match,match
SanFrancisco_11032020_BOARDOFSUPERVISORSDISTRICT7.csv,AVG,MYRNA MELGAR,no_match,match,no_match,match,match,match,match,match,match,match,match,match,match,match,match,match
SanFrancisco_11052024_BoS_D9.csv,OM,JACKIE FIELDER,match,match,match,match,match,match,match,match,match,match,match,match,match,match,match,match
SanFrancisco_11052024_BoS_D9.csv,PM,JACKIE FIELDER,match,match,match,match,match,match,match,match,match,match,match,match,match,match,match,match
SanFrancisco_11052024_BoS_D9.csv,AVG,JACKIE FIELDER,match,match,match,match,match,match,match,match,match,match,match,match,match,match,match,match
SanFrancisco_11082016_BoardofSupervisorsDistrict9.csv,OM,HILLARY RONEN,match,match,match,match,match,match,match,match,match,match,match,match,match,match,match,match
SanFrancisco_11082016_BoardofSupervisorsDistrict9.csv,PM,HILLARY RONEN,match,match,match,match,match,match,match,match,match,match,match,match,match,match,match,match
SanFrancisco_11082016_BoardofSupervisorsDistrict9.csv,AVG,HILLARY RONEN,match,match,match,match,match,match,match,match,match,match,match,match,match,match,match,match
SanFrancisco_11022010_BoardofSupervisorsDistrict10.csv,OM,MALIA COHEN,no_match,match,no_match,match,match,match,match,match,match,match,match,match,match,match,match,match
SanFrancisco_11022010_BoardofSupervisorsDistrict10.csv,PM,MALIA COHEN,no_match,match,no_match,match,match,match,match,match,match,match,match,match,match,match,match,match
SanFrancisco_11022010_BoardofSupervisorsDistrict10.csv,AVG,MALIA COHEN,no_match,match,no_match,match,match,match,match,match,match,match,match,match,match,match,match,match
SanFrancisco_11032015_Sheriff.csv,OM,VICKI HENNESSY,match,match,match,match,match,match,match,match,match,match,match,match,match,match,match,match
SanFrancisco_11032015_Sheriff.csv,PM,VICKI HENNESSY,match,match,match,match,match,match,match,match,match,match,match,match,match,match,match,match
SanFrancisco_11032015_Sheriff.csv,AVG,VICKI HENNESSY,match,match,match,match,match,match,match,match,match,match,match,match,match,match,match,match
SanFrancisco_11082011_Sheriff.csv,OM,ROSS MIRKARIMI,match,match,match,match,no_match,match,match,match,match,match,match,match,match,match,match,match
SanFrancisco_11082011_Sheriff.csv,PM,ROSS MIRKARIMI,match,match,match,match,no_match,match,match,match,match,match,match,match,match,match,match,match
SanFrancisco_11082011_Sheriff.csv,AVG,ROSS MIRKARIMI,match,match,match,match,no_match,match,match,match,match,match,match,match,match,match,match,match
SanFrancisco_06052018_BoardofSupervisorsDistrict8.csv,OM,RAFAEL MANDELMAN,match,match,match,match,match,match,match,match,match,match,match,match,match,match,match,match
SanFrancisco_06052018_BoardofSupervisorsDistrict8.csv,PM,RAFAEL MANDELMAN,match,match,match,match,match,match,match,match,match,match,match,match,match,match,match,match
SanFrancisco_06052018_BoardofSupervisorsDistrict8.csv,AVG,RAFAEL MANDELMAN,match,match,match,match,match,match,match,match,match,match,match,match,match,match,match,match
SanFrancisco_11082022_BoardofSupervisorsD2.csv,OM,CATHERINE STEFANI,match,match,match,match,match,match,match,match,match,match,match,match,match,match,match,match
SanFrancisco_11082022_BoardofSupervisorsD2.csv,PM,CATHERINE STEFANI,match,match,match,match,match,match,match,match,match,match,match,match,match,match,match,match
SanFrancisco_11082022_BoardofSupervisorsD2.csv,AVG,CATHERINE STEFANI,match,match,match,match,match,match,match,match,match,match,match,match,match,match,match,match
SanFrancisco_11022010_BoardofSupervisorsDistrict8.csv,OM,SCOTT WIENER,match,match,match,match,match,match,match,match,match,match,match,match,match,match,match,match
SanFrancisco_11022010_BoardofSupervisorsDistrict8.csv,PM,SCOTT WIENER,match,match,match,match,match,match,match,match,match,match,match,match,match,match,match,match
SanFrancisco_11022010_BoardofSupervisorsDistrict8.csv,AVG,SCOTT WIENER,match,match,match,match,match,match,match,match,match,match,match,match,match,match,match,match
SanFrancisco_11062018_BoardofSupervisorsDistrict2.csv,OM,CATHERINE STEFANI,match,match,match,match,match,match,match,match,match,match,match,match,match,match,match,match
SanFrancisco_11062018_BoardofSupervisorsDistrict2.csv,PM,CATHERINE STEFANI,match,match,match,match,match,match,match,match,match,match,match,match,match,match,match,match
SanFrancisco_11062018_BoardofSupervisorsDistrict2.csv,AVG,CATHERINE STEFANI,match,match,match,match,match,match,match,match,match,match,match,match,match,match,match,match
SanFrancisco_11052024_CityAttorney.csv,OM,DAVID CHIU,match,match,match,match,match,match,match,match,match,match,match,match,match,match,match,match
SanFrancisco_11052024_CityAttorney.csv,PM,DAVID CHIU,match,match,match,match,match,match,match,match,match,match,match,match,match,match,match,match
SanFrancisco_11052024_CityAttorney.csv,AVG,DAVID CHIU,match,match,match,match,match,match,match,match,match,match,match,match,match,match,match,match
SanFrancisco_11032020_BOARDOFSUPERVISORSDISTRICT5.csv,OM,DEAN PRESTON,match,match,match,match,match,match,match,match,match,match,match,match,match,match,match,match
SanFrancisco_11032020_BOARDOFSUPERVISORSDISTRICT5.csv,PM,DEAN PRESTON,match,match,match,match,match,match,match,match,match,match,match,match,match,match,match,match
SanFrancisco_11032020_BOARDOFSUPERVISORSDISTRICT5.csv,AVG,DEAN PRESTON,match,match,match,match,match,match,match,match,match,match,match,match,match,match,match,match
SanFrancisco_11042008_BoardofSupervisorsDistrict1.csv,OM,ERIC MAR,match,match,match,no_match,no_match,no_match,no_match,match,match,match,match,match,match,no_match,no_match,match
SanFrancisco_11042008_BoardofSupervisorsDistrict1.csv,PM,ERIC MAR,match,match,match,no_match,no_match,no_match,no_match,match,match,match,match,match,match,no_match,no_match,match
SanFrancisco_11042008_BoardofSupervisorsDistrict1.csv,AVG,ERIC MAR,match,match,match,no_match,no_match,no_match,no_match,match,match,match,match,match,match,no_match,no_match,match
NewYorkCity_06222021_REPCouncilMember23rdCouncilDistrict.csv,OM,James F. Reilly,match,match,match,match,match,match,match,match,match,match,match,match,match,match,match,match
NewYorkCity_06222021_REPCouncilMember23rdCouncilDistrict.csv,PM,James F. Reilly,match,match,match,match,match,match,match,match,match,match,match,match,match,match,match,match
NewYorkCity_06222021_REPCouncilMember23rdCouncilDistrict.csv,AVG,James F. Reilly,match,match,match,match,match,match,match,match,match,match,match,match,match,match,match,match
NewYorkCity_06222021_DEMCouncilMember27thCouncilDistrict.csv,OM,Nantasha M. Williams,match,match,match,match,match,match,match,match,match,match,match,match,match,match,match,match
NewYorkCity_06222021_DEMCouncilMember27thCouncilDistrict.csv,PM,Nantasha M. Williams,match,match,match,match,match,match,match,match,match,match,match,match,match,match,match,match
NewYorkCity_06222021_DEMCouncilMember27thCouncilDistrict.csv,AVG,Nantasha M. Williams,match,match,match,match,match,match,match,match,match,match,match,match,match,match,match,match
NewYorkCity_06222021_DEMCouncilMember33rdCouncilDistrict.csv,OM,Lincoln Restler,match,match,match,match,match,match,match,match,match,match,match,match,match,match,match,match
NewYorkCity_06222021_DEMCouncilMember33rdCouncilDistrict.csv,PM,Lincoln Restler,match,match,match,match,match,match,match,match,match,match,match,match,match,match,match,match
NewYorkCity_06222021_DEMCouncilMember33rdCouncilDistrict.csv,AVG,Lincoln Restler,match,match,match,match,match,match,match,match,match,match,match,match,match,match,match,match
NewYorkCity_06222021_REPBoroughPresidentRichmond.csv,OM,Vito Fossella,match,match,match,match,no_match,match,match,match,match,match,match,match,match,match,match,match
NewYorkCity_06222021_REPBoroughPresidentRichmond.csv,PM,Vito Fossella,match,match,match,match,no_match,match,match,match,match,match,match,match,match,match,match,match
NewYorkCity_06222021_REPBoroughPresidentRichmond.csv,AVG,Vito Fossella,match,match,match,match,no_match,match,match,match,match,match,match,match,match,match,match,match
NewYorkCity_06222021_DEMCouncilMember10thCouncilDistrict.csv,OM,Carmen N. De La Rosa,match,match,match,match,match,match,match,match,match,match,match,match,match,match,match,match
NewYorkCity_06222021_DEMCouncilMember10thCouncilDistrict.csv,PM,Carmen N. De La Rosa,match,match,match,match,match,match,match,match,match,match,match,match,match,match,match,match
NewYorkCity_06222021_DEMCouncilMember10thCouncilDistrict.csv,AVG,Carmen N. De La Rosa,match,match,match,match,match,match,match,match,match,match,match,match,match,match,match,match
NewYorkCity_06222021_DEMCouncilMember28thCouncilDistrict.csv,OM,Adrienne E. Adams,match,match,match,match,match,match,match,match,match,match,match,match,match,match,match,match
NewYorkCity_06222021_DEMCouncilMember28thCouncilDistrict.csv,PM,Adrienne E. Adams,match,match,match,match,match,match,match,match,match,match,match,match,match,match,match,match
NewYorkCity_06222021_DEMCouncilMember28thCouncilDistrict.csv,AVG,Adrienne E. Adams,match,match,match,match,match,match,match,match,match,match,match,match,match,match,match,match
NewYorkCity_06222021_DEMCouncilMember15thCouncilDistrict.csv,OM,Oswald Feliz,match,match,match,match,match,match,match,match,match,match,match,match,match,match,match,match
NewYorkCity_06222021_DEMCouncilMember15thCouncilDistrict.csv,PM,Oswald Feliz,match,match,match,match,match,match,match,match,match,match,match,match,match,match,match,match
NewYorkCity_06222021_DEMCouncilMember15thCouncilDistrict.csv,AVG,Oswald Feliz,match,match,match,match,match,match,match,match,match,match,match,match,match,match,match,match
NewYorkCity_06222021_DEMMayorCitywide.csv,OM,Eric L. Adams,no_winner,no_winner,no_winner,no_winner,no_winner,no_winner,no_winner,no_winner,no_winner,no_winner,no_winner,no_winner,no_winner,no_winner,no_winner,no_winner
NewYorkCity_06222021_DEMCouncilMember46thCouncilDistrict.csv,OM,Mercedes Narcisse,match,match,match,match,match,match,match,match,match,match,match,match,match,match,match,match
NewYorkCity_06222021_DEMCouncilMember46thCouncilDistrict.csv,PM,Mercedes Narcisse,match,match,match,match,match,match,match,match,match,match,match,match,match,match,match,match
NewYorkCity_06222021_DEMCouncilMember46thCouncilDistrict.csv,AVG,Mercedes Narcisse,match,match,match,match,match,match,match,match,match,match,match,match,match,match,match,match
NewYorkCity_06222021_DEMBoroughPresidentKings.csv,OM,Antonio Reynoso,no_winner,no_winner,no_winner,no_winner,no_winner,no_winner,no_winner,no_winner,no_winner,no_winner,no_winner,no_winner,no_winner,no_winner,no_winner,no_winner
NewYorkCity_06222021_DEMBoroughPresidentKings.csv,PM,Antonio Reynoso,no_winner,no_winner,no_winner,no_winner,no_winner,no_winner,no_winner,no_winner,no_winner,no_winner,no_winner,no_winner,no_winner,no_winner,no_winner,no_winner
NewYorkCity_06222021_DEMBoroughPresidentKings.csv,AVG,Antonio Reynoso,no_winner,no_winner,no_winner,no_winner,no_winner,no_winner,no_winner,no_winner,no_winner,no_winner,no_winner,no_winner,no_winner,no_winner,no_winner,no_winner
NewYorkCity_06222021_DEMCouncilMember31stCouncilDistrict.csv,OM,Selvena N. Brooks-Powers,match,match,match,match,match,match,match,match,match,match,match,match,match,match,match,match
NewYorkCity_06222021_DEMCouncilMember31stCouncilDistrict.csv,PM,Selvena N. Brooks-Powers,match,match,match,match,match,match,match,match,match,match,match,match,match,match,match,match
NewYorkCity_06222021_DEMCouncilMember31stCouncilDistrict.csv,AVG,Selvena N. Brooks-Powers,match,match,match,match,match,match,match,match,match,match,match,match,match,match,match,match
NewYorkCity_06222021_DEMCouncilMember35thCouncilDistrict.csv,OM,Crystal Hudson,match,match,match,match,match,match,match,match,match,match,match,match,match,match,match,match
NewYorkCity_06222021_DEMCouncilMember35thCouncilDistrict.csv,PM,Crystal Hudson,match,match,match,match,match,match,match,match,match,match,match,match,match,match,match,match
NewYorkCity_06222021_DEMCouncilMember35thCouncilDistrict.csv,AVG,Crystal Hudson,match,match,match,match,match,match,match,match,match,match,match,match,match,match,match,match
NewYorkCity_06222021_DEMCouncilMember32ndCouncilDistrict.csv,OM,Felicia Singh,match,match,match,match,match,match,match,match,match,match,match,match,match,match,no_match,match
NewYorkCity_06222021_DEMCouncilMember32ndCouncilDistrict.csv,PM,Felicia Singh,match,match,match,match,match,match,match,match,match,match,match,match,match,match,no_match,match
NewYorkCity_06222021_DEMCouncilMember32ndCouncilDistrict.csv,AVG,Felicia Singh,match,match,match,match,match,match,match,match,match,match,match,match,match,match,no_match,match
NewYorkCity_06222021_DEMCouncilMember30thCouncilDistrict.csv,OM,Robert F. Holden,match,match,match,match,match,match,match,match,match,match,match,match,match,match,match,match
NewYorkCity_06222021_DEMCouncilMember30thCouncilDistrict.csv,PM,Robert F. Holden,match,match,match,match,match,match,match,match,match,match,match,match,match,match,match,match
NewYorkCity_06222021_DEMCouncilMember30thCouncilDistrict.csv,AVG,Robert F. Holden,match,match,match,match,match,match,match,match,match,match,match,match,match,match,match,match
NewYorkCity_06222021_DEMCouncilMember49thCouncilDistrict.csv,OM,Kamillah Hanks,match,match,match,match,match,match,match,match,match,match,match,match,match,match,match,match
NewYorkCity_06222021_DEMCouncilMember49thCouncilDistrict.csv,PM,Kamillah Hanks,match,match,match,match,match,match,match,match,match,match,match,match,match,match,match,match
NewYorkCity_06222021_DEMCouncilMember49thCouncilDistrict.csv,AVG,Kamillah Hanks,match,match,match,match,match,match,match,match,match,match,match,match,match,match,match,match
NewYorkCity_06222021_DEMCouncilMember29thCouncilDistrict.csv,OM,Lynn C. Schulman,match,match,match,match,match,match,match,match,match,match,match,match,match,match,match,match
NewYorkCity_06222021_DEMCouncilMember29thCouncilDistrict.csv,PM,Lynn C. Schulman,match,match,match,match,match,match,match,match,match,match,match,match,match,match,match,match
NewYorkCity_06222021_DEMCouncilMember29thCouncilDistrict.csv,AVG,Lynn C. Schulman,match,match,match,match,match,match,match,match,match,match,match,match,match,match,match,match
NewYorkCity_06222021_DEMCouncilMember11thCouncilDistrict.csv,OM,Eric Dinowitz,match,match,match,match,match,match,match,match,match,match,match,match,match,match,match,match
NewYorkCity_06222021_DEMCouncilMember11thCouncilDistrict.csv,PM,Eric Dinowitz,match,match,match,match,match,match,match,match,match,match,match,match,match,match,match,match
NewYorkCity_06222021_DEMCouncilMember11thCouncilDistrict.csv,AVG,Eric Dinowitz,match,match,match,match,match,match,match,match,match,match,match,match,match,match,match,match
NewYorkCity_06222021_DEMCouncilMember1stCouncilDistrict.csv,OM,Christopher Marte,match,match,match,match,match,match,match,match,match,match,match,match,match,match,match,match
NewYorkCity_06222021_DEMCouncilMember1stCouncilDistrict.csv,PM,Christopher Marte,match,match,match,match,match,match,match,match,match,match,match,match,match,match,match,match
NewYorkCity_06222021_DEMCouncilMember1stCouncilDistrict.csv,AVG,Christopher Marte,match,match,match,match,match,match,match,match,match,match,match,match,match,match,match,match
NewYorkCity_06222021_DEMCouncilMember14thCouncilDistrict.csv,OM,Pierina Ana Sanchez,match,match,match,match,match,match,match,match,match,match,match,match,match,match,match,match
NewYorkCity_06222021_DEMCouncilMember14thCouncilDistrict.csv,PM,Pierina Ana Sanchez,match,match,match,match,match,match,match,match,match,match,match,match,match,match,match,match
NewYorkCity_06222021_DEMCouncilMember14thCouncilDistrict.csv,AVG,Pierina Ana Sanchez,match,match,match,match,match,match,match,match,match,match,match,match,match,match,match,match
NewYorkCity_06222021_DEMCouncilMember5thCouncilDistrict.csv,OM,Julie Menin,match,match,match,match,match,match,match,match,match,match,match,match,match,match,match,match
NewYorkCity_06222021_DEMCouncilMember5thCouncilDistrict.csv,PM,Julie Menin,match,match,match,match,match,match,match,match,match,match,match,match,match,match,match,match
NewYorkCity_06222021_DEMCouncilMember5thCouncilDistrict.csv,AVG,Julie Menin,match,match,match,match,match,match,match,match,match,match,match,match,match,match,match,match
NewYorkCity_06222021_DEMCouncilMember2ndCouncilDistrict.csv,OM,Carlina Rivera,match,match,match,match,match,match,match,match,match,match,match,match,match,match,match,match
NewYorkCity_06222021_DEMCouncilMember2ndCouncilDistrict.csv,PM,Carlina Rivera,match,match,match,match,match,match,match,match,match,match,match,match,match,match,match,match
NewYorkCity_06222021_DEMCouncilMember2ndCouncilDistrict.csv,AVG,Carlina Rivera,match,match,match,match,match,match,match,match,match,match,match,match,match,match,match,match
NewYorkCity_06222021_DEMCouncilMember26thCouncilDistrict.csv,OM,Julie Won,match,match,match,match,match,match,match,match,match,match,match,match,match,match,match,match
NewYorkCity_06222021_DEMCouncilMember26thCouncilDistrict.csv,PM,Julie Won,match,match,match,match,match,match,match,match,match,match,match,match,match,match,match,match
NewYorkCity_06222021_DEMCouncilMember26thCouncilDistrict.csv,AVG,Julie Won,match,match,match,match,match,match,match,match,match,match,match,match,match,match,match,match
NewYorkCity_06222021_DEMCouncilMember34thCouncilDistrict.csv,OM,Jennifer Gutierrez,match,match,match,match,match,match,match,match,match,match,match,match,match,match,match,match
NewYorkCity_06222021_DEMCouncilMember34thCouncilDistrict.csv,PM,Jennifer Gutierrez,match,match,match,match,match,match,match,match,match,match,match,match,match,match,match,match
NewYorkCity_06222021_DEMCouncilMember34thCouncilDistrict.csv,AVG,Jennifer Gutierrez,match,match,match,match,match,match,match,match,match,match,match,match,match,match,match,match
NewYorkCity_06222021_DEMCouncilMember48thCouncilDistrict.csv,OM,Steven Saperstein,match,match,match,match,match,match,match,match,match,match,match,match,match,match,match,match
NewYorkCity_06222021_DEMCouncilMember48thCouncilDistrict.csv,PM,Steven Saperstein,match,match,match,match,match,match,match,match,match,match,match,match,match,match,match,match
NewYorkCity_06222021_DEMCouncilMember48thCouncilDistrict.csv,AVG,Steven Saperstein,match,match,match,match,match,match,match,match,match,match,match,match,match,match,match,match
NewYorkCity_06222021_DEMCouncilMember47thCouncilDistrict.csv,OM,Ari Kagan,match,match,match,match,match,match,match,match,match,match,match,match,match,match,match,match
NewYorkCity_06222021_DEMCouncilMember47thCouncilDistrict.csv,PM,Ari Kagan,match,match,match,match,match,match,match,match,match,match,match,match,match,match,match,match
NewYorkCity_06222021_DEMCouncilMember47thCouncilDistrict.csv,AVG,Ari Kagan,match,match,match,match,match,match,match,match,match,match,match,match,match,match,match,match
NewYorkCity_06222021_DEMBoroughPresidentQueens.csv,OM,Donovan J. Richards Jr.,match,match,match,no_match,no_match,no_match,no_match,match,match,match,match,match,match,no_match,match,match
NewYorkCity_06222021_DEMBoroughPresidentQueens.csv,PM,Donovan J. Richards Jr.,match,match,match,no_match,no_match,no_match,no_match,match,match,match,match,match,match,no_match,match,match
NewYorkCity_06222021_DEMBoroughPresidentQueens.csv,AVG,Donovan J. Richards Jr.,match,match,match,no_match,no_match,no_match,no_match,match,match,match,match,match,match,no_match,match,match
NewYorkCity_06222021_DEMCouncilMember3rdCouncilDistrict.csv,OM,Erik D. Bottcher,match,match,match,match,match,match,match,match,match,match,match,match,match,match,match,match
NewYorkCity_06222021_DEMCouncilMember3rdCouncilDistrict.csv,PM,Erik D. Bottcher,match,match,match,match,match,match,match,match,match,match,match,match,match,match,match,match
NewYorkCity_06222021_DEMCouncilMember3rdCouncilDistrict.csv,AVG,Erik D. Bottcher,match,match,match,match,match,match,match,match,match,match,match,match,match,match,match,match
NewYorkCity_06222021_REPCouncilMember24thCouncilDistrict.csv,OM,Timothy Rosen,match,match,match,match,match,match,match,match,match,match,match,match,match,match,match,match
NewYorkCity_06222021_REPCouncilMember24thCouncilDistrict.csv,PM,Timothy Rosen,match,match,match,match,match,match,match,match,match,match,match,match,match,match,match,match
NewYorkCity_06222021_REPCouncilMember24thCouncilDistrict.csv,AVG,Timothy Rosen,match,match,match,match,match,match,match,match,match,match,match,match,match,match,match,match
NewYorkCity_06222021_REPCouncilMember19thCouncilDistrict.csv,OM,Vickie Paladino,match,match,match,match,match,match,match,match,match,match,match,match,match,match,match,match
NewYorkCity_06222021_REPCouncilMember19thCouncilDistrict.csv,PM,Vickie Paladino,match,match,match,match,match,match,match,match,match,match,match,match,match,match,match,match
NewYorkCity_06222021_REPCouncilMember19thCouncilDistrict.csv,AVG,Vickie Paladino,match,match,match,match,match,match,match,match,match,match,match,match,match,match,match,match
NewYorkCity_06222021_DEMPublicAdvocateCitywide.csv,OM,Jumaane D. Williams,match,match,match,match,match,match,match,match,match,match,match,match,match,match,match,match
NewYorkCity_06222021_DEMPublicAdvocateCitywide.csv,PM,Jumaane D. Williams,match,match,match,match,match,match,match,match,match,match,match,match,match,match,match,match
NewYorkCity_06222021_DEMPublicAdvocateCitywide.csv,AVG,Jumaane D. Williams,match,match,match,match,match,match,match,match,match,match,match,match,match,match,match,match
NewYorkCity_06222021_REPMayorCitywide.csv,OM,Curtis A. Sliwa,match,match,match,match,match,match,match,match,match,match,match,match,match,match,match,match
NewYorkCity_06222021_REPMayorCitywide.csv,PM,Curtis A. Sliwa,match,match,match,match,match,match,match,match,match,match,match,match,match,match,match,match
NewYorkCity_06222021_REPMayorCitywide.csv,AVG,Curtis A. Sliwa,match,match,match,match,match,match,match,match,match,match,match,match,match,match,match,match
NewYorkCity_06222021_DEMComptrollerCitywide.csv,OM,Brad Lander,match,match,match,no_match,no_match,no_match,match,match,match,match,match,match,match,no_match,no_match,match
NewYorkCity_06222021_DEMComptrollerCitywide.csv,PM,Brad Lander,match,match,match,no_match,no_match,no_match,match,match,match,match,match,match,match,no_match,no_match,match
NewYorkCity_06222021_DEMComptrollerCitywide.csv,AVG,Brad Lander,match,match,match,no_match,no_match,no_match,match,match,match,match,match,match,match,no_match,no_match,match
NewYorkCity_06222021_DEMCouncilMember38thCouncilDistrict.csv,OM,Alexa Aviles,match,match,match,match,match,match,match,match,match,match,match,match,match,match,match,match
NewYorkCity_06222021_DEMCouncilMember38thCouncilDistrict.csv,PM,Alexa Aviles,match,match,match,match,match,match,match,match,match,match,match,match,match,match,match,match
NewYorkCity_06222021_DEMCouncilMember38thCouncilDistrict.csv,AVG,Alexa Aviles,match,match,match,match,match,match,match,match,match,match,match,match,match,match,match,match
NewYorkCity_06222021_DEMCouncilMember23rdCouncilDistrict.csv,OM,Linda Lee,match,match,match,match,match,match,match,match,match,match,match,match,match,match,match,match
NewYorkCity_06222021_DEMCouncilMember23rdCouncilDistrict.csv,PM,Linda Lee,match,match,match,match,match,match,match,match,match,match,match,match,match,match,match,match
NewYorkCity_06222021_DEMCouncilMember23rdCouncilDistrict.csv,AVG,Linda Lee,match,match,match,match,match,match,match,match,match,match,match,match,match,match,match,match
NewYorkCity_06222021_DEMBoroughPresidentRichmond.csv,OM,Mark S. Murphy,match,match,match,match,match,match,match,match,match,match,match,match,match,match,match,match
NewYorkCity_06222021_DEMBoroughPresidentRichmond.csv,PM,Mark S. Murphy,match,match,match,match,match,match,match,match,match,match,match,match,match,match,match,match
NewYorkCity_06222021_DEMBoroughPresidentRichmond.csv,AVG,Mark S. Murphy,match,match,match,match,match,match,match,match,match,match,match,match,match,match,match,match
NewYorkCity_06222021_REPCouncilMember15thCouncilDistrict.csv,OM,Ariel Rivera-Diaz,match,match,match,match,match,match,match,match,match,match,match,match,match,match,match,match
NewYorkCity_06222021_REPCouncilMember15thCouncilDistrict.csv,PM,Ariel Rivera-Diaz,match,match,match,match,match,match,match,match,match,match,match,match,match,match,match,match
NewYorkCity_06222021_REPCouncilMember15thCouncilDistrict.csv,AVG,Ariel Rivera-Diaz,match,match,match,match,match,match,match,match,match,match,match,match,match,match,match,match
NewYorkCity_06222021_DEMCouncilMember37thCouncilDistrict.csv,OM,Sandy Nurse,match,match,match,match,match,match,match,match,match,match,match,match,match,match,match,match
NewYorkCity_06222021_DEMCouncilMember37thCouncilDistrict.csv,PM,Sandy Nurse,match,match,match,match,match,match,match,match,match,match,match,match,match,match,match,match
NewYorkCity_06222021_DEMCouncilMember37thCouncilDistrict.csv,AVG,Sandy Nurse,match,match,match,match,match,match,match,match,match,match,match,match,match,match,match,match
NewYorkCity_06222021_DEMBoroughPresidentBronx.csv,OM,Vanessa L. Gibson,match,match,match,match,no_match,match,match,match,match,match,match,match,match,match,match,match
NewYorkCity_06222021_DEMBoroughPresidentBronx.csv,PM,Vanessa L. Gibson,match,match,match,match,no_match,match,match,match,match,match,match,match,match,match,match,match
NewYorkCity_06222021_DEMBoroughPresidentBronx.csv,AVG,Vanessa L. Gibson,match,match,match,match,no_match,match,match,match,match,match,match,match,match,match,match,match
NewYorkCity_06222021_DEMCouncilMember22ndCouncilDistrict.csv,OM,Tiffany Caban,match,match,match,match,match,match,match,match,match,match,match,match,match,match,match,match
NewYorkCity_06222021_DEMCouncilMember22ndCouncilDistrict.csv,PM,Tiffany Caban,match,match,match,match,match,match,match,match,match,match,match,match,match,match,match,match
NewYorkCity_06222021_DEMCouncilMember22ndCouncilDistrict.csv,AVG,Tiffany Caban,match,match,match,match,match,match,match,match,match,match,match,match,match,match,match,match
NewYorkCity_06222021_DEMCouncilMember25thCouncilDistrict.csv,OM,Shekar Krishnan,no_match,match,match,match,match,match,match,match,match,match,match,match,match,no_match,no_match,match
NewYorkCity_06222021_DEMCouncilMember25thCouncilDistrict.csv,PM,Shekar Krishnan,no_match,match,match,match,match,match,match,match,match,match,match,match,match,no_match,no_match,match
NewYorkCity_06222021_DEMCouncilMember25thCouncilDistrict.csv,AVG,Shekar Krishnan,no_match,match,match,match,match,match,match,match,match,match,match,match,match,no_match,no_match,match
NewYorkCity_06222021_DEMCouncilMember6thCouncilDistrict.csv,OM,Gale A. Brewer,match,match,match,match,match,match,match,match,match,match,match,match,match,match,match,match
NewYorkCity_06222021_DEMCouncilMember6thCouncilDistrict.csv,PM,Gale A. Brewer,match,match,match,match,match,match,match,match,match,match,match,match,match,match,match,match
NewYorkCity_06222021_DEMCouncilMember6thCouncilDistrict.csv,AVG,Gale A. Brewer,match,match,match,match,match,match,match,match,match,match,match,match,match,match,match,match
NewYorkCity_06222021_DEMCouncilMember18thCouncilDistrict.csv,OM,Amanda Farias,match,match,match,match,match,match,match,match,match,match,match,match,match,match,match,match
NewYorkCity_06222021_DEMCouncilMember18thCouncilDistrict.csv,PM,Amanda Farias,match,match,match,match,match,match,match,match,match,match,match,match,match,match,match,match
NewYorkCity_06222021_DEMCouncilMember18thCouncilDistrict.csv,AVG,Amanda Farias,match,match,match,match,match,match,match,match,match,match,match,match,match,match,match,match
NewYorkCity_06222021_DEMBoroughPresidentNewYork.csv,OM,Mark D. Levine,match,match,match,match,match,match,match,match,match,match,match,match,match,match,match,match
NewYorkCity_06222021_DEMBoroughPresidentNewYork.csv,PM,Mark D. Levine,match,match,match,match,match,match,match,match,match,match,match,match,match,match,match,match
NewYorkCity_06222021_DEMBoroughPresidentNewYork.csv,AVG,Mark D. Levine,match,match,match,match,match,match,match,match,match,match,match,match,match,match,match,match
NewYorkCity_06222021_DEMCouncilMember20thCouncilDistrict.csv,OM,Sandra Ung,match,match,match,match,match,match,match,match,match,match,match,match,match,match,match,match
NewYorkCity_06222021_DEMCouncilMember20thCouncilDistrict.csv,PM,Sandra Ung,match,match,match,match,match,match,match,match,match,match,match,match,match,match,match,match
NewYorkCity_06222021_DEMCouncilMember20thCouncilDistrict.csv,AVG,Sandra Ung,match,match,match,match,match,match,match,match,match,match,match,match,match,match,match,match
NewYorkCity_06222021_REPCouncilMember32ndCouncilDistrict.csv,OM,Joann Ariola,match,match,match,match,match,match,match,match,match,match,match,match,match,match,match,match
NewYorkCity_06222021_REPCouncilMember32ndCouncilDistrict.csv,PM,Joann Ariola,match,match,match,match,match,match,match,match,match,match,match,match,match,match,match,match
NewYorkCity_06222021_REPCouncilMember32ndCouncilDistrict.csv,AVG,Joann Ariola,match,match,match,match,match,match,match,match,match,match,match,match,match,match,match,match
NewYorkCity_06222021_DEMCouncilMember9thCouncilDistrict.csv,OM,Kristin Richardson Jordan,no_match,match,match,match,match,match,no_match,match,match,match,match,match,match,match,match,match
NewYorkCity_06222021_DEMCouncilMember9thCouncilDistrict.csv,PM,Kristin Richardson Jordan,no_match,match,match,match,match,match,no_match,match,match,match,match,match,match,match,match,match
NewYorkCity_06222021_DEMCouncilMember9thCouncilDistrict.csv,AVG,Kristin Richardson Jordan,no_match,match,match,match,match,match,no_match,match,match,match,match,match,match,match,match,match
NewYorkCity_06222021_DEMCouncilMember17thCouncilDistrict.csv,OM,Rafael Salamanca Jr.,match,match,match,match,match,match,match,match,match,match,match,match,match,match,match,match
NewYorkCity_06222021_DEMCouncilMember17thCouncilDistrict.csv,PM,Rafael Salamanca Jr.,match,match,match,match,match,match,match,match,match,match,match,match,match,match,match,match
NewYorkCity_06222021_DEMCouncilMember17thCouncilDistrict.csv,AVG,Rafael Salamanca Jr.,match,match,match,match,match,match,match,match,match,match,match,match,match,match,match,match
NewYorkCity_06222021_CONCouncilMember19thCouncilDistrict.csv,OM,John-Alexander Sakelos,match,match,match,match,match,match,match,match,match,match,match,match,match,match,match,match
NewYorkCity_06222021_CONCouncilMember19thCouncilDistrict.csv,PM,John-Alexander Sakelos,match,match,match,match,match,match,match,match,match,match,match,match,match,match,match,match
NewYorkCity_06222021_CONCouncilMember19thCouncilDistrict.csv,AVG,John-Alexander Sakelos,match,match,match,match,match,match,match,match,match,match,match,match,match,match,match,match
NewYorkCity_06222021_DEMCouncilMember21stCouncilDistrict.csv,OM,Francisco P. Moya,match,match,match,match,match,match,match,match,match,match,match,match,match,match,match,match
NewYorkCity_06222021_DEMCouncilMember21stCouncilDistrict.csv,PM,Francisco P. Moya,match,match,match,match,match,match,match,match,match,match,match,match,match,match,match,match
NewYorkCity_06222021_DEMCouncilMember21stCouncilDistrict.csv,AVG,Francisco P. Moya,match,match,match,match,match,match,match,match,match,match,match,match,match,match,match,match
NewYorkCity_06222021_DEMCouncilMember12thCouncilDistrict.csv,OM,Kevin Riley,match,match,match,match,match,match,match,match,match,match,match,match,match,match,match,match
NewYorkCity_06222021_DEMCouncilMember12thCouncilDistrict.csv,PM,Kevin Riley,match,match,match,match,match,match,match,match,match,match,match,match,match,match,match,match
NewYorkCity_06222021_DEMCouncilMember12thCouncilDistrict.csv,AVG,Kevin Riley,match,match,match,match,match,match,match,match,match,match,match,match,match,match,match,match
NewYorkCity_06222021_REPCouncilMember50thCouncilDistrict.csv,OM,David M. Carr,no_match,match,match,no_match,match,no_match,no_match,match,match,match,match,match,match,no_match,no_match,match
NewYorkCity_06222021_REPCouncilMember50thCouncilDistrict.csv,PM,David M. Carr,no_match,match,match,no_match,match,no_match,no_match,match,match,match,match,match,match,no_match,no_match,match
NewYorkCity_06222021_REPCouncilMember50thCouncilDistrict.csv,AVG,David M. Carr,no_match,match,match,no_match,match,no_match,no_match,match,match,match,match,match,match,no_match,no_match,match
NewYorkCity_06222021_DEMCouncilMember41stCouncilDistrict.csv,OM,Darlene Mealy,match,match,match,match,match,match,match,match,match,match,match,match,match,match,match,match
NewYorkCity_06222021_DEMCouncilMember41stCouncilDistrict.csv,PM,Darlene Mealy,match,match,match,match,match,match,match,match,match,match,match,match,match,match,match,match
NewYorkCity_06222021_DEMCouncilMember41stCouncilDistrict.csv,AVG,Darlene Mealy,match,match,match,match,match,match,match,match,match,match,match,match,match,match,match,match
NewYorkCity_06222021_DEMCouncilMember36thCouncilDistrict.csv,OM,Chi A. Osse,match,match,match,match,no_match,match,match,match,match,match,match,match,match,no_match,match,match
NewYorkCity_06222021_DEMCouncilMember36thCouncilDistrict.csv,PM,Chi A. Osse,match,match,match,match,no_match,match,match,match,match,match,match,match,match,no_match,match,match
NewYorkCity_06222021_DEMCouncilMember36thCouncilDistrict.csv,AVG,Chi A. Osse,match,match,match,match,no_match,match,match,match,match,match,match,match,match,no_match,match,match
NewYorkCity_06222021_DEMCouncilMember40thCouncilDistrict.csv,OM,Rita C. Joseph,match,match,match,match,match,match,match,match,match,match,match,match,match,match,match,match
NewYorkCity_06222021_DEMCouncilMember40thCouncilDistrict.csv,PM,Rita C. Joseph,match,match,match,match,match,match,match,match,match,match,match,match,match,match,match,match
NewYorkCity_06222021_DEMCouncilMember40thCouncilDistrict.csv,AVG,Rita C. Joseph,match,match,match,match,match,match,match,match,match,match,match,match,match,match,match,match
NewYorkCity_06222021_DEMCouncilMember39thCouncilDistrict.csv,OM,Shahana K. Hanif,match,match,match,match,match,match,match,match,match,match,match,match,match,match,match,match
NewYorkCity_06222021_DEMCouncilMember39thCouncilDistrict.csv,PM,Shahana K. Hanif,match,match,match,match,match,match,match,match,match,match,match,match,match,match,match,match
NewYorkCity_06222021_DEMCouncilMember39thCouncilDistrict.csv,AVG,Shahana K. Hanif,match,match,match,match,match,match,match,match,match,match,match,match,match,match,match,match
NewYorkCity_06222021_DEMCouncilMember42ndCouncilDistrict.csv,OM,Charles Barron,match,match,match,match,match,match,match,match,match,match,match,match,match,match,match,match
NewYorkCity_06222021_DEMCouncilMember42ndCouncilDistrict.csv,PM,Charles Barron,match,match,match,match,match,match,match,match,match,match,match,match,match,match,match,match
NewYorkCity_06222021_DEMCouncilMember42ndCouncilDistrict.csv,AVG,Charles Barron,match,match,match,match,match,match,match,match,match,match,match,match,match,match,match,match
NewYorkCity_06222021_DEMCouncilMember45thCouncilDistrict.csv,OM,Farah N. Louis,match,match,match,match,match,match,match,match,match,match,match,match,match,match,match,match
NewYorkCity_06222021_DEMCouncilMember45thCouncilDistrict.csv,PM,Farah N. Louis,match,match,match,match,match,match,match,match,match,match,match,match,match,match,match,match
NewYorkCity_06222021_DEMCouncilMember45thCouncilDistrict.csv,AVG,Farah N. Louis,match,match,match,match,match,match,match,match,match,match,match,match,match,match,match,match
NewYorkCity_06222021_DEMCouncilMember16thCouncilDistrict.csv,OM,Althea V. Stevens,match,match,match,match,match,match,match,match,match,match,match,match,match,match,match,match
NewYorkCity_06222021_DEMCouncilMember16thCouncilDistrict.csv,PM,Althea V. Stevens,match,match,match,match,match,match,match,match,match,match,match,match,match,match,match,match
NewYorkCity_06222021_DEMCouncilMember16thCouncilDistrict.csv,AVG,Althea V. Stevens,match,match,match,match,match,match,match,match,match,match,match,match,match,match,match,match
NewYorkCity_06222021_DEMCouncilMember8thCouncilDistrict.csv,OM,Diana I. Ayala,match,match,match,match,match,match,match,match,match,match,match,match,match,match,match,match
NewYorkCity_06222021_DEMCouncilMember8thCouncilDistrict.csv,PM,Diana I. Ayala,match,match,match,match,match,match,match,match,match,match,match,match,match,match,match,match
NewYorkCity_06222021_DEMCouncilMember8thCouncilDistrict.csv,AVG,Diana I. Ayala,match,match,match,match,match,match,match,match,match,match,match,match,match,match,match,match
NewYorkCity_06222021_DEMCouncilMember13thCouncilDistrict.csv,OM,Marjorie Velazquez,match,match,match,match,match,match,match,match,match,match,match,match,match,match,match,match
NewYorkCity_06222021_DEMCouncilMember13thCouncilDistrict.csv,PM,Marjorie Velazquez,match,match,match,match,match,match,match,match,match,match,match,match,match,match,match,match
NewYorkCity_06222021_DEMCouncilMember13thCouncilDistrict.csv,AVG,Marjorie Velazquez,match,match,match,match,match,match,match,match,match,match,match,match,match,match,match,match
NewYorkCity_06222021_REPBoroughPresidentQueens.csv,OM,219566,match,match,match,match,match,match,match,match,match,match,match,match,match,match,match,match
NewYorkCity_06222021_REPBoroughPresidentQueens.csv,PM,219566,match,match,match,match,match,match,match,match,match,match,match,match,match,match,match,match
NewYorkCity_06222021_REPBoroughPresidentQueens.csv,AVG,219566,match,match,match,match,match,match,match,match,match,match,match,match,match,match,match,match
NewYorkCity_06222021_DEMCouncilMember24thCouncilDistrict.csv,OM,James F. Gennaro,match,match,match,match,match,match,match,match,match,match,match,match,match,match,match,match
NewYorkCity_06222021_DEMCouncilMember24thCouncilDistrict.csv,PM,James F. Gennaro,match,match,match,match,match,match,match,match,match,match,match,match,match,match,match,match
NewYorkCity_06222021_DEMCouncilMember24thCouncilDistrict.csv,AVG,James F. Gennaro,match,match,match,match,match,match,match,match,match,match,match,match,match,match,match,match
NewYorkCity_06222021_DEMCouncilMember19thCouncilDistrict.csv,OM,Tony Avella,match,match,match,match,match,match,match,match,match,match,match,match,match,match,match,match
NewYorkCity_06222021_DEMCouncilMember19thCouncilDistrict.csv,PM,Tony Avella,match,match,match,match,match,match,match,match,match,match,match,match,match,match,match,match
NewYorkCity_06222021_DEMCouncilMember19thCouncilDistrict.csv,AVG,Tony Avella,match,match,match,match,match,match,match,match,match,match,match,match,match,match,match,match
NewYorkCity_06222021_DEMCouncilMember7thCouncilDistrict.csv,OM,Shaun Abreu,match,match,match,match,match,match,match,match,match,match,match,match,match,match,match,match
NewYorkCity_06222021_DEMCouncilMember7thCouncilDistrict.csv,PM,Shaun Abreu,match,match,match,match,match,match,match,match,match,match,match,match,match,match,match,match
NewYorkCity_06222021_DEMCouncilMember7thCouncilDistrict.csv,AVG,Shaun Abreu,match,match,match,match,match,match,match,match,match,match,match,match,match,match,match,match
Cambridge_11082011_CityCouncil.csv,OM,"Cheung, Leland",match,match,match,match,match,match,match,match,match,match,match,match,match,match,match,match
Cambridge_11082011_CityCouncil.csv,PM,"Cheung, Leland",match,match,match,match,match,match,match,match,match,match,match,match,match,match,match,match
Cambridge_11152019_CityCouncil.csv,OM,"Siddiqui, Sumbul",no_winner,no_winner,no_winner,no_winner,no_winner,no_winner,no_winner,no_winner,no_winner,no_winner,no_winner,no_winner,no_winner,no_winner,no_winner,no_winner
Cambridge_11062001_CityCouncil.csv,OM,"Galluccio, Anthony D.",match,match,match,match,match,match,match,match,match,match,match,match,match,match,match,match
Cambridge_11062001_CityCouncil.csv,PM,"Galluccio, Anthony D.",match,match,match,match,match,match,match,match,match,match,match,match,match,match,match,match
Cambridge_11032009_CityCouncil.csv,OM,"Davis, Henrietta",match,match,match,match,match,match,match,match,match,match,match,match,match,match,match,match
Cambridge_11062007_SchoolCommittee.csv,OM,"McGovern, Marc C.",match,match,match,match,match,match,match,match,match,match,match,match,match,match,match,match
Cambridge_11062007_SchoolCommittee.csv,PM,"McGovern, Marc C.",match,match,match,match,match,match,match,match,match,match,match,match,match,match,match,match
Cambridge_11062007_SchoolCommittee.csv,AVG,"McGovern, Marc C.",match,match,match,match,match,match,match,match,match,match,match,match,match,match,match,match
Cambridge_11052013_SchoolCommittee.csv,OM,TIED,no_match,no_match,no_match,no_match,no_match,no_match,no_match,no_match,no_match,no_match,no_match,no_match,no_match,no_match,no_match,no_match
Cambridge_11052013_SchoolCommittee.csv,PM,"Nolan, Patricia M.",match,match,match,match,match,match,match,match,match,match,match,match,match,match,match,match
Cambridge_11052013_SchoolCommittee.csv,AVG,TIED,no_match,no_match,no_match,no_match,no_match,no_match,no_match,no_match,no_match,no_match,no_match,no_match,no_match,no_match,no_match,no_match
Cambridge_11072023_CityCouncil.csv,OM,Sumbul Siddiqui,no_winner,no_winner,no_winner,no_winner,no_winner,no_winner,no_winner,no_winner,no_winner,no_winner,no_winner,no_winner,no_winner,no_winner,no_winner,no_winner
Cambridge_11062007_CityCouncil.csv,OM,"Davis, Henrietta",match,match,match,match,match,match,match,match,match,match,match,match,match,match,match,match
Cambridge_11062007_CityCouncil.csv,PM,"Davis, Henrietta",match,match,match,match,match,match,match,match,match,match,match,match,match,match,match,match
Cambridge_11062007_CityCouncil.csv,AVG,"Davis, Henrietta",match,match,match,match,match,match,match,match,match,match,match,match,match,match,match,match
Cambridge_11152019_SchoolCommittee.csv,OM,"Dexter, Emily R.",no_match,match,match,match,match,match,match,match,match,match,match,match,match,match,match,match
Cambridge_11152019_SchoolCommittee.csv,PM,"Dexter, Emily R.",no_match,match,match,match,match,match,match,match,match,match,match,match,match,match,match,match
Cambridge_11152019_SchoolCommittee.csv,AVG,"Dexter, Emily R.",no_match,match,match,match,match,match,match,match,match,match,match,match,match,match,match,match
Cambridge_11032015_SchoolCommittee.csv,OM,"Nolan, Patricia M.",match,match,match,match,match,match,match,match,match,match,match,match,match,match,match,match
Cambridge_11032015_SchoolCommittee.csv,PM,"Nolan, Patricia M.",match,match,match,match,match,match,match,match,match,match,match,match,match,match,match,match
Cambridge_11032015_SchoolCommittee.csv,AVG,"Nolan, Patricia M.",match,match,match,match,match,match,match,match,match,match,match,match,match,match,match,match
Cambridge_11082011_SchoolCommittee.csv,OM,"Turkel, Alice L.",no_match,match,no_match,match,no_match,match,match,match,match,match,match,match,match,match,match,match
Cambridge_11082011_SchoolCommittee.csv,PM,"Turkel, Alice L.",no_match,match,no_match,match,no_match,match,match,match,match,match,match,match,match,match,match,match
Cambridge_11082011_SchoolCommittee.csv,AVG,"Turkel, Alice L.",no_match,match,no_match,match,no_match,match,match,match,match,match,match,match,match,match,match,match
Cambridge_11072023_SchoolBoard.csv,OM,Rachel B. Weinstein,match,match,match,match,match,match,match,match,match,match,match,match,match,match,match,match
Cambridge_11072023_SchoolBoard.csv,PM,Rachel B. Weinstein,match,match,match,match,match,match,match,match,match,match,match,match,match,match,match,match
Cambridge_11072023_SchoolBoard.csv,AVG,Rachel B. Weinstein,match,match,match,match,match,match,match,match,match,match,match,match,match,match,match,match
Cambridge_11042003_SchoolCommittee.csv,OM,"Walser, Nancy",match,match,match,match,match,match,match,match,match,match,match,match,match,match,match,match
Cambridge_11042003_SchoolCommittee.csv,PM,"Walser, Nancy",match,match,match,match,match,match,match,match,match,match,match,match,match,match,match,match
Cambridge_11042003_SchoolCommittee.csv,AVG,"Walser, Nancy",match,match,match,match,match,match,match,match,match,match,match,match,match,match,match,match
Cambridge_11072017_SchoolCommittee.csv,OM,TIED,no_match,no_match,no_match,no_match,no_match,no_match,no_match,no_match,no_match,no_match,no_match,no_match,no_match,no_match,no_match,no_match
Cambridge_11072017_SchoolCommittee.csv,PM,"Nolan, Patricia M.",match,match,match,match,match,match,match,match,match,match,match,match,match,match,match,match
Cambridge_11072017_SchoolCommittee.csv,AVG,"Nolan, Patricia M.",match,match,match,match,match,match,match,match,match,match,match,match,match,match,match,match
Cambridge_11082005_CityCouncil.csv,OM,"Davis, Henrietta",no_match,match,no_match,no_match,no_match,no_match,no_match,match,match,match,match,match,match,no_match,no_match,match
Cambridge_11082005_CityCouncil.csv,PM,"Decker, Marjorie C.",no_match,no_match,match,no_match,match,match,no_match,no_match,no_match,no_match,no_match,no_match,no_match,match,match,no_match
Cambridge_11042003_CityCouncil.csv,OM,"Galluccio, Anthony D.",match,match,match,match,match,match,match,match,match,match,match,match,match,match,match,match
Cambridge_11082005_SchoolCommittee.csv,OM,"Walser, Nancy",no_match,match,no_match,match,match,match,no_match,match,match,match,match,match,match,match,match,match
Cambridge_11082005_SchoolCommittee.csv,PM,TIED,no_match,no_match,no_match,no_match,no_match,no_match,no_match,no_match,no_match,no_match,no_match,no_match,no_match,no_match,no_match,no_match
Cambridge_11082005_SchoolCommittee.csv,AVG,"Walser, Nancy",no_match,match,no_match,match,match,match,no_match,match,match,match,match,match,match,match,match,match
LasCruces_11052019_COUNCILORPOSITION2CITYOFLASCRUCESDISTRICT2COUNCILOR.csv,OM,TESSA ABEYTA STUVE,match,match,match,match,match,match,match,match,match,match,match,match,match,match,match,match
LasCruces_11052019_COUNCILORPOSITION2CITYOFLASCRUCESDISTRICT2COUNCILOR.csv,PM,TESSA ABEYTA STUVE,match,match,match,match,match,match,match,match,match,match,match,match,match,match,match,match
LasCruces_11052019_COUNCILORPOSITION2CITYOFLASCRUCESDISTRICT2COUNCILOR.csv,AVG,TESSA ABEYTA STUVE,match,match,match,match,match,match,match,match,match,match,match,match,match,match,match,match
SantaFe_03062018_Mayor.csv,OM,Alan Webber,match,match,match,match,match,match,match,match,match,match,match,match,match,match,match,match
SantaFe_03062018_Mayor.csv,PM,Alan Webber,match,match,match,match,match,match,match,match,match,match,match,match,match,match,match,match
SantaFe_03062018_Mayor.csv,AVG,Alan Webber,match,match,match,match,match,match,match,match,match,match,match,match,match,match,match,match
LasCruces_11052019_COUNCILORPOSITION4CITYOFLASCRUCESDISTRICT4COUNCILOR.csv,OM,JOHANA BENCOMO,match,match,match,match,match,match,match,match,match,match,match,match,match,match,match,match
LasCruces_11052019_COUNCILORPOSITION4CITYOFLASCRUCESDISTRICT4COUNCILOR.csv,PM,JOHANA BENCOMO,match,match,match,match,match,match,match,match,match,match,match,match,match,match,match,match
LasCruces_11052019_COUNCILORPOSITION4CITYOFLASCRUCESDISTRICT4COUNCILOR.csv,AVG,JOHANA BENCOMO,match,match,match,match,match,match,match,match,match,match,match,match,match,match,match,match
SantaFe_03062018_CityCouncilDistrict4.csv,OM,JoAnne Vigil Coppler,match,match,match,match,match,match,match,match,match,match,match,match,match,match,match,match
SantaFe_03062018_CityCouncilDistrict4.csv,PM,JoAnne Vigil Coppler,match,match,match,match,match,match,match,match,match,match,match,match,match,match,match,match
SantaFe_03062018_CityCouncilDistrict4.csv,AVG,JoAnne Vigil Coppler,match,match,match,match,match,match,match,match,match,match,match,match,match,match,match,match
LasCruces_11052019_MAYORCITYOFLASCRUCES.csv,OM,KEN MIYAGISHIMA,match,match,match,match,no_match,match,match,match,match,match,match,match,match,match,match,match
LasCruces_11052019_MAYORCITYOFLASCRUCES.csv,PM,KEN MIYAGISHIMA,match,match,match,match,no_match,match,match,match,match,match,match,match,match,match,match,match
LasCruces_11052019_MAYORCITYOFLASCRUCES.csv,AVG,KEN MIYAGISHIMA,match,match,match,match,no_match,match,match,match,match,match,match,match,match,match,match,match
Corvallis_11082022_CityCouncilWard9.csv,OM,Tony Cadena,match,match,match,match,match,match,match,match,match,match,match,match,match,match,match,match
Corvallis_11082022_CityCouncilWard9.csv,PM,Tony Cadena,match,match,match,match,match,match,match,match,match,match,match,match,match,match,match,match
Corvallis_11082022_CityCouncilWard9.csv,AVG,Tony Cadena,match,match,match,match,match,match,match,match,match,match,match,match,match,match,match,match
Corvallis_11082022_Mayor.csv,OM,Charles Maughan,match,match,match,no_match,no_match,no_match,no_match,match,match,match,match,match,match,no_match,no_match,match
Corvallis_11082022_Mayor.csv,PM,Charles Maughan,match,match,match,no_match,no_match,no_match,no_match,match,match,match,match,match,match,no_match,no_match,match
Corvallis_11082022_Mayor.csv,AVG,Charles Maughan,match,match,match,no_match,no_match,no_match,no_match,match,match,match,match,match,match,no_match,no_match,match
